id,is_ai,generator,category,score
ai_art_qwen_2512_art_08.png,true,Qwen 2512,art,0.9999997615814209
ai_art_flux_2_flex_art_03.png,true,Flux,art,0.9999995231628418
ai_art_seedream_v3_art_07.png,true,Seedream,art,0.9999983310699463
ai_art_seedream_v3_art_06.png,true,Seedream,art,0.9999997615814209
ai_art_flux_2_flex_art_02.png,true,Flux,art,0.9999903440475464
ai_art_glm_image_art_01.png,true,GLM Image,art,0.9994865655899048
ai_art_qwen_2512_art_09.png,true,Qwen 2512,art,0.9999997615814209
ai_art_wan_v2.6_art_09.png,true,Wan v2.6,art,0.9920535087585449
ai_art_flux_schnell_art_08.png,true,Flux Schnell,art,0.9999959468841553
ai_art_glm_image_art_03.png,true,GLM Image,art,0.999998927116394
ai_art_seedream_v3_art_10.png,true,Seedream,art,0.9999734163284302
ai_art_seedream_v3_art_04.png,true,Seedream,art,0.7522317171096802
ai_art_seedream_v3_art_05.png,true,Seedream,art,0.9735086560249329
ai_art_flux_2_flex_art_01.png,true,Flux,art,0.9999994039535522
ai_art_glm_image_art_02.png,true,GLM Image,art,0.999998927116394
ai_art_flux_schnell_art_09.png,true,Flux Schnell,art,0.9998099207878113
ai_art_wan_v2.6_art_08.png,true,Wan v2.6,art,0.9999992847442627
ai_art_z_image_art_09.png,true,Z,art,0.9999899864196777
ai_art_glm_image_art_06.png,true,GLM Image,art,0.9999996423721313
ai_art_flux_2_flex_art_05.png,true,Flux,art,0.9999909400939941
ai_art_seedream_v3_art_01.png,true,Seedream,art,0.9998496770858765
ai_art_flux_2_flex_art_10.png,true,Flux,art,0.9999998807907104
ai_art_flux_2_flex_art_04.png,true,Flux,art,0.9990901947021484
ai_art_glm_image_art_07.png,true,GLM Image,art,0.9999996423721313
ai_art_z_image_art_08.png,true,Z,art,0.9999995231628418
ai_art_glm_image_art_05.png,true,GLM Image,art,0.21098574995994568
ai_art_flux_2_flex_art_06.png,true,Flux,art,0.9999996423721313
ai_art_seedream_v3_art_02.png,true,Seedream,art,0.9999949932098389
ai_art_seedream_v3_art_03.png,true,Seedream,art,0.9999898672103882
ai_art_flux_2_flex_art_07.png,true,Flux,art,0.9999997615814209
ai_art_glm_image_art_10.png,true,GLM Image,art,0.9999947547912598
ai_art_glm_image_art_04.png,true,GLM Image,art,0.9999980926513672
ai_art_hunyuan_v3_art_07.png,true,Hunyuan v3,art,0.9999891519546509
ai_art_ideogram_v3_art_04.png,true,Ideogram v3,art,0.37551918625831604
ai_art_ideogram_v3_art_10.png,true,Ideogram v3,art,0.9999938011169434
ai_art_sd_3.5_large_art_08.png,true,Sd,art,0.9999990463256836
ai_art_seedream_v4_art_03.png,true,Seedream,art,0.9958385229110718
ai_art_leonardo_phoenix_art_06.png,true,Leonardo Phoenix,art,0.9999964237213135
ai_art_leonardo_phoenix_art_07.png,true,Leonardo Phoenix,art,0.9999985694885254
ai_art_grok_aurora_art_01.png,true,Grok Aurora,art,0.999998927116394
ai_art_seedream_v4_art_02.png,true,Seedream,art,0.9998869895935059
ai_art_sd_3.5_large_art_09.png,true,Sd,art,0.9992179870605469
ai_art_ideogram_v3_art_05.png,true,Ideogram v3,art,0.9999997615814209
ai_art_hunyuan_v3_art_06.png,true,Hunyuan v3,art,0.999998927116394
ai_art_hunyuan_v3_art_04.png,true,Hunyuan v3,art,0.9994018077850342
ai_art_hunyuan_v3_art_10.png,true,Hunyuan v3,art,0.9999992847442627
ai_art_recraft_v3_art_09.png,true,Recraft v3,art,0.9999990463256836
ai_art_ideogram_v3_art_07.png,true,Ideogram v3,art,0.9999254941940308
ai_art_grok_aurora_art_03.png,true,Grok Aurora,art,0.9999992847442627
ai_art_leonardo_phoenix_art_05.png,true,Leonardo Phoenix,art,0.9999809265136719
ai_art_leonardo_phoenix_art_10.png,true,Leonardo Phoenix,art,0.9999986886978149
ai_art_leonardo_phoenix_art_04.png,true,Leonardo Phoenix,art,0.9998621940612793
ai_art_grok_aurora_art_02.png,true,Grok Aurora,art,0.9999961853027344
ai_art_seedream_v4_art_01.png,true,Seedream,art,0.9999772310256958
ai_art_ideogram_v3_art_06.png,true,Ideogram v3,art,0.9999656677246094
ai_art_recraft_v3_art_08.png,true,Recraft v3,art,0.9999924898147583
ai_art_hunyuan_v3_art_05.png,true,Hunyuan v3,art,0.999998927116394
ai_art_hunyuan_v3_art_01.png,true,Hunyuan v3,art,0.999477207660675
ai_art_ideogram_v3_art_02.png,true,Ideogram v3,art,0.9999985694885254
ai_art_flux_pro_v1.1_art_09.png,true,Flux Pro v1.1,art,0.9994803071022034
ai_art_seedream_v4_art_05.png,true,Seedream,art,0.9999215602874756
ai_art_grok_aurora_art_06.png,true,Grok Aurora,art,0.9999995231628418
ai_art_grok_aurora_art_07.png,true,Grok Aurora,art,0.9999420642852783
ai_art_leonardo_phoenix_art_01.png,true,Leonardo Phoenix,art,0.9855989217758179
ai_art_seedream_v4_art_04.png,true,Seedream,art,0.9979937076568604
ai_art_seedream_v4_art_10.png,true,Seedream,art,0.9943615198135376
ai_art_flux_pro_v1.1_art_08.png,true,Flux Pro v1.1,art,0.9999958276748657
ai_art_ideogram_v3_art_03.png,true,Ideogram v3,art,0.9999972581863403
ai_art_hunyuan_v3_art_02.png,true,Hunyuan v3,art,0.9999991655349731
ai_art_gpt_image_1.5_art_08.png,true,Gpt,art,0.9999966621398926
ai_art_ideogram_v3_art_01.png,true,Ideogram v3,art,0.9997851252555847
ai_art_gemini_3_pro_art_09.png,true,Gemini 3 Pro,art,0.9999799728393555
ai_art_seedream_v4_art_06.png,true,Seedream,art,0.9999996423721313
ai_art_leonardo_phoenix_art_03.png,true,Leonardo Phoenix,art,0.9999932050704956
ai_art_grok_aurora_art_05.png,true,Grok Aurora,art,0.9999996423721313
ai_art_grok_aurora_art_10.png,true,Grok Aurora,art,0.9999969005584717
ai_art_grok_aurora_art_04.png,true,Grok Aurora,art,0.9999967813491821
ai_art_leonardo_phoenix_art_02.png,true,Leonardo Phoenix,art,0.9999953508377075
ai_art_seedream_v4_art_07.png,true,Seedream,art,0.9993909597396851
ai_art_gemini_3_pro_art_08.png,true,Gemini 3 Pro,art,0.999997615814209
ai_art_gpt_image_1.5_art_09.png,true,Gpt,art,0.1006394475698471
ai_art_hunyuan_v3_art_03.png,true,Hunyuan v3,art,0.999998927116394
ai_art_gpt_image_1.5_art_10.png,true,Gpt,art,0.9989117383956909
ai_art_recraft_v3_art_03.png,true,Recraft v3,art,0.9999982118606567
ai_art_gpt_image_1.5_art_04.png,true,Gpt,art,0.9398839473724365
ai_art_sd_3.5_large_art_01.png,true,Sd,art,0.9995567202568054
ai_art_gemini_3_pro_art_05.png,true,Gemini 3 Pro,art,0.9999862909317017
ai_art_flux_pro_v1.1_art_06.png,true,Flux Pro v1.1,art,0.9988448619842529
ai_art_grok_aurora_art_09.png,true,Grok Aurora,art,0.9999980926513672
ai_art_grok_aurora_art_08.png,true,Grok Aurora,art,0.9999986886978149
ai_art_flux_pro_v1.1_art_07.png,true,Flux Pro v1.1,art,0.9962433576583862
ai_art_gemini_3_pro_art_10.png,true,Gemini 3 Pro,art,0.9999986886978149
ai_art_gemini_3_pro_art_04.png,true,Gemini 3 Pro,art,0.9997474551200867
ai_art_gpt_image_1.5_art_05.png,true,Gpt,art,0.8635393977165222
ai_art_recraft_v3_art_02.png,true,Recraft v3,art,0.9999914169311523
ai_art_gpt_image_1.5_art_07.png,true,Gpt,art,0.9999979734420776
ai_art_gemini_3_pro_art_06.png,true,Gemini 3 Pro,art,0.9999992847442627
ai_art_sd_3.5_large_art_02.png,true,Sd,art,0.9999994039535522
ai_art_flux_pro_v1.1_art_05.png,true,Flux Pro v1.1,art,0.9999939203262329
ai_art_seedream_v4_art_09.png,true,Seedream,art,0.999737560749054
ai_art_seedream_v4_art_08.png,true,Seedream,art,0.9969925880432129
ai_art_flux_pro_v1.1_art_10.png,true,Flux Pro v1.1,art,0.9999885559082031
ai_art_flux_pro_v1.1_art_04.png,true,Flux Pro v1.1,art,0.9999953508377075
ai_art_gemini_3_pro_art_07.png,true,Gemini 3 Pro,art,0.9999946355819702
ai_art_sd_3.5_large_art_03.png,true,Sd,art,0.9999992847442627
ai_art_recraft_v3_art_01.png,true,Recraft v3,art,0.9999632835388184
ai_art_gpt_image_1.5_art_06.png,true,Gpt,art,0.9999996423721313
ai_art_hunyuan_v3_art_08.png,true,Hunyuan v3,art,0.9999945163726807
ai_art_gpt_image_1.5_art_02.png,true,Gpt,art,0.9999959468841553
ai_art_recraft_v3_art_05.png,true,Recraft v3,art,0.9999994039535522
ai_art_sd_3.5_large_art_07.png,true,Sd,art,0.9999996423721313
ai_art_gemini_3_pro_art_03.png,true,Gemini 3 Pro,art,0.9999994039535522
ai_art_leonardo_phoenix_art_09.png,true,Leonardo Phoenix,art,0.9996153116226196
ai_art_leonardo_phoenix_art_08.png,true,Leonardo Phoenix,art,0.9999881982803345
ai_art_flux_pro_v1.1_art_01.png,true,Flux Pro v1.1,art,0.9999321699142456
ai_art_sd_3.5_large_art_06.png,true,Sd,art,0.9999973773956299
ai_art_gemini_3_pro_art_02.png,true,Gemini 3 Pro,art,0.9999982118606567
ai_art_recraft_v3_art_10.png,true,Recraft v3,art,0.9999951124191284
ai_art_recraft_v3_art_04.png,true,Recraft v3,art,0.9965786337852478
ai_art_gpt_image_1.5_art_03.png,true,Gpt,art,0.9999738931655884
ai_art_hunyuan_v3_art_09.png,true,Hunyuan v3,art,0.9979487061500549
ai_art_recraft_v3_art_06.png,true,Recraft v3,art,0.9999992847442627
ai_art_gpt_image_1.5_art_01.png,true,Gpt,art,0.9999204874038696
ai_art_sd_3.5_large_art_04.png,true,Sd,art,0.999993085861206
ai_art_sd_3.5_large_art_10.png,true,Sd,art,0.8064098954200745
ai_art_ideogram_v3_art_08.png,true,Ideogram v3,art,0.9999935626983643
ai_art_flux_pro_v1.1_art_03.png,true,Flux Pro v1.1,art,0.9999979734420776
ai_art_flux_pro_v1.1_art_02.png,true,Flux Pro v1.1,art,0.9999798536300659
ai_art_ideogram_v3_art_09.png,true,Ideogram v3,art,0.9999905824661255
ai_art_gemini_3_pro_art_01.png,true,Gemini 3 Pro,art,0.9999994039535522
ai_art_sd_3.5_large_art_05.png,true,Sd,art,0.9995461106300354
ai_art_recraft_v3_art_07.png,true,Recraft v3,art,0.9999747276306152
ai_art_wan_v2.6_art_03.png,true,Wan v2.6,art,0.999997615814209
ai_art_flux_schnell_art_02.png,true,Flux Schnell,art,0.9999884366989136
ai_art_qwen_2512_art_01.png,true,Qwen 2512,art,0.9999988079071045
ai_art_z_image_art_06.png,true,Z,art,0.9999998807907104
ai_art_glm_image_art_09.png,true,GLM Image,art,0.9995561242103577
ai_art_glm_image_art_08.png,true,GLM Image,art,0.9999983310699463
ai_art_z_image_art_07.png,true,Z,art,0.9999990463256836
ai_art_flux_schnell_art_03.png,true,Flux Schnell,art,0.9999997615814209
ai_art_wan_v2.6_art_02.png,true,Wan v2.6,art,0.9999922513961792
ai_art_qwen_2512_art_02.png,true,Qwen 2512,art,0.9999986886978149
ai_art_flux_schnell_art_01.png,true,Flux Schnell,art,0.999995231628418
ai_art_z_image_art_05.png,true,Z,art,0.9999997615814209
ai_art_flux_2_flex_art_09.png,true,Flux,art,0.9999032020568848
ai_art_flux_2_flex_art_08.png,true,Flux,art,0.9689353108406067
ai_art_z_image_art_04.png,true,Z,art,0.9996519088745117
ai_art_z_image_art_10.png,true,Z,art,0.9999980926513672
ai_art_qwen_2512_art_03.png,true,Qwen 2512,art,0.9999995231628418
ai_art_wan_v2.6_art_01.png,true,Wan v2.6,art,0.9999997615814209
ai_art_flux_schnell_art_10.png,true,Flux Schnell,art,0.9999580383300781
ai_art_wan_v2.6_art_05.png,true,Wan v2.6,art,0.9999984502792358
ai_art_flux_schnell_art_04.png,true,Flux Schnell,art,0.9999916553497314
ai_art_qwen_2512_art_07.png,true,Qwen 2512,art,0.9999990463256836
ai_art_seedream_v3_art_08.png,true,Seedream,art,0.9999995231628418
ai_art_seedream_v3_art_09.png,true,Seedream,art,0.999632716178894
ai_art_z_image_art_01.png,true,Z,art,0.9995891451835632
ai_art_flux_schnell_art_05.png,true,Flux Schnell,art,0.9999994039535522
ai_art_wan_v2.6_art_04.png,true,Wan v2.6,art,0.9999980926513672
ai_art_qwen_2512_art_06.png,true,Qwen 2512,art,0.9999996423721313
ai_art_wan_v2.6_art_10.png,true,Wan v2.6,art,0.9999978542327881
ai_art_qwen_2512_art_04.png,true,Qwen 2512,art,0.9999983310699463
ai_art_wan_v2.6_art_06.png,true,Wan v2.6,art,0.9999994039535522
ai_art_flux_schnell_art_07.png,true,Flux Schnell,art,0.9995811581611633
ai_art_qwen_2512_art_10.png,true,Qwen 2512,art,0.9999996423721313
ai_art_z_image_art_03.png,true,Z,art,0.9999909400939941
ai_art_z_image_art_02.png,true,Z,art,0.9999966621398926
ai_art_qwen_2512_art_05.png,true,Qwen 2512,art,0.9999985694885254
ai_art_flux_schnell_art_06.png,true,Flux Schnell,art,0.9999966621398926
ai_art_wan_v2.6_art_07.png,true,Wan v2.6,art,0.9999990463256836
ai_portrait_seedream_v3_portrait_10.png,true,Seedream,portrait,0.9999943971633911
ai_portrait_seedream_v3_portrait_04.png,true,Seedream,portrait,0.9999681711196899
ai_portrait_recraft_v3_portrait_05.png,true,Recraft v3,portrait,0.9999878406524658
ai_portrait_flux_pro_v1.1_portrait_09.png,true,Flux Pro v1.1,portrait,0.9999963045120239
ai_portrait_flux_pro_v1.1_portrait_08.png,true,Flux Pro v1.1,portrait,0.9999865293502808
ai_portrait_wan_v2.6_portrait_01.png,true,Wan v2.6,portrait,0.999992847442627
ai_portrait_recraft_v3_portrait_04.png,true,Recraft v3,portrait,0.9999996423721313
ai_portrait_recraft_v3_portrait_10.png,true,Recraft v3,portrait,0.9999841451644897
ai_portrait_seedream_v3_portrait_05.png,true,Seedream,portrait,0.9999936819076538
ai_portrait_seedream_v4_portrait_01.png,true,Seedream,portrait,0.9999822378158569
ai_portrait_seedream_v4_portrait_03.png,true,Seedream,portrait,0.9992313385009766
ai_portrait_seedream_v3_portrait_07.png,true,Seedream,portrait,0.9307034611701965
ai_portrait_hunyuan_v3_portrait_09.png,true,Hunyuan v3,portrait,0.9999977350234985
ai_portrait_recraft_v3_portrait_06.png,true,Recraft v3,portrait,0.9999936819076538
ai_portrait_wan_v2.6_portrait_03.png,true,Wan v2.6,portrait,0.9999996423721313
ai_portrait_wan_v2.6_portrait_02.png,true,Wan v2.6,portrait,0.9999997615814209
ai_portrait_recraft_v3_portrait_07.png,true,Recraft v3,portrait,0.9999619722366333
ai_portrait_hunyuan_v3_portrait_08.png,true,Hunyuan v3,portrait,0.9545671343803406
ai_portrait_seedream_v3_portrait_06.png,true,Seedream,portrait,0.9999973773956299
ai_portrait_seedream_v4_portrait_02.png,true,Seedream,portrait,0.9998732805252075
ai_portrait_seedream_v3_portrait_02.png,true,Seedream,portrait,0.997708797454834
ai_portrait_seedream_v4_portrait_06.png,true,Seedream,portrait,0.9998268485069275
ai_portrait_recraft_v3_portrait_03.png,true,Recraft v3,portrait,0.9999877214431763
ai_portrait_grok_aurora_portrait_09.png,true,Grok Aurora,portrait,0.9998587369918823
ai_portrait_qwen_2512_portrait_08.png,true,Qwen 2512,portrait,0.9999908208847046
ai_portrait_wan_v2.6_portrait_06.png,true,Wan v2.6,portrait,0.9999927282333374
ai_portrait_wan_v2.6_portrait_07.png,true,Wan v2.6,portrait,0.9999996423721313
ai_portrait_qwen_2512_portrait_09.png,true,Qwen 2512,portrait,0.9999996423721313
ai_portrait_recraft_v3_portrait_02.png,true,Recraft v3,portrait,0.9999725818634033
ai_portrait_grok_aurora_portrait_08.png,true,Grok Aurora,portrait,0.9999995231628418
ai_portrait_seedream_v4_portrait_07.png,true,Seedream,portrait,0.9949069619178772
ai_portrait_seedream_v3_portrait_03.png,true,Seedream,portrait,0.9999886751174927
ai_portrait_seedream_v3_portrait_01.png,true,Seedream,portrait,0.9999885559082031
ai_portrait_seedream_v4_portrait_05.png,true,Seedream,portrait,0.996170699596405
ai_portrait_wan_v2.6_portrait_05.png,true,Wan v2.6,portrait,0.9917214512825012
ai_portrait_flux_schnell_portrait_08.png,true,Flux Schnell,portrait,0.9999953508377075
ai_portrait_flux_schnell_portrait_09.png,true,Flux Schnell,portrait,0.9999994039535522
ai_portrait_wan_v2.6_portrait_10.png,true,Wan v2.6,portrait,0.9999886751174927
ai_portrait_wan_v2.6_portrait_04.png,true,Wan v2.6,portrait,0.9999970197677612
ai_portrait_recraft_v3_portrait_01.png,true,Recraft v3,portrait,0.9999449253082275
ai_portrait_seedream_v4_portrait_04.png,true,Seedream,portrait,0.9999933242797852
ai_portrait_seedream_v4_portrait_10.png,true,Seedream,portrait,0.9683988690376282
ai_portrait_z_image_portrait_01.png,true,Z,portrait,0.9999891519546509
ai_portrait_ideogram_v3_portrait_01.png,true,Ideogram v3,portrait,0.9999984502792358
ai_portrait_leonardo_phoenix_portrait_07.png,true,Leonardo Phoenix,portrait,0.9999881982803345
ai_portrait_sd_3.5_large_portrait_05.png,true,Sd,portrait,0.9999856948852539
ai_portrait_gpt_image_1.5_portrait_01.png,true,Gpt,portrait,0.9999982118606567
ai_portrait_flux_2_flex_portrait_03.png,true,Flux,portrait,0.9999997615814209
ai_portrait_gemini_3_pro_portrait_10.png,true,Gemini 3 Pro,portrait,0.9838746786117554
ai_portrait_gemini_3_pro_portrait_04.png,true,Gemini 3 Pro,portrait,0.9977337121963501
ai_portrait_gemini_3_pro_portrait_05.png,true,Gemini 3 Pro,portrait,0.7389729619026184
ai_portrait_flux_2_flex_portrait_02.png,true,Flux,portrait,0.9999995231628418
ai_portrait_sd_3.5_large_portrait_04.png,true,Sd,portrait,0.9999980926513672
ai_portrait_leonardo_phoenix_portrait_06.png,true,Leonardo Phoenix,portrait,0.9999653100967407
ai_portrait_sd_3.5_large_portrait_10.png,true,Sd,portrait,0.8188504576683044
ai_portrait_glm_image_portrait_01.png,true,GLM Image,portrait,0.9999953508377075
ai_portrait_z_image_portrait_02.png,true,Z,portrait,0.9999971389770508
ai_portrait_glm_image_portrait_03.png,true,GLM Image,portrait,0.9999996423721313
ai_portrait_ideogram_v3_portrait_02.png,true,Ideogram v3,portrait,0.9999257326126099
ai_portrait_leonardo_phoenix_portrait_10.png,true,Leonardo Phoenix,portrait,0.9999995231628418
ai_portrait_sd_3.5_large_portrait_06.png,true,Sd,portrait,0.9999984502792358
ai_portrait_leonardo_phoenix_portrait_04.png,true,Leonardo Phoenix,portrait,0.9999984502792358
ai_portrait_gpt_image_1.5_portrait_02.png,true,Gpt,portrait,0.9999691247940063
ai_portrait_gemini_3_pro_portrait_07.png,true,Gemini 3 Pro,portrait,0.9999994039535522
ai_portrait_gemini_3_pro_portrait_06.png,true,Gemini 3 Pro,portrait,0.9999921321868896
ai_portrait_flux_2_flex_portrait_01.png,true,Flux,portrait,0.9999897480010986
ai_portrait_gpt_image_1.5_portrait_03.png,true,Gpt,portrait,0.9999978542327881
ai_portrait_leonardo_phoenix_portrait_05.png,true,Leonardo Phoenix,portrait,0.9999996423721313
ai_portrait_sd_3.5_large_portrait_07.png,true,Sd,portrait,0.9999951124191284
ai_portrait_ideogram_v3_portrait_03.png,true,Ideogram v3,portrait,0.9999949932098389
ai_portrait_glm_image_portrait_02.png,true,GLM Image,portrait,0.9999990463256836
ai_portrait_z_image_portrait_03.png,true,Z,portrait,0.9999996423721313
ai_portrait_z_image_portrait_07.png,true,Z,portrait,0.9999990463256836
ai_portrait_glm_image_portrait_06.png,true,GLM Image,portrait,0.9999996423721313
ai_portrait_ideogram_v3_portrait_07.png,true,Ideogram v3,portrait,0.9999984502792358
ai_portrait_gpt_image_1.5_portrait_07.png,true,Gpt,portrait,0.9999961853027344
ai_portrait_sd_3.5_large_portrait_03.png,true,Sd,portrait,0.999998927116394
ai_portrait_leonardo_phoenix_portrait_01.png,true,Leonardo Phoenix,portrait,0.9998213648796082
ai_portrait_gemini_3_pro_portrait_02.png,true,Gemini 3 Pro,portrait,0.9999995231628418
ai_portrait_flux_2_flex_portrait_05.png,true,Flux,portrait,0.9999971389770508
ai_portrait_flux_2_flex_portrait_10.png,true,Flux,portrait,0.9999996423721313
ai_portrait_flux_2_flex_portrait_04.png,true,Flux,portrait,0.9999991655349731
ai_portrait_gemini_3_pro_portrait_03.png,true,Gemini 3 Pro,portrait,0.9999901056289673
ai_portrait_sd_3.5_large_portrait_02.png,true,Sd,portrait,0.9999988079071045
ai_portrait_gpt_image_1.5_portrait_06.png,true,Gpt,portrait,0.9994651675224304
ai_portrait_ideogram_v3_portrait_06.png,true,Ideogram v3,portrait,0.9987382292747498
ai_portrait_glm_image_portrait_07.png,true,GLM Image,portrait,0.9999997615814209
ai_portrait_z_image_portrait_06.png,true,Z,portrait,0.999997615814209
ai_portrait_z_image_portrait_10.png,true,Z,portrait,0.9999821186065674
ai_portrait_z_image_portrait_04.png,true,Z,portrait,0.9999996423721313
ai_portrait_glm_image_portrait_05.png,true,GLM Image,portrait,0.999996542930603
ai_portrait_ideogram_v3_portrait_10.png,true,Ideogram v3,portrait,0.9999580383300781
ai_portrait_ideogram_v3_portrait_04.png,true,Ideogram v3,portrait,0.9999960660934448
ai_portrait_gpt_image_1.5_portrait_10.png,true,Gpt,portrait,0.9999964237213135
ai_portrait_gpt_image_1.5_portrait_04.png,true,Gpt,portrait,0.9987924098968506
ai_portrait_leonardo_phoenix_portrait_02.png,true,Leonardo Phoenix,portrait,0.9999861717224121
ai_portrait_gemini_3_pro_portrait_01.png,true,Gemini 3 Pro,portrait,0.999976634979248
ai_portrait_flux_2_flex_portrait_06.png,true,Flux,portrait,0.9999995231628418
ai_portrait_flux_2_flex_portrait_07.png,true,Flux,portrait,0.9999996423721313
ai_portrait_sd_3.5_large_portrait_01.png,true,Sd,portrait,0.9999945163726807
ai_portrait_leonardo_phoenix_portrait_03.png,true,Leonardo Phoenix,portrait,0.9999960660934448
ai_portrait_gpt_image_1.5_portrait_05.png,true,Gpt,portrait,0.9999984502792358
ai_portrait_ideogram_v3_portrait_05.png,true,Ideogram v3,portrait,0.9996016621589661
ai_portrait_glm_image_portrait_10.png,true,GLM Image,portrait,0.9999994039535522
ai_portrait_glm_image_portrait_04.png,true,GLM Image,portrait,0.9999996423721313
ai_portrait_z_image_portrait_05.png,true,Z,portrait,0.9470688104629517
ai_portrait_z_image_portrait_08.png,true,Z,portrait,0.9999997615814209
ai_portrait_glm_image_portrait_09.png,true,GLM Image,portrait,0.9999997615814209
ai_portrait_ideogram_v3_portrait_08.png,true,Ideogram v3,portrait,0.9999955892562866
ai_portrait_gpt_image_1.5_portrait_08.png,true,Gpt,portrait,0.9703899621963501
ai_portrait_gpt_image_1.5_portrait_09.png,true,Gpt,portrait,0.9998685121536255
ai_portrait_ideogram_v3_portrait_09.png,true,Ideogram v3,portrait,0.9991235136985779
ai_portrait_glm_image_portrait_08.png,true,GLM Image,portrait,0.999998927116394
ai_portrait_z_image_portrait_09.png,true,Z,portrait,0.9999998807907104
ai_portrait_flux_2_flex_portrait_09.png,true,Flux,portrait,0.9999992847442627
ai_portrait_flux_2_flex_portrait_08.png,true,Flux,portrait,0.9999995231628418
ai_portrait_leonardo_phoenix_portrait_08.png,true,Leonardo Phoenix,portrait,0.9996459484100342
ai_portrait_leonardo_phoenix_portrait_09.png,true,Leonardo Phoenix,portrait,0.9993727803230286
ai_portrait_sd_3.5_large_portrait_09.png,true,Sd,portrait,0.9998462200164795
ai_portrait_gemini_3_pro_portrait_08.png,true,Gemini 3 Pro,portrait,0.9999985694885254
ai_portrait_gemini_3_pro_portrait_09.png,true,Gemini 3 Pro,portrait,0.9999707937240601
ai_portrait_sd_3.5_large_portrait_08.png,true,Sd,portrait,0.9999997615814209
ai_portrait_seedream_v4_portrait_09.png,true,Seedream,portrait,0.9999982118606567
ai_portrait_hunyuan_v3_portrait_03.png,true,Hunyuan v3,portrait,0.9999964237213135
ai_portrait_grok_aurora_portrait_06.png,true,Grok Aurora,portrait,0.999987006187439
ai_portrait_qwen_2512_portrait_07.png,true,Qwen 2512,portrait,0.9999996423721313
ai_portrait_wan_v2.6_portrait_09.png,true,Wan v2.6,portrait,0.9999997615814209
ai_portrait_flux_schnell_portrait_04.png,true,Flux Schnell,portrait,0.9999970197677612
ai_portrait_flux_schnell_portrait_10.png,true,Flux Schnell,portrait,0.9999971389770508
ai_portrait_flux_pro_v1.1_portrait_01.png,true,Flux Pro v1.1,portrait,0.9998917579650879
ai_portrait_flux_schnell_portrait_05.png,true,Flux Schnell,portrait,0.9999990463256836
ai_portrait_wan_v2.6_portrait_08.png,true,Wan v2.6,portrait,0.9999982118606567
ai_portrait_qwen_2512_portrait_06.png,true,Qwen 2512,portrait,0.9999991655349731
ai_portrait_grok_aurora_portrait_07.png,true,Grok Aurora,portrait,0.9999995231628418
ai_portrait_hunyuan_v3_portrait_02.png,true,Hunyuan v3,portrait,0.9999465942382812
ai_portrait_seedream_v4_portrait_08.png,true,Seedream,portrait,0.9999964237213135
ai_portrait_grok_aurora_portrait_05.png,true,Grok Aurora,portrait,0.9999759197235107
ai_portrait_qwen_2512_portrait_04.png,true,Qwen 2512,portrait,0.9999960660934448
ai_portrait_qwen_2512_portrait_10.png,true,Qwen 2512,portrait,0.9999934434890747
ai_portrait_flux_schnell_portrait_07.png,true,Flux Schnell,portrait,0.9999986886978149
ai_portrait_flux_pro_v1.1_portrait_03.png,true,Flux Pro v1.1,portrait,0.9999908208847046
ai_portrait_flux_pro_v1.1_portrait_02.png,true,Flux Pro v1.1,portrait,0.9999982118606567
ai_portrait_flux_schnell_portrait_06.png,true,Flux Schnell,portrait,0.9999992847442627
ai_portrait_qwen_2512_portrait_05.png,true,Qwen 2512,portrait,0.9999908208847046
ai_portrait_grok_aurora_portrait_04.png,true,Grok Aurora,portrait,0.9999971389770508
ai_portrait_grok_aurora_portrait_10.png,true,Grok Aurora,portrait,0.9999996423721313
ai_portrait_hunyuan_v3_portrait_01.png,true,Hunyuan v3,portrait,0.9988448619842529
ai_portrait_hunyuan_v3_portrait_05.png,true,Hunyuan v3,portrait,0.8196038007736206
ai_portrait_qwen_2512_portrait_01.png,true,Qwen 2512,portrait,0.9999959468841553
ai_portrait_flux_schnell_portrait_02.png,true,Flux Schnell,portrait,0.9999988079071045
ai_portrait_flux_pro_v1.1_portrait_06.png,true,Flux Pro v1.1,portrait,0.9999972581863403
ai_portrait_flux_pro_v1.1_portrait_07.png,true,Flux Pro v1.1,portrait,0.9999994039535522
ai_portrait_flux_schnell_portrait_03.png,true,Flux Schnell,portrait,0.9999990463256836
ai_portrait_grok_aurora_portrait_01.png,true,Grok Aurora,portrait,0.9982302784919739
ai_portrait_hunyuan_v3_portrait_10.png,true,Hunyuan v3,portrait,0.9999943971633911
ai_portrait_hunyuan_v3_portrait_04.png,true,Hunyuan v3,portrait,0.9999990463256836
ai_portrait_seedream_v3_portrait_08.png,true,Seedream,portrait,0.9999822378158569
ai_portrait_hunyuan_v3_portrait_06.png,true,Hunyuan v3,portrait,0.9999816417694092
ai_portrait_recraft_v3_portrait_09.png,true,Recraft v3,portrait,0.9999828338623047
ai_portrait_grok_aurora_portrait_03.png,true,Grok Aurora,portrait,0.9999979734420776
ai_portrait_qwen_2512_portrait_02.png,true,Qwen 2512,portrait,0.9999994039535522
ai_portrait_flux_schnell_portrait_01.png,true,Flux Schnell,portrait,0.9999964237213135
ai_portrait_flux_pro_v1.1_portrait_05.png,true,Flux Pro v1.1,portrait,0.9999661445617676
ai_portrait_flux_pro_v1.1_portrait_10.png,true,Flux Pro v1.1,portrait,0.9999990463256836
ai_portrait_flux_pro_v1.1_portrait_04.png,true,Flux Pro v1.1,portrait,0.9999891519546509
ai_portrait_qwen_2512_portrait_03.png,true,Qwen 2512,portrait,0.9999899864196777
ai_portrait_recraft_v3_portrait_08.png,true,Recraft v3,portrait,0.9999943971633911
ai_portrait_grok_aurora_portrait_02.png,true,Grok Aurora,portrait,0.9999994039535522
ai_portrait_hunyuan_v3_portrait_07.png,true,Hunyuan v3,portrait,0.9999873638153076
ai_portrait_seedream_v3_portrait_09.png,true,Seedream,portrait,0.999996542930603
ai_product_flux_pro_v1.1_product_03.png,true,Flux Pro v1.1,product,0.5004768371582031
ai_product_flux_2_flex_product_03.png,true,Flux,product,0.9999994039535522
ai_product_gpt_image_1.5_product_03.png,true,Gpt,product,0.9985283613204956
ai_product_gpt_image_1.5_product_02.png,true,Gpt,product,0.9999970197677612
ai_product_flux_2_flex_product_02.png,true,Flux,product,0.9999624490737915
ai_product_flux_pro_v1.1_product_02.png,true,Flux Pro v1.1,product,0.9999983310699463
ai_product_grok_aurora_product_01.png,true,Grok Aurora,product,0.9977881908416748
ai_product_glm_image_product_08.png,true,GLM Image,product,0.9999974966049194
ai_product_grok_aurora_product_03.png,true,Grok Aurora,product,0.9999498128890991
ai_product_hunyuan_v3_product_09.png,true,Hunyuan v3,product,0.9087255001068115
ai_product_gpt_image_1.5_product_01.png,true,Gpt,product,0.9991004467010498
ai_product_hunyuan_v3_product_08.png,true,Hunyuan v3,product,0.9999834299087524
ai_product_flux_2_flex_product_01.png,true,Flux,product,0.9999706745147705
ai_product_flux_pro_v1.1_product_01.png,true,Flux Pro v1.1,product,0.9999967813491821
ai_product_grok_aurora_product_02.png,true,Grok Aurora,product,0.9999959468841553
ai_product_glm_image_product_09.png,true,GLM Image,product,0.9998984336853027
ai_product_grok_aurora_product_06.png,true,Grok Aurora,product,0.9999598264694214
ai_product_seedream_v4_product_08.png,true,Seedream,product,0.9999809265136719
ai_product_flux_pro_v1.1_product_05.png,true,Flux Pro v1.1,product,0.9999992847442627
ai_product_flux_2_flex_product_05.png,true,Flux,product,0.9999970197677612
ai_product_gpt_image_1.5_product_05.png,true,Gpt,product,0.9902617335319519
ai_product_gpt_image_1.5_product_10.png,true,Gpt,product,0.9999959468841553
ai_product_gpt_image_1.5_product_04.png,true,Gpt,product,0.999855637550354
ai_product_flux_2_flex_product_04.png,true,Flux,product,0.999998927116394
ai_product_flux_2_flex_product_10.png,true,Flux,product,0.9642477035522461
ai_product_flux_pro_v1.1_product_10.png,true,Flux Pro v1.1,product,0.9999210834503174
ai_product_flux_pro_v1.1_product_04.png,true,Flux Pro v1.1,product,0.9999804496765137
ai_product_seedream_v4_product_09.png,true,Seedream,product,0.0004346259229350835
ai_product_grok_aurora_product_07.png,true,Grok Aurora,product,0.9998413324356079
ai_product_grok_aurora_product_05.png,true,Grok Aurora,product,0.9999990463256836
ai_product_flux_schnell_product_08.png,true,Flux Schnell,product,0.9999973773956299
ai_product_flux_pro_v1.1_product_06.png,true,Flux Pro v1.1,product,0.9999853372573853
ai_product_seedream_v3_product_08.png,true,Seedream,product,0.9999287128448486
ai_product_flux_2_flex_product_06.png,true,Flux,product,0.699996829032898
ai_product_gpt_image_1.5_product_06.png,true,Gpt,product,0.9994109869003296
ai_product_gemini_3_pro_product_09.png,true,Gemini 3 Pro,product,0.5348415374755859
ai_product_gemini_3_pro_product_08.png,true,Gemini 3 Pro,product,0.9947667121887207
ai_product_gpt_image_1.5_product_07.png,true,Gpt,product,0.9999752044677734
ai_product_flux_2_flex_product_07.png,true,Flux,product,0.9924702644348145
ai_product_seedream_v3_product_09.png,true,Seedream,product,0.9990758895874023
ai_product_flux_pro_v1.1_product_07.png,true,Flux Pro v1.1,product,0.9992792010307312
ai_product_flux_schnell_product_09.png,true,Flux Schnell,product,0.9999895095825195
ai_product_grok_aurora_product_10.png,true,Grok Aurora,product,0.9999969005584717
ai_product_grok_aurora_product_04.png,true,Grok Aurora,product,0.9930475354194641
ai_product_recraft_v3_product_06.png,true,Recraft v3,product,0.999845027923584
ai_product_ideogram_v3_product_01.png,true,Ideogram v3,product,0.7125948071479797
ai_product_recraft_v3_product_07.png,true,Recraft v3,product,0.9999890327453613
ai_product_recraft_v3_product_05.png,true,Recraft v3,product,0.9999958276748657
ai_product_ideogram_v3_product_02.png,true,Ideogram v3,product,0.9994538426399231
ai_product_z_image_product_08.png,true,Z,product,0.9999949932098389
ai_product_qwen_2512_product_09.png,true,Qwen 2512,product,0.9999862909317017
ai_product_qwen_2512_product_08.png,true,Qwen 2512,product,0.9999979734420776
ai_product_z_image_product_09.png,true,Z,product,0.999996542930603
ai_product_ideogram_v3_product_03.png,true,Ideogram v3,product,0.9918609857559204
ai_product_recraft_v3_product_04.png,true,Recraft v3,product,0.9999988079071045
ai_product_recraft_v3_product_10.png,true,Recraft v3,product,0.9999734163284302
ai_product_sd_3.5_large_product_09.png,true,Sd,product,0.9999821186065674
ai_product_ideogram_v3_product_07.png,true,Ideogram v3,product,0.9985911250114441
ai_product_wan_v2.6_product_08.png,true,Wan v2.6,product,0.9999957084655762
ai_product_leonardo_phoenix_product_09.png,true,Leonardo Phoenix,product,0.9997684359550476
ai_product_leonardo_phoenix_product_08.png,true,Leonardo Phoenix,product,0.9999867677688599
ai_product_wan_v2.6_product_09.png,true,Wan v2.6,product,0.9997839331626892
ai_product_ideogram_v3_product_06.png,true,Ideogram v3,product,0.9999815225601196
ai_product_sd_3.5_large_product_08.png,true,Sd,product,0.9984257221221924
ai_product_recraft_v3_product_01.png,true,Recraft v3,product,0.9999610185623169
ai_product_recraft_v3_product_03.png,true,Recraft v3,product,0.9999122619628906
ai_product_ideogram_v3_product_04.png,true,Ideogram v3,product,0.9999992847442627
ai_product_ideogram_v3_product_10.png,true,Ideogram v3,product,0.9394351243972778
ai_product_ideogram_v3_product_05.png,true,Ideogram v3,product,0.5282683372497559
ai_product_recraft_v3_product_02.png,true,Recraft v3,product,0.9999927282333374
ai_product_z_image_product_02.png,true,Z,product,0.9999942779541016
ai_product_sd_3.5_large_product_06.png,true,Sd,product,0.9950194358825684
ai_product_ideogram_v3_product_08.png,true,Ideogram v3,product,0.9113923907279968
ai_product_wan_v2.6_product_07.png,true,Wan v2.6,product,0.9999818801879883
ai_product_leonardo_phoenix_product_06.png,true,Leonardo Phoenix,product,0.9999175071716309
ai_product_qwen_2512_product_03.png,true,Qwen 2512,product,0.9999896287918091
ai_product_qwen_2512_product_02.png,true,Qwen 2512,product,0.9999997615814209
ai_product_leonardo_phoenix_product_07.png,true,Leonardo Phoenix,product,0.9999953508377075
ai_product_wan_v2.6_product_06.png,true,Wan v2.6,product,0.9999990463256836
ai_product_ideogram_v3_product_09.png,true,Ideogram v3,product,0.15816842019557953
ai_product_sd_3.5_large_product_07.png,true,Sd,product,0.9337931871414185
ai_product_z_image_product_03.png,true,Z,product,0.9998680353164673
ai_product_z_image_product_01.png,true,Z,product,0.9994789958000183
ai_product_sd_3.5_large_product_05.png,true,Sd,product,0.9999985694885254
ai_product_wan_v2.6_product_10.png,true,Wan v2.6,product,0.9999988079071045
ai_product_wan_v2.6_product_04.png,true,Wan v2.6,product,0.999993085861206
ai_product_leonardo_phoenix_product_05.png,true,Leonardo Phoenix,product,0.9999997615814209
ai_product_qwen_2512_product_01.png,true,Qwen 2512,product,0.9999896287918091
ai_product_leonardo_phoenix_product_04.png,true,Leonardo Phoenix,product,0.9999986886978149
ai_product_leonardo_phoenix_product_10.png,true,Leonardo Phoenix,product,0.9999966621398926
ai_product_wan_v2.6_product_05.png,true,Wan v2.6,product,0.9987131357192993
ai_product_sd_3.5_large_product_04.png,true,Sd,product,0.9999979734420776
ai_product_sd_3.5_large_product_10.png,true,Sd,product,0.9979277849197388
ai_product_recraft_v3_product_09.png,true,Recraft v3,product,0.9999198913574219
ai_product_z_image_product_10.png,true,Z,product,0.9999995231628418
ai_product_z_image_product_04.png,true,Z,product,0.9995549321174622
ai_product_wan_v2.6_product_01.png,true,Wan v2.6,product,0.9999991655349731
ai_product_qwen_2512_product_05.png,true,Qwen 2512,product,0.9999867677688599
ai_product_qwen_2512_product_04.png,true,Qwen 2512,product,0.9999969005584717
ai_product_qwen_2512_product_10.png,true,Qwen 2512,product,0.999998927116394
ai_product_leonardo_phoenix_product_01.png,true,Leonardo Phoenix,product,0.999966025352478
ai_product_z_image_product_05.png,true,Z,product,0.9982984662055969
ai_product_sd_3.5_large_product_01.png,true,Sd,product,0.9999876022338867
ai_product_recraft_v3_product_08.png,true,Recraft v3,product,0.9999735355377197
ai_product_sd_3.5_large_product_03.png,true,Sd,product,0.9993411898612976
ai_product_z_image_product_07.png,true,Z,product,0.99919193983078
ai_product_wan_v2.6_product_02.png,true,Wan v2.6,product,0.9999972581863403
ai_product_leonardo_phoenix_product_03.png,true,Leonardo Phoenix,product,0.9999077320098877
ai_product_qwen_2512_product_06.png,true,Qwen 2512,product,0.9999972581863403
ai_product_qwen_2512_product_07.png,true,Qwen 2512,product,0.9999750852584839
ai_product_leonardo_phoenix_product_02.png,true,Leonardo Phoenix,product,0.999992847442627
ai_product_wan_v2.6_product_03.png,true,Wan v2.6,product,0.999961256980896
ai_product_z_image_product_06.png,true,Z,product,0.9999998807907104
ai_product_sd_3.5_large_product_02.png,true,Sd,product,0.999907374382019
ai_product_glm_image_product_02.png,true,GLM Image,product,0.9999648332595825
ai_product_grok_aurora_product_09.png,true,Grok Aurora,product,0.9999843835830688
ai_product_flux_schnell_product_10.png,true,Flux Schnell,product,0.9999995231628418
ai_product_seedream_v4_product_07.png,true,Seedream,product,0.9513520002365112
ai_product_flux_schnell_product_04.png,true,Flux Schnell,product,0.9998810291290283
ai_product_seedream_v3_product_04.png,true,Seedream,product,0.9999427795410156
ai_product_seedream_v3_product_10.png,true,Seedream,product,0.9999887943267822
ai_product_hunyuan_v3_product_03.png,true,Hunyuan v3,product,0.9998937845230103
ai_product_gemini_3_pro_product_05.png,true,Gemini 3 Pro,product,0.9968045949935913
ai_product_gemini_3_pro_product_04.png,true,Gemini 3 Pro,product,0.9999858140945435
ai_product_gemini_3_pro_product_10.png,true,Gemini 3 Pro,product,0.9999650716781616
ai_product_hunyuan_v3_product_02.png,true,Hunyuan v3,product,0.9999923706054688
ai_product_seedream_v3_product_05.png,true,Seedream,product,0.9996814727783203
ai_product_flux_schnell_product_05.png,true,Flux Schnell,product,0.999996542930603
ai_product_seedream_v4_product_06.png,true,Seedream,product,0.9999868869781494
ai_product_grok_aurora_product_08.png,true,Grok Aurora,product,0.9999955892562866
ai_product_glm_image_product_03.png,true,GLM Image,product,0.9999819993972778
ai_product_glm_image_product_01.png,true,GLM Image,product,0.9999762773513794
ai_product_flux_schnell_product_07.png,true,Flux Schnell,product,0.953473687171936
ai_product_seedream_v4_product_10.png,true,Seedream,product,0.9999783039093018
ai_product_flux_pro_v1.1_product_09.png,true,Flux Pro v1.1,product,0.17470011115074158
ai_product_seedream_v4_product_04.png,true,Seedream,product,0.999112069606781
ai_product_seedream_v3_product_07.png,true,Seedream,product,0.9987643957138062
ai_product_flux_2_flex_product_09.png,true,Flux,product,0.999956488609314
ai_product_gpt_image_1.5_product_09.png,true,Gpt,product,0.0019594624172896147
ai_product_gemini_3_pro_product_06.png,true,Gemini 3 Pro,product,0.9998519420623779
ai_product_gemini_3_pro_product_07.png,true,Gemini 3 Pro,product,0.999972939491272
ai_product_gpt_image_1.5_product_08.png,true,Gpt,product,0.9999932050704956
ai_product_hunyuan_v3_product_01.png,true,Hunyuan v3,product,0.9999940395355225
ai_product_flux_2_flex_product_08.png,true,Flux,product,0.9999960660934448
ai_product_seedream_v3_product_06.png,true,Seedream,product,0.9998007416725159
ai_product_seedream_v4_product_05.png,true,Seedream,product,0.9562089443206787
ai_product_flux_pro_v1.1_product_08.png,true,Flux Pro v1.1,product,0.999937891960144
ai_product_flux_schnell_product_06.png,true,Flux Schnell,product,0.9999982118606567
ai_product_glm_image_product_10.png,true,GLM Image,product,0.9998751878738403
ai_product_glm_image_product_04.png,true,GLM Image,product,0.9999982118606567
ai_product_flux_schnell_product_02.png,true,Flux Schnell,product,0.9985792636871338
ai_product_seedream_v4_product_01.png,true,Seedream,product,0.9999994039535522
ai_product_seedream_v3_product_02.png,true,Seedream,product,0.031365931034088135
ai_product_hunyuan_v3_product_05.png,true,Hunyuan v3,product,0.9999599456787109
ai_product_gemini_3_pro_product_03.png,true,Gemini 3 Pro,product,0.2253189980983734
ai_product_gemini_3_pro_product_02.png,true,Gemini 3 Pro,product,0.9999836683273315
ai_product_hunyuan_v3_product_10.png,true,Hunyuan v3,product,0.9999911785125732
ai_product_hunyuan_v3_product_04.png,true,Hunyuan v3,product,0.9999862909317017
ai_product_seedream_v3_product_03.png,true,Seedream,product,0.00929228775203228
ai_product_flux_schnell_product_03.png,true,Flux Schnell,product,0.9900147914886475
ai_product_glm_image_product_05.png,true,GLM Image,product,0.999998927116394
ai_product_glm_image_product_07.png,true,GLM Image,product,0.9999791383743286
ai_product_seedream_v4_product_02.png,true,Seedream,product,0.9251790046691895
ai_product_flux_schnell_product_01.png,true,Flux Schnell,product,0.9999680519104004
ai_product_seedream_v3_product_01.png,true,Seedream,product,0.04047110304236412
ai_product_hunyuan_v3_product_06.png,true,Hunyuan v3,product,0.9998873472213745
ai_product_gemini_3_pro_product_01.png,true,Gemini 3 Pro,product,0.0036212827544659376
ai_product_hunyuan_v3_product_07.png,true,Hunyuan v3,product,0.9991078972816467
ai_product_seedream_v4_product_03.png,true,Seedream,product,0.9729899168014526
ai_product_glm_image_product_06.png,true,GLM Image,product,0.9999918937683105
ai_food_seedream_v3_food_02.png,true,Seedream,food,0.9999867677688599
ai_food_gemini_3_pro_food_04.png,true,Gemini 3 Pro,food,0.9998854398727417
ai_food_gemini_3_pro_food_10.png,true,Gemini 3 Pro,food,0.9990059733390808
ai_food_flux_schnell_food_03.png,true,Flux Schnell,food,0.9985622763633728
ai_food_glm_image_food_08.png,true,GLM Image,food,0.9999936819076538
ai_food_leonardo_phoenix_food_05.png,true,Leonardo Phoenix,food,0.9999969005584717
ai_food_gpt_image_1.5_food_01.png,true,Gpt,food,0.9977980852127075
ai_food_flux_pro_v1.1_food_05.png,true,Flux Pro v1.1,food,0.999845027923584
ai_food_flux_pro_v1.1_food_04.png,true,Flux Pro v1.1,food,0.9977859258651733
ai_food_flux_pro_v1.1_food_10.png,true,Flux Pro v1.1,food,0.8439351320266724
ai_food_leonardo_phoenix_food_04.png,true,Leonardo Phoenix,food,0.9999589920043945
ai_food_glm_image_food_09.png,true,GLM Image,food,0.9999951124191284
ai_food_leonardo_phoenix_food_10.png,true,Leonardo Phoenix,food,0.9999104738235474
ai_food_flux_schnell_food_02.png,true,Flux Schnell,food,0.9999666213989258
ai_food_gemini_3_pro_food_05.png,true,Gemini 3 Pro,food,0.9999847412109375
ai_food_seedream_v3_food_03.png,true,Seedream,food,0.3239656686782837
ai_food_seedream_v3_food_01.png,true,Seedream,food,0.9999110698699951
ai_food_gemini_3_pro_food_07.png,true,Gemini 3 Pro,food,0.9993377327919006
ai_food_leonardo_phoenix_food_06.png,true,Leonardo Phoenix,food,0.9980150461196899
ai_food_gpt_image_1.5_food_02.png,true,Gpt,food,0.5827171206474304
ai_food_flux_pro_v1.1_food_06.png,true,Flux Pro v1.1,food,0.9999978542327881
ai_food_flux_pro_v1.1_food_07.png,true,Flux Pro v1.1,food,0.999984622001648
ai_food_gpt_image_1.5_food_03.png,true,Gpt,food,0.7985989451408386
ai_food_leonardo_phoenix_food_07.png,true,Leonardo Phoenix,food,0.9999979734420776
ai_food_flux_schnell_food_01.png,true,Flux Schnell,food,0.9999972581863403
ai_food_gemini_3_pro_food_06.png,true,Gemini 3 Pro,food,0.9981791973114014
ai_food_seedream_v3_food_10.png,true,Seedream,food,0.9977642297744751
ai_food_seedream_v3_food_04.png,true,Seedream,food,0.9998736381530762
ai_food_seedream_v4_food_08.png,true,Seedream,food,0.7011753916740417
ai_food_gemini_3_pro_food_02.png,true,Gemini 3 Pro,food,0.9996199607849121
ai_food_flux_schnell_food_05.png,true,Flux Schnell,food,0.9999971389770508
ai_food_leonardo_phoenix_food_03.png,true,Leonardo Phoenix,food,0.9975119829177856
ai_food_gpt_image_1.5_food_07.png,true,Gpt,food,0.9998483657836914
ai_food_flux_pro_v1.1_food_03.png,true,Flux Pro v1.1,food,0.999975323677063
ai_food_flux_pro_v1.1_food_02.png,true,Flux Pro v1.1,food,0.9999971389770508
ai_food_gpt_image_1.5_food_06.png,true,Gpt,food,0.9999326467514038
ai_food_leonardo_phoenix_food_02.png,true,Leonardo Phoenix,food,0.9284995198249817
ai_food_flux_schnell_food_04.png,true,Flux Schnell,food,0.9999922513961792
ai_food_flux_schnell_food_10.png,true,Flux Schnell,food,0.9999436140060425
ai_food_gemini_3_pro_food_03.png,true,Gemini 3 Pro,food,0.9981330037117004
ai_food_seedream_v4_food_09.png,true,Seedream,food,0.999995231628418
ai_food_seedream_v3_food_05.png,true,Seedream,food,0.03500188887119293
ai_food_seedream_v3_food_07.png,true,Seedream,food,0.9749420285224915
ai_food_ideogram_v3_food_09.png,true,Ideogram v3,food,0.9996265172958374
ai_food_gemini_3_pro_food_01.png,true,Gemini 3 Pro,food,0.9998667240142822
ai_food_flux_schnell_food_06.png,true,Flux Schnell,food,0.9999940395355225
ai_food_gpt_image_1.5_food_04.png,true,Gpt,food,0.9998399019241333
ai_food_grok_aurora_food_09.png,true,Grok Aurora,food,0.9999966621398926
ai_food_gpt_image_1.5_food_10.png,true,Gpt,food,0.9824054837226868
ai_food_flux_pro_v1.1_food_01.png,true,Flux Pro v1.1,food,0.9999700784683228
ai_food_grok_aurora_food_08.png,true,Grok Aurora,food,0.9999995231628418
ai_food_gpt_image_1.5_food_05.png,true,Gpt,food,0.9692949652671814
ai_food_leonardo_phoenix_food_01.png,true,Leonardo Phoenix,food,0.9999915361404419
ai_food_flux_schnell_food_07.png,true,Flux Schnell,food,0.9998007416725159
ai_food_ideogram_v3_food_08.png,true,Ideogram v3,food,0.9999985694885254
ai_food_seedream_v3_food_06.png,true,Seedream,food,0.9999033212661743
ai_food_sd_3.5_large_food_01.png,true,Sd,food,0.9991149306297302
ai_food_flux_2_flex_food_06.png,true,Flux,food,0.9999531507492065
ai_food_hunyuan_v3_food_08.png,true,Hunyuan v3,food,0.6476988196372986
ai_food_hunyuan_v3_food_09.png,true,Hunyuan v3,food,0.999998927116394
ai_food_flux_2_flex_food_07.png,true,Flux,food,0.9999991655349731
ai_food_sd_3.5_large_food_02.png,true,Sd,food,0.9999784231185913
ai_food_flux_2_flex_food_05.png,true,Flux,food,0.9674519896507263
ai_food_qwen_2512_food_08.png,true,Qwen 2512,food,0.975420355796814
ai_food_z_image_food_09.png,true,Z,food,0.9999984502792358
ai_food_z_image_food_08.png,true,Z,food,0.9999991655349731
ai_food_flux_2_flex_food_10.png,true,Flux,food,0.9999988079071045
ai_food_flux_2_flex_food_04.png,true,Flux,food,0.9999978542327881
ai_food_qwen_2512_food_09.png,true,Qwen 2512,food,0.9999988079071045
ai_food_sd_3.5_large_food_03.png,true,Sd,food,0.999992847442627
ai_food_sd_3.5_large_food_07.png,true,Sd,food,0.9999791383743286
ai_food_wan_v2.6_food_08.png,true,Wan v2.6,food,0.9999951124191284
ai_food_wan_v2.6_food_09.png,true,Wan v2.6,food,0.9999994039535522
ai_food_flux_2_flex_food_01.png,true,Flux,food,0.999976634979248
ai_food_sd_3.5_large_food_06.png,true,Sd,food,0.9997314810752869
ai_food_sd_3.5_large_food_10.png,true,Sd,food,0.9882832765579224
ai_food_sd_3.5_large_food_04.png,true,Sd,food,0.9997438788414001
ai_food_recraft_v3_food_09.png,true,Recraft v3,food,0.9999961853027344
ai_food_flux_2_flex_food_03.png,true,Flux,food,0.99992835521698
ai_food_flux_2_flex_food_02.png,true,Flux,food,0.9999994039535522
ai_food_sd_3.5_large_food_05.png,true,Sd,food,0.9999985694885254
ai_food_recraft_v3_food_08.png,true,Recraft v3,food,0.9999979734420776
ai_food_sd_3.5_large_food_08.png,true,Sd,food,0.9999837875366211
ai_food_recraft_v3_food_05.png,true,Recraft v3,food,0.9999990463256836
ai_food_qwen_2512_food_02.png,true,Qwen 2512,food,0.9999996423721313
ai_food_wan_v2.6_food_07.png,true,Wan v2.6,food,0.9999825954437256
ai_food_hunyuan_v3_food_01.png,true,Hunyuan v3,food,0.9999232292175293
ai_food_z_image_food_03.png,true,Z,food,0.9999895095825195
ai_food_z_image_food_02.png,true,Z,food,0.9999990463256836
ai_food_wan_v2.6_food_06.png,true,Wan v2.6,food,0.9999966621398926
ai_food_qwen_2512_food_03.png,true,Qwen 2512,food,0.9999903440475464
ai_food_recraft_v3_food_10.png,true,Recraft v3,food,0.9999984502792358
ai_food_sd_3.5_large_food_09.png,true,Sd,food,0.9999985694885254
ai_food_recraft_v3_food_04.png,true,Recraft v3,food,0.999147891998291
ai_food_recraft_v3_food_06.png,true,Recraft v3,food,0.9999234676361084
ai_food_qwen_2512_food_01.png,true,Qwen 2512,food,0.9999995231628418
ai_food_wan_v2.6_food_04.png,true,Wan v2.6,food,0.9999963045120239
ai_food_wan_v2.6_food_10.png,true,Wan v2.6,food,0.9023834466934204
ai_food_hunyuan_v3_food_02.png,true,Hunyuan v3,food,0.49852344393730164
ai_food_z_image_food_01.png,true,Z,food,0.9928156137466431
ai_food_hunyuan_v3_food_03.png,true,Hunyuan v3,food,0.9998327493667603
ai_food_wan_v2.6_food_05.png,true,Wan v2.6,food,0.9999992847442627
ai_food_recraft_v3_food_07.png,true,Recraft v3,food,0.9996274709701538
ai_food_recraft_v3_food_03.png,true,Recraft v3,food,0.999704897403717
ai_food_wan_v2.6_food_01.png,true,Wan v2.6,food,0.9953101277351379
ai_food_qwen_2512_food_10.png,true,Qwen 2512,food,0.9202770590782166
ai_food_flux_2_flex_food_09.png,true,Flux,food,0.9999994039535522
ai_food_qwen_2512_food_04.png,true,Qwen 2512,food,0.9999982118606567
ai_food_hunyuan_v3_food_07.png,true,Hunyuan v3,food,0.9999740123748779
ai_food_z_image_food_05.png,true,Z,food,0.9999731779098511
ai_food_z_image_food_04.png,true,Z,food,0.9999582767486572
ai_food_hunyuan_v3_food_06.png,true,Hunyuan v3,food,0.6914793848991394
ai_food_z_image_food_10.png,true,Z,food,0.9999892711639404
ai_food_flux_2_flex_food_08.png,true,Flux,food,0.9999995231628418
ai_food_qwen_2512_food_05.png,true,Qwen 2512,food,0.9999951124191284
ai_food_recraft_v3_food_02.png,true,Recraft v3,food,0.9999880790710449
ai_food_wan_v2.6_food_02.png,true,Wan v2.6,food,0.9999983310699463
ai_food_qwen_2512_food_07.png,true,Qwen 2512,food,0.9999983310699463
ai_food_hunyuan_v3_food_04.png,true,Hunyuan v3,food,0.9989514350891113
ai_food_z_image_food_06.png,true,Z,food,0.9999898672103882
ai_food_hunyuan_v3_food_10.png,true,Hunyuan v3,food,0.9952024221420288
ai_food_z_image_food_07.png,true,Z,food,0.9994540810585022
ai_food_hunyuan_v3_food_05.png,true,Hunyuan v3,food,0.9918410778045654
ai_food_qwen_2512_food_06.png,true,Qwen 2512,food,0.9999954700469971
ai_food_wan_v2.6_food_03.png,true,Wan v2.6,food,0.9999957084655762
ai_food_recraft_v3_food_01.png,true,Recraft v3,food,0.9999574422836304
ai_food_ideogram_v3_food_05.png,true,Ideogram v3,food,0.9999359846115112
ai_food_seedream_v4_food_07.png,true,Seedream,food,0.9992067217826843
ai_food_glm_image_food_01.png,true,GLM Image,food,0.9999971389770508
ai_food_grok_aurora_food_05.png,true,Grok Aurora,food,0.999967098236084
ai_food_gpt_image_1.5_food_08.png,true,Gpt,food,0.9999388456344604
ai_food_gpt_image_1.5_food_09.png,true,Gpt,food,0.9985772371292114
ai_food_grok_aurora_food_04.png,true,Grok Aurora,food,0.9999760389328003
ai_food_grok_aurora_food_10.png,true,Grok Aurora,food,0.9999885559082031
ai_food_seedream_v4_food_06.png,true,Seedream,food,0.9999221563339233
ai_food_ideogram_v3_food_10.png,true,Ideogram v3,food,0.9999582767486572
ai_food_ideogram_v3_food_04.png,true,Ideogram v3,food,0.9999958276748657
ai_food_seedream_v3_food_08.png,true,Seedream,food,0.4888836443424225
ai_food_seedream_v4_food_04.png,true,Seedream,food,0.054064974188804626
ai_food_seedream_v4_food_10.png,true,Seedream,food,0.028842344880104065
ai_food_ideogram_v3_food_06.png,true,Ideogram v3,food,0.9831472039222717
ai_food_flux_schnell_food_09.png,true,Flux Schnell,food,0.9999319314956665
ai_food_glm_image_food_02.png,true,GLM Image,food,0.999994158744812
ai_food_grok_aurora_food_06.png,true,Grok Aurora,food,0.9999905824661255
ai_food_grok_aurora_food_07.png,true,Grok Aurora,food,0.9999892711639404
ai_food_glm_image_food_03.png,true,GLM Image,food,0.9998607635498047
ai_food_flux_schnell_food_08.png,true,Flux Schnell,food,0.24108371138572693
ai_food_ideogram_v3_food_07.png,true,Ideogram v3,food,0.9997926354408264
ai_food_seedream_v4_food_05.png,true,Seedream,food,0.9999682903289795
ai_food_seedream_v3_food_09.png,true,Seedream,food,0.9996129870414734
ai_food_seedream_v4_food_01.png,true,Seedream,food,0.32118234038352966
ai_food_ideogram_v3_food_03.png,true,Ideogram v3,food,0.9999895095825195
ai_food_glm_image_food_07.png,true,GLM Image,food,0.9999935626983643
ai_food_grok_aurora_food_03.png,true,Grok Aurora,food,0.9994144439697266
ai_food_grok_aurora_food_02.png,true,Grok Aurora,food,0.7519370317459106
ai_food_glm_image_food_06.png,true,GLM Image,food,0.999997615814209
ai_food_ideogram_v3_food_02.png,true,Ideogram v3,food,0.9879528880119324
ai_food_gemini_3_pro_food_08.png,true,Gemini 3 Pro,food,0.007453267462551594
ai_food_seedream_v4_food_02.png,true,Seedream,food,0.9998846054077148
ai_food_leonardo_phoenix_food_09.png,true,Leonardo Phoenix,food,0.9999996423721313
ai_food_glm_image_food_10.png,true,GLM Image,food,0.9999861717224121
ai_food_glm_image_food_04.png,true,GLM Image,food,0.9999865293502808
ai_food_flux_pro_v1.1_food_09.png,true,Flux Pro v1.1,food,0.9999947547912598
ai_food_flux_pro_v1.1_food_08.png,true,Flux Pro v1.1,food,0.9953863024711609
ai_food_grok_aurora_food_01.png,true,Grok Aurora,food,0.9998112320899963
ai_food_glm_image_food_05.png,true,GLM Image,food,0.9999877214431763
ai_food_leonardo_phoenix_food_08.png,true,Leonardo Phoenix,food,0.9999262094497681
ai_food_seedream_v4_food_03.png,true,Seedream,food,0.999152421951294
ai_food_ideogram_v3_food_01.png,true,Ideogram v3,food,0.9998024106025696
ai_food_gemini_3_pro_food_09.png,true,Gemini 3 Pro,food,0.9999966621398926
ai_animal_flux_pro_v1.1_animal_07.png,true,Flux Pro v1.1,animal,0.9999984502792358
ai_animal_seedream_v3_animal_10.png,true,Seedream,animal,0.9999392032623291
ai_animal_seedream_v3_animal_04.png,true,Seedream,animal,0.9994285702705383
ai_animal_ideogram_v3_animal_03.png,true,Ideogram v3,animal,0.9999816417694092
ai_animal_flux_2_flex_animal_07.png,true,Flux,animal,0.999975323677063
ai_animal_seedream_v4_animal_01.png,true,Seedream,animal,0.0724797174334526
ai_animal_flux_2_flex_animal_06.png,true,Flux,animal,0.999996542930603
ai_animal_gemini_3_pro_animal_01.png,true,Gemini 3 Pro,animal,0.9999760389328003
ai_animal_ideogram_v3_animal_02.png,true,Ideogram v3,animal,0.9999990463256836
ai_animal_seedream_v3_animal_05.png,true,Seedream,animal,0.9893233180046082
ai_animal_flux_pro_v1.1_animal_06.png,true,Flux Pro v1.1,animal,0.9981718063354492
ai_animal_flux_pro_v1.1_animal_04.png,true,Flux Pro v1.1,animal,0.9999991655349731
ai_animal_flux_pro_v1.1_animal_10.png,true,Flux Pro v1.1,animal,0.9999784231185913
ai_animal_seedream_v3_animal_07.png,true,Seedream,animal,0.9999666213989258
ai_animal_sd_3.5_large_animal_09.png,true,Sd,animal,0.9999845027923584
ai_animal_gemini_3_pro_animal_03.png,true,Gemini 3 Pro,animal,0.829231858253479
ai_animal_flux_2_flex_animal_04.png,true,Flux,animal,0.9999990463256836
ai_animal_flux_2_flex_animal_10.png,true,Flux,animal,0.9999973773956299
ai_animal_seedream_v4_animal_03.png,true,Seedream,animal,0.9967304468154907
ai_animal_seedream_v4_animal_02.png,true,Seedream,animal,0.9999916553497314
ai_animal_flux_2_flex_animal_05.png,true,Flux,animal,0.999997615814209
ai_animal_gemini_3_pro_animal_02.png,true,Gemini 3 Pro,animal,0.9998964071273804
ai_animal_ideogram_v3_animal_01.png,true,Ideogram v3,animal,0.12680213153362274
ai_animal_sd_3.5_large_animal_08.png,true,Sd,animal,0.9999978542327881
ai_animal_seedream_v3_animal_06.png,true,Seedream,animal,0.9999756813049316
ai_animal_flux_pro_v1.1_animal_05.png,true,Flux Pro v1.1,animal,0.9999856948852539
ai_animal_seedream_v3_animal_02.png,true,Seedream,animal,0.9998615980148315
ai_animal_flux_pro_v1.1_animal_01.png,true,Flux Pro v1.1,animal,0.9999992847442627
ai_animal_gemini_3_pro_animal_06.png,true,Gemini 3 Pro,animal,0.999913215637207
ai_animal_ideogram_v3_animal_05.png,true,Ideogram v3,animal,0.9981626868247986
ai_animal_flux_2_flex_animal_01.png,true,Flux,animal,0.9999992847442627
ai_animal_seedream_v4_animal_06.png,true,Seedream,animal,0.9999796152114868
ai_animal_seedream_v4_animal_07.png,true,Seedream,animal,0.5017884373664856
ai_animal_ideogram_v3_animal_10.png,true,Ideogram v3,animal,0.9999783039093018
ai_animal_ideogram_v3_animal_04.png,true,Ideogram v3,animal,0.999500036239624
ai_animal_gemini_3_pro_animal_07.png,true,Gemini 3 Pro,animal,0.9895373582839966
ai_animal_seedream_v3_animal_03.png,true,Seedream,animal,0.9999949932098389
ai_animal_seedream_v3_animal_01.png,true,Seedream,animal,0.9995112419128418
ai_animal_flux_pro_v1.1_animal_02.png,true,Flux Pro v1.1,animal,0.999994158744812
ai_animal_gemini_3_pro_animal_05.png,true,Gemini 3 Pro,animal,0.9996789693832397
ai_animal_ideogram_v3_animal_06.png,true,Ideogram v3,animal,0.9999995231628418
ai_animal_flux_2_flex_animal_02.png,true,Flux,animal,0.9999961853027344
ai_animal_seedream_v4_animal_05.png,true,Seedream,animal,0.45230531692504883
ai_animal_qwen_2512_animal_08.png,true,Qwen 2512,animal,0.9999982118606567
ai_animal_qwen_2512_animal_09.png,true,Qwen 2512,animal,0.9999953508377075
ai_animal_seedream_v4_animal_10.png,true,Seedream,animal,0.441927433013916
ai_animal_seedream_v4_animal_04.png,true,Seedream,animal,0.9999624490737915
ai_animal_flux_2_flex_animal_03.png,true,Flux,animal,0.9999971389770508
ai_animal_ideogram_v3_animal_07.png,true,Ideogram v3,animal,0.9945641756057739
ai_animal_gemini_3_pro_animal_04.png,true,Gemini 3 Pro,animal,0.0261059682816267
ai_animal_gemini_3_pro_animal_10.png,true,Gemini 3 Pro,animal,0.9981986880302429
ai_animal_flux_pro_v1.1_animal_03.png,true,Flux Pro v1.1,animal,0.999997615814209
ai_animal_flux_schnell_animal_01.png,true,Flux Schnell,animal,0.9999994039535522
ai_animal_z_image_animal_06.png,true,Z,animal,0.9999980926513672
ai_animal_grok_aurora_animal_10.png,true,Grok Aurora,animal,0.9999972581863403
ai_animal_grok_aurora_animal_04.png,true,Grok Aurora,animal,0.9999966621398926
ai_animal_glm_image_animal_06.png,true,GLM Image,animal,0.999997615814209
ai_animal_recraft_v3_animal_02.png,true,Recraft v3,animal,0.999991774559021
ai_animal_glm_image_animal_07.png,true,GLM Image,animal,0.9999990463256836
ai_animal_recraft_v3_animal_03.png,true,Recraft v3,animal,0.999964714050293
ai_animal_grok_aurora_animal_05.png,true,Grok Aurora,animal,0.9999973773956299
ai_animal_z_image_animal_07.png,true,Z,animal,0.9999666213989258
ai_animal_flux_schnell_animal_02.png,true,Flux Schnell,animal,0.9999974966049194
ai_animal_z_image_animal_05.png,true,Z,animal,0.9999264478683472
ai_animal_grok_aurora_animal_07.png,true,Grok Aurora,animal,0.9992493987083435
ai_animal_recraft_v3_animal_01.png,true,Recraft v3,animal,0.9999927282333374
ai_animal_glm_image_animal_05.png,true,GLM Image,animal,0.9999996423721313
ai_animal_glm_image_animal_10.png,true,GLM Image,animal,0.9994428753852844
ai_animal_glm_image_animal_04.png,true,GLM Image,animal,0.9999332427978516
ai_animal_grok_aurora_animal_06.png,true,Grok Aurora,animal,0.999982476234436
ai_animal_z_image_animal_10.png,true,Z,animal,0.9999998807907104
ai_animal_z_image_animal_04.png,true,Z,animal,0.9992891550064087
ai_animal_flux_schnell_animal_03.png,true,Flux Schnell,animal,0.9999946355819702
ai_animal_flux_schnell_animal_07.png,true,Flux Schnell,animal,0.9999167919158936
ai_animal_wan_v2.6_animal_09.png,true,Wan v2.6,animal,0.9999980926513672
ai_animal_hunyuan_v3_animal_09.png,true,Hunyuan v3,animal,0.9871875047683716
ai_animal_grok_aurora_animal_02.png,true,Grok Aurora,animal,0.9999923706054688
ai_animal_recraft_v3_animal_04.png,true,Recraft v3,animal,0.9999903440475464
ai_animal_recraft_v3_animal_10.png,true,Recraft v3,animal,0.9999890327453613
ai_animal_gpt_image_1.5_animal_08.png,true,Gpt,animal,0.9999392032623291
ai_animal_gpt_image_1.5_animal_09.png,true,Gpt,animal,0.9967881441116333
ai_animal_glm_image_animal_01.png,true,GLM Image,animal,0.9999995231628418
ai_animal_recraft_v3_animal_05.png,true,Recraft v3,animal,0.9999971389770508
ai_animal_grok_aurora_animal_03.png,true,Grok Aurora,animal,0.9999964237213135
ai_animal_hunyuan_v3_animal_08.png,true,Hunyuan v3,animal,0.9999628067016602
ai_animal_flux_schnell_animal_06.png,true,Flux Schnell,animal,0.9999847412109375
ai_animal_wan_v2.6_animal_08.png,true,Wan v2.6,animal,0.9999010562896729
ai_animal_z_image_animal_01.png,true,Z,animal,0.9999988079071045
ai_animal_z_image_animal_03.png,true,Z,animal,0.9993158578872681
ai_animal_flux_schnell_animal_04.png,true,Flux Schnell,animal,0.9999908208847046
ai_animal_flux_schnell_animal_10.png,true,Flux Schnell,animal,0.9999971389770508
ai_animal_grok_aurora_animal_01.png,true,Grok Aurora,animal,0.9999513626098633
ai_animal_leonardo_phoenix_animal_08.png,true,Leonardo Phoenix,animal,0.9598131775856018
ai_animal_recraft_v3_animal_07.png,true,Recraft v3,animal,0.9997897744178772
ai_animal_glm_image_animal_03.png,true,GLM Image,animal,0.9999963045120239
ai_animal_recraft_v3_animal_06.png,true,Recraft v3,animal,0.9999972581863403
ai_animal_glm_image_animal_02.png,true,GLM Image,animal,0.9999983310699463
ai_animal_leonardo_phoenix_animal_09.png,true,Leonardo Phoenix,animal,0.9944537281990051
ai_animal_flux_schnell_animal_05.png,true,Flux Schnell,animal,0.9999988079071045
ai_animal_z_image_animal_02.png,true,Z,animal,0.9999600648880005
ai_animal_wan_v2.6_animal_06.png,true,Wan v2.6,animal,0.9999785423278809
ai_animal_flux_schnell_animal_08.png,true,Flux Schnell,animal,0.9999978542327881
ai_animal_hunyuan_v3_animal_06.png,true,Hunyuan v3,animal,0.9994181394577026
ai_animal_leonardo_phoenix_animal_10.png,true,Leonardo Phoenix,animal,0.9999988079071045
ai_animal_leonardo_phoenix_animal_04.png,true,Leonardo Phoenix,animal,0.9832461476325989
ai_animal_gpt_image_1.5_animal_07.png,true,Gpt,animal,0.9273815751075745
ai_animal_gpt_image_1.5_animal_06.png,true,Gpt,animal,0.12642084062099457
ai_animal_leonardo_phoenix_animal_05.png,true,Leonardo Phoenix,animal,0.998701810836792
ai_animal_hunyuan_v3_animal_07.png,true,Hunyuan v3,animal,0.995896577835083
ai_animal_wan_v2.6_animal_07.png,true,Wan v2.6,animal,0.9999357461929321
ai_animal_flux_schnell_animal_09.png,true,Flux Schnell,animal,0.999736487865448
ai_animal_wan_v2.6_animal_05.png,true,Wan v2.6,animal,0.9993271827697754
ai_animal_hunyuan_v3_animal_05.png,true,Hunyuan v3,animal,0.9999518394470215
ai_animal_leonardo_phoenix_animal_07.png,true,Leonardo Phoenix,animal,0.9999978542327881
ai_animal_recraft_v3_animal_08.png,true,Recraft v3,animal,0.9999645948410034
ai_animal_gpt_image_1.5_animal_04.png,true,Gpt,animal,0.5768656730651855
ai_animal_gpt_image_1.5_animal_10.png,true,Gpt,animal,0.9999867677688599
ai_animal_gpt_image_1.5_animal_05.png,true,Gpt,animal,0.002151072956621647
ai_animal_recraft_v3_animal_09.png,true,Recraft v3,animal,0.9999998807907104
ai_animal_leonardo_phoenix_animal_06.png,true,Leonardo Phoenix,animal,0.9331023693084717
ai_animal_hunyuan_v3_animal_10.png,true,Hunyuan v3,animal,0.9999896287918091
ai_animal_hunyuan_v3_animal_04.png,true,Hunyuan v3,animal,0.01238363329321146
ai_animal_wan_v2.6_animal_10.png,true,Wan v2.6,animal,0.9622278213500977
ai_animal_wan_v2.6_animal_04.png,true,Wan v2.6,animal,0.9342519640922546
ai_animal_z_image_animal_09.png,true,Z,animal,0.9999756813049316
ai_animal_leonardo_phoenix_animal_02.png,true,Leonardo Phoenix,animal,0.9999934434890747
ai_animal_gpt_image_1.5_animal_01.png,true,Gpt,animal,0.979912519454956
ai_animal_glm_image_animal_09.png,true,GLM Image,animal,0.9999986886978149
ai_animal_glm_image_animal_08.png,true,GLM Image,animal,0.9999961853027344
ai_animal_leonardo_phoenix_animal_03.png,true,Leonardo Phoenix,animal,0.9958229064941406
ai_animal_hunyuan_v3_animal_01.png,true,Hunyuan v3,animal,0.9994584918022156
ai_animal_z_image_animal_08.png,true,Z,animal,0.9999983310699463
ai_animal_wan_v2.6_animal_01.png,true,Wan v2.6,animal,0.9989169836044312
ai_animal_wan_v2.6_animal_03.png,true,Wan v2.6,animal,0.3212958574295044
ai_animal_grok_aurora_animal_08.png,true,Grok Aurora,animal,0.6118616461753845
ai_animal_hunyuan_v3_animal_03.png,true,Hunyuan v3,animal,0.9999945163726807
ai_animal_leonardo_phoenix_animal_01.png,true,Leonardo Phoenix,animal,0.9999966621398926
ai_animal_gpt_image_1.5_animal_02.png,true,Gpt,animal,0.9997531771659851
ai_animal_gpt_image_1.5_animal_03.png,true,Gpt,animal,0.9940114617347717
ai_animal_hunyuan_v3_animal_02.png,true,Hunyuan v3,animal,0.9999971389770508
ai_animal_grok_aurora_animal_09.png,true,Grok Aurora,animal,0.9999529123306274
ai_animal_wan_v2.6_animal_02.png,true,Wan v2.6,animal,0.7804489731788635
ai_animal_sd_3.5_large_animal_03.png,true,Sd,animal,0.9998968839645386
ai_animal_gemini_3_pro_animal_09.png,true,Gemini 3 Pro,animal,0.999995231628418
ai_animal_qwen_2512_animal_04.png,true,Qwen 2512,animal,0.990864098072052
ai_animal_seedream_v4_animal_09.png,true,Seedream,animal,0.9941455125808716
ai_animal_qwen_2512_animal_10.png,true,Qwen 2512,animal,0.9999978542327881
ai_animal_seedream_v4_animal_08.png,true,Seedream,animal,0.8812623620033264
ai_animal_qwen_2512_animal_05.png,true,Qwen 2512,animal,0.9999933242797852
ai_animal_gemini_3_pro_animal_08.png,true,Gemini 3 Pro,animal,0.39976757764816284
ai_animal_sd_3.5_large_animal_02.png,true,Sd,animal,0.9999978542327881
ai_animal_ideogram_v3_animal_09.png,true,Ideogram v3,animal,0.9999951124191284
ai_animal_qwen_2512_animal_07.png,true,Qwen 2512,animal,0.9999972581863403
ai_animal_qwen_2512_animal_06.png,true,Qwen 2512,animal,0.9999982118606567
ai_animal_ideogram_v3_animal_08.png,true,Ideogram v3,animal,0.9336599707603455
ai_animal_sd_3.5_large_animal_01.png,true,Sd,animal,0.9999923706054688
ai_animal_flux_pro_v1.1_animal_08.png,true,Flux Pro v1.1,animal,0.9999403953552246
ai_animal_sd_3.5_large_animal_05.png,true,Sd,animal,0.9999542236328125
ai_animal_flux_2_flex_animal_08.png,true,Flux,animal,0.9999957084655762
ai_animal_qwen_2512_animal_02.png,true,Qwen 2512,animal,0.9998517036437988
ai_animal_qwen_2512_animal_03.png,true,Qwen 2512,animal,0.9999986886978149
ai_animal_flux_2_flex_animal_09.png,true,Flux,animal,0.9999980926513672
ai_animal_sd_3.5_large_animal_10.png,true,Sd,animal,0.9999890327453613
ai_animal_sd_3.5_large_animal_04.png,true,Sd,animal,0.8187119960784912
ai_animal_flux_pro_v1.1_animal_09.png,true,Flux Pro v1.1,animal,0.9999277591705322
ai_animal_seedream_v3_animal_08.png,true,Seedream,animal,0.7257072925567627
ai_animal_sd_3.5_large_animal_06.png,true,Sd,animal,0.9999940395355225
ai_animal_qwen_2512_animal_01.png,true,Qwen 2512,animal,0.9999996423721313
ai_animal_sd_3.5_large_animal_07.png,true,Sd,animal,0.9999943971633911
ai_animal_seedream_v3_animal_09.png,true,Seedream,animal,0.9999079704284668
ai_landscape_gemini_3_pro_landscape_04.png,true,Gemini 3 Pro,landscape,0.4158761501312256
ai_landscape_gemini_3_pro_landscape_10.png,true,Gemini 3 Pro,landscape,0.9999078512191772
ai_landscape_flux_schnell_landscape_01.png,true,Flux Schnell,landscape,0.9912902116775513
ai_landscape_gemini_3_pro_landscape_05.png,true,Gemini 3 Pro,landscape,0.9985350370407104
ai_landscape_gpt_image_1.5_landscape_08.png,true,Gpt,landscape,0.9999995231628418
ai_landscape_hunyuan_v3_landscape_09.png,true,Hunyuan v3,landscape,0.0017952013295143843
ai_landscape_sd_3.5_large_landscape_09.png,true,Sd,landscape,0.9997487664222717
ai_landscape_gemini_3_pro_landscape_07.png,true,Gemini 3 Pro,landscape,0.9954800605773926
ai_landscape_flux_schnell_landscape_02.png,true,Flux Schnell,landscape,0.9960649609565735
ai_landscape_flux_schnell_landscape_03.png,true,Flux Schnell,landscape,0.9975928664207458
ai_landscape_gemini_3_pro_landscape_06.png,true,Gemini 3 Pro,landscape,0.9955724477767944
ai_landscape_sd_3.5_large_landscape_08.png,true,Sd,landscape,0.9999974966049194
ai_landscape_hunyuan_v3_landscape_08.png,true,Hunyuan v3,landscape,0.9999865293502808
ai_landscape_gpt_image_1.5_landscape_09.png,true,Gpt,landscape,0.932999849319458
ai_landscape_gemini_3_pro_landscape_02.png,true,Gemini 3 Pro,landscape,0.08695027232170105
ai_landscape_flux_schnell_landscape_07.png,true,Flux Schnell,landscape,0.9999945163726807
ai_landscape_flux_schnell_landscape_06.png,true,Flux Schnell,landscape,0.9860776662826538
ai_landscape_gemini_3_pro_landscape_03.png,true,Gemini 3 Pro,landscape,0.9999169111251831
ai_landscape_gemini_3_pro_landscape_01.png,true,Gemini 3 Pro,landscape,0.9993341565132141
ai_landscape_z_image_landscape_09.png,true,Z,landscape,0.9999971389770508
ai_landscape_flux_schnell_landscape_04.png,true,Flux Schnell,landscape,0.999945878982544
ai_landscape_flux_schnell_landscape_10.png,true,Flux Schnell,landscape,0.9996532201766968
ai_landscape_flux_schnell_landscape_05.png,true,Flux Schnell,landscape,0.9999686479568481
ai_landscape_z_image_landscape_08.png,true,Z,landscape,0.9999961853027344
ai_landscape_leonardo_phoenix_landscape_04.png,true,Leonardo Phoenix,landscape,0.4246179461479187
ai_landscape_flux_pro_v1.1_landscape_04.png,true,Flux Pro v1.1,landscape,0.9998329877853394
ai_landscape_flux_pro_v1.1_landscape_10.png,true,Flux Pro v1.1,landscape,0.9995854496955872
ai_landscape_ideogram_v3_landscape_08.png,true,Ideogram v3,landscape,0.0014361455105245113
ai_landscape_qwen_2512_landscape_08.png,true,Qwen 2512,landscape,0.9999996423721313
ai_landscape_grok_aurora_landscape_03.png,true,Grok Aurora,landscape,0.9999186992645264
ai_landscape_wan_v2.6_landscape_05.png,true,Wan v2.6,landscape,0.9999933242797852
ai_landscape_recraft_v3_landscape_09.png,true,Recraft v3,landscape,0.9999974966049194
ai_landscape_seedream_v4_landscape_05.png,true,Seedream,landscape,0.9999995231628418
ai_landscape_seedream_v4_landscape_04.png,true,Seedream,landscape,0.9987261891365051
ai_landscape_seedream_v4_landscape_10.png,true,Seedream,landscape,0.9873321652412415
ai_landscape_recraft_v3_landscape_08.png,true,Recraft v3,landscape,0.9999967813491821
ai_landscape_wan_v2.6_landscape_04.png,true,Wan v2.6,landscape,0.9999768733978271
ai_landscape_wan_v2.6_landscape_10.png,true,Wan v2.6,landscape,0.9999576807022095
ai_landscape_grok_aurora_landscape_02.png,true,Grok Aurora,landscape,0.9997989535331726
ai_landscape_qwen_2512_landscape_09.png,true,Qwen 2512,landscape,0.9987708926200867
ai_landscape_ideogram_v3_landscape_09.png,true,Ideogram v3,landscape,0.017919518053531647
ai_landscape_flux_pro_v1.1_landscape_05.png,true,Flux Pro v1.1,landscape,0.999998927116394
ai_landscape_leonardo_phoenix_landscape_07.png,true,Leonardo Phoenix,landscape,0.9998726844787598
ai_landscape_flux_2_flex_landscape_08.png,true,Flux,landscape,0.9999988079071045
ai_landscape_seedream_v3_landscape_08.png,true,Seedream,landscape,0.9991974234580994
ai_landscape_glm_image_landscape_09.png,true,GLM Image,landscape,0.9999798536300659
ai_landscape_flux_pro_v1.1_landscape_07.png,true,Flux Pro v1.1,landscape,0.9999934434890747
ai_landscape_wan_v2.6_landscape_06.png,true,Wan v2.6,landscape,0.999970555305481
ai_landscape_seedream_v4_landscape_06.png,true,Seedream,landscape,0.6202327609062195
ai_landscape_seedream_v4_landscape_07.png,true,Seedream,landscape,0.9999972581863403
ai_landscape_wan_v2.6_landscape_07.png,true,Wan v2.6,landscape,0.9999803304672241
ai_landscape_grok_aurora_landscape_01.png,true,Grok Aurora,landscape,0.9999868869781494
ai_landscape_flux_pro_v1.1_landscape_06.png,true,Flux Pro v1.1,landscape,0.999779999256134
ai_landscape_glm_image_landscape_08.png,true,GLM Image,landscape,0.9999992847442627
ai_landscape_seedream_v3_landscape_09.png,true,Seedream,landscape,0.9999451637268066
ai_landscape_flux_2_flex_landscape_09.png,true,Flux,landscape,0.9996730089187622
ai_landscape_leonardo_phoenix_landscape_06.png,true,Leonardo Phoenix,landscape,0.9999927282333374
ai_landscape_leonardo_phoenix_landscape_02.png,true,Leonardo Phoenix,landscape,0.9991150498390198
ai_landscape_flux_pro_v1.1_landscape_02.png,true,Flux Pro v1.1,landscape,0.9986660480499268
ai_landscape_grok_aurora_landscape_05.png,true,Grok Aurora,landscape,0.9687356948852539
ai_landscape_wan_v2.6_landscape_03.png,true,Wan v2.6,landscape,0.9999576807022095
ai_landscape_seedream_v4_landscape_03.png,true,Seedream,landscape,0.9276059865951538
ai_landscape_seedream_v4_landscape_02.png,true,Seedream,landscape,0.8542365431785583
ai_landscape_wan_v2.6_landscape_02.png,true,Wan v2.6,landscape,0.9993612170219421
ai_landscape_grok_aurora_landscape_04.png,true,Grok Aurora,landscape,0.9999985694885254
ai_landscape_grok_aurora_landscape_10.png,true,Grok Aurora,landscape,0.9748544692993164
ai_landscape_flux_pro_v1.1_landscape_03.png,true,Flux Pro v1.1,landscape,0.9997313618659973
ai_landscape_leonardo_phoenix_landscape_03.png,true,Leonardo Phoenix,landscape,0.9848991632461548
ai_landscape_leonardo_phoenix_landscape_01.png,true,Leonardo Phoenix,landscape,0.9994572997093201
ai_landscape_flux_pro_v1.1_landscape_01.png,true,Flux Pro v1.1,landscape,0.9976783394813538
ai_landscape_grok_aurora_landscape_06.png,true,Grok Aurora,landscape,0.9999934434890747
ai_landscape_seedream_v4_landscape_01.png,true,Seedream,landscape,0.9620482921600342
ai_landscape_wan_v2.6_landscape_01.png,true,Wan v2.6,landscape,0.9998360872268677
ai_landscape_grok_aurora_landscape_07.png,true,Grok Aurora,landscape,0.9999996423721313
ai_landscape_flux_2_flex_landscape_02.png,true,Flux,landscape,0.9980720281600952
ai_landscape_glm_image_landscape_03.png,true,GLM Image,landscape,0.9999529123306274
ai_landscape_seedream_v3_landscape_02.png,true,Seedream,landscape,0.016448145732283592
ai_landscape_ideogram_v3_landscape_01.png,true,Ideogram v3,landscape,0.6746744513511658
ai_landscape_qwen_2512_landscape_01.png,true,Qwen 2512,landscape,0.9999148845672607
ai_landscape_recraft_v3_landscape_01.png,true,Recraft v3,landscape,0.9982485771179199
ai_landscape_seedream_v3_landscape_03.png,true,Seedream,landscape,0.937990128993988
ai_landscape_glm_image_landscape_02.png,true,GLM Image,landscape,0.9999685287475586
ai_landscape_flux_2_flex_landscape_03.png,true,Flux,landscape,0.9997170567512512
ai_landscape_flux_2_flex_landscape_01.png,true,Flux,landscape,0.9999570846557617
ai_landscape_seedream_v3_landscape_01.png,true,Seedream,landscape,0.9573459625244141
ai_landscape_ideogram_v3_landscape_02.png,true,Ideogram v3,landscape,0.061165452003479004
ai_landscape_qwen_2512_landscape_02.png,true,Qwen 2512,landscape,0.999667763710022
ai_landscape_grok_aurora_landscape_09.png,true,Grok Aurora,landscape,0.9990602135658264
ai_landscape_recraft_v3_landscape_03.png,true,Recraft v3,landscape,0.9995161294937134
ai_landscape_recraft_v3_landscape_02.png,true,Recraft v3,landscape,0.9999222755432129
ai_landscape_grok_aurora_landscape_08.png,true,Grok Aurora,landscape,0.9999985694885254
ai_landscape_qwen_2512_landscape_03.png,true,Qwen 2512,landscape,0.9266790151596069
ai_landscape_ideogram_v3_landscape_03.png,true,Ideogram v3,landscape,0.0706532746553421
ai_landscape_glm_image_landscape_01.png,true,GLM Image,landscape,0.9999747276306152
ai_landscape_flux_2_flex_landscape_10.png,true,Flux,landscape,0.004358092788606882
ai_landscape_flux_2_flex_landscape_04.png,true,Flux,landscape,0.9999746084213257
ai_landscape_seedream_v3_landscape_10.png,true,Seedream,landscape,0.13437983393669128
ai_landscape_seedream_v3_landscape_04.png,true,Seedream,landscape,0.9935402274131775
ai_landscape_glm_image_landscape_05.png,true,GLM Image,landscape,0.9999713897705078
ai_landscape_ideogram_v3_landscape_07.png,true,Ideogram v3,landscape,0.9999979734420776
ai_landscape_qwen_2512_landscape_07.png,true,Qwen 2512,landscape,0.9999949932098389
ai_landscape_recraft_v3_landscape_06.png,true,Recraft v3,landscape,0.9997299313545227
ai_landscape_recraft_v3_landscape_07.png,true,Recraft v3,landscape,0.999984622001648
ai_landscape_qwen_2512_landscape_06.png,true,Qwen 2512,landscape,0.9999408721923828
ai_landscape_ideogram_v3_landscape_06.png,true,Ideogram v3,landscape,0.9672957062721252
ai_landscape_glm_image_landscape_10.png,true,GLM Image,landscape,0.999997615814209
ai_landscape_glm_image_landscape_04.png,true,GLM Image,landscape,0.9998371601104736
ai_landscape_seedream_v3_landscape_05.png,true,Seedream,landscape,0.9998094439506531
ai_landscape_flux_2_flex_landscape_05.png,true,Flux,landscape,0.05140438303351402
ai_landscape_flux_2_flex_landscape_07.png,true,Flux,landscape,0.9999938011169434
ai_landscape_leonardo_phoenix_landscape_08.png,true,Leonardo Phoenix,landscape,0.9918539524078369
ai_landscape_seedream_v3_landscape_07.png,true,Seedream,landscape,0.9932724237442017
ai_landscape_glm_image_landscape_06.png,true,GLM Image,landscape,0.9999980926513672
ai_landscape_flux_pro_v1.1_landscape_08.png,true,Flux Pro v1.1,landscape,0.9967844486236572
ai_landscape_ideogram_v3_landscape_10.png,true,Ideogram v3,landscape,0.0007067325059324503
ai_landscape_ideogram_v3_landscape_04.png,true,Ideogram v3,landscape,0.9905478358268738
ai_landscape_qwen_2512_landscape_10.png,true,Qwen 2512,landscape,0.9958072900772095
ai_landscape_qwen_2512_landscape_04.png,true,Qwen 2512,landscape,0.9999216794967651
ai_landscape_wan_v2.6_landscape_09.png,true,Wan v2.6,landscape,0.3865138590335846
ai_landscape_recraft_v3_landscape_05.png,true,Recraft v3,landscape,0.9999982118606567
ai_landscape_seedream_v4_landscape_09.png,true,Seedream,landscape,0.9999386072158813
ai_landscape_seedream_v4_landscape_08.png,true,Seedream,landscape,0.9999502897262573
ai_landscape_recraft_v3_landscape_10.png,true,Recraft v3,landscape,0.9999986886978149
ai_landscape_recraft_v3_landscape_04.png,true,Recraft v3,landscape,0.8035540580749512
ai_landscape_wan_v2.6_landscape_08.png,true,Wan v2.6,landscape,0.9999996423721313
ai_landscape_qwen_2512_landscape_05.png,true,Qwen 2512,landscape,0.9999955892562866
ai_landscape_ideogram_v3_landscape_05.png,true,Ideogram v3,landscape,0.37764617800712585
ai_landscape_flux_pro_v1.1_landscape_09.png,true,Flux Pro v1.1,landscape,0.9999935626983643
ai_landscape_glm_image_landscape_07.png,true,GLM Image,landscape,0.9999827146530151
ai_landscape_seedream_v3_landscape_06.png,true,Seedream,landscape,0.005940644536167383
ai_landscape_leonardo_phoenix_landscape_09.png,true,Leonardo Phoenix,landscape,0.9999954700469971
ai_landscape_flux_2_flex_landscape_06.png,true,Flux,landscape,0.9999793767929077
ai_landscape_gpt_image_1.5_landscape_02.png,true,Gpt,landscape,0.8232147097587585
ai_landscape_hunyuan_v3_landscape_03.png,true,Hunyuan v3,landscape,0.07225120067596436
ai_landscape_z_image_landscape_05.png,true,Z,landscape,0.9999995231628418
ai_landscape_sd_3.5_large_landscape_03.png,true,Sd,landscape,0.999672532081604
ai_landscape_flux_schnell_landscape_08.png,true,Flux Schnell,landscape,0.9999991655349731
ai_landscape_flux_schnell_landscape_09.png,true,Flux Schnell,landscape,0.9999921321868896
ai_landscape_z_image_landscape_10.png,true,Z,landscape,0.9999996423721313
ai_landscape_sd_3.5_large_landscape_02.png,true,Sd,landscape,0.9750851988792419
ai_landscape_z_image_landscape_04.png,true,Z,landscape,0.9999967813491821
ai_landscape_hunyuan_v3_landscape_02.png,true,Hunyuan v3,landscape,0.13694237172603607
ai_landscape_gpt_image_1.5_landscape_03.png,true,Gpt,landscape,0.9145827889442444
ai_landscape_gpt_image_1.5_landscape_01.png,true,Gpt,landscape,0.9950792789459229
ai_landscape_z_image_landscape_06.png,true,Z,landscape,0.9996827840805054
ai_landscape_sd_3.5_large_landscape_01.png,true,Sd,landscape,0.9899987578392029
ai_landscape_z_image_landscape_07.png,true,Z,landscape,0.9999991655349731
ai_landscape_hunyuan_v3_landscape_01.png,true,Hunyuan v3,landscape,0.9480966925621033
ai_landscape_gpt_image_1.5_landscape_04.png,true,Gpt,landscape,0.9998912811279297
ai_landscape_gpt_image_1.5_landscape_10.png,true,Gpt,landscape,0.9998657703399658
ai_landscape_hunyuan_v3_landscape_05.png,true,Hunyuan v3,landscape,0.9834027290344238
ai_landscape_sd_3.5_large_landscape_05.png,true,Sd,landscape,0.9999905824661255
ai_landscape_z_image_landscape_03.png,true,Z,landscape,0.9994966983795166
ai_landscape_z_image_landscape_02.png,true,Z,landscape,0.9982275366783142
ai_landscape_sd_3.5_large_landscape_04.png,true,Sd,landscape,0.9992170333862305
ai_landscape_sd_3.5_large_landscape_10.png,true,Sd,landscape,0.7579545378684998
ai_landscape_hunyuan_v3_landscape_04.png,true,Hunyuan v3,landscape,0.9978514909744263
ai_landscape_hunyuan_v3_landscape_10.png,true,Hunyuan v3,landscape,0.9947381615638733
ai_landscape_gpt_image_1.5_landscape_05.png,true,Gpt,landscape,0.9999912977218628
ai_landscape_gpt_image_1.5_landscape_07.png,true,Gpt,landscape,0.9862175583839417
ai_landscape_hunyuan_v3_landscape_06.png,true,Hunyuan v3,landscape,0.028384622186422348
ai_landscape_sd_3.5_large_landscape_06.png,true,Sd,landscape,0.9986500144004822
ai_landscape_gemini_3_pro_landscape_08.png,true,Gemini 3 Pro,landscape,0.9999932050704956
ai_landscape_gemini_3_pro_landscape_09.png,true,Gemini 3 Pro,landscape,0.15156011283397675
ai_landscape_z_image_landscape_01.png,true,Z,landscape,0.988959789276123
ai_landscape_sd_3.5_large_landscape_07.png,true,Sd,landscape,0.9998958110809326
ai_landscape_hunyuan_v3_landscape_07.png,true,Hunyuan v3,landscape,0.986717939376831
ai_landscape_gpt_image_1.5_landscape_06.png,true,Gpt,landscape,0.9733285903930664
real_art_art_79_oil_painting_of_countryside_landscape_in_frame.jpg,false,,art,0.9804162383079529
real_art_art_163_tLQRMO33DeI.jpg,false,,art,0.7373052835464478
real_art_art_082_wzSfjeKGiLk.jpg,false,,art,0.05427977815270424
real_art_art_114_11SmxL6FI1A.jpg,false,,art,0.9697449207305908
real_art_art_58_watercolor_landscape_painting.jpg,false,,art,0.10855095088481903
real_art_art_040_T2LEdBxpm54.jpg,false,,art,0.010245144367218018
real_art_art_105_HzNNbeGmJko.jpg,false,,art,0.00015424139564856887
real_art_art_68_vintage_botanical_illustration.jpg,false,,art,0.9999871253967285
real_art_art_164_GoJrwnPNPbg.jpg,false,,art,0.0017792773433029652
real_art_art_73_colorful_street_art_graffiti_mural.jpg,false,,art,0.9999693632125854
real_art_art_112_zelgyeLINKc.jpg,false,,art,0.9704874157905579
real_art_art_034_bkY4pok-UM0.jpg,false,,art,0.0024585905484855175
real_art_art_132_xnyXLEyE8L0.jpg,false,,art,0.6193655729293823
real_art_art_149_fnoCqGw7AMg.jpg,false,,art,0.00020990449411328882
real_art_art_166_vDZCV1akWss.jpg,false,,art,1.573547524458263e-05
real_art_art_113_Cn2YpUFVkCo.jpg,false,,art,0.0018614321015775204
real_art_art_78_mosaic_tile_artwork_pattern.jpg,false,,art,0.20741629600524902
real_art_art_72_pastel_colors_watercolor_wash.jpg,false,,art,0.10855095088481903
real_art_art_074_QTWm4dJ_Z2E.jpg,false,,art,0.0013000922044739127
real_art_art_65_abstract_geometric_modern_art.jpg,false,,art,0.005509540438652039
real_art_art_056_riFTrh0K4pg.jpg,false,,art,0.0016833421541377902
real_art_art_096_gzXhH-RiydU.jpg,false,,art,0.9455353617668152
real_art_art_094_JqpsJelnXb8.jpg,false,,art,0.8210350871086121
real_art_art_56_pencil_and_watercolor_art_supplies_on_table.jpg,false,,art,0.004039546474814415
real_art_art_160_PDAzh1rSIa8.jpg,false,,art,0.027557404711842537
real_art_art_152_uH3wpt7gKnQ.jpg,false,,art,0.06829559057950974
real_art_art_088_8qigdir-PfA.jpg,false,,art,0.00023867252457421273
real_art_art_070_AYYbqlo5af0.jpg,false,,art,0.0002128615597030148
real_art_art_80_digital_art_printed_on_gallery_wall.jpg,false,,art,0.012256910093128681
real_art_art_120_NiV9YsPFhM8.jpg,false,,art,0.0018712281016632915
real_art_art_093_3qoP52UWFiY.jpg,false,,art,0.009891360066831112
real_art_art_092_IhDDZyvwwC4.jpg,false,,art,6.082661639084108e-05
real_art_art_108_XOyxignLq1E.jpg,false,,art,0.9950636029243469
real_art_art_127_P2LmtHXV2Wc.jpg,false,,art,0.0011792806908488274
real_art_art_104_gQxrO5kOABU.jpg,false,,art,0.0008916215156204998
real_art_art_097_hBhfEXkihOs.jpg,false,,art,0.16520348191261292
real_art_art_085_Zm74mm1xEDY.jpg,false,,art,0.00023853602760937065
real_art_art_050_hyoJJZd_hhI.jpg,false,,art,0.00011994085798505694
real_art_art_053_jdhYNL0KrCA.jpg,false,,art,0.4827679693698883
real_art_art_045_dFA5XycbhoQ.jpg,false,,art,0.9441676139831543
real_art_art_057_m-e3AFsfOs0.jpg,false,,art,0.5245118141174316
real_art_art_033_cpAKc-G6lPg.jpg,false,,art,0.014730924740433693
real_art_art_159_U0_hlwXFLn0.jpg,false,,art,0.00034608892747201025
real_art_art_051_PHdLDymaV90.jpg,false,,art,0.00021314629702828825
real_art_art_170_Vbbz9pZmn5o.jpg,false,,art,0.004990917164832354
real_art_art_046_DQZl8fxpSp8.jpg,false,,art,0.0008761798962950706
real_art_art_118_BsAzhHIIwxg.jpg,false,,art,0.19063837826251984
real_art_art_117_5MteLUU9FGI.jpg,false,,art,0.0022187160793691874
real_art_art_66_still_life_oil_painting_with_fruit.jpg,false,,art,0.006801028735935688
real_art_art_121_iKPxCjUU_bg.jpg,false,,art,0.009417401626706123
real_art_art_157_8ezfg5oYHNY.jpg,false,,art,0.00012883353338111192
real_art_art_081_w5bYMd9leus.jpg,false,,art,0.13084864616394043
real_art_art_062_dP9U-tIfU3M.jpg,false,,art,0.03464684262871742
real_art_art_032_puf8VwPLAug.jpg,false,,art,0.11064930260181427
real_art_art_119_iplwfXCe8a4.jpg,false,,art,0.004509762395173311
real_art_art_142_svOht0lwbyk.jpg,false,,art,0.3764514923095703
real_art_art_068_J7w12ShptC0.jpg,false,,art,5.838478318764828e-05
real_art_art_147_oZKmdQlIVds.jpg,false,,art,0.9979815483093262
real_art_art_145_E_JDMtW_l0Y.jpg,false,,art,0.08209525048732758
real_art_art_52_watercolor_painting_supplies_on_table.jpg,false,,art,0.004039546474814415
real_art_art_144_8XIAf776Fqg.jpg,false,,art,0.06366083025932312
real_art_art_126_wpw8sHoBtSY.jpg,false,,art,0.9965349435806274
real_art_art_066_OnAwhivaqrU.jpg,false,,art,0.015148048289120197
real_art_art_124_VHX-eIns4Wo.jpg,false,,art,0.023603742942214012
real_art_art_158_I0QTg9ctFDY.jpg,false,,art,0.6954038143157959
real_art_art_128_XzG9XYwxgXc.jpg,false,,art,0.002699967473745346
real_art_art_62_impressionist_landscape_painting_in_ornate_frame.jpg,false,,art,0.997542142868042
real_art_art_047_OfTVSQTuQ5Y.jpg,false,,art,0.0005240134196355939
real_art_art_098_sKHf8VwwFdo.jpg,false,,art,1.8228029148303904e-05
real_art_art_130_D1IS5s5O9xo.jpg,false,,art,0.022765053436160088
real_art_art_129_0RTmv1Kx9Qk.jpg,false,,art,0.005890496075153351
real_art_art_136_rGu8w3QP48o.jpg,false,,art,0.0006606262759305537
real_art_art_060_BXkYKWKL7TA.jpg,false,,art,0.00022554576571565121
real_art_art_123__yrdstGC_rg.jpg,false,,art,0.010235937312245369
real_art_art_64_colorful_mural_on_building_exterior.jpg,false,,art,0.9920274615287781
real_art_art_071_n00dm9FBwrs.jpg,false,,art,0.3488890826702118
real_art_art_064_1cVQMljvsnw.jpg,false,,art,0.017878787592053413
real_art_art_107_7xemAmqHhLc.jpg,false,,art,7.837067096261308e-05
real_art_art_091_IF9x9SGOh1w.jpg,false,,art,0.005513262469321489
real_art_art_058_TOcmDVAo2jo.jpg,false,,art,0.00018091057427227497
real_art_art_150_1CcjT68gMRM.jpg,false,,art,0.013884290121495724
real_art_art_100_9pU5knbOtgY.jpg,false,,art,0.00019341961888130754
real_art_art_083_jBV3_PRk1-U.jpg,false,,art,0.00450205197557807
real_art_art_035_S0c_wsCmlXE.jpg,false,,art,0.37343674898147583
real_art_art_122_nnIzqn6B6fA.jpg,false,,art,0.006931459531188011
real_art_art_099_3kIPqGmmgwI.jpg,false,,art,0.0011748598190024495
real_art_art_141_vsYrMcvb5nQ.jpg,false,,art,0.8865840435028076
real_art_art_70_art_gallery_interior_with_paintings_on_walls.jpg,false,,art,0.999036431312561
real_art_art_048__j6wbAlQ1ow.jpg,false,,art,0.9626343250274658
real_art_art_079_93aN5XCAlJs.jpg,false,,art,0.08286037296056747
real_art_art_135_lvqcncxBYqw.jpg,false,,art,0.05509181693196297
real_art_art_111_DVauUHIJby0.jpg,false,,art,0.9294473528862
real_art_art_161_StV72L0DH4A.jpg,false,,art,0.01543728169053793
real_art_art_087_U3NtClWLRd4.jpg,false,,art,4.3535865188459866e-06
real_art_art_055_e-XPbBr0NhU.jpg,false,,art,0.02004319801926613
real_art_art_043_e6xd2HXuy0A.jpg,false,,art,5.052605501987273e-06
real_art_art_109_GY_YJtmwPas.jpg,false,,art,0.0468321219086647
real_art_art_61_charcoal_drawing_on_paper.jpg,false,,art,0.987572193145752
real_art_art_137_70l86REbjmk.jpg,false,,art,0.9997114539146423
real_art_art_154_kBzQNk9AgOg.jpg,false,,art,0.009404466487467289
real_art_art_037_cuddQwqncLc.jpg,false,,art,0.23214302957057953
real_art_art_74_gallery_wall_with_multiple_framed_artworks.jpg,false,,art,0.9998641014099121
real_art_art_116_tEbRUeGJDfw.jpg,false,,art,0.8608638048171997
real_art_art_125_ajAj3-55G2A.jpg,false,,art,0.0003133710415568203
real_art_art_67_acrylic_pour_painting_abstract.jpg,false,,art,0.7983956336975098
real_art_art_51_modern_art_gallery_with_paintings_on_white_walls.jpg,false,,art,0.999036431312561
real_art_art_049_ZW8dIPP4S4U.jpg,false,,art,0.07687076181173325
real_art_art_139_DD1fSz2HF1s.jpg,false,,art,0.001818229677155614
real_art_art_50_abstract_colorful_painting_on_canvas.jpg,false,,art,0.00032254873076453805
real_art_art_165_yN5c71nvg6g.jpg,false,,art,0.001741134561598301
real_art_art_153_rleYWWVY4Pc.jpg,false,,art,0.0012381821870803833
real_art_art_134_tClS6SPq8Zo.jpg,false,,art,0.001892474596388638
real_art_art_090_yCWQevKzkkM.jpg,false,,art,0.08120601624250412
real_art_art_101_YJCRjsg1LQw.jpg,false,,art,0.3228519856929779
real_art_art_042_eN6FkYAetF8.jpg,false,,art,0.40548089146614075
real_art_art_059_yjiZAbTDkik.jpg,false,,art,0.0024981223978102207
real_art_art_54_oil_painting_of_flowers_in_vase.jpg,false,,art,0.9593450427055359
real_art_art_089_IMZ3bM611eA.jpg,false,,art,0.017959758639335632
real_art_art_146_n1mVt4pyFow.jpg,false,,art,0.6191117167472839
real_art_art_169_Uo5MWyegjog.jpg,false,,art,0.0017609917558729649
real_art_art_073_n3VWZXx5n9I.jpg,false,,art,0.013432121835649014
real_art_art_076_I7BDP_5WPqE.jpg,false,,art,0.00011076653754571453
real_art_art_53_colorful_abstract_oil_painting_closeup.jpg,false,,art,0.555837869644165
real_art_art_080_nNqBDh_l3oE.jpg,false,,art,0.09394779801368713
real_art_art_061_XuHkodhmiyk.jpg,false,,art,0.3436223864555359
real_art_art_60_colorful_paint_brushstrokes_close_up_texture.jpg,false,,art,0.555837869644165
real_art_art_71_renaissance_painting_in_gilded_frame.jpg,false,,art,0.031018152832984924
real_art_art_69_mixed_media_collage_artwork.jpg,false,,art,0.01737336814403534
real_art_art_168_u7zd4x6-dx8.jpg,false,,art,0.0026779603213071823
real_art_art_095_9_vYkYnWn2w.jpg,false,,art,0.022690776735544205
real_art_art_138_007R8JewpwU.jpg,false,,art,0.05978342890739441
real_art_art_069_ziIJiGSkfR4.jpg,false,,art,0.0031948252581059933
real_art_art_63_sculpture_in_art_museum_with_natural_light.jpg,false,,art,0.9744817614555359
real_art_art_106_cqKG2s6WP6s.jpg,false,,art,0.0001536255149403587
real_art_art_59_classical_oil_portrait_painting_in_museum.jpg,false,,art,0.904743492603302
real_art_art_039_izfOdN-3zw0.jpg,false,,art,0.0002028229064308107
real_art_art_57_graffiti_street_art_on_brick_wall.jpg,false,,art,0.8204905986785889
real_art_art_084_JPFWudeuc54.jpg,false,,art,0.036188285797834396
real_art_art_133_h1jyIBttST0.jpg,false,,art,0.06397239863872528
real_art_art_038_UwKXPb7N9UY.jpg,false,,art,0.05264334753155708
real_art_art_054_Erf1Kz7ZE5Y.jpg,false,,art,0.0024506105110049248
real_art_art_078_RYtFleIk_4U.jpg,false,,art,0.006081659346818924
real_art_art_75_oil_painting_landscape_with_trees.jpg,false,,art,0.007336886133998632
real_art_art_041_4POG9GQo7Aw.jpg,false,,art,0.004029728472232819
real_art_art_162_jrDzerLmfW0.jpg,false,,art,1.1051573892473243e-05
real_art_art_167_Jpjj_v1-5OM.jpg,false,,art,0.38388025760650635
real_art_art_102_rXtXA42Lgzs.jpg,false,,art,0.0010387883521616459
real_art_art_140_Rq74Wkhffok.jpg,false,,art,0.0005789549904875457
real_art_art_086_OTP0nlljatI.jpg,false,,art,0.9857884049415588
real_art_art_036_KQBsTXCvGwM.jpg,false,,art,0.34013840556144714
real_art_art_76_handwritten_calligraphy_on_white_paper.jpg,false,,art,0.9354057312011719
real_art_art_072_F2olcCyRQBw.jpg,false,,art,0.6997085213661194
real_art_art_067_LOvJ2ECcUJY.jpg,false,,art,0.015785761177539825
real_art_art_052_OpqAtrUNJeI.jpg,false,,art,0.7766748070716858
real_art_art_044_hptNUC-iitA.jpg,false,,art,0.00021358655067160726
real_art_art_151_tuU1puvTmWw.jpg,false,,art,0.0011950418120250106
real_art_art_103_cLRvJPVw69U.jpg,false,,art,0.05030018091201782
real_art_art_065_akbHiqZy4Pg.jpg,false,,art,0.004618121311068535
real_art_art_148_-bA6TkrToiY.jpg,false,,art,0.6396235823631287
real_art_art_77_street_art_portrait_on_concrete_wall.jpg,false,,art,0.9828227162361145
real_art_art_131_bPqJ9ssfjqs.jpg,false,,art,0.00037672012695111334
real_art_art_55_art_museum_gallery_room_with_framed_paintings.jpg,false,,art,0.008424334228038788
real_art_art_110_hY3KGFVG-i0.jpg,false,,art,0.1103883758187294
real_art_art_156_u2RlwQc1qiQ.jpg,false,,art,0.9975957274436951
real_art_art_075_ff0HoIx3PzU.jpg,false,,art,0.025001848116517067
real_art_art_143_TzAydhJ4QzE.jpg,false,,art,0.014968261122703552
real_art_art_077_IExOV9fFQBM.jpg,false,,art,0.13805252313613892
real_art_art_155_KWpm9MmEo2s.jpg,false,,art,0.9543921947479248
real_art_art_063_heeEKtHAYEg.jpg,false,,art,0.8004453182220459
real_art_art_115_iMdsjoiftZo.jpg,false,,art,0.9978659749031067
real_portrait_portrait_76_a_group_of_people_standing_around_a_white_cake.jpg,false,,portrait,0.9999812841415405
real_portrait_portrait_55_a_woman_holding_a_smart_phone_next_to_a_group_of_people.jpg,false,,portrait,0.004425994586199522
real_portrait_portrait_118_iJGhIMWKz7w.jpg,false,,portrait,0.009419981390237808
real_portrait_portrait_094_7A5eK3q9qUA.jpg,false,,portrait,0.0018379128305241466
real_portrait_portrait_62_a_group_of_men_standing_and_sitting_next_to_each_other.jpg,false,,portrait,0.9867829084396362
real_portrait_portrait_51_a_woman_is_helping_a_child_put_on_skis.jpg,false,,portrait,0.999786913394928
real_portrait_portrait_065_6lWqkLIh5L8.jpg,false,,portrait,0.0011324130464345217
real_portrait_portrait_039_ZW3dnRiZD9U.jpg,false,,portrait,0.00527413934469223
real_portrait_portrait_135_BZzHWmQUszE.jpg,false,,portrait,0.0003822261351160705
real_portrait_portrait_83_a_tennis_player_who_has_just_made_a_shot.jpg,false,,portrait,0.9995998740196228
real_portrait_portrait_57_a_young_man_and_woman_holding_their_heads_close_to_each_othe.jpg,false,,portrait,0.9999849796295166
real_portrait_portrait_67_there_are_many_bike_riders_racing_in_a_street_race.jpg,false,,portrait,0.2768480181694031
real_portrait_portrait_058_dWiK1hrTl14.jpg,false,,portrait,1.9111830624751747e-05
real_portrait_portrait_086_kpR9Mwgkj8c.jpg,false,,portrait,0.0001838886964833364
real_portrait_portrait_075_VQRm94PV_20.jpg,false,,portrait,0.09843330830335617
real_portrait_portrait_151_LlHgaeBwYVE.jpg,false,,portrait,0.01234352681785822
real_portrait_portrait_077_IIWiU1QXmWY.jpg,false,,portrait,0.00025372806703671813
real_portrait_portrait_100_2FM9g-vAkJg.jpg,false,,portrait,0.0036519193090498447
real_portrait_portrait_098_wX7NeTEXq_w.jpg,false,,portrait,0.005851227790117264
real_portrait_portrait_071__lP2UOoZJKk.jpg,false,,portrait,0.4096502363681793
real_portrait_portrait_81_two_men_next_to_each_other_holding_wine_glasses.jpg,false,,portrait,0.00027300676447339356
real_portrait_portrait_114_VcWRNg2ju7Y.jpg,false,,portrait,0.005253039766103029
real_portrait_portrait_65_three_women_sitting_on_a_train_seat_on_cellphones.jpg,false,,portrait,0.17280063033103943
real_portrait_portrait_054_cFgCc3PM-A0.jpg,false,,portrait,0.0020005942787975073
real_portrait_portrait_067_ua9Im1zPoGM.jpg,false,,portrait,0.31359365582466125
real_portrait_portrait_63_a_man_sitting_at_a_table_eating_food_from_a_plate.jpg,false,,portrait,0.9986249208450317
real_portrait_portrait_119_lAAmMH2c2gU.jpg,false,,portrait,0.00017988248146139085
real_portrait_portrait_72_a_man_swinging_a_tennis_racket_at_a_tennis_ball.jpg,false,,portrait,0.00010330337681807578
real_portrait_portrait_77_three_men_smiling_holding_a_wii_controller_in_their_hands.jpg,false,,portrait,0.9981776475906372
real_portrait_portrait_70_two_sets_of_hands_are_each_holding_a_cell_phone_while_anothe.jpg,false,,portrait,0.8985913395881653
real_portrait_portrait_168_ht1JkZ7tYmY.jpg,false,,portrait,0.033746883273124695
real_portrait_portrait_58_woman_listening_on_her_phone_while_smoking_a_cigarette.jpg,false,,portrait,0.9969717264175415
real_portrait_portrait_137_O5BSKKHYiEU.jpg,false,,portrait,0.0027802824042737484
real_portrait_portrait_59_a_woman_taking_a_selfie_with_a_mobile_phone.jpg,false,,portrait,0.0007414207211695611
real_portrait_portrait_060_wyCDQSzN8XE.jpg,false,,portrait,0.34002912044525146
real_portrait_portrait_081_2EmLMaTshko.jpg,false,,portrait,1.2686607078649104e-05
real_portrait_portrait_059_pFbJuxSwuhI.jpg,false,,portrait,0.0006169648258946836
real_portrait_portrait_048_8sbwihARadA.jpg,false,,portrait,0.0016508452827110887
real_portrait_portrait_167_guDkXldTxy8.jpg,false,,portrait,0.9999980926513672
real_portrait_portrait_095_E38Gb_nVPck.jpg,false,,portrait,0.00453449971973896
real_portrait_portrait_043_aDvDvH428RQ.jpg,false,,portrait,0.5377162098884583
real_portrait_portrait_133_iiQ-mmG2NxI.jpg,false,,portrait,0.004099477548152208
real_portrait_portrait_128_nE6EPBrM-EA.jpg,false,,portrait,0.015065147541463375
real_portrait_portrait_050_eoAubhPm6H8.jpg,false,,portrait,0.0008369726710952818
real_portrait_portrait_134_UY52j2uUvdU.jpg,false,,portrait,0.011633668094873428
real_portrait_portrait_104_eq9FtP7XwJI.jpg,false,,portrait,0.036077383905649185
real_portrait_portrait_092_uTad53fcxss.jpg,false,,portrait,0.030067894607782364
real_portrait_portrait_062_ILz31HBGEak.jpg,false,,portrait,0.5435792207717896
real_portrait_portrait_085_qV16cq3T420.jpg,false,,portrait,8.456426257907879e-06
real_portrait_portrait_170_cQPUosG9dQE.jpg,false,,portrait,0.03701196238398552
real_portrait_portrait_147_RYNTlcn0e3k.jpg,false,,portrait,0.0002343902160646394
real_portrait_portrait_103_TsvawNBQ7k0.jpg,false,,portrait,3.8278361898846924e-05
real_portrait_portrait_047_kN_F83xqdiM.jpg,false,,portrait,0.9269786477088928
real_portrait_portrait_105_Knvzw8_L_80.jpg,false,,portrait,0.0004200367256999016
real_portrait_portrait_101_WXp2BT0AgnE.jpg,false,,portrait,0.013180890120565891
real_portrait_portrait_153_k_NkqIaRhro.jpg,false,,portrait,0.010939194820821285
real_portrait_portrait_71_a_woman_brushes_her_teeth_with_foamy_toothpaste.jpg,false,,portrait,0.8806914687156677
real_portrait_portrait_142_mJaDIZr6eMY.jpg,false,,portrait,0.03150266036391258
real_portrait_portrait_083_LN8t4ZAGZFQ.jpg,false,,portrait,0.8587181568145752
real_portrait_portrait_115_82NWNb5AGWc.jpg,false,,portrait,0.2502291798591614
real_portrait_portrait_64_a_woman_smiles_from_behind_the_book_she_has_been_reading.jpg,false,,portrait,0.0009467215859331191
real_portrait_portrait_102_QGMWr63tKoo.jpg,false,,portrait,0.0017148007173091173
real_portrait_portrait_037_M34IAftLLsY.jpg,false,,portrait,0.008338430896401405
real_portrait_portrait_79_a_copse_of_men_sitting_next_to_each_other_at_a_table.jpg,false,,portrait,0.0019050101982429624
real_portrait_portrait_068_g_eJl04NKEY.jpg,false,,portrait,0.007613759487867355
real_portrait_portrait_53_two_men_wearing_suits_and_hats_are_walking_together.jpg,false,,portrait,0.8793267011642456
real_portrait_portrait_055_ycF8akmJ_RU.jpg,false,,portrait,0.9999037981033325
real_portrait_portrait_129_jqsprpPrn9w.jpg,false,,portrait,0.7322251796722412
real_portrait_portrait_138_NOcaza8sIBg.jpg,false,,portrait,0.6583065390586853
real_portrait_portrait_78_a_woman_holding_a_plate_of_cake_covered_in_frosting.jpg,false,,portrait,0.9155917763710022
real_portrait_portrait_130_4wIY3oykWMo.jpg,false,,portrait,0.006230718456208706
real_portrait_portrait_099_dKH-4ml-5I4.jpg,false,,portrait,3.124517752439715e-05
real_portrait_portrait_093_8gRw4V0_XJA.jpg,false,,portrait,0.00012694312317762524
real_portrait_portrait_109_IOkL3ZqAapM.jpg,false,,portrait,0.6160061359405518
real_portrait_portrait_74_a_person_helping_a_woman_put_on_a_tie.jpg,false,,portrait,0.010284815914928913
real_portrait_portrait_121_hQBQ1ATvH10.jpg,false,,portrait,0.0007539851940236986
real_portrait_portrait_076_6fc0hcXapYU.jpg,false,,portrait,0.9997685551643372
real_portrait_portrait_155_3kWZ-gVZAG0.jpg,false,,portrait,0.0035643477458506823
real_portrait_portrait_140_83BjY5qcPKg.jpg,false,,portrait,0.0177371297031641
real_portrait_portrait_087_gENx9JQeQWs.jpg,false,,portrait,0.0030408548191189766
real_portrait_portrait_084_7BDP97v-tT8.jpg,false,,portrait,0.9634383916854858
real_portrait_portrait_040_kl22CsySpcw.jpg,false,,portrait,0.9497421383857727
real_portrait_portrait_161_Tay3IMQpKHA.jpg,false,,portrait,0.6962407827377319
real_portrait_portrait_045_3F6Jo667E4w.jpg,false,,portrait,0.26757460832595825
real_portrait_portrait_116_L4CAMVlnRlg.jpg,false,,portrait,0.6442762017250061
real_portrait_portrait_072_VlOrWGCFl_w.jpg,false,,portrait,3.0367356885108165e-05
real_portrait_portrait_044_NljdMbT3s30.jpg,false,,portrait,0.9800421595573425
real_portrait_portrait_122_LpIy3YxbDA4.jpg,false,,portrait,0.2299884557723999
real_portrait_portrait_156_HC2t702jdGo.jpg,false,,portrait,0.00031969574047252536
real_portrait_portrait_69_a_crowd_of_people_standing_around_each_other.jpg,false,,portrait,0.6754841208457947
real_portrait_portrait_73_a_baseball_player_talks_with_an_umpire.jpg,false,,portrait,0.9358655214309692
real_portrait_portrait_096_Rur5fFIrWNY.jpg,false,,portrait,0.0005018915981054306
real_portrait_portrait_61_a_clown_talking_on_a_phone_next_to_a_building.jpg,false,,portrait,0.00023738913296256214
real_portrait_portrait_090_UNJ3hCbuHXA.jpg,false,,portrait,4.973625254933722e-05
real_portrait_portrait_148_ofgYwK8j_cQ.jpg,false,,portrait,0.0362696498632431
real_portrait_portrait_113_J_I5FfqShJw.jpg,false,,portrait,0.9134625792503357
real_portrait_portrait_152_P7ASbD-vHW8.jpg,false,,portrait,0.0011557042598724365
real_portrait_portrait_56_a_woman_holding_her_cell_phone_tucked_in_a_wool_cover.jpg,false,,portrait,0.016780516132712364
real_portrait_portrait_107_W80TTxhRRU4.jpg,false,,portrait,0.00024235688033513725
real_portrait_portrait_073_yAsJE9nFiFw.jpg,false,,portrait,0.0001386576914228499
real_portrait_portrait_091_xX9r2xULy7s.jpg,false,,portrait,0.20964747667312622
real_portrait_portrait_082_QwsCqHTim98.jpg,false,,portrait,9.45719366427511e-05
real_portrait_portrait_132_shb8l1o-0Zk.jpg,false,,portrait,0.07453744858503342
real_portrait_portrait_078_cT4-8tBBJDA.jpg,false,,portrait,0.0017423798562958837
real_portrait_portrait_160_PEgf72cgr-w.jpg,false,,portrait,0.00024435113300569355
real_portrait_portrait_038_62Ims7pw_X8.jpg,false,,portrait,6.887088966323063e-05
real_portrait_portrait_75_a_man_wearing_a_suit_and_tie_and_red_hat_with_a_silver_buckl.jpg,false,,portrait,0.05454007536172867
real_portrait_portrait_051_63KDwZUZQw8.jpg,false,,portrait,0.00022022177290637046
real_portrait_portrait_82_a_man_wearing_a_tie_jacket_and_white_shirt.jpg,false,,portrait,0.9999984502792358
real_portrait_portrait_52_three_students_check_their_cell_phones_in_a_classroom.jpg,false,,portrait,0.35369884967803955
real_portrait_portrait_063_Qm4yrKLiawY.jpg,false,,portrait,0.9981752634048462
real_portrait_portrait_84_three_young_men_playing_wii_on_a_projection_television.jpg,false,,portrait,0.9554040431976318
real_portrait_portrait_159_o47Lif2bfqI.jpg,false,,portrait,0.0007397026056423783
real_portrait_portrait_041_vCZFKRZes_0.jpg,false,,portrait,0.010428116656839848
real_portrait_portrait_064_KrLXXQSojYs.jpg,false,,portrait,0.918357789516449
real_portrait_portrait_112_OxPuMO3zQ9s.jpg,false,,portrait,0.007208514492958784
real_portrait_portrait_145_DQ9dW9v65Fc.jpg,false,,portrait,0.1226883977651596
real_portrait_portrait_117_4XrEyN5sXhA.jpg,false,,portrait,0.00011045570863643661
real_portrait_portrait_070_kNZd7qT8ASY.jpg,false,,portrait,0.0005648752558045089
real_portrait_portrait_146_I03ZQjTt4WI.jpg,false,,portrait,0.029848717153072357
real_portrait_portrait_163_6qRpAg4pPEU.jpg,false,,portrait,0.008493294008076191
real_portrait_portrait_80_two_men_smiling_and_taking_a_picture_together.jpg,false,,portrait,0.999942421913147
real_portrait_portrait_150_itdkHUjTuIY.jpg,false,,portrait,0.9419730305671692
real_portrait_portrait_046_k1QqUSvRObc.jpg,false,,portrait,0.00011803461529780179
real_portrait_portrait_056_JxbqicKm-ko.jpg,false,,portrait,0.012211594730615616
real_portrait_portrait_042_2xf2beBy7Wo.jpg,false,,portrait,0.946972668170929
real_portrait_portrait_126_jxltRrbjtdI.jpg,false,,portrait,0.4459388852119446
real_portrait_portrait_061_IppB3SB9f6s.jpg,false,,portrait,0.0002772775769699365
real_portrait_portrait_68_a_photo_of_a_young_male_in_a_suit_jacket_and_tie.jpg,false,,portrait,0.9986482262611389
real_portrait_portrait_124_Hd2T6EzW_2Q.jpg,false,,portrait,0.0005958793917670846
real_portrait_portrait_50_a_man_wearing_a_top_hat_and_a_red_tie.jpg,false,,portrait,0.05118722841143608
real_portrait_portrait_057_ZbvHaiUwVfo.jpg,false,,portrait,0.00013895441952627152
real_portrait_portrait_079_fGfUJnZD3Mw.jpg,false,,portrait,0.9999759197235107
real_portrait_portrait_127_ZhJsD9T_20Q.jpg,false,,portrait,0.0001402545749442652
real_portrait_portrait_136_SwcnAmIRZYc.jpg,false,,portrait,0.005570339970290661
real_portrait_portrait_110_9iAIfjrSFYw.jpg,false,,portrait,4.354555858299136e-05
real_portrait_portrait_139_5Uvy1WMaUHw.jpg,false,,portrait,6.933447002666071e-05
real_portrait_portrait_097_JibO_kC6vh4.jpg,false,,portrait,0.00038332139956764877
real_portrait_portrait_157_jG4xhAmz-uQ.jpg,false,,portrait,0.1206287369132042
real_portrait_portrait_141_l7PnmcqTj5Q.jpg,false,,portrait,0.014746933244168758
real_portrait_portrait_125_Oz7_usBqwuY.jpg,false,,portrait,0.9982364177703857
real_portrait_portrait_143_peP3zrquunA.jpg,false,,portrait,0.2075219601392746
real_portrait_portrait_165_rEKKAV83i-8.jpg,false,,portrait,0.993939995765686
real_portrait_portrait_069_Q7p9V_xHe08.jpg,false,,portrait,0.04923330619931221
real_portrait_portrait_144_WUhpW32kBek.jpg,false,,portrait,0.00023491017054766417
real_portrait_portrait_089_dgGWnapezLs.jpg,false,,portrait,0.0066709378734230995
real_portrait_portrait_074_P_pjzMeIbj8.jpg,false,,portrait,0.005001892801374197
real_portrait_portrait_036_IHJtKBe9xNs.jpg,false,,portrait,0.014166051521897316
real_portrait_portrait_049_-lb-Wob1TeQ.jpg,false,,portrait,0.002463496755808592
real_portrait_portrait_66_a_woman_holding_a_child_wrapped_in_a_towel_brushing_her_teet.jpg,false,,portrait,0.9373124241828918
real_portrait_portrait_54_the_young_boy_just_finished_eating_the_banana.jpg,false,,portrait,0.9999783039093018
real_portrait_portrait_60_there_are_people_playing_a_soccer_game_on_the_field.jpg,false,,portrait,0.9998866319656372
real_portrait_portrait_166_w-pEeDGN1w0.jpg,false,,portrait,0.06366152316331863
real_portrait_portrait_123_o1iV6Di2FX0.jpg,false,,portrait,0.0006824375595897436
real_portrait_portrait_162_1kJy_HK3eGI.jpg,false,,portrait,0.37650102376937866
real_portrait_portrait_108_xz-qq9KNgwk.jpg,false,,portrait,0.18887604773044586
real_portrait_portrait_149_qj1vIzXOtYo.jpg,false,,portrait,0.00025824634940363467
real_portrait_portrait_164_qk6CnpKNmVw.jpg,false,,portrait,0.002504401607438922
real_portrait_portrait_131_rcXU8Tezb_k.jpg,false,,portrait,0.00018975774582941085
real_portrait_portrait_053_oKA8kDSZpCc.jpg,false,,portrait,5.455493010231294e-05
real_portrait_portrait_066_bSNJ6R5Qrt4.jpg,false,,portrait,0.02167430706322193
real_portrait_portrait_120_WSxluGgdlFQ.jpg,false,,portrait,0.00025672625633887947
real_portrait_portrait_169_-7JAEi4PhTU.jpg,false,,portrait,0.9536949396133423
real_portrait_portrait_158_8kDx62gZRzk.jpg,false,,portrait,0.008590137585997581
real_portrait_portrait_052_FvrjfNKpITc.jpg,false,,portrait,3.473003744147718e-05
real_portrait_portrait_088_iMYRUK-oadw.jpg,false,,portrait,0.9993754029273987
real_portrait_portrait_154_fXik2Do-bB4.jpg,false,,portrait,0.0001778197183739394
real_portrait_portrait_080_uOnxXwB3KNE.jpg,false,,portrait,0.05355532094836235
real_portrait_portrait_106_ZzNLsAPymuI.jpg,false,,portrait,0.9657893776893616
real_portrait_portrait_111_tEQV_wnx3U8.jpg,false,,portrait,0.002458802191540599
real_product_product_161_paw_7bdZ8Xg.jpg,false,,product,0.546032726764679
real_product_product_118_0ON2rLuvo5c.jpg,false,,product,0.00026053967303596437
real_product_product_035_s9TJ2ncyLcQ.jpg,false,,product,0.0017893686890602112
real_product_product_162_iCW61HY_vjg.jpg,false,,product,0.002018875442445278
real_product_product_039_AaRflAurGmg.jpg,false,,product,0.06194927543401718
real_product_product_140_xRyL63AwZFE.jpg,false,,product,0.003063754877075553
real_product_product_067_IWOOT4ChLjM.jpg,false,,product,0.006457160227000713
real_product_product_066_-jXsYZeA7tQ.jpg,false,,product,0.18774454295635223
real_product_product_70_a_young_woman_sitting_cross_legged_on_an_apartment_sofa.jpg,false,,product,0.9746607542037964
real_product_product_115_a0dGKKDQUQ8.jpg,false,,product,0.2769310474395752
real_product_product_130_BDFWZ3fLxrg.jpg,false,,product,0.9938181042671204
real_product_product_094_oZzoDW61aoM.jpg,false,,product,0.4912962317466736
real_product_product_077_oyr64kMIz98.jpg,false,,product,0.97461998462677
real_product_product_50_a_living_room_filled_with_furniture_and_decor.jpg,false,,product,4.980920857633464e-05
real_product_product_168_qsYM_gFgliw.jpg,false,,product,3.4504992072470486e-05
real_product_product_125_Re8T5DwoMic.jpg,false,,product,0.9960014224052429
real_product_product_166_P_fMqU34A3I.jpg,false,,product,0.004176925402134657
real_product_product_046_G59UIKfHz6o.jpg,false,,product,0.9908636212348938
real_product_product_139_5JuLcub3dYg.jpg,false,,product,0.03834206610918045
real_product_product_058_fX8leXj8Q4o.jpg,false,,product,0.0008812680607661605
real_product_product_087__vAuxGCAfjQ.jpg,false,,product,4.627380349120358e-06
real_product_product_078_1UFTd1eRamE.jpg,false,,product,0.000375771225662902
real_product_product_80_kitchen_area_with_counter_top_space_and_dining_room_table.jpg,false,,product,0.00567865464836359
real_product_product_81_a_pizza_sitting_on_top_of_a_plate_next_to_a_foil_bag_of_food.jpg,false,,product,0.9634235501289368
real_product_product_60_three_laptop_computers_and_a_desktop_computer_sit_next_to_ea.jpg,false,,product,3.79019434149086e-06
real_product_product_042_NydHbLFLoS8.jpg,false,,product,0.0008066573063842952
real_product_product_050_udHDq62Dgpc.jpg,false,,product,0.1928550899028778
real_product_product_145_F7FhTijeOG8.jpg,false,,product,0.7803891897201538
real_product_product_137_OmfMncXSshw.jpg,false,,product,0.02272634394466877
real_product_product_041_iW1l64BMMR0.jpg,false,,product,0.00013027258682996035
real_product_product_103_i4Tv0A_n4EQ.jpg,false,,product,0.0012139602331444621
real_product_product_073_m3MWJTeKGBg.jpg,false,,product,0.442011296749115
real_product_product_036_ww2S2eKgbKE.jpg,false,,product,0.9465065002441406
real_product_product_111_utu66oQU6vI.jpg,false,,product,0.0011712718987837434
real_product_product_68_a_woman_holding_a_cigarette_smiling_at_the_camera_on_a_sunny.jpg,false,,product,5.4565491154789925e-05
real_product_product_045_00y8k1-0DlA.jpg,false,,product,0.18499132990837097
real_product_product_63_a_picture_of_a_cluttered_home_office_desk.jpg,false,,product,1.3241915439721197e-05
real_product_product_54_young_children_sharing_a_laptop_in_a_messy_room_with_several.jpg,false,,product,1.5172187204370857e-06
real_product_product_079_8LotN6HsaT4.jpg,false,,product,0.5572680830955505
real_product_product_095_UaaqY7j09B8.jpg,false,,product,8.374427125090733e-05
real_product_product_71_the_child_smiles_brightly_while_being_handed_a_pink_umbrella.jpg,false,,product,0.017807016149163246
real_product_product_101_G6ntxf-QoSI.jpg,false,,product,0.25024333596229553
real_product_product_66_a_woman_holding_up_a_large_carrot_in_a_backyard.jpg,false,,product,0.513751208782196
real_product_product_099_s_IHISlORGo.jpg,false,,product,0.0002594131219666451
real_product_product_069_3dVjKoVYgD0.jpg,false,,product,0.0008797965128906071
real_product_product_061_nRVn-_k1uMI.jpg,false,,product,1.9106946638203226e-05
real_product_product_64_a_cat_lying_down_in_a_sink_in_a_bathroom.jpg,false,,product,0.0003135037259198725
real_product_product_049_9ouht2FSTDU.jpg,false,,product,0.999466598033905
real_product_product_104_CoNkFbYZzBI.jpg,false,,product,1.89037891686894e-05
real_product_product_144_TE4vKu9w5lI.jpg,false,,product,5.573011003434658e-05
real_product_product_076_MhPJdWYWbWI.jpg,false,,product,0.00027166595100425184
real_product_product_77_a_motorized_cart_fills_a_train_with_luggage.jpg,false,,product,0.5483899712562561
real_product_product_106_kF8pH4lMkyc.jpg,false,,product,0.013143574818968773
real_product_product_068_fUd_0iyYFVg.jpg,false,,product,0.00020053479238413274
real_product_product_73_a_laptop_in_a_bright_yellow_coffee_house.jpg,false,,product,0.9959308505058289
real_product_product_127_EIH4dHgb6Tg.jpg,false,,product,0.056843191385269165
real_product_product_149_KBqiQ6coMcI.jpg,false,,product,8.21393623482436e-05
real_product_product_72_a_group_of_people_are_reading_a_menu_at_the_table.jpg,false,,product,0.9911227226257324
real_product_product_085_Si69OZ_9tg0.jpg,false,,product,0.0014788714470341802
real_product_product_083_OAlYImdG1IQ.jpg,false,,product,0.019643131643533707
real_product_product_141_92bRtruSyPU.jpg,false,,product,0.000571351672988385
real_product_product_117_vnCxhLnaxS8.jpg,false,,product,0.8876233696937561
real_product_product_105_skF1azpN4rk.jpg,false,,product,2.94239853246836e-05
real_product_product_072_9rWHrdJfZBw.jpg,false,,product,0.0010277456603944302
real_product_product_132_aJm2XW384QA.jpg,false,,product,0.032152846455574036
real_product_product_057_AZiyMfuAum4.jpg,false,,product,0.0009917552815750241
real_product_product_097_g1MocwsEZhI.jpg,false,,product,0.0003509914386086166
real_product_product_74_two_computers_sitting_on_top_of_a_desk.jpg,false,,product,0.9626220464706421
real_product_product_043_B8_YF4fjPwo.jpg,false,,product,0.0026282393373548985
real_product_product_047_BXlSfmhVEzE.jpg,false,,product,0.05468018725514412
real_product_product_062_4Q4LpNP-UAs.jpg,false,,product,0.14070475101470947
real_product_product_69_a_desk_with_a_cup_plate_laptop_monitor_and_keyboard.jpg,false,,product,2.608311660878826e-06
real_product_product_133_5GibcyAX20Q.jpg,false,,product,0.17009353637695312
real_product_product_170_z14hF-2ssM0.jpg,false,,product,0.14715875685214996
real_product_product_120_63EhFafADqI.jpg,false,,product,0.9998013377189636
real_product_product_086_vWR6FDWA5hk.jpg,false,,product,0.004585920367389917
real_product_product_100_Pledx042HMI.jpg,false,,product,0.9999516010284424
real_product_product_053_AxdlcxaModc.jpg,false,,product,0.203977569937706
real_product_product_110_9yY6qj6N4Ek.jpg,false,,product,0.00048622157191857696
real_product_product_138_gR8QukPoAvQ.jpg,false,,product,0.006837288849055767
real_product_product_090_xepikEyPgmI.jpg,false,,product,0.05459123104810715
real_product_product_165_b2_pVdk4lGI.jpg,false,,product,0.00017263360496144742
real_product_product_136_TH4Ug5gGgD8.jpg,false,,product,4.130942761548795e-05
real_product_product_096_1CQjStL89kQ.jpg,false,,product,0.9934539794921875
real_product_product_52_a_room_with_a_desktop_computer_and_a_picture_of_a_mummy.jpg,false,,product,0.0009671941515989602
real_product_product_044_P3BwhD8sa6M.jpg,false,,product,0.0038120432291179895
real_product_product_084__pA5RUGRPvg.jpg,false,,product,0.5305883288383484
real_product_product_153_CjcqO587KRI.jpg,false,,product,0.4985664486885071
real_product_product_071_XYq2hcSmakA.jpg,false,,product,0.00674391258507967
real_product_product_129_bQjEEII7G5E.jpg,false,,product,9.785891597857699e-05
real_product_product_164_pNRLVLA1gNU.jpg,false,,product,0.9990022778511047
real_product_product_67_a_floor_filled_with_the_contents_of_a_womans_bag.jpg,false,,product,0.004368436057120562
real_product_product_158_Ow4X45p6mIw.jpg,false,,product,0.6913149952888489
real_product_product_123_T4xh5oV8LuY.jpg,false,,product,0.00010523250239202753
real_product_product_147_Dx47EsVBnEo.jpg,false,,product,0.0014592340448871255
real_product_product_148_UlNDzqInCXk.jpg,false,,product,0.26579833030700684
real_product_product_064_A_fBQe39A4k.jpg,false,,product,0.9997692704200745
real_product_product_169_en-RjVJurms.jpg,false,,product,0.9278895854949951
real_product_product_088_XLnkWVCPuoU.jpg,false,,product,0.26083827018737793
real_product_product_61_a_marine_that_is_looking_at_his_cell_phone.jpg,false,,product,0.9672986268997192
real_product_product_109_UuAs_sR4frs.jpg,false,,product,0.8290181159973145
real_product_product_056_ZQm_wg8jxhI.jpg,false,,product,0.0013033888535574079
real_product_product_052_Lwqv4tEIKOU.jpg,false,,product,5.682564733433537e-05
real_product_product_093_MzFclBeMwSo.jpg,false,,product,0.007420392241328955
real_product_product_082_gRPFfk_c0HE.jpg,false,,product,0.022105582058429718
real_product_product_055_PMhYnFuj1ls.jpg,false,,product,0.02758578397333622
real_product_product_152_eORbhX0F4_4.jpg,false,,product,0.07065028697252274
real_product_product_160_iwwMFnt1GTc.jpg,false,,product,0.7739080786705017
real_product_product_75_a_computer_mouse_is_beside_a_notebook_computer.jpg,false,,product,1.3017366654821672e-05
real_product_product_122_TVWBH7UHQ7Y.jpg,false,,product,0.09958890825510025
real_product_product_070_LDlC-35X2uU.jpg,false,,product,0.0002869446179829538
real_product_product_051_MdZFPwlWMYs.jpg,false,,product,3.492552787065506e-05
real_product_product_060_RAmpnn20rmY.jpg,false,,product,0.0003056273562833667
real_product_product_143_kVuPfz-3HKw.jpg,false,,product,0.004898299928754568
real_product_product_034_VlgzxZZKQOQ.jpg,false,,product,0.006742449942976236
real_product_product_128_wk8ilTaXqw4.jpg,false,,product,0.637276291847229
real_product_product_82_a_crowd_of_people_with_umbrellas_on_a_street.jpg,false,,product,0.9999960660934448
real_product_product_119_0QP-0DUaCo4.jpg,false,,product,0.00024854199727997184
real_product_product_159_AWWUNRA1KFw.jpg,false,,product,0.7337254881858826
real_product_product_57_a_big_fancy_glass_chandelier_hanging_in_a_small_kitchen.jpg,false,,product,0.9984764456748962
real_product_product_124_yb3hsmz4utg.jpg,false,,product,0.005113898776471615
real_product_product_78_a_woman_with_suitcases_waiting_for_a_train.jpg,false,,product,0.00014983782602939755
real_product_product_155_fSoJ_Kj59zs.jpg,false,,product,0.01757836528122425
real_product_product_156_qiMmrWdYZfg.jpg,false,,product,8.269469981314614e-05
real_product_product_121_mFFATULxMBU.jpg,false,,product,3.85052444471512e-05
real_product_product_134_n1bbNrNSJH8.jpg,false,,product,0.02378224954009056
real_product_product_074_y26NHYSTZRk.jpg,false,,product,0.0001252327492693439
real_product_product_135_YZIdz19jhqs.jpg,false,,product,3.157207538606599e-05
real_product_product_58_a_beautiful_woman_taking_a_picture_with_her_smart_phone.jpg,false,,product,0.0003606123791541904
real_product_product_51_a_group_of_people_walking_across_a_busy_city_street.jpg,false,,product,0.0003866293409373611
real_product_product_098_pkfwwofpNUw.jpg,false,,product,0.9941369295120239
real_product_product_081_e6z6DVc_JqQ.jpg,false,,product,0.7843529582023621
real_product_product_76_a_man_in_a_gray_shirt_holds_his_phone_as_he_sits_by_a_man_in.jpg,false,,product,6.20321006863378e-05
real_product_product_037_sxh5dE2bD50.jpg,false,,product,0.008667446672916412
real_product_product_091_kcy3tHgHpcs.jpg,false,,product,0.054975491017103195
real_product_product_048__CSr-_ZICSY.jpg,false,,product,0.22442100942134857
real_product_product_167_xWeSCy5BdfI.jpg,false,,product,0.1593034267425537
real_product_product_107_xVptEZzgVfo.jpg,false,,product,0.9997914433479309
real_product_product_151_ICAxsNRt_WM.jpg,false,,product,0.7184986472129822
real_product_product_038_3Cgmcux-cpY.jpg,false,,product,6.122898776084185e-05
real_product_product_56_two_computer_monitors_are_turned_on_on_a_computer_desk.jpg,false,,product,0.0011991410283371806
real_product_product_054_eAaoUuAMb7M.jpg,false,,product,0.3942019045352936
real_product_product_163_r1BS0pzlr1M.jpg,false,,product,0.0004884252557530999
real_product_product_108_5GKdpmo0wI8.jpg,false,,product,0.002675676718354225
real_product_product_112_aokIiOCtnXk.jpg,false,,product,0.0004179882234893739
real_product_product_62_a_few_different_computers_are_placed_on_the_desk.jpg,false,,product,0.0034464120399206877
real_product_product_102_kjfdacDML9M.jpg,false,,product,0.0002718151663430035
real_product_product_150_kFDyajOyqTA.jpg,false,,product,0.21460458636283875
real_product_product_59_a_refrigerator_next_to_a_red_wall_in_the_kitchen.jpg,false,,product,4.418418029672466e-05
real_product_product_059_Lcqz6UUKXRU.jpg,false,,product,0.009487383998930454
real_product_product_089_IYvYz0j7zpA.jpg,false,,product,0.00032187660690397024
real_product_product_092_7QyUPe30vqU.jpg,false,,product,0.003762301290407777
real_product_product_116_xUpbmUINv9o.jpg,false,,product,0.27688735723495483
real_product_product_142_oNte8riFdX0.jpg,false,,product,0.010718828067183495
real_product_product_146_wW1raPiIJIU.jpg,false,,product,0.0004551560268737376
real_product_product_79_a_group_of_commuters_standing_around_a_train_station.jpg,false,,product,0.9999955892562866
real_product_product_126_MHBJeSSQfx8.jpg,false,,product,0.00012085171329090372
real_product_product_065_Yu-xv5OzGgo.jpg,false,,product,0.029405707493424416
real_product_product_113_pOCcShZwNcs.jpg,false,,product,0.9275379776954651
real_product_product_075_MUv_7l-GRKU.jpg,false,,product,0.00029705025372095406
real_product_product_55_there_is_a_lap_top_computer_on_the_desk.jpg,false,,product,3.2283855944115203e-06
real_product_product_157_fVIiTknYim8.jpg,false,,product,0.22185684740543365
real_product_product_65_people_laying_in_chairs_walking_and_playing_in_the_water_on.jpg,false,,product,4.2577368731144816e-05
real_product_product_154_nwhqGZ5DcOY.jpg,false,,product,0.018171461299061775
real_product_product_080_QESicPqs_XE.jpg,false,,product,0.31364360451698303
real_product_product_063_cD_obz7W774.jpg,false,,product,0.02638993039727211
real_product_product_53_a_woman_walking_next_to_a_man_riding_a_pink_bike.jpg,false,,product,0.1981278657913208
real_product_product_131_F-e4-hd1-oA.jpg,false,,product,0.2522362470626831
real_product_product_040_uWrLpDAT81g.jpg,false,,product,0.9376299977302551
real_product_product_114_vGhpfizChpY.jpg,false,,product,0.004689398687332869
real_food_food_084_-BSvBlnCvUU.jpg,false,,food,6.195760943228379e-05
real_food_food_58_man_cutting_a_cake_on_the_table_in_the_kitchen.jpg,false,,food,0.0030314226169139147
real_food_food_035_91czTE5wmCg.jpg,false,,food,0.0430634506046772
real_food_food_039_pGCwAAk04BU.jpg,false,,food,0.0022561559453606606
real_food_food_157_-dm8WfhnQU4.jpg,false,,food,0.018058108165860176
real_food_food_141_MUdGuohE-Mk.jpg,false,,food,0.016116289421916008
real_food_food_159_K3q1KVUeGQY.jpg,false,,food,0.9068365693092346
real_food_food_117_dv5SSMfXbs4.jpg,false,,food,0.0008914354257285595
real_food_food_131_l8Y9fVgxrEE.jpg,false,,food,2.6000958314398304e-05
real_food_food_170_rDLBArZUl1c.jpg,false,,food,4.6225770347518846e-05
real_food_food_123_49EKj06dQCc.jpg,false,,food,0.027920903638005257
real_food_food_155_h5yMpgOI5nI.jpg,false,,food,0.00501718744635582
real_food_food_165_9PDBbyJc2eE.jpg,false,,food,0.00013213857891969383
real_food_food_063_bgHJL294VVY.jpg,false,,food,7.876657036831602e-05
real_food_food_118_xXIRSZmzvU8.jpg,false,,food,6.312761979643255e-05
real_food_food_037_dQIcaRtNZtQ.jpg,false,,food,0.00040310091571882367
real_food_food_110_o8PCoxDO8PQ.jpg,false,,food,0.734150767326355
real_food_food_59_a_white_plate_with_some_food_and_two_trays_of_sauce.jpg,false,,food,0.9285467267036438
real_food_food_81_a_table_topped_with_plates_bowls_and_containers_of_food.jpg,false,,food,0.5325019955635071
real_food_food_056_qw6_11-Ob48.jpg,false,,food,0.2871865928173065
real_food_food_169_T5Pm7ZId3sc.jpg,false,,food,0.01977156475186348
real_food_food_048_BxY-nv-RBsA.jpg,false,,food,0.017097558826208115
real_food_food_036_HkaSi5Fvc0s.jpg,false,,food,0.0032288471702486277
real_food_food_077_LOdAL10JejI.jpg,false,,food,0.03953095152974129
real_food_food_069_av5GTf-KxcI.jpg,false,,food,0.0005384755786508322
real_food_food_152_gDwonOrdh0Q.jpg,false,,food,0.0010147880529984832
real_food_food_68_a_bunch_of_oranges_are_sitting_in_a_clear_fruit_bowl.jpg,false,,food,0.999990701675415
real_food_food_167_3Vr4qQvQn34.jpg,false,,food,0.8361373543739319
real_food_food_163_vExD0Y0Aei0.jpg,false,,food,0.00693273963406682
real_food_food_151_FyDHcvRi3QI.jpg,false,,food,0.009692229330539703
real_food_food_135_jdcifvdsJZg.jpg,false,,food,0.0006266711861826479
real_food_food_57_the_meal_of_fish_has_a_side_of_broccoli.jpg,false,,food,0.9978018403053284
real_food_food_164_1Uqr_jqi3c4.jpg,false,,food,6.48968925816007e-05
real_food_food_072_t1_BuMsRRsI.jpg,false,,food,0.16916227340698242
real_food_food_096_JVd2FchPjCg.jpg,false,,food,0.00010408244270365685
real_food_food_114_ozVQrfENFOs.jpg,false,,food,0.6794251799583435
real_food_food_78_three_round_plates_filled_with_artistically_presented_food.jpg,false,,food,4.292913945391774e-05
real_food_food_051_GCEK8Jo_vGM.jpg,false,,food,1.5842533684917726e-05
real_food_food_130_QYU_U2wXxig.jpg,false,,food,4.581613393384032e-05
real_food_food_089_sp2lfKOUzAM.jpg,false,,food,0.7681533694267273
real_food_food_52_a_kitchen_that_has_a_table_and_a_chair.jpg,false,,food,0.746984601020813
real_food_food_149_G8qVZEiyCJU.jpg,false,,food,0.00038864644011482596
real_food_food_078_tz0moLxAMCc.jpg,false,,food,4.6997138269944116e-05
real_food_food_080_zyLgpFi4Tvg.jpg,false,,food,0.0038070394657552242
real_food_food_068_aFa_Fu12bj8.jpg,false,,food,0.9999374151229858
real_food_food_050_M5kI-5OFviE.jpg,false,,food,8.502327546011657e-05
real_food_food_034_dY7ONzZzoU8.jpg,false,,food,7.075772737152874e-05
real_food_food_143_1fxcQYy5OXc.jpg,false,,food,0.0008269207901321352
real_food_food_148_6dC5tYPiD2s.jpg,false,,food,9.998397581512108e-05
real_food_food_64_a_kitchen_with_a_bright_window_and_house_plants.jpg,false,,food,1.227902430400718e-05
real_food_food_046_YQPTf86GvpM.jpg,false,,food,0.9417440891265869
real_food_food_052_n5Wvn6wU1Xw.jpg,false,,food,0.000226374133490026
real_food_food_80_a_lot_of_food_that_are_in_some_baskets.jpg,false,,food,0.034981198608875275
real_food_food_124_hhZDn50B17c.jpg,false,,food,0.0005711939884349704
real_food_food_139_8v38azmFYr8.jpg,false,,food,0.0029487002175301313
real_food_food_094_9oUL0x_puck.jpg,false,,food,0.002006933558732271
real_food_food_075_SidputyP-eE.jpg,false,,food,0.432934045791626
real_food_food_053_rf0XgpH-2ao.jpg,false,,food,0.0424126572906971
real_food_food_67_a_person_adjusting_a_metal_object_hanging_from_a_ceiling.jpg,false,,food,0.0006424812600016594
real_food_food_53_a_group_of_people_sitting_around_a_table_filled_with_food.jpg,false,,food,0.01682407036423683
real_food_food_104_0byawXfQl5c.jpg,false,,food,0.00028107065008953214
real_food_food_125_NNddPCQDhyw.jpg,false,,food,0.0011419893708080053
real_food_food_128_GVxJRsudSIU.jpg,false,,food,0.6192585825920105
real_food_food_079_POg3Z47YPkM.jpg,false,,food,0.33923834562301636
real_food_food_72_a_newly_married_couple_sharing_a_piece_of_there_wedding_cake.jpg,false,,food,9.365762525703758e-05
real_food_food_055_dSZQC7vVf5M.jpg,false,,food,0.0001229624467669055
real_food_food_54_two_birds_preparing_to_eat_food_off_of_a_plate_that_was_left.jpg,false,,food,0.9990704655647278
real_food_food_138_E1ZwXiBD7LA.jpg,false,,food,0.00014671850658487529
real_food_food_147_cRPz6-ryzSg.jpg,false,,food,8.05800846137572e-06
real_food_food_054_mV4oTSZR4eA.jpg,false,,food,0.007758278399705887
real_food_food_62_a_man_that_is_sitting_down_on_a_bench_in_front_of_a_table.jpg,false,,food,3.136890154564753e-05
real_food_food_61_food_on_a_train_with_a_pie_and_some_vegetable.jpg,false,,food,0.9927983283996582
real_food_food_50_bride_and_grooms_arms_cutting_the_wedding_cake_with_fruit_on.jpg,false,,food,2.112496986228507e-05
real_food_food_56_a_breakfast_plate_with_toast_vegetables_eggs_and_meat.jpg,false,,food,0.0001545791601529345
real_food_food_038_eD3gkNVlm94.jpg,false,,food,0.0031636052299290895
real_food_food_132_ONeUTPIkoEs.jpg,false,,food,5.738118852605112e-05
real_food_food_093_7DpEKohpOhQ.jpg,false,,food,0.0002354032185394317
real_food_food_137_AELjKcCaNSk.jpg,false,,food,5.695541767636314e-05
real_food_food_070_4l5BlL6OX7A.jpg,false,,food,0.9998887777328491
real_food_food_090_YwH212PJk0Q.jpg,false,,food,6.643559026997536e-05
real_food_food_121_xd0g61tGBgc.jpg,false,,food,0.0005332074942998588
real_food_food_133_PMOAfRP_kLI.jpg,false,,food,0.0014033005572855473
real_food_food_150_tIvWsbppj5k.jpg,false,,food,0.00019587088900152594
real_food_food_059_ELISIYFi-ws.jpg,false,,food,1.090112255042186e-05
real_food_food_140_PBXZSIQ0XTg.jpg,false,,food,2.8894788556499407e-05
real_food_food_75_a_group_of_people_that_are_standing_in_front_of_a_island.jpg,false,,food,0.987712562084198
real_food_food_062_JZ5WREw9664.jpg,false,,food,0.026929374784231186
real_food_food_098__WuZ9cOPc6M.jpg,false,,food,6.146574742160738e-05
real_food_food_044_s-4i34Z07To.jpg,false,,food,7.448687392752618e-05
real_food_food_064_cuaxqIA_pk0.jpg,false,,food,0.002094988478347659
real_food_food_074_v9MpHbQimqY.jpg,false,,food,0.015105112455785275
real_food_food_156_XU1-sAMZFqc.jpg,false,,food,0.01910012774169445
real_food_food_120_raakZHcgWWw.jpg,false,,food,0.9075286984443665
real_food_food_060_dUeD4im5YSQ.jpg,false,,food,0.0013952498557046056
real_food_food_145_aw47u5DHXEg.jpg,false,,food,0.0826527327299118
real_food_food_058_ue4AfKGEQoA.jpg,false,,food,1.0609363016556017e-05
real_food_food_127_OKT6Ce9fwqI.jpg,false,,food,0.004698632750660181
real_food_food_067_3OSiYv09hhs.jpg,false,,food,0.02750147506594658
real_food_food_168_sFPxZsn8cwU.jpg,false,,food,0.00026684091426432133
real_food_food_091_nrfSpR3_4yE.jpg,false,,food,9.901647899823729e-06
real_food_food_144_YvEGiuPZ0Sg.jpg,false,,food,0.11574822664260864
real_food_food_107_f87RdAQSoJk.jpg,false,,food,0.42476391792297363
real_food_food_126_AgWVcQz1bOA.jpg,false,,food,0.12843191623687744
real_food_food_158_j1KUsXahuXk.jpg,false,,food,0.03578485921025276
real_food_food_049_BPsqF6C_Ou8.jpg,false,,food,0.0012351907789707184
real_food_food_042_pyFWN-TrXvk.jpg,false,,food,0.00014528623432852328
real_food_food_111_GlWOWrJXk5s.jpg,false,,food,0.0021367447916418314
real_food_food_71_belgium_waffle_loaded_with_bananas_topped_with_powdered_suga.jpg,false,,food,0.22674673795700073
real_food_food_092_69P8Y4ErG0Y.jpg,false,,food,0.39991724491119385
real_food_food_73_a_plate_with_bacon_eggs_and_hamburger_topped_with_bananas.jpg,false,,food,0.0003310046158730984
real_food_food_076_IrM6Fvhmc9k.jpg,false,,food,0.00014751373964827508
real_food_food_136_ZHW1qo-VRXM.jpg,false,,food,0.022389518097043037
real_food_food_083_HgoEnDWOGrA.jpg,false,,food,0.14599759876728058
real_food_food_109_HbQj2RAanTs.jpg,false,,food,0.00026888964930549264
real_food_food_043_siHk8IfK_Ec.jpg,false,,food,0.01568855531513691
real_food_food_113_n2sQQ6XjqfE.jpg,false,,food,0.8545815944671631
real_food_food_82_a_kitchen_with_a_center_white_island_topped_with_a_bowl_of_g.jpg,false,,food,0.00028884646599180996
real_food_food_51_a_bowl_of_some_broccoli_that_is_chopped.jpg,false,,food,0.011446523480117321
real_food_food_154_VpjPHuFAI-4.jpg,false,,food,0.054772138595581055
real_food_food_162_f4GdYFpUyH8.jpg,false,,food,0.002043753629550338
real_food_food_045_iRVq6avVGDE.jpg,false,,food,0.002533762250095606
real_food_food_129_3P0BmvFk5rg.jpg,false,,food,2.7361176762497053e-05
real_food_food_74_a_sandwich_with_nachos_and_a_salad_on_a_plate.jpg,false,,food,1.5916131815174595e-05
real_food_food_071_9cH-uVU__0c.jpg,false,,food,0.7324504256248474
real_food_food_79_a_tray_of_various_foods_next_to_drinks_on_a_table.jpg,false,,food,0.002898836275562644
real_food_food_115_YjJFJDai9zg.jpg,false,,food,0.005624138750135899
real_food_food_100_OSwea3yxjT0.jpg,false,,food,0.08812285214662552
real_food_food_088_QPKJZvqMaDs.jpg,false,,food,0.029136234894394875
real_food_food_040_a7nzCe8FlT4.jpg,false,,food,2.566273178672418e-05
real_food_food_108_ixC7gmLcKaQ.jpg,false,,food,0.9943089485168457
real_food_food_63_a_man_preparing_food_in_a_restaurant_kitchen.jpg,false,,food,2.7173042326467112e-05
real_food_food_066_s0oNVwpU9NE.jpg,false,,food,0.04385986924171448
real_food_food_134_T-tgZmKFRZU.jpg,false,,food,0.03436766937375069
real_food_food_161_AX8z0xXzrUo.jpg,false,,food,0.5090208649635315
real_food_food_69_a_scene_of_an_apartment_with_a_dining_table_and_a_couple_of.jpg,false,,food,0.9996241331100464
real_food_food_073_kswmO8BRzQQ.jpg,false,,food,0.011255746707320213
real_food_food_66_a_plate_of_bananas_and_sliced_oranges_covered_in_butterflies.jpg,false,,food,0.9999101161956787
real_food_food_102_DuObvMLmc8M.jpg,false,,food,0.0027512123342603445
real_food_food_097_jT86IpheR2w.jpg,false,,food,0.014794773422181606
real_food_food_103_Fff5ve-rGVA.jpg,false,,food,0.9995388984680176
real_food_food_081_lgvvFFplBHw.jpg,false,,food,8.110766793834046e-05
real_food_food_041_qDdv33C-BSw.jpg,false,,food,0.0013271922944113612
real_food_food_085_WT_nZUfAmBc.jpg,false,,food,0.011911704204976559
real_food_food_047_qpZlQ8IIghI.jpg,false,,food,0.7467442154884338
real_food_food_160_uRqMI5Nw4Yc.jpg,false,,food,0.008427540771663189
real_food_food_065_Q5QspluNZmM.jpg,false,,food,0.00847980473190546
real_food_food_119_47urRDhCphA.jpg,false,,food,0.003566320985555649
real_food_food_095_WY_EKY3taJE.jpg,false,,food,0.06298390030860901
real_food_food_087_oYllk_NdgA0.jpg,false,,food,0.8763868808746338
real_food_food_061_DCZGNIZjz_Q.jpg,false,,food,0.9294633269309998
real_food_food_65_a_small_bowl_of_fruit_on_a_table.jpg,false,,food,0.996701180934906
real_food_food_76_three_bowls_filled_with_vegetables_on_top_of_a_table.jpg,false,,food,0.009361226111650467
real_food_food_146_fv7ttjeTgyM.jpg,false,,food,0.0020626229234039783
real_food_food_70_a_sandwich_sitting_on_top_of_a_pile_of_fries.jpg,false,,food,5.732893441745546e-06
real_food_food_099_gyaPIZZjV_A.jpg,false,,food,1.8275251932209358e-05
real_food_food_057_v8-cAH5cmTU.jpg,false,,food,4.0363738662563264e-05
real_food_food_77_a_bowl_that_has_soup_and_a_spoon_in_it.jpg,false,,food,0.9999521970748901
real_food_food_166_lZ98dwbkTws.jpg,false,,food,0.0002320538624189794
real_food_food_082_w-LpijUp8yw.jpg,false,,food,1.9098641132586636e-05
real_food_food_101_OZhdQm_OjX4.jpg,false,,food,2.0448223949642852e-05
real_food_food_153_Rh8vxWHc5DA.jpg,false,,food,0.021713361144065857
real_food_food_112_T8I3UuK-QXY.jpg,false,,food,5.6439075706293806e-05
real_food_food_106_0b4sfNTqBLU.jpg,false,,food,0.9970245957374573
real_food_food_105_jCTo3MAtzjA.jpg,false,,food,9.185801900457591e-05
real_food_food_122_4Y_bVu4j0cA.jpg,false,,food,0.0009239884093403816
real_food_food_142_YY5uHzZV6Wo.jpg,false,,food,0.06692703068256378
real_food_food_086_lz8rih2cNJQ.jpg,false,,food,0.00027835796936415136
real_food_food_55_a_beautiful_dessert_waiting_to_be_shared_by_two_people.jpg,false,,food,1.5004357919679023e-05
real_food_food_116_dpQqhZRyF7w.jpg,false,,food,0.1575683355331421
real_food_food_60_two_computers_sitting_on_top_of_a_desk.jpg,false,,food,0.9626220464706421
real_animal_animal_141_L79Jcm80Y3U.jpg,false,,animal,0.0025683774147182703
real_animal_animal_050_CBK17BPteJE.jpg,false,,animal,3.925597411580384e-05
real_animal_animal_044_7pMTQP_kIhg.jpg,false,,animal,2.2247795641305856e-05
real_animal_animal_132_J4DL0onKVng.jpg,false,,animal,0.9824625253677368
real_animal_animal_50_a_calico_cat_drinking_from_a_sink_faucet.jpg,false,,animal,2.3263050024979748e-05
real_animal_animal_142_ScLYGfuCqQg.jpg,false,,animal,0.17834101617336273
real_animal_animal_061_KKK-mavLRIY.jpg,false,,animal,0.2203538417816162
real_animal_animal_131_NoNqa205O40.jpg,false,,animal,4.351002280600369e-05
real_animal_animal_163_ujOHucbnC94.jpg,false,,animal,0.027682634070515633
real_animal_animal_058_UsDyOmKQjzo.jpg,false,,animal,0.1803903579711914
real_animal_animal_118_O-dnv951XTY.jpg,false,,animal,0.006293802056461573
real_animal_animal_124_idMSI66-1NQ.jpg,false,,animal,4.178734525339678e-05
real_animal_animal_69_a_couple_of_people_that_are_biking_down_a_road.jpg,false,,animal,0.9904499650001526
real_animal_animal_089_4KV3SKyHNjE.jpg,false,,animal,0.004015030805021524
real_animal_animal_61_a_dog_laying_down_licking_food_off_of_a_plate.jpg,false,,animal,0.00032301031751558185
real_animal_animal_140_bj7ALDr6E-o.jpg,false,,animal,0.012574655003845692
real_animal_animal_097_sCgBFOArERk.jpg,false,,animal,0.0019602617248892784
real_animal_animal_054_Qv8NgYRjSn4.jpg,false,,animal,0.1228211522102356
real_animal_animal_082_hvkcofV0bvw.jpg,false,,animal,0.0005195662961341441
real_animal_animal_107_4rezxlfTrGA.jpg,false,,animal,0.0003020738367922604
real_animal_animal_126_IOvOeZRGanM.jpg,false,,animal,0.0003022463642992079
real_animal_animal_127_4sMVrh8-S1g.jpg,false,,animal,0.9999325275421143
real_animal_animal_078_YzfCevgzsPI.jpg,false,,animal,7.923787052277476e-05
real_animal_animal_062_J7X_npgVujU.jpg,false,,animal,0.000573738303501159
real_animal_animal_53_bird_sits_atop_cattle_on_snow_covered_field.jpg,false,,animal,0.00020074349595233798
real_animal_animal_096_nvDnfWuSyD8.jpg,false,,animal,0.4513452351093292
real_animal_animal_048_YvYBOSiBJE8.jpg,false,,animal,0.0023950531613081694
real_animal_animal_038_CiacXjCwb3g.jpg,false,,animal,0.0008672857074998319
real_animal_animal_103__GQCzeh1oWk.jpg,false,,animal,0.04151076823472977
real_animal_animal_115_qvkA4FMTNKo.jpg,false,,animal,0.018244456499814987
real_animal_animal_150_eNi9DGpVYWk.jpg,false,,animal,0.00015703041572123766
real_animal_animal_037_j3JAI9KXJ-c.jpg,false,,animal,4.679332505475031e-06
real_animal_animal_071_zjKxb4xhBXc.jpg,false,,animal,0.9998705387115479
real_animal_animal_064_uLMM6TyPfGw.jpg,false,,animal,0.15066850185394287
real_animal_animal_152_JkVNRBpFSK8.jpg,false,,animal,0.00016400896129198372
real_animal_animal_145_Qtg_270Aa_I.jpg,false,,animal,0.0004473963927011937
real_animal_animal_060_lZts59erQVw.jpg,false,,animal,0.006596873980015516
real_animal_animal_114_J0-ZaraetTE.jpg,false,,animal,0.0011456591309979558
real_animal_animal_79_a_herd_of_cattle_and_zebra_standing_next_to_each_other_on_a.jpg,false,,animal,5.821123977511888e-06
real_animal_animal_047_uHHA_YklxMc.jpg,false,,animal,0.013411897234618664
real_animal_animal_036_xlTolOtNLZM.jpg,false,,animal,0.011383400298655033
real_animal_animal_169_rxFkfMJL9tw.jpg,false,,animal,0.2687738239765167
real_animal_animal_074_TfakEsc83HU.jpg,false,,animal,0.9601459503173828
real_animal_animal_138_t5rBtxLiHj8.jpg,false,,animal,0.025504495948553085
real_animal_animal_049_nwaiAiHAVEY.jpg,false,,animal,0.11728093773126602
real_animal_animal_043_Dv45FbzLiik.jpg,false,,animal,0.000549755000974983
real_animal_animal_091_yRdK7ijQPNw.jpg,false,,animal,0.0002902538108173758
real_animal_animal_053_CACQDEJknBs.jpg,false,,animal,0.0005010892637073994
real_animal_animal_170_P6s8EbcSgmA.jpg,false,,animal,0.02202717587351799
real_animal_animal_166_jh6YaoB0TBw.jpg,false,,animal,0.9793120622634888
real_animal_animal_144_ihivSSUOpno.jpg,false,,animal,0.0005527746980078518
real_animal_animal_158_fkxUyu6F2L8.jpg,false,,animal,0.0021793644409626722
real_animal_animal_046_88Kt5KHUe_8.jpg,false,,animal,0.0005764952511526644
real_animal_animal_73_a_small_motor_bike_outside_of_the_garage.jpg,false,,animal,5.417654847406084e-06
real_animal_animal_108_JNHrBVfdT_A.jpg,false,,animal,0.4229101538658142
real_animal_animal_151_8LPgWfHgcMg.jpg,false,,animal,0.0031735741067677736
real_animal_animal_075_PA3F7YWHUPM.jpg,false,,animal,0.00012018013512715697
real_animal_animal_041_-96qBKyFefQ.jpg,false,,animal,0.001862522098235786
real_animal_animal_095_iuoIlOvTa6g.jpg,false,,animal,0.00011279738100711256
real_animal_animal_139_i80SbIDgFf8.jpg,false,,animal,1.8789820387610234e-05
real_animal_animal_092_mg-k04n58xY.jpg,false,,animal,0.030049379914999008
real_animal_animal_068_ZBR7NAYRR4M.jpg,false,,animal,0.0023756271693855524
real_animal_animal_083_2QHHOAPI--I.jpg,false,,animal,0.0021260716021060944
real_animal_animal_143_7xYdOPDfNcE.jpg,false,,animal,0.15416012704372406
real_animal_animal_094_bmwUCv0wMIU.jpg,false,,animal,0.16975948214530945
real_animal_animal_70_a_street_scene_with_a_person_on_a_motorcycle.jpg,false,,animal,0.001417980412952602
real_animal_animal_56_a_flock_of_goats_and_some_men_watching_them.jpg,false,,animal,0.010645944625139236
real_animal_animal_123_o-c4UrB0WBA.jpg,false,,animal,2.2346628611558117e-05
real_animal_animal_066_rh7KA6jVJFM.jpg,false,,animal,0.0003693383187055588
real_animal_animal_134_GVe30cQ8CWU.jpg,false,,animal,0.0019465605728328228
real_animal_animal_160_A_unG6e0Cug.jpg,false,,animal,0.00014041944814380258
real_animal_animal_070_iY8qBtToC0o.jpg,false,,animal,0.8786078095436096
real_animal_animal_111_22_r4pgeL28.jpg,false,,animal,0.921562135219574
real_animal_animal_113_knB89oNur0A.jpg,false,,animal,0.7977770566940308
real_animal_animal_78_a_giraffe_standing_in_a_field_next_to_a_fence.jpg,false,,animal,0.014534499496221542
real_animal_animal_063_oajraKUY0uQ.jpg,false,,animal,0.06845676153898239
real_animal_animal_155_85YNg0KtSPw.jpg,false,,animal,0.04473734647035599
real_animal_animal_056_Nzzk-pOcqvA.jpg,false,,animal,0.00048355094622820616
real_animal_animal_161_f3Os5oCc874.jpg,false,,animal,0.0004037358448840678
real_animal_animal_067_KmmVj3LY4lA.jpg,false,,animal,0.0002313083241460845
real_animal_animal_60_a_grouping_of_zebras_in_a_pen_next_to_a_giraffe.jpg,false,,animal,0.00028297919197939336
real_animal_animal_133_nzPivGosPIQ.jpg,false,,animal,0.0013028924586251378
real_animal_animal_122_t81H__wdxlc.jpg,false,,animal,0.15648391842842102
real_animal_animal_098_RMj_T-DMgDA.jpg,false,,animal,0.0010227203601971269
real_animal_animal_077_vVh9BUJIizQ.jpg,false,,animal,0.02167721837759018
real_animal_animal_087__qLFof8-Loo.jpg,false,,animal,0.030475914478302002
real_animal_animal_088_1tXeMpkssik.jpg,false,,animal,0.0004727039486169815
real_animal_animal_164_wAP_IBPhn-4.jpg,false,,animal,0.0003119150351267308
real_animal_animal_76_a_dog_is_tied_to_a_fire_hydrant.jpg,false,,animal,0.009528234601020813
real_animal_animal_080_49TMUrNQDQ0.jpg,false,,animal,0.9782314896583557
real_animal_animal_75_a_family_of_giraffes_by_a_few_zebras_and_a_gazelle.jpg,false,,animal,8.54571771924384e-05
real_animal_animal_085_U9frYiUp1Qg.jpg,false,,animal,0.002506140386685729
real_animal_animal_100_PJTfOzSo8fQ.jpg,false,,animal,0.0012554916320368648
real_animal_animal_51_a_bunch_of_sheep_in_the_snow_behind_a_barbed_wire_fence.jpg,false,,animal,0.00019363939645700157
real_animal_animal_072_eX45lve1DIo.jpg,false,,animal,1.796816491150821e-06
real_animal_animal_105_DORi0W_afqk.jpg,false,,animal,2.2919284674571827e-05
real_animal_animal_148_Xr4TYgSEXqQ.jpg,false,,animal,0.015827346593141556
real_animal_animal_65_a_cats_sits_on_the_table_with_a_dog_outside.jpg,false,,animal,0.9775722622871399
real_animal_animal_102_Cl8iDlk008c.jpg,false,,animal,0.00020176032558083534
real_animal_animal_147_nlF8qaFWI0w.jpg,false,,animal,0.6455752849578857
real_animal_animal_63_rear_view_mirror_reflection_showing_a_dog_in_the_back_seat.jpg,false,,animal,0.007646912708878517
real_animal_animal_045_eo93HAoalwQ.jpg,false,,animal,0.5912500023841858
real_animal_animal_77_a_herd_of_sheep_standing_next_to_each_other_on_dirt_ground.jpg,false,,animal,0.00946249719709158
real_animal_animal_081_TNMOJYUteDU.jpg,false,,animal,0.02714800275862217
real_animal_animal_64_a_dog_following_a_man_on_his_horse_in_a_field.jpg,false,,animal,0.09593535214662552
real_animal_animal_120_EdlNaRhg9ik.jpg,false,,animal,0.003071572631597519
real_animal_animal_052_tmrQPLJpBrk.jpg,false,,animal,0.0005076692323200405
real_animal_animal_129_IwiaImVNcQU.jpg,false,,animal,0.009603310376405716
real_animal_animal_042_1qT-zMTRFp0.jpg,false,,animal,0.23661623895168304
real_animal_animal_74_a_cat_standing_on_the_edge_of_a_sink_drink_water.jpg,false,,animal,0.002871135249733925
real_animal_animal_125_snhqHThkCRE.jpg,false,,animal,4.678723416873254e-05
real_animal_animal_153_FBOP5an6h74.jpg,false,,animal,0.0009421831928193569
real_animal_animal_66_a_bunch_of_sheep_make_their_way_through_the_crowded_city_str.jpg,false,,animal,3.229140020266641e-06
real_animal_animal_168_g9M46POadWU.jpg,false,,animal,0.8524640202522278
real_animal_animal_101_iQC6u4ejuGE.jpg,false,,animal,0.0014204152394086123
real_animal_animal_57_a_cat_walking_through_a_kitchen_by_a_eating_tray.jpg,false,,animal,2.466289970470825e-06
real_animal_animal_149_E12vXZq9AZA.jpg,false,,animal,0.00019136889022774994
real_animal_animal_156_yiwB58St4bE.jpg,false,,animal,0.00998237356543541
real_animal_animal_093_mYxtYpSJvbw.jpg,false,,animal,0.00027913026860915124
real_animal_animal_165_PChlguQgbCw.jpg,false,,animal,1.5867253750911914e-05
real_animal_animal_62_a_cat_eating_a_bird_it_has_caught.jpg,false,,animal,0.01232139766216278
real_animal_animal_084_QRzQlECEbsk.jpg,false,,animal,0.008677355013787746
real_animal_animal_109_P6InS7LxUS4.jpg,false,,animal,0.0004565101698972285
real_animal_animal_121_ZOGamuDrPJw.jpg,false,,animal,0.0012277605710551143
real_animal_animal_81_three_sheep_are_grazing_in_the_field_next_to_the_water.jpg,false,,animal,2.1040370938862907e-06
real_animal_animal_157_VSVcEzWsqyc.jpg,false,,animal,0.025836367160081863
real_animal_animal_80_many_woolly_sheep_standing_together_in_the_field.jpg,false,,animal,0.00010424036008771509
real_animal_animal_090_fRJGUAQ6uNg.jpg,false,,animal,3.6090546927880496e-05
real_animal_animal_110_HPHtMOJvHDM.jpg,false,,animal,0.00045434277853928506
real_animal_animal_055_feos9QXjxJY.jpg,false,,animal,0.008234663866460323
real_animal_animal_069_q0J6zQPO-zw.jpg,false,,animal,0.9985772371292114
real_animal_animal_58_two_men_herding_a_pack_of_elephants_across_a_field.jpg,false,,animal,0.004375511314719915
real_animal_animal_104_1Ytzecs_XU4.jpg,false,,animal,0.007303144317120314
real_animal_animal_55_a_horse_in_a_pasture_of_tall_grass_observing_an_energetic_do.jpg,false,,animal,0.0014048980083316565
real_animal_animal_079_m_wgaQ-sQPQ.jpg,false,,animal,0.06056511029601097
real_animal_animal_112_cPyHO3eDlsE.jpg,false,,animal,4.160578464507125e-05
real_animal_animal_034_-Ylz_tc8NOk.jpg,false,,animal,0.5091772675514221
real_animal_animal_051_PpwK032gSao.jpg,false,,animal,0.8988628387451172
real_animal_animal_099_m5Zy3Ulb3g0.jpg,false,,animal,0.0008396051125600934
real_animal_animal_059_2_3g53wNQk8.jpg,false,,animal,0.0002774214372038841
real_animal_animal_039_i_Z1o10BPPk.jpg,false,,animal,0.0002874152851291001
real_animal_animal_136_fXqOgYJgNBk.jpg,false,,animal,0.035807784646749496
real_animal_animal_59_a_dog_standing_on_the_back_of_a_brown_car.jpg,false,,animal,0.0019054616568610072
real_animal_animal_119_70s5ZKzNkac.jpg,false,,animal,0.9027472138404846
real_animal_animal_52_a_cat_sitting_on_the_floor_watching_television.jpg,false,,animal,0.000560412066988647
real_animal_animal_82_a_couple_of_cows_and_some_birds_flying_in_the_sky.jpg,false,,animal,0.00012594409054145217
real_animal_animal_154_IHHiw3VMZvc.jpg,false,,animal,7.121206726878881e-05
real_animal_animal_035_vQvq16ZQM60.jpg,false,,animal,2.5363226086483337e-05
real_animal_animal_54_a_man_riding_a_horse_drawn_carriage_on_a_race_track.jpg,false,,animal,0.0017824507085606456
real_animal_animal_117_DmnOlnAWRdE.jpg,false,,animal,0.0012642857618629932
real_animal_animal_040_7jXA55Tl4xU.jpg,false,,animal,0.1070786714553833
real_animal_animal_68_a_cat_outside_looking_through_a_window.jpg,false,,animal,0.00021030835341662169
real_animal_animal_159_gjDKWxrKrgk.jpg,false,,animal,0.0252120029181242
real_animal_animal_076_JHxFiw603QA.jpg,false,,animal,0.0007237590034492314
real_animal_animal_162_vLCMWwg5TAs.jpg,false,,animal,0.9087482690811157
real_animal_animal_128_dtYCvr0r_X4.jpg,false,,animal,0.00015099284064490348
real_animal_animal_057_n4tWGvk_gWY.jpg,false,,animal,3.553140413714573e-05
real_animal_animal_146_tvH8ECkyQKI.jpg,false,,animal,0.025534117594361305
real_animal_animal_67_a_sheepdog_runs_around_a_herd_of_cows_in_a_fencedin_field.jpg,false,,animal,0.12324697524309158
real_animal_animal_72_a_cat_sprawled_out_over_the_top_of_a_laptop_computer_keyboar.jpg,false,,animal,0.00021211191779002547
real_animal_animal_167_u3XMyl-4OSY.jpg,false,,animal,0.07352244108915329
real_animal_animal_106_ejAz1xfCyNM.jpg,false,,animal,0.8832231760025024
real_animal_animal_086_YSoqrTfEWcI.jpg,false,,animal,3.3190921385539696e-05
real_animal_animal_116_dSAzIH5UtOI.jpg,false,,animal,9.893286187434569e-05
real_animal_animal_073_MVQPTvPYsJs.jpg,false,,animal,0.011277994140982628
real_animal_animal_065_M8uSC8OPXco.jpg,false,,animal,4.7253473894670606e-05
real_animal_animal_137_lHeXOpxzok8.jpg,false,,animal,0.0012801040429621935
real_animal_animal_71_a_black_ct_with_green_eyes_sitting_in_the_sun.jpg,false,,animal,2.8466922685765894e-06
real_animal_animal_135_Tu_lH5CFFZw.jpg,false,,animal,9.432265505893156e-05
real_animal_animal_130_vPyhiJjBlSM.jpg,false,,animal,0.46021896600723267
real_landscape_landscape_80_this_highway_is_empty_this_early_on_the_morning.jpg,false,,landscape,0.8994203805923462
real_landscape_landscape_59_a_passenger_bus_that_is_parked_in_a_parking_lot.jpg,false,,landscape,0.9999923706054688
real_landscape_landscape_073_gtabImSzH-g.jpg,false,,landscape,0.010918130166828632
real_landscape_landscape_160_yaj-SndYOb0.jpg,false,,landscape,0.006803032476454973
real_landscape_landscape_140_pNMH4SDf8us.jpg,false,,landscape,0.038321446627378464
real_landscape_landscape_117_KQX4AEXEV1g.jpg,false,,landscape,0.6285347938537598
real_landscape_landscape_056_TqfJUbdnCxM.jpg,false,,landscape,0.0010281383292749524
real_landscape_landscape_05_foggy_forest_hills.jpg,false,,landscape,0.00015184018411673605
real_landscape_landscape_118_z7IW1w4C870.jpg,false,,landscape,5.320820491760969e-05
real_landscape_landscape_135_Bwkl85sszNM.jpg,false,,landscape,0.31355810165405273
real_landscape_landscape_053_E9CrQou9K0Y.jpg,false,,landscape,0.36593982577323914
real_landscape_landscape_064_pnFNoPuilVI.jpg,false,,landscape,0.08268933743238449
real_landscape_landscape_154_VFjGgIGNWlI.jpg,false,,landscape,0.0025890404358506203
real_landscape_landscape_09_starry_night_mountains.jpg,false,,landscape,0.22900468111038208
real_landscape_landscape_124__rsGm7nob3w.jpg,false,,landscape,0.001991608878597617
real_landscape_landscape_079_n6hzRDQ9CM8.jpg,false,,landscape,0.0035382609348744154
real_landscape_landscape_095_YzJlElq6Pc0.jpg,false,,landscape,0.002406143816187978
real_landscape_landscape_098_F4dGVi1g8rQ.jpg,false,,landscape,0.7944440841674805
real_landscape_landscape_062_oGrOhXJaHME.jpg,false,,landscape,0.0016926151001825929
real_landscape_landscape_68_a_wooden_bench_and_a_fire_hydrant_on_a_field.jpg,false,,landscape,9.677077468950301e-05
real_landscape_landscape_119_ENkQJj-7orc.jpg,false,,landscape,0.0009524367633275688
real_landscape_landscape_81_a_dog_rests_his_head_on_the_edge_of_a_boat_at_sea.jpg,false,,landscape,0.00014640684821642935
real_landscape_landscape_51_a_green_traffic_light_suspended_above_a_street.jpg,false,,landscape,0.004560858942568302
real_landscape_landscape_085_cCthPLHmrzI.jpg,false,,landscape,0.8420405983924866
real_landscape_landscape_060_jdaigQmK-qA.jpg,false,,landscape,0.9996829032897949
real_landscape_landscape_58_a_passenger_train_that_has_some_graffiti_on_it.jpg,false,,landscape,0.7903862595558167
real_landscape_landscape_077_ID4OhGirKvg.jpg,false,,landscape,0.07982156425714493
real_landscape_landscape_133_-5eZ1-Ie68w.jpg,false,,landscape,6.607034447370097e-05
real_landscape_landscape_086_ke-voL7t_I8.jpg,false,,landscape,0.0001004200748866424
real_landscape_landscape_143_-hbbmFHQYiw.jpg,false,,landscape,0.04934011027216911
real_landscape_landscape_080_1DPIP44atys.jpg,false,,landscape,0.013196295127272606
real_landscape_landscape_110_02YdrfDb3UE.jpg,false,,landscape,0.0003529443056322634
real_landscape_landscape_116_sNKwtrVQ4hU.jpg,false,,landscape,0.00015335534408222884
real_landscape_landscape_157_nMhbF-YMdXE.jpg,false,,landscape,0.2895859479904175
real_landscape_landscape_051_4k8UHZC1-6k.jpg,false,,landscape,8.830999286146834e-05
real_landscape_landscape_161_CL665uHJb7c.jpg,false,,landscape,0.00022037047892808914
real_landscape_landscape_093_UazfuoH2sRU.jpg,false,,landscape,4.406094012665562e-05
real_landscape_landscape_55_a_green_traffic_light_a_street_some_buildings_and_some_other.jpg,false,,landscape,0.9999462366104126
real_landscape_landscape_82_a_large_bus_on_the_side_of_the_road.jpg,false,,landscape,3.328278035041876e-05
real_landscape_landscape_045_W3wgy9tDgto.jpg,false,,landscape,0.78168123960495
real_landscape_landscape_120_afwi-D9xmt4.jpg,false,,landscape,0.9994088411331177
real_landscape_landscape_099_kDrTt4sCC7I.jpg,false,,landscape,0.1515747606754303
real_landscape_landscape_167_60cbKmNJ-ls.jpg,false,,landscape,6.753155321348459e-05
real_landscape_landscape_046_wgH3Lzgmm_c.jpg,false,,landscape,0.0007808275404386222
real_landscape_landscape_072_jYkvecfWgx0.jpg,false,,landscape,0.7078201770782471
real_landscape_landscape_048_PA0KerQ0lHg.jpg,false,,landscape,0.76896071434021
real_landscape_landscape_126_Cmjq13jc_2g.jpg,false,,landscape,0.42810720205307007
real_landscape_landscape_081_0PgC0jve7u4.jpg,false,,landscape,0.01169590838253498
real_landscape_landscape_06_waterfall_in_forest.jpg,false,,landscape,0.006601169239729643
real_landscape_landscape_77_rear_view_mirror_reflection_showing_a_dog_in_the_back_seat.jpg,false,,landscape,0.007646912708878517
real_landscape_landscape_147_bUhzlj3gGso.jpg,false,,landscape,0.004935162607580423
real_landscape_landscape_69_a_yellow_bus_that_is_sitting_in_the_grass.jpg,false,,landscape,1.0953593118756544e-05
real_landscape_landscape_067_LLD9FKRoqDc.jpg,false,,landscape,0.4090762734413147
real_landscape_landscape_115_q2Cv_B3_AZI.jpg,false,,landscape,0.23405301570892334
real_landscape_landscape_125_4UfCRXv_tGM.jpg,false,,landscape,0.00013083626981824636
real_landscape_landscape_092__XHphe2atWM.jpg,false,,landscape,3.90380373573862e-05
real_landscape_landscape_109_-UsvhirEIeI.jpg,false,,landscape,0.83039790391922
real_landscape_landscape_129_5LyYqPEv8w0.jpg,false,,landscape,0.483344167470932
real_landscape_landscape_070_uQDRDqpYJHI.jpg,false,,landscape,0.0005044696154072881
real_landscape_landscape_71_a_black_and_white_photo_of_a_train.jpg,false,,landscape,0.07862674444913864
real_landscape_landscape_057_C69YOsY9lYg.jpg,false,,landscape,0.00038238943670876324
real_landscape_landscape_089_zjOv1yyUzQg.jpg,false,,landscape,0.06162159517407417
real_landscape_landscape_130_qOxQEA8obSg.jpg,false,,landscape,0.9989000558853149
real_landscape_landscape_163_Bz4dHv-9PFQ.jpg,false,,landscape,0.00032855605240911245
real_landscape_landscape_071_zjqqKVQZoNg.jpg,false,,landscape,0.5794909000396729
real_landscape_landscape_76_a_blue_rusted_train_engine_sitting_on_top_of_rail_tracks.jpg,false,,landscape,0.001537202624604106
real_landscape_landscape_114_FCPJn1NeFdI.jpg,false,,landscape,0.018149225041270256
real_landscape_landscape_156_pcgo3E7vJr4.jpg,false,,landscape,0.002137246076017618
real_landscape_landscape_075_G86MS2ZsiJA.jpg,false,,landscape,5.760081694461405e-05
real_landscape_landscape_059_i7OiHRQkJHY.jpg,false,,landscape,0.7858083844184875
real_landscape_landscape_164_tMYDgAySy9w.jpg,false,,landscape,0.0001902652147691697
real_landscape_landscape_84_part_of_train_car_with_a_door_to_the_rear_connected_to_the_c.jpg,false,,landscape,4.4466331019066274e-05
real_landscape_landscape_083_DlCr9IujpJI.jpg,false,,landscape,6.294734339462593e-05
real_landscape_landscape_04_dramatic_mountain_valley.jpg,false,,landscape,0.00023733933630865067
real_landscape_landscape_02_sunset_over_mountains.jpg,false,,landscape,0.02307838574051857
real_landscape_landscape_53_a_train_of_many_colors_is_coming_down_the_track.jpg,false,,landscape,0.00047094153705984354
real_landscape_landscape_100_xpLNPVL3IJA.jpg,false,,landscape,0.020032541826367378
real_landscape_landscape_153_6SGsL73EbKM.jpg,false,,landscape,0.006971119903028011
real_landscape_landscape_107_cssvEZacHvQ.jpg,false,,landscape,0.006601169239729643
real_landscape_landscape_79_an_orange_train_traveling_along_train_tracks_near_a_train_ya.jpg,false,,landscape,0.1250036358833313
real_landscape_landscape_090_tZaA8VqJG3g.jpg,false,,landscape,0.2590901553630829
real_landscape_landscape_73_a_tall_church_tower_sitting_on_the_side_of_a_road.jpg,false,,landscape,0.016773423179984093
real_landscape_landscape_61_a_wooden_bench_sitting_outside_of_a_home.jpg,false,,landscape,3.980040219175862e-06
real_landscape_landscape_03_lake_reflection.jpg,false,,landscape,0.0050926958210766315
real_landscape_landscape_155_DqIyKlJa-2s.jpg,false,,landscape,0.0056823063641786575
real_landscape_landscape_105_ur4NB1f3kQ8.jpg,false,,landscape,7.516838377341628e-05
real_landscape_landscape_128_MasnAA5KqDY.jpg,false,,landscape,0.00031041333568282425
real_landscape_landscape_134_1pFIPoOa--Y.jpg,false,,landscape,0.06154590845108032
real_landscape_landscape_097_1U6EOU8hiTM.jpg,false,,landscape,7.404265033983393e-06
real_landscape_landscape_047_58Mkqady7lE.jpg,false,,landscape,0.03177870064973831
real_landscape_landscape_102_T-AOFf2B8Zw.jpg,false,,landscape,0.0004356670833658427
real_landscape_landscape_83_a_small_bus_parked_in_front_of_a_bus_stop.jpg,false,,landscape,0.0002908599271904677
real_landscape_landscape_162_3m4lH961q20.jpg,false,,landscape,0.0003793852520175278
real_landscape_landscape_122_K5eIMIz8kaI.jpg,false,,landscape,0.7374541163444519
real_landscape_landscape_069_TdoxXD7aGv8.jpg,false,,landscape,0.8708016276359558
real_landscape_landscape_165_C2YORgsJqXs.jpg,false,,landscape,0.7632646560668945
real_landscape_landscape_152_ayzzI9nOjWY.jpg,false,,landscape,0.40061378479003906
real_landscape_landscape_54_white_birds_are_gathered_around_a_water_puddle.jpg,false,,landscape,8.39280619402416e-05
real_landscape_landscape_078_TnLdd0LMfwk.jpg,false,,landscape,0.22724649310112
real_landscape_landscape_068_aqS6bCynDv8.jpg,false,,landscape,0.7259193062782288
real_landscape_landscape_07_desert_dunes.jpg,false,,landscape,0.29038605093955994
real_landscape_landscape_166_ioAK4HESn6k.jpg,false,,landscape,0.00025369590730406344
real_landscape_landscape_111_62_2KGyX13E.jpg,false,,landscape,0.0017598086269572377
real_landscape_landscape_60_a_red_and_silver_fire_hydrant_sitting_on_top_of_a_sidewalk.jpg,false,,landscape,8.928594070312101e-06
real_landscape_landscape_158_QAXDmkU60OU.jpg,false,,landscape,0.0062749553471803665
real_landscape_landscape_138_78wDBw9ajUk.jpg,false,,landscape,0.0011435949709266424
real_landscape_landscape_142_3bsVcAbqS7Q.jpg,false,,landscape,0.00023211359803099185
real_landscape_landscape_131_hoAFrPJlbT0.jpg,false,,landscape,0.0006169089465402067
real_landscape_landscape_106_hu8Mp-XTksA.jpg,false,,landscape,0.0001258619740838185
real_landscape_landscape_082_ercx7zE_Mzo.jpg,false,,landscape,5.84709232498426e-05
real_landscape_landscape_132_zUEjNDEEca8.jpg,false,,landscape,0.008952207863330841
real_landscape_landscape_78_a_yellow_bus_is_on_a_street_near_a_black_guard_rail.jpg,false,,landscape,0.0015949893277138472
real_landscape_landscape_159_G4su92tyImI.jpg,false,,landscape,0.0013847853988409042
real_landscape_landscape_088_N22iRE8u3MU.jpg,false,,landscape,2.480674629623536e-05
real_landscape_landscape_168_r-PPOX0QQ1g.jpg,false,,landscape,0.0005746327806264162
real_landscape_landscape_074_r2Ug9sXPEHA.jpg,false,,landscape,0.4186164140701294
real_landscape_landscape_57_a_yellow_and_green_train_at_stop_lights.jpg,false,,landscape,9.769170901563484e-06
real_landscape_landscape_146__MCLUFQlZ_c.jpg,false,,landscape,4.152888141106814e-05
real_landscape_landscape_096_3eC5n6gHwe8.jpg,false,,landscape,0.04177455976605415
real_landscape_landscape_063_Lm6mqM_KqQY.jpg,false,,landscape,0.09092514961957932
real_landscape_landscape_145_xZX3pXjQQSw.jpg,false,,landscape,0.55667644739151
real_landscape_landscape_74_a_bathroom_with_some_orange_walls_and_a_black_and_white_coun.jpg,false,,landscape,0.0006242126110009849
real_landscape_landscape_136_awNpFWNTGFY.jpg,false,,landscape,0.014395968988537788
real_landscape_landscape_061_bk4hN4Jvnac.jpg,false,,landscape,0.004575970582664013
real_landscape_landscape_121_JtVkmKQ1FQI.jpg,false,,landscape,0.0214473195374012
real_landscape_landscape_104_6gt7AoSk5pQ.jpg,false,,landscape,0.0008914914797060192
real_landscape_landscape_139_aoWukdAWJno.jpg,false,,landscape,0.008705324493348598
real_landscape_landscape_75_a_city_traffic_signal_and_street_at_night.jpg,false,,landscape,0.2970750629901886
real_landscape_landscape_055_ixbSaWYYOwY.jpg,false,,landscape,0.00048372341552749276
real_landscape_landscape_137_9CkGNheiEFQ.jpg,false,,landscape,0.021580247208476067
real_landscape_landscape_066_7AKHr2kdmAc.jpg,false,,landscape,0.0002122533624060452
real_landscape_landscape_08_ocean_waves_beach.jpg,false,,landscape,0.08554913103580475
real_landscape_landscape_076_OrkbCipJriw.jpg,false,,landscape,0.0010738606797531247
real_landscape_landscape_113_etJBEUW4ZDg.jpg,false,,landscape,6.705852865707129e-05
real_landscape_landscape_123_ac9BZlaKuG4.jpg,false,,landscape,0.005143840331584215
real_landscape_landscape_049_yFCXHHLEZA0.jpg,false,,landscape,0.00016224029241129756
real_landscape_landscape_151_OueojWSe66o.jpg,false,,landscape,0.001408406998962164
real_landscape_landscape_087_NW-WPrJoyzc.jpg,false,,landscape,1.4498057680611964e-05
real_landscape_landscape_62_two_large_jets_sitting_on_top_of_an_airport_runway.jpg,false,,landscape,0.00020283565390855074
real_landscape_landscape_67_an_image_of_a_subway_bus_going_thru_the_subway_station.jpg,false,,landscape,0.0002459913957864046
real_landscape_landscape_64_a_bird_sitting_on_top_of_a_park_bench.jpg,false,,landscape,5.935863737249747e-05
real_landscape_landscape_141_F0_qeY5OWJE.jpg,false,,landscape,2.0791969291167334e-05
real_landscape_landscape_149_zMhnN9FpDBE.jpg,false,,landscape,0.0005078710964880884
real_landscape_landscape_56_a_train_on_the_tracks_out_in_the_country.jpg,false,,landscape,4.559767330647446e-05
real_landscape_landscape_103_Yd6TC3qee6M.jpg,false,,landscape,0.39445585012435913
real_landscape_landscape_052_Xaje8s7H9Cw.jpg,false,,landscape,1.025973597279517e-05
real_landscape_landscape_01_mountain_peaks_with_snow.jpg,false,,landscape,0.030982069671154022
real_landscape_landscape_058_CPIQfMbSjmM.jpg,false,,landscape,0.004724082536995411
real_landscape_landscape_065_xMMh-VFGL9M.jpg,false,,landscape,0.014698556624352932
real_landscape_landscape_72_a_street_corner_with_a_brown_and_white_building_on_it.jpg,false,,landscape,2.586397749837488e-05
real_landscape_landscape_094_8v_1afZJpg4.jpg,false,,landscape,0.07709537446498871
real_landscape_landscape_150_NoSRqbXJY68.jpg,false,,landscape,0.019753053784370422
real_landscape_landscape_144_MZxQoMVN518.jpg,false,,landscape,0.002150499727576971
real_landscape_landscape_63_a_pole_with_a_street_light_and_signs_next_to_a_bare_tree.jpg,false,,landscape,1.3922204743721522e-05
real_landscape_landscape_127_uFdsMOjWX58.jpg,false,,landscape,0.0896611139178276
real_landscape_landscape_101_C27Jip4jz4k.jpg,false,,landscape,0.0002477954840287566
real_landscape_landscape_050_nlllZxwRoLM.jpg,false,,landscape,2.338703598070424e-05
real_landscape_landscape_054_R0hVu1Mqo7A.jpg,false,,landscape,0.0037582016084343195
real_landscape_landscape_170_rGmCuOfPwnk.jpg,false,,landscape,0.2557140290737152
real_landscape_landscape_52_the_train_engine_is_followed_by_a_line_of_open_cars.jpg,false,,landscape,0.0009176215971820056
real_landscape_landscape_50_a_green_bench_sitting_on_the_side_of_a_sidewalk.jpg,false,,landscape,7.684683077968657e-05
real_landscape_landscape_65_these_toilets_are_being_used_outside_as_decor.jpg,false,,landscape,0.0007172329933382571
real_landscape_landscape_148_qgfiux6vEmc.jpg,false,,landscape,2.744485391303897e-05
real_landscape_landscape_169_TWvnc-oToE4.jpg,false,,landscape,5.157847408554517e-05
real_landscape_landscape_112_hfxvkEzd_I0.jpg,false,,landscape,0.03885897248983383
real_landscape_landscape_70_a_semi_truck_is_driving_down_a_street.jpg,false,,landscape,0.006362404208630323
real_landscape_landscape_084_uzWLhB7n3m8.jpg,false,,landscape,0.0017411949811503291
real_landscape_landscape_091_Bch-Zl9ZUc8.jpg,false,,landscape,0.0002682632766664028
real_landscape_landscape_66_a_few_meters_are_sitting_near_an_air_plane.jpg,false,,landscape,1.4035946151125245e-05
real_landscape_landscape_108_LpryxGvyY-8.jpg,false,,landscape,0.004042897839099169
