id,is_ai,generator,category,score
ai_art_qwen_2512_art_08.png,true,Qwen 2512,art,0.9999980926513672
ai_art_flux_2_flex_art_03.png,true,Flux,art,0.9999624490737915
ai_art_seedream_v3_art_07.png,true,Seedream,art,0.9999524354934692
ai_art_seedream_v3_art_06.png,true,Seedream,art,0.999993085861206
ai_art_flux_2_flex_art_02.png,true,Flux,art,0.9970598816871643
ai_art_glm_image_art_01.png,true,GLM Image,art,0.38710832595825195
ai_art_qwen_2512_art_09.png,true,Qwen 2512,art,0.9999947547912598
ai_art_wan_v2.6_art_09.png,true,Wan v2.6,art,0.018592972308397293
ai_art_flux_schnell_art_08.png,true,Flux Schnell,art,0.9998481273651123
ai_art_glm_image_art_03.png,true,GLM Image,art,0.9998229146003723
ai_art_seedream_v3_art_10.png,true,Seedream,art,0.7130385041236877
ai_art_seedream_v3_art_04.png,true,Seedream,art,0.009932014159858227
ai_art_seedream_v3_art_05.png,true,Seedream,art,0.0002464472781866789
ai_art_flux_2_flex_art_01.png,true,Flux,art,0.9999556541442871
ai_art_glm_image_art_02.png,true,GLM Image,art,0.9999943971633911
ai_art_flux_schnell_art_09.png,true,Flux Schnell,art,0.999968409538269
ai_art_wan_v2.6_art_08.png,true,Wan v2.6,art,0.9985155463218689
ai_art_z_image_art_09.png,true,Z,art,0.9998262524604797
ai_art_glm_image_art_06.png,true,GLM Image,art,0.9999960660934448
ai_art_flux_2_flex_art_05.png,true,Flux,art,0.9554483294487
ai_art_seedream_v3_art_01.png,true,Seedream,art,0.9007476568222046
ai_art_flux_2_flex_art_10.png,true,Flux,art,0.9999979734420776
ai_art_flux_2_flex_art_04.png,true,Flux,art,0.9642037153244019
ai_art_glm_image_art_07.png,true,GLM Image,art,0.999997615814209
ai_art_z_image_art_08.png,true,Z,art,0.9999847412109375
ai_art_glm_image_art_05.png,true,GLM Image,art,0.0005343739176169038
ai_art_flux_2_flex_art_06.png,true,Flux,art,0.999990701675415
ai_art_seedream_v3_art_02.png,true,Seedream,art,0.9999315738677979
ai_art_seedream_v3_art_03.png,true,Seedream,art,0.0033474236261099577
ai_art_flux_2_flex_art_07.png,true,Flux,art,0.9999970197677612
ai_art_glm_image_art_10.png,true,GLM Image,art,0.9990066885948181
ai_art_glm_image_art_04.png,true,GLM Image,art,0.9998241066932678
ai_art_hunyuan_v3_art_07.png,true,Hunyuan v3,art,0.31310924887657166
ai_art_ideogram_v3_art_04.png,true,Ideogram v3,art,0.003018768737092614
ai_art_ideogram_v3_art_10.png,true,Ideogram v3,art,0.8296368718147278
ai_art_sd_3.5_large_art_08.png,true,Sd,art,0.9999861717224121
ai_art_seedream_v4_art_03.png,true,Seedream,art,0.000738296948838979
ai_art_leonardo_phoenix_art_06.png,true,Leonardo Phoenix,art,0.9995379447937012
ai_art_leonardo_phoenix_art_07.png,true,Leonardo Phoenix,art,0.9999215602874756
ai_art_grok_aurora_art_01.png,true,Grok Aurora,art,0.9999403953552246
ai_art_seedream_v4_art_02.png,true,Seedream,art,0.005244866479188204
ai_art_sd_3.5_large_art_09.png,true,Sd,art,0.614699125289917
ai_art_ideogram_v3_art_05.png,true,Ideogram v3,art,0.9985033273696899
ai_art_hunyuan_v3_art_06.png,true,Hunyuan v3,art,0.9997232556343079
ai_art_hunyuan_v3_art_04.png,true,Hunyuan v3,art,0.20185333490371704
ai_art_hunyuan_v3_art_10.png,true,Hunyuan v3,art,0.9970248341560364
ai_art_recraft_v3_art_09.png,true,Recraft v3,art,0.9999102354049683
ai_art_ideogram_v3_art_07.png,true,Ideogram v3,art,0.009973300620913506
ai_art_grok_aurora_art_03.png,true,Grok Aurora,art,0.9999306201934814
ai_art_leonardo_phoenix_art_05.png,true,Leonardo Phoenix,art,0.9952977299690247
ai_art_leonardo_phoenix_art_10.png,true,Leonardo Phoenix,art,0.9999867677688599
ai_art_leonardo_phoenix_art_04.png,true,Leonardo Phoenix,art,0.9822210669517517
ai_art_grok_aurora_art_02.png,true,Grok Aurora,art,0.9997872710227966
ai_art_seedream_v4_art_01.png,true,Seedream,art,0.6307353973388672
ai_art_ideogram_v3_art_06.png,true,Ideogram v3,art,0.9439803957939148
ai_art_recraft_v3_art_08.png,true,Recraft v3,art,0.9727903008460999
ai_art_hunyuan_v3_art_05.png,true,Hunyuan v3,art,0.9673214554786682
ai_art_hunyuan_v3_art_01.png,true,Hunyuan v3,art,0.30448246002197266
ai_art_ideogram_v3_art_02.png,true,Ideogram v3,art,0.04251489415764809
ai_art_flux_pro_v1.1_art_09.png,true,Flux Pro v1.1,art,0.9873379468917847
ai_art_seedream_v4_art_05.png,true,Seedream,art,0.37883901596069336
ai_art_grok_aurora_art_06.png,true,Grok Aurora,art,0.9999793767929077
ai_art_grok_aurora_art_07.png,true,Grok Aurora,art,0.8099167943000793
ai_art_leonardo_phoenix_art_01.png,true,Leonardo Phoenix,art,0.17013783752918243
ai_art_seedream_v4_art_04.png,true,Seedream,art,0.0008306463714689016
ai_art_seedream_v4_art_10.png,true,Seedream,art,0.003623902564868331
ai_art_flux_pro_v1.1_art_08.png,true,Flux Pro v1.1,art,0.9998806715011597
ai_art_ideogram_v3_art_03.png,true,Ideogram v3,art,0.7231717109680176
ai_art_hunyuan_v3_art_02.png,true,Hunyuan v3,art,0.17606951296329498
ai_art_gpt_image_1.5_art_08.png,true,Gpt,art,0.9960911870002747
ai_art_ideogram_v3_art_01.png,true,Ideogram v3,art,0.6541615724563599
ai_art_gemini_3_pro_art_09.png,true,Gemini 3 Pro,art,0.9853048920631409
ai_art_seedream_v4_art_06.png,true,Seedream,art,0.6786966919898987
ai_art_leonardo_phoenix_art_03.png,true,Leonardo Phoenix,art,0.9995680451393127
ai_art_grok_aurora_art_05.png,true,Grok Aurora,art,0.9980897307395935
ai_art_grok_aurora_art_10.png,true,Grok Aurora,art,0.9974478483200073
ai_art_grok_aurora_art_04.png,true,Grok Aurora,art,0.9823939800262451
ai_art_leonardo_phoenix_art_02.png,true,Leonardo Phoenix,art,0.7593054175376892
ai_art_seedream_v4_art_07.png,true,Seedream,art,0.009024797938764095
ai_art_gemini_3_pro_art_08.png,true,Gemini 3 Pro,art,0.995254635810852
ai_art_gpt_image_1.5_art_09.png,true,Gpt,art,0.012774604372680187
ai_art_hunyuan_v3_art_03.png,true,Hunyuan v3,art,0.9815834164619446
ai_art_gpt_image_1.5_art_10.png,true,Gpt,art,0.11707087606191635
ai_art_recraft_v3_art_03.png,true,Recraft v3,art,0.9983943104743958
ai_art_gpt_image_1.5_art_04.png,true,Gpt,art,0.01281680352985859
ai_art_sd_3.5_large_art_01.png,true,Sd,art,0.965087354183197
ai_art_gemini_3_pro_art_05.png,true,Gemini 3 Pro,art,0.34288156032562256
ai_art_flux_pro_v1.1_art_06.png,true,Flux Pro v1.1,art,0.5144544839859009
ai_art_grok_aurora_art_09.png,true,Grok Aurora,art,0.9950820207595825
ai_art_grok_aurora_art_08.png,true,Grok Aurora,art,0.9994320273399353
ai_art_flux_pro_v1.1_art_07.png,true,Flux Pro v1.1,art,0.04897283762693405
ai_art_gemini_3_pro_art_10.png,true,Gemini 3 Pro,art,0.9999326467514038
ai_art_gemini_3_pro_art_04.png,true,Gemini 3 Pro,art,0.4587170481681824
ai_art_gpt_image_1.5_art_05.png,true,Gpt,art,0.001252395799383521
ai_art_recraft_v3_art_02.png,true,Recraft v3,art,0.9996137022972107
ai_art_gpt_image_1.5_art_07.png,true,Gpt,art,0.9909080266952515
ai_art_gemini_3_pro_art_06.png,true,Gemini 3 Pro,art,0.9999747276306152
ai_art_sd_3.5_large_art_02.png,true,Sd,art,0.9999600648880005
ai_art_flux_pro_v1.1_art_05.png,true,Flux Pro v1.1,art,0.991578221321106
ai_art_seedream_v4_art_09.png,true,Seedream,art,0.89519202709198
ai_art_seedream_v4_art_08.png,true,Seedream,art,0.006001897156238556
ai_art_flux_pro_v1.1_art_10.png,true,Flux Pro v1.1,art,0.9926562309265137
ai_art_flux_pro_v1.1_art_04.png,true,Flux Pro v1.1,art,0.9995788931846619
ai_art_gemini_3_pro_art_07.png,true,Gemini 3 Pro,art,0.8817530870437622
ai_art_sd_3.5_large_art_03.png,true,Sd,art,0.9999598264694214
ai_art_recraft_v3_art_01.png,true,Recraft v3,art,0.844770073890686
ai_art_gpt_image_1.5_art_06.png,true,Gpt,art,0.9999406337738037
ai_art_hunyuan_v3_art_08.png,true,Hunyuan v3,art,0.400712251663208
ai_art_gpt_image_1.5_art_02.png,true,Gpt,art,0.9976389408111572
ai_art_recraft_v3_art_05.png,true,Recraft v3,art,0.9981673955917358
ai_art_sd_3.5_large_art_07.png,true,Sd,art,0.9999991655349731
ai_art_gemini_3_pro_art_03.png,true,Gemini 3 Pro,art,0.9951895475387573
ai_art_leonardo_phoenix_art_09.png,true,Leonardo Phoenix,art,0.9935351610183716
ai_art_leonardo_phoenix_art_08.png,true,Leonardo Phoenix,art,0.958877682685852
ai_art_flux_pro_v1.1_art_01.png,true,Flux Pro v1.1,art,0.9993934631347656
ai_art_sd_3.5_large_art_06.png,true,Sd,art,0.9999423027038574
ai_art_gemini_3_pro_art_02.png,true,Gemini 3 Pro,art,0.9803640842437744
ai_art_recraft_v3_art_10.png,true,Recraft v3,art,0.9976980090141296
ai_art_recraft_v3_art_04.png,true,Recraft v3,art,0.8384186029434204
ai_art_gpt_image_1.5_art_03.png,true,Gpt,art,0.06877389550209045
ai_art_hunyuan_v3_art_09.png,true,Hunyuan v3,art,0.18663449585437775
ai_art_recraft_v3_art_06.png,true,Recraft v3,art,0.999930739402771
ai_art_gpt_image_1.5_art_01.png,true,Gpt,art,0.9391273856163025
ai_art_sd_3.5_large_art_04.png,true,Sd,art,0.9991011619567871
ai_art_sd_3.5_large_art_10.png,true,Sd,art,0.06566192954778671
ai_art_ideogram_v3_art_08.png,true,Ideogram v3,art,0.9947033524513245
ai_art_flux_pro_v1.1_art_03.png,true,Flux Pro v1.1,art,0.9998735189437866
ai_art_flux_pro_v1.1_art_02.png,true,Flux Pro v1.1,art,0.9809224009513855
ai_art_ideogram_v3_art_09.png,true,Ideogram v3,art,0.9962066411972046
ai_art_gemini_3_pro_art_01.png,true,Gemini 3 Pro,art,0.999900221824646
ai_art_sd_3.5_large_art_05.png,true,Sd,art,0.047173481434583664
ai_art_recraft_v3_art_07.png,true,Recraft v3,art,0.9914167523384094
ai_art_wan_v2.6_art_03.png,true,Wan v2.6,art,0.10653327405452728
ai_art_flux_schnell_art_02.png,true,Flux Schnell,art,0.9860463738441467
ai_art_qwen_2512_art_01.png,true,Qwen 2512,art,0.9999772310256958
ai_art_z_image_art_06.png,true,Z,art,0.9999988079071045
ai_art_glm_image_art_09.png,true,GLM Image,art,0.39535972476005554
ai_art_glm_image_art_08.png,true,GLM Image,art,0.9999473094940186
ai_art_z_image_art_07.png,true,Z,art,0.9999886751174927
ai_art_flux_schnell_art_03.png,true,Flux Schnell,art,0.9999985694885254
ai_art_wan_v2.6_art_02.png,true,Wan v2.6,art,0.6043153405189514
ai_art_qwen_2512_art_02.png,true,Qwen 2512,art,0.9998441934585571
ai_art_flux_schnell_art_01.png,true,Flux Schnell,art,0.9994749426841736
ai_art_z_image_art_05.png,true,Z,art,0.9999946355819702
ai_art_flux_2_flex_art_09.png,true,Flux,art,0.033568475395441055
ai_art_flux_2_flex_art_08.png,true,Flux,art,0.009994156658649445
ai_art_z_image_art_04.png,true,Z,art,0.9342561960220337
ai_art_z_image_art_10.png,true,Z,art,0.996431827545166
ai_art_qwen_2512_art_03.png,true,Qwen 2512,art,0.999934196472168
ai_art_wan_v2.6_art_01.png,true,Wan v2.6,art,0.9999903440475464
ai_art_flux_schnell_art_10.png,true,Flux Schnell,art,0.9065760374069214
ai_art_wan_v2.6_art_05.png,true,Wan v2.6,art,0.9779449105262756
ai_art_flux_schnell_art_04.png,true,Flux Schnell,art,0.9967063069343567
ai_art_qwen_2512_art_07.png,true,Qwen 2512,art,0.9965084195137024
ai_art_seedream_v3_art_08.png,true,Seedream,art,0.9999808073043823
ai_art_seedream_v3_art_09.png,true,Seedream,art,0.156354159116745
ai_art_z_image_art_01.png,true,Z,art,0.9321229457855225
ai_art_flux_schnell_art_05.png,true,Flux Schnell,art,0.9999843835830688
ai_art_wan_v2.6_art_04.png,true,Wan v2.6,art,0.9884725213050842
ai_art_qwen_2512_art_06.png,true,Qwen 2512,art,0.9999796152114868
ai_art_wan_v2.6_art_10.png,true,Wan v2.6,art,0.698893666267395
ai_art_qwen_2512_art_04.png,true,Qwen 2512,art,0.9997190833091736
ai_art_wan_v2.6_art_06.png,true,Wan v2.6,art,0.9999133348464966
ai_art_flux_schnell_art_07.png,true,Flux Schnell,art,0.12118427455425262
ai_art_qwen_2512_art_10.png,true,Qwen 2512,art,0.9994779229164124
ai_art_z_image_art_03.png,true,Z,art,0.9115427732467651
ai_art_z_image_art_02.png,true,Z,art,0.9994182586669922
ai_art_qwen_2512_art_05.png,true,Qwen 2512,art,0.9999629259109497
ai_art_flux_schnell_art_06.png,true,Flux Schnell,art,0.9992675185203552
ai_art_wan_v2.6_art_07.png,true,Wan v2.6,art,0.9999518394470215
ai_portrait_seedream_v3_portrait_10.png,true,Seedream,portrait,0.9909976720809937
ai_portrait_seedream_v3_portrait_04.png,true,Seedream,portrait,0.9015705585479736
ai_portrait_recraft_v3_portrait_05.png,true,Recraft v3,portrait,0.9999066591262817
ai_portrait_flux_pro_v1.1_portrait_09.png,true,Flux Pro v1.1,portrait,0.9994761347770691
ai_portrait_flux_pro_v1.1_portrait_08.png,true,Flux Pro v1.1,portrait,0.8461502194404602
ai_portrait_wan_v2.6_portrait_01.png,true,Wan v2.6,portrait,0.9986374974250793
ai_portrait_recraft_v3_portrait_04.png,true,Recraft v3,portrait,0.9997884631156921
ai_portrait_recraft_v3_portrait_10.png,true,Recraft v3,portrait,0.9970982074737549
ai_portrait_seedream_v3_portrait_05.png,true,Seedream,portrait,0.9960785508155823
ai_portrait_seedream_v4_portrait_01.png,true,Seedream,portrait,0.8190555572509766
ai_portrait_seedream_v4_portrait_03.png,true,Seedream,portrait,0.9336620569229126
ai_portrait_seedream_v3_portrait_07.png,true,Seedream,portrait,0.36286699771881104
ai_portrait_hunyuan_v3_portrait_09.png,true,Hunyuan v3,portrait,0.8843477368354797
ai_portrait_recraft_v3_portrait_06.png,true,Recraft v3,portrait,0.9208896160125732
ai_portrait_wan_v2.6_portrait_03.png,true,Wan v2.6,portrait,0.9999258518218994
ai_portrait_wan_v2.6_portrait_02.png,true,Wan v2.6,portrait,0.9997808337211609
ai_portrait_recraft_v3_portrait_07.png,true,Recraft v3,portrait,0.9064543843269348
ai_portrait_hunyuan_v3_portrait_08.png,true,Hunyuan v3,portrait,0.00034991896245628595
ai_portrait_seedream_v3_portrait_06.png,true,Seedream,portrait,0.9996776580810547
ai_portrait_seedream_v4_portrait_02.png,true,Seedream,portrait,0.5235569477081299
ai_portrait_seedream_v3_portrait_02.png,true,Seedream,portrait,0.0012388575123623013
ai_portrait_seedream_v4_portrait_06.png,true,Seedream,portrait,0.015385930426418781
ai_portrait_recraft_v3_portrait_03.png,true,Recraft v3,portrait,0.7324657440185547
ai_portrait_grok_aurora_portrait_09.png,true,Grok Aurora,portrait,0.004521940369158983
ai_portrait_qwen_2512_portrait_08.png,true,Qwen 2512,portrait,0.9580877423286438
ai_portrait_wan_v2.6_portrait_06.png,true,Wan v2.6,portrait,0.9854236245155334
ai_portrait_wan_v2.6_portrait_07.png,true,Wan v2.6,portrait,0.9990973472595215
ai_portrait_qwen_2512_portrait_09.png,true,Qwen 2512,portrait,0.9448158740997314
ai_portrait_recraft_v3_portrait_02.png,true,Recraft v3,portrait,0.3906137943267822
ai_portrait_grok_aurora_portrait_08.png,true,Grok Aurora,portrait,0.9999771118164062
ai_portrait_seedream_v4_portrait_07.png,true,Seedream,portrait,0.050772808492183685
ai_portrait_seedream_v3_portrait_03.png,true,Seedream,portrait,0.919681191444397
ai_portrait_seedream_v3_portrait_01.png,true,Seedream,portrait,0.999950647354126
ai_portrait_seedream_v4_portrait_05.png,true,Seedream,portrait,0.10082665085792542
ai_portrait_wan_v2.6_portrait_05.png,true,Wan v2.6,portrait,0.059474002569913864
ai_portrait_flux_schnell_portrait_08.png,true,Flux Schnell,portrait,0.9957701563835144
ai_portrait_flux_schnell_portrait_09.png,true,Flux Schnell,portrait,0.9998239874839783
ai_portrait_wan_v2.6_portrait_10.png,true,Wan v2.6,portrait,0.8870293498039246
ai_portrait_wan_v2.6_portrait_04.png,true,Wan v2.6,portrait,0.9943087697029114
ai_portrait_recraft_v3_portrait_01.png,true,Recraft v3,portrait,0.7324060201644897
ai_portrait_seedream_v4_portrait_04.png,true,Seedream,portrait,0.9662774205207825
ai_portrait_seedream_v4_portrait_10.png,true,Seedream,portrait,0.0003517498553264886
ai_portrait_z_image_portrait_01.png,true,Z,portrait,0.9998910427093506
ai_portrait_ideogram_v3_portrait_01.png,true,Ideogram v3,portrait,0.9997225403785706
ai_portrait_leonardo_phoenix_portrait_07.png,true,Leonardo Phoenix,portrait,0.9988216757774353
ai_portrait_sd_3.5_large_portrait_05.png,true,Sd,portrait,0.9984569549560547
ai_portrait_gpt_image_1.5_portrait_01.png,true,Gpt,portrait,0.9953206181526184
ai_portrait_flux_2_flex_portrait_03.png,true,Flux,portrait,0.9999964237213135
ai_portrait_gemini_3_pro_portrait_10.png,true,Gemini 3 Pro,portrait,0.04101621359586716
ai_portrait_gemini_3_pro_portrait_04.png,true,Gemini 3 Pro,portrait,0.006462366320192814
ai_portrait_gemini_3_pro_portrait_05.png,true,Gemini 3 Pro,portrait,0.006148759741336107
ai_portrait_flux_2_flex_portrait_02.png,true,Flux,portrait,0.9998902082443237
ai_portrait_sd_3.5_large_portrait_04.png,true,Sd,portrait,0.9999483823776245
ai_portrait_leonardo_phoenix_portrait_06.png,true,Leonardo Phoenix,portrait,0.998450517654419
ai_portrait_sd_3.5_large_portrait_10.png,true,Sd,portrait,0.9802581071853638
ai_portrait_glm_image_portrait_01.png,true,GLM Image,portrait,0.9998624324798584
ai_portrait_z_image_portrait_02.png,true,Z,portrait,0.9992873072624207
ai_portrait_glm_image_portrait_03.png,true,GLM Image,portrait,0.9999722242355347
ai_portrait_ideogram_v3_portrait_02.png,true,Ideogram v3,portrait,0.6543000340461731
ai_portrait_leonardo_phoenix_portrait_10.png,true,Leonardo Phoenix,portrait,0.9999938011169434
ai_portrait_sd_3.5_large_portrait_06.png,true,Sd,portrait,0.9998202919960022
ai_portrait_leonardo_phoenix_portrait_04.png,true,Leonardo Phoenix,portrait,0.9988853335380554
ai_portrait_gpt_image_1.5_portrait_02.png,true,Gpt,portrait,0.0026058447547256947
ai_portrait_gemini_3_pro_portrait_07.png,true,Gemini 3 Pro,portrait,0.9988048076629639
ai_portrait_gemini_3_pro_portrait_06.png,true,Gemini 3 Pro,portrait,0.9966781139373779
ai_portrait_flux_2_flex_portrait_01.png,true,Flux,portrait,0.9996916055679321
ai_portrait_gpt_image_1.5_portrait_03.png,true,Gpt,portrait,0.9996150732040405
ai_portrait_leonardo_phoenix_portrait_05.png,true,Leonardo Phoenix,portrait,0.9998680353164673
ai_portrait_sd_3.5_large_portrait_07.png,true,Sd,portrait,0.999840497970581
ai_portrait_ideogram_v3_portrait_03.png,true,Ideogram v3,portrait,0.8899396657943726
ai_portrait_glm_image_portrait_02.png,true,GLM Image,portrait,0.9952033758163452
ai_portrait_z_image_portrait_03.png,true,Z,portrait,0.9999973773956299
ai_portrait_z_image_portrait_07.png,true,Z,portrait,0.9999381303787231
ai_portrait_glm_image_portrait_06.png,true,GLM Image,portrait,0.9999932050704956
ai_portrait_ideogram_v3_portrait_07.png,true,Ideogram v3,portrait,0.9880082607269287
ai_portrait_gpt_image_1.5_portrait_07.png,true,Gpt,portrait,0.8268773555755615
ai_portrait_sd_3.5_large_portrait_03.png,true,Sd,portrait,0.9994162321090698
ai_portrait_leonardo_phoenix_portrait_01.png,true,Leonardo Phoenix,portrait,0.09369610995054245
ai_portrait_gemini_3_pro_portrait_02.png,true,Gemini 3 Pro,portrait,0.553862988948822
ai_portrait_flux_2_flex_portrait_05.png,true,Flux,portrait,0.9997887015342712
ai_portrait_flux_2_flex_portrait_10.png,true,Flux,portrait,0.9999978542327881
ai_portrait_flux_2_flex_portrait_04.png,true,Flux,portrait,0.999804675579071
ai_portrait_gemini_3_pro_portrait_03.png,true,Gemini 3 Pro,portrait,0.9996367692947388
ai_portrait_sd_3.5_large_portrait_02.png,true,Sd,portrait,0.9987272620201111
ai_portrait_gpt_image_1.5_portrait_06.png,true,Gpt,portrait,0.013418788090348244
ai_portrait_ideogram_v3_portrait_06.png,true,Ideogram v3,portrait,0.23300980031490326
ai_portrait_glm_image_portrait_07.png,true,GLM Image,portrait,0.9999864101409912
ai_portrait_z_image_portrait_06.png,true,Z,portrait,0.9999173879623413
ai_portrait_z_image_portrait_10.png,true,Z,portrait,0.9980819225311279
ai_portrait_z_image_portrait_04.png,true,Z,portrait,0.9999525547027588
ai_portrait_glm_image_portrait_05.png,true,GLM Image,portrait,0.9813171625137329
ai_portrait_ideogram_v3_portrait_10.png,true,Ideogram v3,portrait,0.39158809185028076
ai_portrait_ideogram_v3_portrait_04.png,true,Ideogram v3,portrait,0.725825309753418
ai_portrait_gpt_image_1.5_portrait_10.png,true,Gpt,portrait,0.996222734451294
ai_portrait_gpt_image_1.5_portrait_04.png,true,Gpt,portrait,0.015365010127425194
ai_portrait_leonardo_phoenix_portrait_02.png,true,Leonardo Phoenix,portrait,0.05373535305261612
ai_portrait_gemini_3_pro_portrait_01.png,true,Gemini 3 Pro,portrait,0.027017371729016304
ai_portrait_flux_2_flex_portrait_06.png,true,Flux,portrait,0.9999957084655762
ai_portrait_flux_2_flex_portrait_07.png,true,Flux,portrait,0.9999251365661621
ai_portrait_sd_3.5_large_portrait_01.png,true,Sd,portrait,0.9986513257026672
ai_portrait_leonardo_phoenix_portrait_03.png,true,Leonardo Phoenix,portrait,0.902121901512146
ai_portrait_gpt_image_1.5_portrait_05.png,true,Gpt,portrait,0.9997699856758118
ai_portrait_ideogram_v3_portrait_05.png,true,Ideogram v3,portrait,0.725821852684021
ai_portrait_glm_image_portrait_10.png,true,GLM Image,portrait,0.9999850988388062
ai_portrait_glm_image_portrait_04.png,true,GLM Image,portrait,0.9999935626983643
ai_portrait_z_image_portrait_05.png,true,Z,portrait,0.6200127601623535
ai_portrait_z_image_portrait_08.png,true,Z,portrait,0.999998927116394
ai_portrait_glm_image_portrait_09.png,true,GLM Image,portrait,0.999964714050293
ai_portrait_ideogram_v3_portrait_08.png,true,Ideogram v3,portrait,0.18409962952136993
ai_portrait_gpt_image_1.5_portrait_08.png,true,Gpt,portrait,0.0017719840398058295
ai_portrait_gpt_image_1.5_portrait_09.png,true,Gpt,portrait,0.035611383616924286
ai_portrait_ideogram_v3_portrait_09.png,true,Ideogram v3,portrait,0.34274667501449585
ai_portrait_glm_image_portrait_08.png,true,GLM Image,portrait,0.9995816349983215
ai_portrait_z_image_portrait_09.png,true,Z,portrait,0.9990053772926331
ai_portrait_flux_2_flex_portrait_09.png,true,Flux,portrait,0.9993315935134888
ai_portrait_flux_2_flex_portrait_08.png,true,Flux,portrait,0.9979762434959412
ai_portrait_leonardo_phoenix_portrait_08.png,true,Leonardo Phoenix,portrait,0.12043007463216782
ai_portrait_leonardo_phoenix_portrait_09.png,true,Leonardo Phoenix,portrait,0.30563628673553467
ai_portrait_sd_3.5_large_portrait_09.png,true,Sd,portrait,0.6034562587738037
ai_portrait_gemini_3_pro_portrait_08.png,true,Gemini 3 Pro,portrait,0.9908329844474792
ai_portrait_gemini_3_pro_portrait_09.png,true,Gemini 3 Pro,portrait,0.31345003843307495
ai_portrait_sd_3.5_large_portrait_08.png,true,Sd,portrait,0.999993085861206
ai_portrait_seedream_v4_portrait_09.png,true,Seedream,portrait,0.07224264740943909
ai_portrait_hunyuan_v3_portrait_03.png,true,Hunyuan v3,portrait,0.3761415183544159
ai_portrait_grok_aurora_portrait_06.png,true,Grok Aurora,portrait,0.9734256267547607
ai_portrait_qwen_2512_portrait_07.png,true,Qwen 2512,portrait,0.9999294281005859
ai_portrait_wan_v2.6_portrait_09.png,true,Wan v2.6,portrait,0.9999977350234985
ai_portrait_flux_schnell_portrait_04.png,true,Flux Schnell,portrait,0.9999376535415649
ai_portrait_flux_schnell_portrait_10.png,true,Flux Schnell,portrait,0.9998685121536255
ai_portrait_flux_pro_v1.1_portrait_01.png,true,Flux Pro v1.1,portrait,0.15757553279399872
ai_portrait_flux_schnell_portrait_05.png,true,Flux Schnell,portrait,0.9989215135574341
ai_portrait_wan_v2.6_portrait_08.png,true,Wan v2.6,portrait,0.9741786122322083
ai_portrait_qwen_2512_portrait_06.png,true,Qwen 2512,portrait,0.9998928308486938
ai_portrait_grok_aurora_portrait_07.png,true,Grok Aurora,portrait,0.9990895986557007
ai_portrait_hunyuan_v3_portrait_02.png,true,Hunyuan v3,portrait,0.05185765400528908
ai_portrait_seedream_v4_portrait_08.png,true,Seedream,portrait,0.12660571932792664
ai_portrait_grok_aurora_portrait_05.png,true,Grok Aurora,portrait,0.9790535569190979
ai_portrait_qwen_2512_portrait_04.png,true,Qwen 2512,portrait,0.9423120617866516
ai_portrait_qwen_2512_portrait_10.png,true,Qwen 2512,portrait,0.9983699917793274
ai_portrait_flux_schnell_portrait_07.png,true,Flux Schnell,portrait,0.9996644258499146
ai_portrait_flux_pro_v1.1_portrait_03.png,true,Flux Pro v1.1,portrait,0.42588987946510315
ai_portrait_flux_pro_v1.1_portrait_02.png,true,Flux Pro v1.1,portrait,0.9998531341552734
ai_portrait_flux_schnell_portrait_06.png,true,Flux Schnell,portrait,0.9999731779098511
ai_portrait_qwen_2512_portrait_05.png,true,Qwen 2512,portrait,0.7137969732284546
ai_portrait_grok_aurora_portrait_04.png,true,Grok Aurora,portrait,0.9990992546081543
ai_portrait_grok_aurora_portrait_10.png,true,Grok Aurora,portrait,0.9999949932098389
ai_portrait_hunyuan_v3_portrait_01.png,true,Hunyuan v3,portrait,0.5144544839859009
ai_portrait_hunyuan_v3_portrait_05.png,true,Hunyuan v3,portrait,0.010251401923596859
ai_portrait_qwen_2512_portrait_01.png,true,Qwen 2512,portrait,0.9990226030349731
ai_portrait_flux_schnell_portrait_02.png,true,Flux Schnell,portrait,0.9868011474609375
ai_portrait_flux_pro_v1.1_portrait_06.png,true,Flux Pro v1.1,portrait,0.9994454979896545
ai_portrait_flux_pro_v1.1_portrait_07.png,true,Flux Pro v1.1,portrait,0.9912904500961304
ai_portrait_flux_schnell_portrait_03.png,true,Flux Schnell,portrait,0.9999076128005981
ai_portrait_grok_aurora_portrait_01.png,true,Grok Aurora,portrait,0.513562798500061
ai_portrait_hunyuan_v3_portrait_10.png,true,Hunyuan v3,portrait,0.06919927895069122
ai_portrait_hunyuan_v3_portrait_04.png,true,Hunyuan v3,portrait,0.9971760511398315
ai_portrait_seedream_v3_portrait_08.png,true,Seedream,portrait,0.9441089034080505
ai_portrait_hunyuan_v3_portrait_06.png,true,Hunyuan v3,portrait,0.9244022965431213
ai_portrait_recraft_v3_portrait_09.png,true,Recraft v3,portrait,0.04276153817772865
ai_portrait_grok_aurora_portrait_03.png,true,Grok Aurora,portrait,0.9971792697906494
ai_portrait_qwen_2512_portrait_02.png,true,Qwen 2512,portrait,0.9998557567596436
ai_portrait_flux_schnell_portrait_01.png,true,Flux Schnell,portrait,0.9999452829360962
ai_portrait_flux_pro_v1.1_portrait_05.png,true,Flux Pro v1.1,portrait,0.36238041520118713
ai_portrait_flux_pro_v1.1_portrait_10.png,true,Flux Pro v1.1,portrait,0.9997178912162781
ai_portrait_flux_pro_v1.1_portrait_04.png,true,Flux Pro v1.1,portrait,0.9285789728164673
ai_portrait_qwen_2512_portrait_03.png,true,Qwen 2512,portrait,0.7154564261436462
ai_portrait_recraft_v3_portrait_08.png,true,Recraft v3,portrait,0.9976569414138794
ai_portrait_grok_aurora_portrait_02.png,true,Grok Aurora,portrait,0.9999481439590454
ai_portrait_hunyuan_v3_portrait_07.png,true,Hunyuan v3,portrait,0.19078466296195984
ai_portrait_seedream_v3_portrait_09.png,true,Seedream,portrait,0.848379373550415
ai_product_flux_pro_v1.1_product_03.png,true,Flux Pro v1.1,product,0.004851453471928835
ai_product_flux_2_flex_product_03.png,true,Flux,product,0.9756320118904114
ai_product_gpt_image_1.5_product_03.png,true,Gpt,product,0.001271905959583819
ai_product_gpt_image_1.5_product_02.png,true,Gpt,product,0.4434899091720581
ai_product_flux_2_flex_product_02.png,true,Flux,product,0.4245770275592804
ai_product_flux_pro_v1.1_product_02.png,true,Flux Pro v1.1,product,0.8381668925285339
ai_product_grok_aurora_product_01.png,true,Grok Aurora,product,0.005875052884221077
ai_product_glm_image_product_08.png,true,GLM Image,product,0.9961559176445007
ai_product_grok_aurora_product_03.png,true,Grok Aurora,product,0.9757806658744812
ai_product_hunyuan_v3_product_09.png,true,Hunyuan v3,product,0.002925654873251915
ai_product_gpt_image_1.5_product_01.png,true,Gpt,product,0.4024185240268707
ai_product_hunyuan_v3_product_08.png,true,Hunyuan v3,product,0.09972207993268967
ai_product_flux_2_flex_product_01.png,true,Flux,product,0.7755114436149597
ai_product_flux_pro_v1.1_product_01.png,true,Flux Pro v1.1,product,0.7499951124191284
ai_product_grok_aurora_product_02.png,true,Grok Aurora,product,0.9709628224372864
ai_product_glm_image_product_09.png,true,GLM Image,product,0.6988463997840881
ai_product_grok_aurora_product_06.png,true,Grok Aurora,product,0.17575380206108093
ai_product_seedream_v4_product_08.png,true,Seedream,product,0.9981042146682739
ai_product_flux_pro_v1.1_product_05.png,true,Flux Pro v1.1,product,0.9958592057228088
ai_product_flux_2_flex_product_05.png,true,Flux,product,0.9859554767608643
ai_product_gpt_image_1.5_product_05.png,true,Gpt,product,0.00826440379023552
ai_product_gpt_image_1.5_product_10.png,true,Gpt,product,0.9993680119514465
ai_product_gpt_image_1.5_product_04.png,true,Gpt,product,0.007289128378033638
ai_product_flux_2_flex_product_04.png,true,Flux,product,0.996891438961029
ai_product_flux_2_flex_product_10.png,true,Flux,product,0.015402820892632008
ai_product_flux_pro_v1.1_product_10.png,true,Flux Pro v1.1,product,0.9972602128982544
ai_product_flux_pro_v1.1_product_04.png,true,Flux Pro v1.1,product,0.2967052161693573
ai_product_seedream_v4_product_09.png,true,Seedream,product,3.001706863869913e-05
ai_product_grok_aurora_product_07.png,true,Grok Aurora,product,0.1690681278705597
ai_product_grok_aurora_product_05.png,true,Grok Aurora,product,0.9987645149230957
ai_product_flux_schnell_product_08.png,true,Flux Schnell,product,0.9984972476959229
ai_product_flux_pro_v1.1_product_06.png,true,Flux Pro v1.1,product,0.9657508134841919
ai_product_seedream_v3_product_08.png,true,Seedream,product,0.9514045119285583
ai_product_flux_2_flex_product_06.png,true,Flux,product,0.003318692557513714
ai_product_gpt_image_1.5_product_06.png,true,Gpt,product,0.6359677314758301
ai_product_gemini_3_pro_product_09.png,true,Gemini 3 Pro,product,2.983840568049345e-05
ai_product_gemini_3_pro_product_08.png,true,Gemini 3 Pro,product,0.253635972738266
ai_product_gpt_image_1.5_product_07.png,true,Gpt,product,0.997686505317688
ai_product_flux_2_flex_product_07.png,true,Flux,product,0.24734953045845032
ai_product_seedream_v3_product_09.png,true,Seedream,product,0.08225303143262863
ai_product_flux_pro_v1.1_product_07.png,true,Flux Pro v1.1,product,0.22210873663425446
ai_product_flux_schnell_product_09.png,true,Flux Schnell,product,0.7767786979675293
ai_product_grok_aurora_product_10.png,true,Grok Aurora,product,0.9990917444229126
ai_product_grok_aurora_product_04.png,true,Grok Aurora,product,0.0013576126657426357
ai_product_recraft_v3_product_06.png,true,Recraft v3,product,0.013718188740313053
ai_product_ideogram_v3_product_01.png,true,Ideogram v3,product,3.1471194233745337e-05
ai_product_recraft_v3_product_07.png,true,Recraft v3,product,0.9998310804367065
ai_product_recraft_v3_product_05.png,true,Recraft v3,product,0.712199866771698
ai_product_ideogram_v3_product_02.png,true,Ideogram v3,product,0.001423338078893721
ai_product_z_image_product_08.png,true,Z,product,0.9970593452453613
ai_product_qwen_2512_product_09.png,true,Qwen 2512,product,0.10537689924240112
ai_product_qwen_2512_product_08.png,true,Qwen 2512,product,0.9903130531311035
ai_product_z_image_product_09.png,true,Z,product,0.9998854398727417
ai_product_ideogram_v3_product_03.png,true,Ideogram v3,product,0.5941953659057617
ai_product_recraft_v3_product_04.png,true,Recraft v3,product,0.8984379172325134
ai_product_recraft_v3_product_10.png,true,Recraft v3,product,0.9938101172447205
ai_product_sd_3.5_large_product_09.png,true,Sd,product,0.8214572668075562
ai_product_ideogram_v3_product_07.png,true,Ideogram v3,product,0.3195893466472626
ai_product_wan_v2.6_product_08.png,true,Wan v2.6,product,0.9581809639930725
ai_product_leonardo_phoenix_product_09.png,true,Leonardo Phoenix,product,0.9844079613685608
ai_product_leonardo_phoenix_product_08.png,true,Leonardo Phoenix,product,0.9974760413169861
ai_product_wan_v2.6_product_09.png,true,Wan v2.6,product,0.5190616846084595
ai_product_ideogram_v3_product_06.png,true,Ideogram v3,product,0.9186145663261414
ai_product_sd_3.5_large_product_08.png,true,Sd,product,0.7970909476280212
ai_product_recraft_v3_product_01.png,true,Recraft v3,product,0.4204249680042267
ai_product_recraft_v3_product_03.png,true,Recraft v3,product,0.6947256326675415
ai_product_ideogram_v3_product_04.png,true,Ideogram v3,product,0.11226288974285126
ai_product_ideogram_v3_product_10.png,true,Ideogram v3,product,5.814647374791093e-05
ai_product_ideogram_v3_product_05.png,true,Ideogram v3,product,2.5256880689994432e-05
ai_product_recraft_v3_product_02.png,true,Recraft v3,product,0.978758692741394
ai_product_z_image_product_02.png,true,Z,product,0.8144023418426514
ai_product_sd_3.5_large_product_06.png,true,Sd,product,0.018751544877886772
ai_product_ideogram_v3_product_08.png,true,Ideogram v3,product,0.5374981164932251
ai_product_wan_v2.6_product_07.png,true,Wan v2.6,product,0.9954941272735596
ai_product_leonardo_phoenix_product_06.png,true,Leonardo Phoenix,product,0.9639888405799866
ai_product_qwen_2512_product_03.png,true,Qwen 2512,product,0.7212089896202087
ai_product_qwen_2512_product_02.png,true,Qwen 2512,product,0.9994148015975952
ai_product_leonardo_phoenix_product_07.png,true,Leonardo Phoenix,product,0.9999575614929199
ai_product_wan_v2.6_product_06.png,true,Wan v2.6,product,0.9995009899139404
ai_product_ideogram_v3_product_09.png,true,Ideogram v3,product,0.00024601788027212024
ai_product_sd_3.5_large_product_07.png,true,Sd,product,0.012333625927567482
ai_product_z_image_product_03.png,true,Z,product,0.7458661794662476
ai_product_z_image_product_01.png,true,Z,product,0.0751936063170433
ai_product_sd_3.5_large_product_05.png,true,Sd,product,0.999523401260376
ai_product_wan_v2.6_product_10.png,true,Wan v2.6,product,0.5895610451698303
ai_product_wan_v2.6_product_04.png,true,Wan v2.6,product,0.814201831817627
ai_product_leonardo_phoenix_product_05.png,true,Leonardo Phoenix,product,0.9999985694885254
ai_product_qwen_2512_product_01.png,true,Qwen 2512,product,0.26581546664237976
ai_product_leonardo_phoenix_product_04.png,true,Leonardo Phoenix,product,0.9945344924926758
ai_product_leonardo_phoenix_product_10.png,true,Leonardo Phoenix,product,0.9999915361404419
ai_product_wan_v2.6_product_05.png,true,Wan v2.6,product,0.0002979499113280326
ai_product_sd_3.5_large_product_04.png,true,Sd,product,0.9642727375030518
ai_product_sd_3.5_large_product_10.png,true,Sd,product,0.9989506006240845
ai_product_recraft_v3_product_09.png,true,Recraft v3,product,0.2438964545726776
ai_product_z_image_product_10.png,true,Z,product,0.9999972581863403
ai_product_z_image_product_04.png,true,Z,product,0.26193299889564514
ai_product_wan_v2.6_product_01.png,true,Wan v2.6,product,0.9969300627708435
ai_product_qwen_2512_product_05.png,true,Qwen 2512,product,0.6682760715484619
ai_product_qwen_2512_product_04.png,true,Qwen 2512,product,0.003710320219397545
ai_product_qwen_2512_product_10.png,true,Qwen 2512,product,0.9997462630271912
ai_product_leonardo_phoenix_product_01.png,true,Leonardo Phoenix,product,0.9911256432533264
ai_product_z_image_product_05.png,true,Z,product,0.3821485936641693
ai_product_sd_3.5_large_product_01.png,true,Sd,product,0.9999052286148071
ai_product_recraft_v3_product_08.png,true,Recraft v3,product,0.9997231364250183
ai_product_sd_3.5_large_product_03.png,true,Sd,product,0.975247859954834
ai_product_z_image_product_07.png,true,Z,product,0.7661688327789307
ai_product_wan_v2.6_product_02.png,true,Wan v2.6,product,0.9194964170455933
ai_product_leonardo_phoenix_product_03.png,true,Leonardo Phoenix,product,0.6471993327140808
ai_product_qwen_2512_product_06.png,true,Qwen 2512,product,0.972242534160614
ai_product_qwen_2512_product_07.png,true,Qwen 2512,product,0.9763438701629639
ai_product_leonardo_phoenix_product_02.png,true,Leonardo Phoenix,product,0.9976633787155151
ai_product_wan_v2.6_product_03.png,true,Wan v2.6,product,0.9437003135681152
ai_product_z_image_product_06.png,true,Z,product,0.9999901056289673
ai_product_sd_3.5_large_product_02.png,true,Sd,product,0.029878433793783188
ai_product_glm_image_product_02.png,true,GLM Image,product,0.9623640775680542
ai_product_grok_aurora_product_09.png,true,Grok Aurora,product,0.8694328665733337
ai_product_flux_schnell_product_10.png,true,Flux Schnell,product,0.9999946355819702
ai_product_seedream_v4_product_07.png,true,Seedream,product,0.028917616233229637
ai_product_flux_schnell_product_04.png,true,Flux Schnell,product,0.013101853430271149
ai_product_seedream_v3_product_04.png,true,Seedream,product,0.001272211316972971
ai_product_seedream_v3_product_10.png,true,Seedream,product,0.9980898499488831
ai_product_hunyuan_v3_product_03.png,true,Hunyuan v3,product,0.15762776136398315
ai_product_gemini_3_pro_product_05.png,true,Gemini 3 Pro,product,0.00041608611354604363
ai_product_gemini_3_pro_product_04.png,true,Gemini 3 Pro,product,0.01067696139216423
ai_product_gemini_3_pro_product_10.png,true,Gemini 3 Pro,product,0.9662972688674927
ai_product_hunyuan_v3_product_02.png,true,Hunyuan v3,product,0.1830533891916275
ai_product_seedream_v3_product_05.png,true,Seedream,product,0.0005161812878213823
ai_product_flux_schnell_product_05.png,true,Flux Schnell,product,0.9891003966331482
ai_product_seedream_v4_product_06.png,true,Seedream,product,0.002016989514231682
ai_product_grok_aurora_product_08.png,true,Grok Aurora,product,0.9988671541213989
ai_product_glm_image_product_03.png,true,GLM Image,product,0.9867746829986572
ai_product_glm_image_product_01.png,true,GLM Image,product,0.035682108253240585
ai_product_flux_schnell_product_07.png,true,Flux Schnell,product,0.1537688672542572
ai_product_seedream_v4_product_10.png,true,Seedream,product,0.3428632915019989
ai_product_flux_pro_v1.1_product_09.png,true,Flux Pro v1.1,product,0.00013275869423523545
ai_product_seedream_v4_product_04.png,true,Seedream,product,8.696056465851143e-05
ai_product_seedream_v3_product_07.png,true,Seedream,product,0.9318996071815491
ai_product_flux_2_flex_product_09.png,true,Flux,product,0.13577036559581757
ai_product_gpt_image_1.5_product_09.png,true,Gpt,product,1.1045124665542971e-05
ai_product_gemini_3_pro_product_06.png,true,Gemini 3 Pro,product,0.46860915422439575
ai_product_gemini_3_pro_product_07.png,true,Gemini 3 Pro,product,0.7284421324729919
ai_product_gpt_image_1.5_product_08.png,true,Gpt,product,0.9108965992927551
ai_product_hunyuan_v3_product_01.png,true,Hunyuan v3,product,0.9718635082244873
ai_product_flux_2_flex_product_08.png,true,Flux,product,0.9999568462371826
ai_product_seedream_v3_product_06.png,true,Seedream,product,0.84295654296875
ai_product_seedream_v4_product_05.png,true,Seedream,product,0.00015231684665195644
ai_product_flux_pro_v1.1_product_08.png,true,Flux Pro v1.1,product,0.9769078493118286
ai_product_flux_schnell_product_06.png,true,Flux Schnell,product,0.999180257320404
ai_product_glm_image_product_10.png,true,GLM Image,product,0.9947628378868103
ai_product_glm_image_product_04.png,true,GLM Image,product,0.99736088514328
ai_product_flux_schnell_product_02.png,true,Flux Schnell,product,0.0632706955075264
ai_product_seedream_v4_product_01.png,true,Seedream,product,0.9992121458053589
ai_product_seedream_v3_product_02.png,true,Seedream,product,0.0010566305136308074
ai_product_hunyuan_v3_product_05.png,true,Hunyuan v3,product,0.0009353059576824307
ai_product_gemini_3_pro_product_03.png,true,Gemini 3 Pro,product,0.0002544419839978218
ai_product_gemini_3_pro_product_02.png,true,Gemini 3 Pro,product,0.006017443723976612
ai_product_hunyuan_v3_product_10.png,true,Hunyuan v3,product,0.7632375955581665
ai_product_hunyuan_v3_product_04.png,true,Hunyuan v3,product,0.0011399149661883712
ai_product_seedream_v3_product_03.png,true,Seedream,product,0.0002657537697814405
ai_product_flux_schnell_product_03.png,true,Flux Schnell,product,0.2167578786611557
ai_product_glm_image_product_05.png,true,GLM Image,product,0.9998583793640137
ai_product_glm_image_product_07.png,true,GLM Image,product,0.9992885589599609
ai_product_seedream_v4_product_02.png,true,Seedream,product,0.0014762599021196365
ai_product_flux_schnell_product_01.png,true,Flux Schnell,product,0.17915000021457672
ai_product_seedream_v3_product_01.png,true,Seedream,product,0.001156982034444809
ai_product_hunyuan_v3_product_06.png,true,Hunyuan v3,product,0.4785514175891876
ai_product_gemini_3_pro_product_01.png,true,Gemini 3 Pro,product,2.2982190785114653e-05
ai_product_hunyuan_v3_product_07.png,true,Hunyuan v3,product,0.020490257069468498
ai_product_seedream_v4_product_03.png,true,Seedream,product,0.0043061766773462296
ai_product_glm_image_product_06.png,true,GLM Image,product,0.9704909324645996
ai_food_seedream_v3_food_02.png,true,Seedream,food,0.9976317882537842
ai_food_gemini_3_pro_food_04.png,true,Gemini 3 Pro,food,0.8495292067527771
ai_food_gemini_3_pro_food_10.png,true,Gemini 3 Pro,food,0.001776169054210186
ai_food_flux_schnell_food_03.png,true,Flux Schnell,food,0.22948455810546875
ai_food_glm_image_food_08.png,true,GLM Image,food,0.7036136984825134
ai_food_leonardo_phoenix_food_05.png,true,Leonardo Phoenix,food,0.9999033212661743
ai_food_gpt_image_1.5_food_01.png,true,Gpt,food,0.10622528195381165
ai_food_flux_pro_v1.1_food_05.png,true,Flux Pro v1.1,food,0.9399089217185974
ai_food_flux_pro_v1.1_food_04.png,true,Flux Pro v1.1,food,0.9070223569869995
ai_food_flux_pro_v1.1_food_10.png,true,Flux Pro v1.1,food,0.0009029563516378403
ai_food_leonardo_phoenix_food_04.png,true,Leonardo Phoenix,food,0.9966558218002319
ai_food_glm_image_food_09.png,true,GLM Image,food,0.9957318902015686
ai_food_leonardo_phoenix_food_10.png,true,Leonardo Phoenix,food,0.9927330017089844
ai_food_flux_schnell_food_02.png,true,Flux Schnell,food,0.9800474047660828
ai_food_gemini_3_pro_food_05.png,true,Gemini 3 Pro,food,0.6267338395118713
ai_food_seedream_v3_food_03.png,true,Seedream,food,0.004090263973921537
ai_food_seedream_v3_food_01.png,true,Seedream,food,0.9910985827445984
ai_food_gemini_3_pro_food_07.png,true,Gemini 3 Pro,food,0.9697343111038208
ai_food_leonardo_phoenix_food_06.png,true,Leonardo Phoenix,food,0.7014539837837219
ai_food_gpt_image_1.5_food_02.png,true,Gpt,food,0.0006038877763785422
ai_food_flux_pro_v1.1_food_06.png,true,Flux Pro v1.1,food,0.9999610185623169
ai_food_flux_pro_v1.1_food_07.png,true,Flux Pro v1.1,food,0.9981781244277954
ai_food_gpt_image_1.5_food_03.png,true,Gpt,food,0.0011644851183518767
ai_food_leonardo_phoenix_food_07.png,true,Leonardo Phoenix,food,0.9999707937240601
ai_food_flux_schnell_food_01.png,true,Flux Schnell,food,0.9994661211967468
ai_food_gemini_3_pro_food_06.png,true,Gemini 3 Pro,food,0.03515336290001869
ai_food_seedream_v3_food_10.png,true,Seedream,food,0.002606451977044344
ai_food_seedream_v3_food_04.png,true,Seedream,food,0.7598086595535278
ai_food_seedream_v4_food_08.png,true,Seedream,food,0.0012743875849992037
ai_food_gemini_3_pro_food_02.png,true,Gemini 3 Pro,food,0.9720867276191711
ai_food_flux_schnell_food_05.png,true,Flux Schnell,food,0.9998968839645386
ai_food_leonardo_phoenix_food_03.png,true,Leonardo Phoenix,food,0.9914469718933105
ai_food_gpt_image_1.5_food_07.png,true,Gpt,food,0.6606718897819519
ai_food_flux_pro_v1.1_food_03.png,true,Flux Pro v1.1,food,0.9933386445045471
ai_food_flux_pro_v1.1_food_02.png,true,Flux Pro v1.1,food,0.9999442100524902
ai_food_gpt_image_1.5_food_06.png,true,Gpt,food,0.8752490878105164
ai_food_leonardo_phoenix_food_02.png,true,Leonardo Phoenix,food,0.7456844449043274
ai_food_flux_schnell_food_04.png,true,Flux Schnell,food,0.987184464931488
ai_food_flux_schnell_food_10.png,true,Flux Schnell,food,0.8311057686805725
ai_food_gemini_3_pro_food_03.png,true,Gemini 3 Pro,food,0.01147952675819397
ai_food_seedream_v4_food_09.png,true,Seedream,food,0.9912146329879761
ai_food_seedream_v3_food_05.png,true,Seedream,food,0.00031850894447416067
ai_food_seedream_v3_food_07.png,true,Seedream,food,0.023872943595051765
ai_food_ideogram_v3_food_09.png,true,Ideogram v3,food,0.021439045667648315
ai_food_gemini_3_pro_food_01.png,true,Gemini 3 Pro,food,0.09336859732866287
ai_food_flux_schnell_food_06.png,true,Flux Schnell,food,0.9999232292175293
ai_food_gpt_image_1.5_food_04.png,true,Gpt,food,0.07422071695327759
ai_food_grok_aurora_food_09.png,true,Grok Aurora,food,0.9998020529747009
ai_food_gpt_image_1.5_food_10.png,true,Gpt,food,0.002384769031777978
ai_food_flux_pro_v1.1_food_01.png,true,Flux Pro v1.1,food,0.9924308657646179
ai_food_grok_aurora_food_08.png,true,Grok Aurora,food,0.999977707862854
ai_food_gpt_image_1.5_food_05.png,true,Gpt,food,0.0018863247241824865
ai_food_leonardo_phoenix_food_01.png,true,Leonardo Phoenix,food,0.9999399185180664
ai_food_flux_schnell_food_07.png,true,Flux Schnell,food,0.6860136985778809
ai_food_ideogram_v3_food_08.png,true,Ideogram v3,food,0.1629500836133957
ai_food_seedream_v3_food_06.png,true,Seedream,food,0.9499645829200745
ai_food_sd_3.5_large_food_01.png,true,Sd,food,0.8823651075363159
ai_food_flux_2_flex_food_06.png,true,Flux,food,0.025091711431741714
ai_food_hunyuan_v3_food_08.png,true,Hunyuan v3,food,0.0002695693401619792
ai_food_hunyuan_v3_food_09.png,true,Hunyuan v3,food,0.9871345162391663
ai_food_flux_2_flex_food_07.png,true,Flux,food,0.9999920129776001
ai_food_sd_3.5_large_food_02.png,true,Sd,food,0.9989652633666992
ai_food_flux_2_flex_food_05.png,true,Flux,food,0.04752594605088234
ai_food_qwen_2512_food_08.png,true,Qwen 2512,food,0.002422340912744403
ai_food_z_image_food_09.png,true,Z,food,0.9999823570251465
ai_food_z_image_food_08.png,true,Z,food,0.8213226199150085
ai_food_flux_2_flex_food_10.png,true,Flux,food,0.8825676441192627
ai_food_flux_2_flex_food_04.png,true,Flux,food,0.9987353682518005
ai_food_qwen_2512_food_09.png,true,Qwen 2512,food,0.9999783039093018
ai_food_sd_3.5_large_food_03.png,true,Sd,food,0.3253118693828583
ai_food_sd_3.5_large_food_07.png,true,Sd,food,0.9998701810836792
ai_food_wan_v2.6_food_08.png,true,Wan v2.6,food,0.9285135269165039
ai_food_wan_v2.6_food_09.png,true,Wan v2.6,food,0.9995037317276001
ai_food_flux_2_flex_food_01.png,true,Flux,food,0.9994126558303833
ai_food_sd_3.5_large_food_06.png,true,Sd,food,0.9924862384796143
ai_food_sd_3.5_large_food_10.png,true,Sd,food,0.00019956351025030017
ai_food_sd_3.5_large_food_04.png,true,Sd,food,0.4496568739414215
ai_food_recraft_v3_food_09.png,true,Recraft v3,food,0.999954342842102
ai_food_flux_2_flex_food_03.png,true,Flux,food,0.5336025953292847
ai_food_flux_2_flex_food_02.png,true,Flux,food,0.9999902248382568
ai_food_sd_3.5_large_food_05.png,true,Sd,food,0.9995493292808533
ai_food_recraft_v3_food_08.png,true,Recraft v3,food,0.988654613494873
ai_food_sd_3.5_large_food_08.png,true,Sd,food,0.018175089731812477
ai_food_recraft_v3_food_05.png,true,Recraft v3,food,0.9999668598175049
ai_food_qwen_2512_food_02.png,true,Qwen 2512,food,0.9999442100524902
ai_food_wan_v2.6_food_07.png,true,Wan v2.6,food,0.999990701675415
ai_food_hunyuan_v3_food_01.png,true,Hunyuan v3,food,0.5942374467849731
ai_food_z_image_food_03.png,true,Z,food,0.9243370890617371
ai_food_z_image_food_02.png,true,Z,food,0.9990548491477966
ai_food_wan_v2.6_food_06.png,true,Wan v2.6,food,0.9865656495094299
ai_food_qwen_2512_food_03.png,true,Qwen 2512,food,0.5517851710319519
ai_food_recraft_v3_food_10.png,true,Recraft v3,food,0.999679684638977
ai_food_sd_3.5_large_food_09.png,true,Sd,food,0.999751627445221
ai_food_recraft_v3_food_04.png,true,Recraft v3,food,0.5359996557235718
ai_food_recraft_v3_food_06.png,true,Recraft v3,food,0.03361116722226143
ai_food_qwen_2512_food_01.png,true,Qwen 2512,food,0.9999879598617554
ai_food_wan_v2.6_food_04.png,true,Wan v2.6,food,0.9867440462112427
ai_food_wan_v2.6_food_10.png,true,Wan v2.6,food,0.020898036658763885
ai_food_hunyuan_v3_food_02.png,true,Hunyuan v3,food,0.01568085514008999
ai_food_z_image_food_01.png,true,Z,food,0.036940086632966995
ai_food_hunyuan_v3_food_03.png,true,Hunyuan v3,food,0.07801882922649384
ai_food_wan_v2.6_food_05.png,true,Wan v2.6,food,0.9909971952438354
ai_food_recraft_v3_food_07.png,true,Recraft v3,food,0.9387249946594238
ai_food_recraft_v3_food_03.png,true,Recraft v3,food,0.49341896176338196
ai_food_wan_v2.6_food_01.png,true,Wan v2.6,food,0.01937679946422577
ai_food_qwen_2512_food_10.png,true,Qwen 2512,food,0.0024075943510979414
ai_food_flux_2_flex_food_09.png,true,Flux,food,0.9990872144699097
ai_food_qwen_2512_food_04.png,true,Qwen 2512,food,0.9993896484375
ai_food_hunyuan_v3_food_07.png,true,Hunyuan v3,food,0.7952619791030884
ai_food_z_image_food_05.png,true,Z,food,0.5890657305717468
ai_food_z_image_food_04.png,true,Z,food,0.9859125018119812
ai_food_hunyuan_v3_food_06.png,true,Hunyuan v3,food,0.008062559179961681
ai_food_z_image_food_10.png,true,Z,food,0.9989005327224731
ai_food_flux_2_flex_food_08.png,true,Flux,food,0.9986234903335571
ai_food_qwen_2512_food_05.png,true,Qwen 2512,food,0.4221689701080322
ai_food_recraft_v3_food_02.png,true,Recraft v3,food,0.9839931130409241
ai_food_wan_v2.6_food_02.png,true,Wan v2.6,food,0.9915519952774048
ai_food_qwen_2512_food_07.png,true,Qwen 2512,food,0.9999403953552246
ai_food_hunyuan_v3_food_04.png,true,Hunyuan v3,food,0.022475136443972588
ai_food_z_image_food_06.png,true,Z,food,0.9783468246459961
ai_food_hunyuan_v3_food_10.png,true,Hunyuan v3,food,0.0017642530146986246
ai_food_z_image_food_07.png,true,Z,food,0.9953001737594604
ai_food_hunyuan_v3_food_05.png,true,Hunyuan v3,food,0.00016814902483019978
ai_food_qwen_2512_food_06.png,true,Qwen 2512,food,0.999944806098938
ai_food_wan_v2.6_food_03.png,true,Wan v2.6,food,0.14735804498195648
ai_food_recraft_v3_food_01.png,true,Recraft v3,food,0.9339725375175476
ai_food_ideogram_v3_food_05.png,true,Ideogram v3,food,0.4757770001888275
ai_food_seedream_v4_food_07.png,true,Seedream,food,0.7251899838447571
ai_food_glm_image_food_01.png,true,GLM Image,food,0.9999542236328125
ai_food_grok_aurora_food_05.png,true,Grok Aurora,food,0.8573678731918335
ai_food_gpt_image_1.5_food_08.png,true,Gpt,food,0.008121177554130554
ai_food_gpt_image_1.5_food_09.png,true,Gpt,food,0.3470061719417572
ai_food_grok_aurora_food_04.png,true,Grok Aurora,food,0.9972002506256104
ai_food_grok_aurora_food_10.png,true,Grok Aurora,food,0.9208824038505554
ai_food_seedream_v4_food_06.png,true,Seedream,food,0.9465606808662415
ai_food_ideogram_v3_food_10.png,true,Ideogram v3,food,0.0007191186305135489
ai_food_ideogram_v3_food_04.png,true,Ideogram v3,food,0.9200010299682617
ai_food_seedream_v3_food_08.png,true,Seedream,food,0.00046937429578974843
ai_food_seedream_v4_food_04.png,true,Seedream,food,0.0011802398366853595
ai_food_seedream_v4_food_10.png,true,Seedream,food,0.0001101060479413718
ai_food_ideogram_v3_food_06.png,true,Ideogram v3,food,0.011768399737775326
ai_food_flux_schnell_food_09.png,true,Flux Schnell,food,0.9078428745269775
ai_food_glm_image_food_02.png,true,GLM Image,food,0.8765195608139038
ai_food_grok_aurora_food_06.png,true,Grok Aurora,food,0.9963560104370117
ai_food_grok_aurora_food_07.png,true,Grok Aurora,food,0.9996284246444702
ai_food_glm_image_food_03.png,true,GLM Image,food,0.9708200097084045
ai_food_flux_schnell_food_08.png,true,Flux Schnell,food,0.011279567144811153
ai_food_ideogram_v3_food_07.png,true,Ideogram v3,food,0.05160313844680786
ai_food_seedream_v4_food_05.png,true,Seedream,food,0.14433802664279938
ai_food_seedream_v3_food_09.png,true,Seedream,food,0.034353312104940414
ai_food_seedream_v4_food_01.png,true,Seedream,food,0.00016641870024614036
ai_food_ideogram_v3_food_03.png,true,Ideogram v3,food,0.32000765204429626
ai_food_glm_image_food_07.png,true,GLM Image,food,0.9963704347610474
ai_food_grok_aurora_food_03.png,true,Grok Aurora,food,0.9556950926780701
ai_food_grok_aurora_food_02.png,true,Grok Aurora,food,0.0021276979241520166
ai_food_glm_image_food_06.png,true,GLM Image,food,0.99980229139328
ai_food_ideogram_v3_food_02.png,true,Ideogram v3,food,0.012341429479420185
ai_food_gemini_3_pro_food_08.png,true,Gemini 3 Pro,food,0.0003303693374618888
ai_food_seedream_v4_food_02.png,true,Seedream,food,0.25709792971611023
ai_food_leonardo_phoenix_food_09.png,true,Leonardo Phoenix,food,0.9999969005584717
ai_food_glm_image_food_10.png,true,GLM Image,food,0.9997448325157166
ai_food_glm_image_food_04.png,true,GLM Image,food,0.9754550457000732
ai_food_flux_pro_v1.1_food_09.png,true,Flux Pro v1.1,food,0.9742514491081238
ai_food_flux_pro_v1.1_food_08.png,true,Flux Pro v1.1,food,0.0341978520154953
ai_food_grok_aurora_food_01.png,true,Grok Aurora,food,0.8901956081390381
ai_food_glm_image_food_05.png,true,GLM Image,food,0.9993457198143005
ai_food_leonardo_phoenix_food_08.png,true,Leonardo Phoenix,food,0.8486626744270325
ai_food_seedream_v4_food_03.png,true,Seedream,food,0.0054047382436692715
ai_food_ideogram_v3_food_01.png,true,Ideogram v3,food,0.015603783540427685
ai_food_gemini_3_pro_food_09.png,true,Gemini 3 Pro,food,0.9694411158561707
ai_animal_flux_pro_v1.1_animal_07.png,true,Flux Pro v1.1,animal,0.9976620674133301
ai_animal_seedream_v3_animal_10.png,true,Seedream,animal,0.9913355708122253
ai_animal_seedream_v3_animal_04.png,true,Seedream,animal,0.02772866003215313
ai_animal_ideogram_v3_animal_03.png,true,Ideogram v3,animal,0.8195129036903381
ai_animal_flux_2_flex_animal_07.png,true,Flux,animal,0.15306545794010162
ai_animal_seedream_v4_animal_01.png,true,Seedream,animal,0.0050736539997160435
ai_animal_flux_2_flex_animal_06.png,true,Flux,animal,0.9999611377716064
ai_animal_gemini_3_pro_animal_01.png,true,Gemini 3 Pro,animal,0.39810797572135925
ai_animal_ideogram_v3_animal_02.png,true,Ideogram v3,animal,0.9996960163116455
ai_animal_seedream_v3_animal_05.png,true,Seedream,animal,0.06002485007047653
ai_animal_flux_pro_v1.1_animal_06.png,true,Flux Pro v1.1,animal,0.930931806564331
ai_animal_flux_pro_v1.1_animal_04.png,true,Flux Pro v1.1,animal,0.9999887943267822
ai_animal_flux_pro_v1.1_animal_10.png,true,Flux Pro v1.1,animal,0.9998847246170044
ai_animal_seedream_v3_animal_07.png,true,Seedream,animal,0.3961122930049896
ai_animal_sd_3.5_large_animal_09.png,true,Sd,animal,0.9984777569770813
ai_animal_gemini_3_pro_animal_03.png,true,Gemini 3 Pro,animal,0.0001258414558833465
ai_animal_flux_2_flex_animal_04.png,true,Flux,animal,0.9967819452285767
ai_animal_flux_2_flex_animal_10.png,true,Flux,animal,0.9999518394470215
ai_animal_seedream_v4_animal_03.png,true,Seedream,animal,0.0019513440784066916
ai_animal_seedream_v4_animal_02.png,true,Seedream,animal,0.9889074563980103
ai_animal_flux_2_flex_animal_05.png,true,Flux,animal,0.6308164000511169
ai_animal_gemini_3_pro_animal_02.png,true,Gemini 3 Pro,animal,0.7290809750556946
ai_animal_ideogram_v3_animal_01.png,true,Ideogram v3,animal,7.153516344260424e-05
ai_animal_sd_3.5_large_animal_08.png,true,Sd,animal,0.9999886751174927
ai_animal_seedream_v3_animal_06.png,true,Seedream,animal,0.9980641007423401
ai_animal_flux_pro_v1.1_animal_05.png,true,Flux Pro v1.1,animal,0.8471328616142273
ai_animal_seedream_v3_animal_02.png,true,Seedream,animal,0.9993294477462769
ai_animal_flux_pro_v1.1_animal_01.png,true,Flux Pro v1.1,animal,0.9999948740005493
ai_animal_gemini_3_pro_animal_06.png,true,Gemini 3 Pro,animal,0.5833872556686401
ai_animal_ideogram_v3_animal_05.png,true,Ideogram v3,animal,0.1750415563583374
ai_animal_flux_2_flex_animal_01.png,true,Flux,animal,0.9999932050704956
ai_animal_seedream_v4_animal_06.png,true,Seedream,animal,0.9993616938591003
ai_animal_seedream_v4_animal_07.png,true,Seedream,animal,0.00021317780192475766
ai_animal_ideogram_v3_animal_10.png,true,Ideogram v3,animal,0.9047242999076843
ai_animal_ideogram_v3_animal_04.png,true,Ideogram v3,animal,0.12740392982959747
ai_animal_gemini_3_pro_animal_07.png,true,Gemini 3 Pro,animal,0.0006750166648998857
ai_animal_seedream_v3_animal_03.png,true,Seedream,animal,0.9976361989974976
ai_animal_seedream_v3_animal_01.png,true,Seedream,animal,0.9853015542030334
ai_animal_flux_pro_v1.1_animal_02.png,true,Flux Pro v1.1,animal,0.9999473094940186
ai_animal_gemini_3_pro_animal_05.png,true,Gemini 3 Pro,animal,0.5600973963737488
ai_animal_ideogram_v3_animal_06.png,true,Ideogram v3,animal,0.9999632835388184
ai_animal_flux_2_flex_animal_02.png,true,Flux,animal,0.999909520149231
ai_animal_seedream_v4_animal_05.png,true,Seedream,animal,0.00018211620044894516
ai_animal_qwen_2512_animal_08.png,true,Qwen 2512,animal,0.9560617208480835
ai_animal_qwen_2512_animal_09.png,true,Qwen 2512,animal,0.7831447720527649
ai_animal_seedream_v4_animal_10.png,true,Seedream,animal,0.0005667039076797664
ai_animal_seedream_v4_animal_04.png,true,Seedream,animal,0.6017829179763794
ai_animal_flux_2_flex_animal_03.png,true,Flux,animal,0.9996629953384399
ai_animal_ideogram_v3_animal_07.png,true,Ideogram v3,animal,0.0005930196493864059
ai_animal_gemini_3_pro_animal_04.png,true,Gemini 3 Pro,animal,0.00023665600747335702
ai_animal_gemini_3_pro_animal_10.png,true,Gemini 3 Pro,animal,0.422313928604126
ai_animal_flux_pro_v1.1_animal_03.png,true,Flux Pro v1.1,animal,0.9999473094940186
ai_animal_flux_schnell_animal_01.png,true,Flux Schnell,animal,0.999991774559021
ai_animal_z_image_animal_06.png,true,Z,animal,0.9999336004257202
ai_animal_grok_aurora_animal_10.png,true,Grok Aurora,animal,0.9998859167098999
ai_animal_grok_aurora_animal_04.png,true,Grok Aurora,animal,0.9970462918281555
ai_animal_glm_image_animal_06.png,true,GLM Image,animal,0.9999464750289917
ai_animal_recraft_v3_animal_02.png,true,Recraft v3,animal,0.9997794032096863
ai_animal_glm_image_animal_07.png,true,GLM Image,animal,0.9796673059463501
ai_animal_recraft_v3_animal_03.png,true,Recraft v3,animal,0.13574273884296417
ai_animal_grok_aurora_animal_05.png,true,Grok Aurora,animal,0.9997968077659607
ai_animal_z_image_animal_07.png,true,Z,animal,0.9511439204216003
ai_animal_flux_schnell_animal_02.png,true,Flux Schnell,animal,0.9999918937683105
ai_animal_z_image_animal_05.png,true,Z,animal,0.9993475079536438
ai_animal_grok_aurora_animal_07.png,true,Grok Aurora,animal,0.0002641209866851568
ai_animal_recraft_v3_animal_01.png,true,Recraft v3,animal,0.9943163990974426
ai_animal_glm_image_animal_05.png,true,GLM Image,animal,0.9999973773956299
ai_animal_glm_image_animal_10.png,true,GLM Image,animal,0.9829104542732239
ai_animal_glm_image_animal_04.png,true,GLM Image,animal,0.9224023222923279
ai_animal_grok_aurora_animal_06.png,true,Grok Aurora,animal,0.9812989830970764
ai_animal_z_image_animal_10.png,true,Z,animal,0.9999994039535522
ai_animal_z_image_animal_04.png,true,Z,animal,0.40819960832595825
ai_animal_flux_schnell_animal_03.png,true,Flux Schnell,animal,0.9964205026626587
ai_animal_flux_schnell_animal_07.png,true,Flux Schnell,animal,0.9600785970687866
ai_animal_wan_v2.6_animal_09.png,true,Wan v2.6,animal,0.8132365942001343
ai_animal_hunyuan_v3_animal_09.png,true,Hunyuan v3,animal,0.0018268245039507747
ai_animal_grok_aurora_animal_02.png,true,Grok Aurora,animal,0.9995800852775574
ai_animal_recraft_v3_animal_04.png,true,Recraft v3,animal,0.9859797358512878
ai_animal_recraft_v3_animal_10.png,true,Recraft v3,animal,0.9994660019874573
ai_animal_gpt_image_1.5_animal_08.png,true,Gpt,animal,0.00012527024955488741
ai_animal_gpt_image_1.5_animal_09.png,true,Gpt,animal,0.00021574670972768217
ai_animal_glm_image_animal_01.png,true,GLM Image,animal,0.9998154044151306
ai_animal_recraft_v3_animal_05.png,true,Recraft v3,animal,0.9984059929847717
ai_animal_grok_aurora_animal_03.png,true,Grok Aurora,animal,0.9997391104698181
ai_animal_hunyuan_v3_animal_08.png,true,Hunyuan v3,animal,0.003935336135327816
ai_animal_flux_schnell_animal_06.png,true,Flux Schnell,animal,0.9997133612632751
ai_animal_wan_v2.6_animal_08.png,true,Wan v2.6,animal,0.4969267249107361
ai_animal_z_image_animal_01.png,true,Z,animal,0.9999405145645142
ai_animal_z_image_animal_03.png,true,Z,animal,0.9854934811592102
ai_animal_flux_schnell_animal_04.png,true,Flux Schnell,animal,0.9950608611106873
ai_animal_flux_schnell_animal_10.png,true,Flux Schnell,animal,0.9999899864196777
ai_animal_grok_aurora_animal_01.png,true,Grok Aurora,animal,0.5351356267929077
ai_animal_leonardo_phoenix_animal_08.png,true,Leonardo Phoenix,animal,0.04911642149090767
ai_animal_recraft_v3_animal_07.png,true,Recraft v3,animal,0.251619428396225
ai_animal_glm_image_animal_03.png,true,GLM Image,animal,0.9997915625572205
ai_animal_recraft_v3_animal_06.png,true,Recraft v3,animal,0.9996814727783203
ai_animal_glm_image_animal_02.png,true,GLM Image,animal,0.9999620914459229
ai_animal_leonardo_phoenix_animal_09.png,true,Leonardo Phoenix,animal,0.9894636869430542
ai_animal_flux_schnell_animal_05.png,true,Flux Schnell,animal,0.9999184608459473
ai_animal_z_image_animal_02.png,true,Z,animal,0.9876356720924377
ai_animal_wan_v2.6_animal_06.png,true,Wan v2.6,animal,0.9984319806098938
ai_animal_flux_schnell_animal_08.png,true,Flux Schnell,animal,0.9999358654022217
ai_animal_hunyuan_v3_animal_06.png,true,Hunyuan v3,animal,0.16885192692279816
ai_animal_leonardo_phoenix_animal_10.png,true,Leonardo Phoenix,animal,0.9999812841415405
ai_animal_leonardo_phoenix_animal_04.png,true,Leonardo Phoenix,animal,0.4416142702102661
ai_animal_gpt_image_1.5_animal_07.png,true,Gpt,animal,5.398338180384599e-05
ai_animal_gpt_image_1.5_animal_06.png,true,Gpt,animal,0.0001970884040929377
ai_animal_leonardo_phoenix_animal_05.png,true,Leonardo Phoenix,animal,0.13754266500473022
ai_animal_hunyuan_v3_animal_07.png,true,Hunyuan v3,animal,0.00023503472039010376
ai_animal_wan_v2.6_animal_07.png,true,Wan v2.6,animal,0.8900688886642456
ai_animal_flux_schnell_animal_09.png,true,Flux Schnell,animal,0.03241872414946556
ai_animal_wan_v2.6_animal_05.png,true,Wan v2.6,animal,0.3902708888053894
ai_animal_hunyuan_v3_animal_05.png,true,Hunyuan v3,animal,0.9279841184616089
ai_animal_leonardo_phoenix_animal_07.png,true,Leonardo Phoenix,animal,0.9951564073562622
ai_animal_recraft_v3_animal_08.png,true,Recraft v3,animal,0.9175376296043396
ai_animal_gpt_image_1.5_animal_04.png,true,Gpt,animal,0.008732975460588932
ai_animal_gpt_image_1.5_animal_10.png,true,Gpt,animal,0.9989373087882996
ai_animal_gpt_image_1.5_animal_05.png,true,Gpt,animal,4.067335612489842e-05
ai_animal_recraft_v3_animal_09.png,true,Recraft v3,animal,0.9999926090240479
ai_animal_leonardo_phoenix_animal_06.png,true,Leonardo Phoenix,animal,0.04215887561440468
ai_animal_hunyuan_v3_animal_10.png,true,Hunyuan v3,animal,0.8223240375518799
ai_animal_hunyuan_v3_animal_04.png,true,Hunyuan v3,animal,0.0003020473232027143
ai_animal_wan_v2.6_animal_10.png,true,Wan v2.6,animal,0.0026548884343355894
ai_animal_wan_v2.6_animal_04.png,true,Wan v2.6,animal,0.0041214171797037125
ai_animal_z_image_animal_09.png,true,Z,animal,0.9957114458084106
ai_animal_leonardo_phoenix_animal_02.png,true,Leonardo Phoenix,animal,0.9997361302375793
ai_animal_gpt_image_1.5_animal_01.png,true,Gpt,animal,0.002754594897851348
ai_animal_glm_image_animal_09.png,true,GLM Image,animal,0.7426647543907166
ai_animal_glm_image_animal_08.png,true,GLM Image,animal,0.7899089455604553
ai_animal_leonardo_phoenix_animal_03.png,true,Leonardo Phoenix,animal,0.13214623928070068
ai_animal_hunyuan_v3_animal_01.png,true,Hunyuan v3,animal,0.015280022285878658
ai_animal_z_image_animal_08.png,true,Z,animal,0.9999827146530151
ai_animal_wan_v2.6_animal_01.png,true,Wan v2.6,animal,0.18485118448734283
ai_animal_wan_v2.6_animal_03.png,true,Wan v2.6,animal,0.0022697828244417906
ai_animal_grok_aurora_animal_08.png,true,Grok Aurora,animal,0.0007581504178233445
ai_animal_hunyuan_v3_animal_03.png,true,Hunyuan v3,animal,0.9966011047363281
ai_animal_leonardo_phoenix_animal_01.png,true,Leonardo Phoenix,animal,0.9904078841209412
ai_animal_gpt_image_1.5_animal_02.png,true,Gpt,animal,0.0023020775988698006
ai_animal_gpt_image_1.5_animal_03.png,true,Gpt,animal,0.008796998299658298
ai_animal_hunyuan_v3_animal_02.png,true,Hunyuan v3,animal,0.9999097585678101
ai_animal_grok_aurora_animal_09.png,true,Grok Aurora,animal,0.26870277523994446
ai_animal_wan_v2.6_animal_02.png,true,Wan v2.6,animal,0.0020483694970607758
ai_animal_sd_3.5_large_animal_03.png,true,Sd,animal,0.0758376196026802
ai_animal_gemini_3_pro_animal_09.png,true,Gemini 3 Pro,animal,0.9955894947052002
ai_animal_qwen_2512_animal_04.png,true,Qwen 2512,animal,0.13049335777759552
ai_animal_seedream_v4_animal_09.png,true,Seedream,animal,3.860300421365537e-05
ai_animal_qwen_2512_animal_10.png,true,Qwen 2512,animal,0.9995656609535217
ai_animal_seedream_v4_animal_08.png,true,Seedream,animal,5.92700089327991e-05
ai_animal_qwen_2512_animal_05.png,true,Qwen 2512,animal,0.8505004048347473
ai_animal_gemini_3_pro_animal_08.png,true,Gemini 3 Pro,animal,1.2489326763898134e-05
ai_animal_sd_3.5_large_animal_02.png,true,Sd,animal,0.9999924898147583
ai_animal_ideogram_v3_animal_09.png,true,Ideogram v3,animal,0.9924308657646179
ai_animal_qwen_2512_animal_07.png,true,Qwen 2512,animal,0.3829190731048584
ai_animal_qwen_2512_animal_06.png,true,Qwen 2512,animal,0.9998194575309753
ai_animal_ideogram_v3_animal_08.png,true,Ideogram v3,animal,0.0002616042911540717
ai_animal_sd_3.5_large_animal_01.png,true,Sd,animal,0.9968382120132446
ai_animal_flux_pro_v1.1_animal_08.png,true,Flux Pro v1.1,animal,0.16779565811157227
ai_animal_sd_3.5_large_animal_05.png,true,Sd,animal,0.9021106362342834
ai_animal_flux_2_flex_animal_08.png,true,Flux,animal,0.06480637192726135
ai_animal_qwen_2512_animal_02.png,true,Qwen 2512,animal,0.9465977549552917
ai_animal_qwen_2512_animal_03.png,true,Qwen 2512,animal,0.9988316893577576
ai_animal_flux_2_flex_animal_09.png,true,Flux,animal,0.9987731575965881
ai_animal_sd_3.5_large_animal_10.png,true,Sd,animal,0.9979671835899353
ai_animal_sd_3.5_large_animal_04.png,true,Sd,animal,0.14043354988098145
ai_animal_flux_pro_v1.1_animal_09.png,true,Flux Pro v1.1,animal,0.45266321301460266
ai_animal_seedream_v3_animal_08.png,true,Seedream,animal,2.9326833100640215e-05
ai_animal_sd_3.5_large_animal_06.png,true,Sd,animal,0.99785977602005
ai_animal_qwen_2512_animal_01.png,true,Qwen 2512,animal,0.9999972581863403
ai_animal_sd_3.5_large_animal_07.png,true,Sd,animal,0.9054783582687378
ai_animal_seedream_v3_animal_09.png,true,Seedream,animal,0.31553733348846436
ai_landscape_gemini_3_pro_landscape_04.png,true,Gemini 3 Pro,landscape,0.002334224060177803
ai_landscape_gemini_3_pro_landscape_10.png,true,Gemini 3 Pro,landscape,0.17568029463291168
ai_landscape_flux_schnell_landscape_01.png,true,Flux Schnell,landscape,0.5240987539291382
ai_landscape_gemini_3_pro_landscape_05.png,true,Gemini 3 Pro,landscape,0.0007313517853617668
ai_landscape_gpt_image_1.5_landscape_08.png,true,Gpt,landscape,0.9999613761901855
ai_landscape_hunyuan_v3_landscape_09.png,true,Hunyuan v3,landscape,0.00016493344446644187
ai_landscape_sd_3.5_large_landscape_09.png,true,Sd,landscape,0.026567382737994194
ai_landscape_gemini_3_pro_landscape_07.png,true,Gemini 3 Pro,landscape,0.04130096733570099
ai_landscape_flux_schnell_landscape_02.png,true,Flux Schnell,landscape,0.37362954020500183
ai_landscape_flux_schnell_landscape_03.png,true,Flux Schnell,landscape,0.1276334524154663
ai_landscape_gemini_3_pro_landscape_06.png,true,Gemini 3 Pro,landscape,0.03600195050239563
ai_landscape_sd_3.5_large_landscape_08.png,true,Sd,landscape,0.9999285936355591
ai_landscape_hunyuan_v3_landscape_08.png,true,Hunyuan v3,landscape,0.0006326717557385564
ai_landscape_gpt_image_1.5_landscape_09.png,true,Gpt,landscape,0.005819943267852068
ai_landscape_gemini_3_pro_landscape_02.png,true,Gemini 3 Pro,landscape,0.0010747535852715373
ai_landscape_flux_schnell_landscape_07.png,true,Flux Schnell,landscape,0.6082189679145813
ai_landscape_flux_schnell_landscape_06.png,true,Flux Schnell,landscape,0.48906081914901733
ai_landscape_gemini_3_pro_landscape_03.png,true,Gemini 3 Pro,landscape,0.9715732336044312
ai_landscape_gemini_3_pro_landscape_01.png,true,Gemini 3 Pro,landscape,0.03142044320702553
ai_landscape_z_image_landscape_09.png,true,Z,landscape,0.999962568283081
ai_landscape_flux_schnell_landscape_04.png,true,Flux Schnell,landscape,0.9797793030738831
ai_landscape_flux_schnell_landscape_10.png,true,Flux Schnell,landscape,0.0008732449496164918
ai_landscape_flux_schnell_landscape_05.png,true,Flux Schnell,landscape,0.9502363801002502
ai_landscape_z_image_landscape_08.png,true,Z,landscape,0.9996296167373657
ai_landscape_leonardo_phoenix_landscape_04.png,true,Leonardo Phoenix,landscape,0.01776444911956787
ai_landscape_flux_pro_v1.1_landscape_04.png,true,Flux Pro v1.1,landscape,0.9229696393013
ai_landscape_flux_pro_v1.1_landscape_10.png,true,Flux Pro v1.1,landscape,0.1155916228890419
ai_landscape_ideogram_v3_landscape_08.png,true,Ideogram v3,landscape,4.3062518670922145e-05
ai_landscape_qwen_2512_landscape_08.png,true,Qwen 2512,landscape,0.9999479055404663
ai_landscape_grok_aurora_landscape_03.png,true,Grok Aurora,landscape,0.8863469362258911
ai_landscape_wan_v2.6_landscape_05.png,true,Wan v2.6,landscape,0.03480245918035507
ai_landscape_recraft_v3_landscape_09.png,true,Recraft v3,landscape,0.9987441301345825
ai_landscape_seedream_v4_landscape_05.png,true,Seedream,landscape,0.9875664710998535
ai_landscape_seedream_v4_landscape_04.png,true,Seedream,landscape,0.0064461566507816315
ai_landscape_seedream_v4_landscape_10.png,true,Seedream,landscape,0.01031407155096531
ai_landscape_recraft_v3_landscape_08.png,true,Recraft v3,landscape,0.9983530044555664
ai_landscape_wan_v2.6_landscape_04.png,true,Wan v2.6,landscape,0.928798496723175
ai_landscape_wan_v2.6_landscape_10.png,true,Wan v2.6,landscape,0.12968416512012482
ai_landscape_grok_aurora_landscape_02.png,true,Grok Aurora,landscape,0.9755880832672119
ai_landscape_qwen_2512_landscape_09.png,true,Qwen 2512,landscape,0.08279815316200256
ai_landscape_ideogram_v3_landscape_09.png,true,Ideogram v3,landscape,0.00013043940998613834
ai_landscape_flux_pro_v1.1_landscape_05.png,true,Flux Pro v1.1,landscape,0.9982448816299438
ai_landscape_leonardo_phoenix_landscape_07.png,true,Leonardo Phoenix,landscape,0.9833340048789978
ai_landscape_flux_2_flex_landscape_08.png,true,Flux,landscape,0.9961001873016357
ai_landscape_seedream_v3_landscape_08.png,true,Seedream,landscape,0.051682449877262115
ai_landscape_glm_image_landscape_09.png,true,GLM Image,landscape,0.9551897048950195
ai_landscape_flux_pro_v1.1_landscape_07.png,true,Flux Pro v1.1,landscape,0.8742468953132629
ai_landscape_wan_v2.6_landscape_06.png,true,Wan v2.6,landscape,0.9963605999946594
ai_landscape_seedream_v4_landscape_06.png,true,Seedream,landscape,0.0019176972564309835
ai_landscape_seedream_v4_landscape_07.png,true,Seedream,landscape,0.7098650932312012
ai_landscape_wan_v2.6_landscape_07.png,true,Wan v2.6,landscape,0.4533303678035736
ai_landscape_grok_aurora_landscape_01.png,true,Grok Aurora,landscape,0.9821546077728271
ai_landscape_flux_pro_v1.1_landscape_06.png,true,Flux Pro v1.1,landscape,0.7242329716682434
ai_landscape_glm_image_landscape_08.png,true,GLM Image,landscape,0.9999874830245972
ai_landscape_seedream_v3_landscape_09.png,true,Seedream,landscape,0.6746097207069397
ai_landscape_flux_2_flex_landscape_09.png,true,Flux,landscape,0.16154971718788147
ai_landscape_leonardo_phoenix_landscape_06.png,true,Leonardo Phoenix,landscape,0.9999047517776489
ai_landscape_leonardo_phoenix_landscape_02.png,true,Leonardo Phoenix,landscape,0.989406168460846
ai_landscape_flux_pro_v1.1_landscape_02.png,true,Flux Pro v1.1,landscape,0.19403381645679474
ai_landscape_grok_aurora_landscape_05.png,true,Grok Aurora,landscape,0.000933716306462884
ai_landscape_wan_v2.6_landscape_03.png,true,Wan v2.6,landscape,0.9880514144897461
ai_landscape_seedream_v4_landscape_03.png,true,Seedream,landscape,0.002675657859072089
ai_landscape_seedream_v4_landscape_02.png,true,Seedream,landscape,0.0023797452449798584
ai_landscape_wan_v2.6_landscape_02.png,true,Wan v2.6,landscape,0.9441542029380798
ai_landscape_grok_aurora_landscape_04.png,true,Grok Aurora,landscape,0.9999685287475586
ai_landscape_grok_aurora_landscape_10.png,true,Grok Aurora,landscape,0.0021023873705416918
ai_landscape_flux_pro_v1.1_landscape_03.png,true,Flux Pro v1.1,landscape,0.9905076026916504
ai_landscape_leonardo_phoenix_landscape_03.png,true,Leonardo Phoenix,landscape,0.831932544708252
ai_landscape_leonardo_phoenix_landscape_01.png,true,Leonardo Phoenix,landscape,0.08471106737852097
ai_landscape_flux_pro_v1.1_landscape_01.png,true,Flux Pro v1.1,landscape,0.7058002948760986
ai_landscape_grok_aurora_landscape_06.png,true,Grok Aurora,landscape,0.9998286962509155
ai_landscape_seedream_v4_landscape_01.png,true,Seedream,landscape,0.0014132848009467125
ai_landscape_wan_v2.6_landscape_01.png,true,Wan v2.6,landscape,0.5760297179222107
ai_landscape_grok_aurora_landscape_07.png,true,Grok Aurora,landscape,0.9999973773956299
ai_landscape_flux_2_flex_landscape_02.png,true,Flux,landscape,0.29904964566230774
ai_landscape_glm_image_landscape_03.png,true,GLM Image,landscape,0.9922202229499817
ai_landscape_seedream_v3_landscape_02.png,true,Seedream,landscape,0.0009744898416101933
ai_landscape_ideogram_v3_landscape_01.png,true,Ideogram v3,landscape,0.002542417962104082
ai_landscape_qwen_2512_landscape_01.png,true,Qwen 2512,landscape,0.9723239541053772
ai_landscape_recraft_v3_landscape_01.png,true,Recraft v3,landscape,0.9673312902450562
ai_landscape_seedream_v3_landscape_03.png,true,Seedream,landscape,0.1582026332616806
ai_landscape_glm_image_landscape_02.png,true,GLM Image,landscape,0.9958803653717041
ai_landscape_flux_2_flex_landscape_03.png,true,Flux,landscape,0.9971728324890137
ai_landscape_flux_2_flex_landscape_01.png,true,Flux,landscape,0.9960089921951294
ai_landscape_seedream_v3_landscape_01.png,true,Seedream,landscape,0.761437714099884
ai_landscape_ideogram_v3_landscape_02.png,true,Ideogram v3,landscape,0.002527745207771659
ai_landscape_qwen_2512_landscape_02.png,true,Qwen 2512,landscape,0.8884780406951904
ai_landscape_grok_aurora_landscape_09.png,true,Grok Aurora,landscape,0.017094392329454422
ai_landscape_recraft_v3_landscape_03.png,true,Recraft v3,landscape,0.9597782492637634
ai_landscape_recraft_v3_landscape_02.png,true,Recraft v3,landscape,0.993108868598938
ai_landscape_grok_aurora_landscape_08.png,true,Grok Aurora,landscape,0.9766239523887634
ai_landscape_qwen_2512_landscape_03.png,true,Qwen 2512,landscape,0.02989763207733631
ai_landscape_ideogram_v3_landscape_03.png,true,Ideogram v3,landscape,0.024687912315130234
ai_landscape_glm_image_landscape_01.png,true,GLM Image,landscape,0.9996312856674194
ai_landscape_flux_2_flex_landscape_10.png,true,Flux,landscape,0.00012690984294749796
ai_landscape_flux_2_flex_landscape_04.png,true,Flux,landscape,0.9961436986923218
ai_landscape_seedream_v3_landscape_10.png,true,Seedream,landscape,0.00013944193779025227
ai_landscape_seedream_v3_landscape_04.png,true,Seedream,landscape,0.020559195429086685
ai_landscape_glm_image_landscape_05.png,true,GLM Image,landscape,0.9579166173934937
ai_landscape_ideogram_v3_landscape_07.png,true,Ideogram v3,landscape,0.9994720816612244
ai_landscape_qwen_2512_landscape_07.png,true,Qwen 2512,landscape,0.9962592124938965
ai_landscape_recraft_v3_landscape_06.png,true,Recraft v3,landscape,0.9434579014778137
ai_landscape_recraft_v3_landscape_07.png,true,Recraft v3,landscape,0.9990515112876892
ai_landscape_qwen_2512_landscape_06.png,true,Qwen 2512,landscape,0.9740216135978699
ai_landscape_ideogram_v3_landscape_06.png,true,Ideogram v3,landscape,0.0025595214683562517
ai_landscape_glm_image_landscape_10.png,true,GLM Image,landscape,0.999790608882904
ai_landscape_glm_image_landscape_04.png,true,GLM Image,landscape,0.9961432814598083
ai_landscape_seedream_v3_landscape_05.png,true,Seedream,landscape,0.003242073580622673
ai_landscape_flux_2_flex_landscape_05.png,true,Flux,landscape,0.001955518964678049
ai_landscape_flux_2_flex_landscape_07.png,true,Flux,landscape,0.9990767240524292
ai_landscape_leonardo_phoenix_landscape_08.png,true,Leonardo Phoenix,landscape,0.8851566910743713
ai_landscape_seedream_v3_landscape_07.png,true,Seedream,landscape,0.004691856913268566
ai_landscape_glm_image_landscape_06.png,true,GLM Image,landscape,0.9999508857727051
ai_landscape_flux_pro_v1.1_landscape_08.png,true,Flux Pro v1.1,landscape,0.1361345797777176
ai_landscape_ideogram_v3_landscape_10.png,true,Ideogram v3,landscape,3.963817289331928e-05
ai_landscape_ideogram_v3_landscape_04.png,true,Ideogram v3,landscape,0.13432428240776062
ai_landscape_qwen_2512_landscape_10.png,true,Qwen 2512,landscape,0.0004182239936199039
ai_landscape_qwen_2512_landscape_04.png,true,Qwen 2512,landscape,0.6099420785903931
ai_landscape_wan_v2.6_landscape_09.png,true,Wan v2.6,landscape,0.0002830218290910125
ai_landscape_recraft_v3_landscape_05.png,true,Recraft v3,landscape,0.9999550580978394
ai_landscape_seedream_v4_landscape_09.png,true,Seedream,landscape,0.004837504122406244
ai_landscape_seedream_v4_landscape_08.png,true,Seedream,landscape,0.27351489663124084
ai_landscape_recraft_v3_landscape_10.png,true,Recraft v3,landscape,0.9999682903289795
ai_landscape_recraft_v3_landscape_04.png,true,Recraft v3,landscape,0.7497674226760864
ai_landscape_wan_v2.6_landscape_08.png,true,Wan v2.6,landscape,0.9999885559082031
ai_landscape_qwen_2512_landscape_05.png,true,Qwen 2512,landscape,0.949820339679718
ai_landscape_ideogram_v3_landscape_05.png,true,Ideogram v3,landscape,0.0003109918616246432
ai_landscape_flux_pro_v1.1_landscape_09.png,true,Flux Pro v1.1,landscape,0.9923442006111145
ai_landscape_glm_image_landscape_07.png,true,GLM Image,landscape,0.9931091070175171
ai_landscape_seedream_v3_landscape_06.png,true,Seedream,landscape,8.852237078826874e-05
ai_landscape_leonardo_phoenix_landscape_09.png,true,Leonardo Phoenix,landscape,0.9999680519104004
ai_landscape_flux_2_flex_landscape_06.png,true,Flux,landscape,0.7095531225204468
ai_landscape_gpt_image_1.5_landscape_02.png,true,Gpt,landscape,0.007838845252990723
ai_landscape_hunyuan_v3_landscape_03.png,true,Hunyuan v3,landscape,0.0002223501942353323
ai_landscape_z_image_landscape_05.png,true,Z,landscape,0.9999566078186035
ai_landscape_sd_3.5_large_landscape_03.png,true,Sd,landscape,0.9917351007461548
ai_landscape_flux_schnell_landscape_08.png,true,Flux Schnell,landscape,0.9990543723106384
ai_landscape_flux_schnell_landscape_09.png,true,Flux Schnell,landscape,0.9935686588287354
ai_landscape_z_image_landscape_10.png,true,Z,landscape,0.9999969005584717
ai_landscape_sd_3.5_large_landscape_02.png,true,Sd,landscape,0.814293622970581
ai_landscape_z_image_landscape_04.png,true,Z,landscape,0.9999920129776001
ai_landscape_hunyuan_v3_landscape_02.png,true,Hunyuan v3,landscape,0.0009562906925566494
ai_landscape_gpt_image_1.5_landscape_03.png,true,Gpt,landscape,0.05557577311992645
ai_landscape_gpt_image_1.5_landscape_01.png,true,Gpt,landscape,0.008404051885008812
ai_landscape_z_image_landscape_06.png,true,Z,landscape,0.9983490705490112
ai_landscape_sd_3.5_large_landscape_01.png,true,Sd,landscape,0.42400139570236206
ai_landscape_z_image_landscape_07.png,true,Z,landscape,0.9998617172241211
ai_landscape_hunyuan_v3_landscape_01.png,true,Hunyuan v3,landscape,0.0002725859230849892
ai_landscape_gpt_image_1.5_landscape_04.png,true,Gpt,landscape,0.8390378952026367
ai_landscape_gpt_image_1.5_landscape_10.png,true,Gpt,landscape,0.005311683751642704
ai_landscape_hunyuan_v3_landscape_05.png,true,Hunyuan v3,landscape,2.4133658371283673e-05
ai_landscape_sd_3.5_large_landscape_05.png,true,Sd,landscape,0.9924611449241638
ai_landscape_z_image_landscape_03.png,true,Z,landscape,0.9993481040000916
ai_landscape_z_image_landscape_02.png,true,Z,landscape,0.9985656142234802
ai_landscape_sd_3.5_large_landscape_04.png,true,Sd,landscape,0.894984781742096
ai_landscape_sd_3.5_large_landscape_10.png,true,Sd,landscape,0.0008883532136678696
ai_landscape_hunyuan_v3_landscape_04.png,true,Hunyuan v3,landscape,0.2892245948314667
ai_landscape_hunyuan_v3_landscape_10.png,true,Hunyuan v3,landscape,0.0005522930296137929
ai_landscape_gpt_image_1.5_landscape_05.png,true,Gpt,landscape,0.9101123809814453
ai_landscape_gpt_image_1.5_landscape_07.png,true,Gpt,landscape,0.00015374964277725667
ai_landscape_hunyuan_v3_landscape_06.png,true,Hunyuan v3,landscape,0.0008781261276453733
ai_landscape_sd_3.5_large_landscape_06.png,true,Sd,landscape,0.3040153980255127
ai_landscape_gemini_3_pro_landscape_08.png,true,Gemini 3 Pro,landscape,0.6869138479232788
ai_landscape_gemini_3_pro_landscape_09.png,true,Gemini 3 Pro,landscape,0.0026236798148602247
ai_landscape_z_image_landscape_01.png,true,Z,landscape,0.715039074420929
ai_landscape_sd_3.5_large_landscape_07.png,true,Sd,landscape,0.9694981575012207
ai_landscape_hunyuan_v3_landscape_07.png,true,Hunyuan v3,landscape,0.24924738705158234
ai_landscape_gpt_image_1.5_landscape_06.png,true,Gpt,landscape,0.01602889969944954
real_art_art_79_oil_painting_of_countryside_landscape_in_frame.jpg,false,,art,0.45274481177330017
real_art_art_163_tLQRMO33DeI.jpg,false,,art,0.07314739376306534
real_art_art_082_wzSfjeKGiLk.jpg,false,,art,0.06786300987005234
real_art_art_114_11SmxL6FI1A.jpg,false,,art,0.2857886254787445
real_art_art_58_watercolor_landscape_painting.jpg,false,,art,0.0012596984161064029
real_art_art_040_T2LEdBxpm54.jpg,false,,art,0.004150334745645523
real_art_art_105_HzNNbeGmJko.jpg,false,,art,0.00019314262317493558
real_art_art_68_vintage_botanical_illustration.jpg,false,,art,0.9436430335044861
real_art_art_164_GoJrwnPNPbg.jpg,false,,art,0.0004651226045098156
real_art_art_73_colorful_street_art_graffiti_mural.jpg,false,,art,0.9930282235145569
real_art_art_112_zelgyeLINKc.jpg,false,,art,0.13185341656208038
real_art_art_034_bkY4pok-UM0.jpg,false,,art,0.001088663819245994
real_art_art_132_xnyXLEyE8L0.jpg,false,,art,0.017949527129530907
real_art_art_149_fnoCqGw7AMg.jpg,false,,art,0.0005029032472521067
real_art_art_166_vDZCV1akWss.jpg,false,,art,6.803824817325221e-06
real_art_art_113_Cn2YpUFVkCo.jpg,false,,art,0.00016409202362410724
real_art_art_78_mosaic_tile_artwork_pattern.jpg,false,,art,0.0013138953363522887
real_art_art_72_pastel_colors_watercolor_wash.jpg,false,,art,0.0012596984161064029
real_art_art_074_QTWm4dJ_Z2E.jpg,false,,art,0.0017911369213834405
real_art_art_65_abstract_geometric_modern_art.jpg,false,,art,0.0004674717492889613
real_art_art_056_riFTrh0K4pg.jpg,false,,art,0.00029632585938088596
real_art_art_096_gzXhH-RiydU.jpg,false,,art,0.13194431364536285
real_art_art_094_JqpsJelnXb8.jpg,false,,art,0.06423847377300262
real_art_art_56_pencil_and_watercolor_art_supplies_on_table.jpg,false,,art,0.019935719668865204
real_art_art_160_PDAzh1rSIa8.jpg,false,,art,0.006864167749881744
real_art_art_152_uH3wpt7gKnQ.jpg,false,,art,0.02064391039311886
real_art_art_088_8qigdir-PfA.jpg,false,,art,7.202148117357865e-05
real_art_art_070_AYYbqlo5af0.jpg,false,,art,3.213629679521546e-05
real_art_art_80_digital_art_printed_on_gallery_wall.jpg,false,,art,0.057883888483047485
real_art_art_120_NiV9YsPFhM8.jpg,false,,art,0.00024413643404841423
real_art_art_093_3qoP52UWFiY.jpg,false,,art,0.00018623268988449126
real_art_art_092_IhDDZyvwwC4.jpg,false,,art,4.7551915486110374e-05
real_art_art_108_XOyxignLq1E.jpg,false,,art,0.0032050444278866053
real_art_art_127_P2LmtHXV2Wc.jpg,false,,art,8.8182081526611e-05
real_art_art_104_gQxrO5kOABU.jpg,false,,art,0.0002155830297851935
real_art_art_097_hBhfEXkihOs.jpg,false,,art,0.001928513403981924
real_art_art_085_Zm74mm1xEDY.jpg,false,,art,0.00035493611358106136
real_art_art_050_hyoJJZd_hhI.jpg,false,,art,1.4180405742081348e-05
real_art_art_053_jdhYNL0KrCA.jpg,false,,art,0.36974912881851196
real_art_art_045_dFA5XycbhoQ.jpg,false,,art,0.5427968502044678
real_art_art_057_m-e3AFsfOs0.jpg,false,,art,0.0016016924055293202
real_art_art_033_cpAKc-G6lPg.jpg,false,,art,0.0014475079951807857
real_art_art_159_U0_hlwXFLn0.jpg,false,,art,0.00021721568191424012
real_art_art_051_PHdLDymaV90.jpg,false,,art,1.417530802427791e-05
real_art_art_170_Vbbz9pZmn5o.jpg,false,,art,0.0013654064387083054
real_art_art_046_DQZl8fxpSp8.jpg,false,,art,4.428980901138857e-05
real_art_art_118_BsAzhHIIwxg.jpg,false,,art,0.0004797483852598816
real_art_art_117_5MteLUU9FGI.jpg,false,,art,0.0009355680085718632
real_art_art_66_still_life_oil_painting_with_fruit.jpg,false,,art,0.0003702981339301914
real_art_art_121_iKPxCjUU_bg.jpg,false,,art,0.003538849763572216
real_art_art_157_8ezfg5oYHNY.jpg,false,,art,2.4856735763023607e-05
real_art_art_081_w5bYMd9leus.jpg,false,,art,0.0030687323305755854
real_art_art_062_dP9U-tIfU3M.jpg,false,,art,0.00035718645085580647
real_art_art_032_puf8VwPLAug.jpg,false,,art,0.025528475642204285
real_art_art_119_iplwfXCe8a4.jpg,false,,art,6.582025525858626e-05
real_art_art_142_svOht0lwbyk.jpg,false,,art,0.7347120642662048
real_art_art_068_J7w12ShptC0.jpg,false,,art,1.951693047885783e-05
real_art_art_147_oZKmdQlIVds.jpg,false,,art,0.3448296785354614
real_art_art_145_E_JDMtW_l0Y.jpg,false,,art,0.018720783293247223
real_art_art_52_watercolor_painting_supplies_on_table.jpg,false,,art,0.019935719668865204
real_art_art_144_8XIAf776Fqg.jpg,false,,art,0.00039322214433923364
real_art_art_126_wpw8sHoBtSY.jpg,false,,art,0.8697706460952759
real_art_art_066_OnAwhivaqrU.jpg,false,,art,0.0013557798229157925
real_art_art_124_VHX-eIns4Wo.jpg,false,,art,0.006668479181826115
real_art_art_158_I0QTg9ctFDY.jpg,false,,art,0.006742146797478199
real_art_art_128_XzG9XYwxgXc.jpg,false,,art,0.0006357327220030129
real_art_art_62_impressionist_landscape_painting_in_ornate_frame.jpg,false,,art,0.46454402804374695
real_art_art_047_OfTVSQTuQ5Y.jpg,false,,art,2.406659405096434e-05
real_art_art_098_sKHf8VwwFdo.jpg,false,,art,1.636978777241893e-05
real_art_art_130_D1IS5s5O9xo.jpg,false,,art,0.0018672042060643435
real_art_art_129_0RTmv1Kx9Qk.jpg,false,,art,0.003918698523193598
real_art_art_136_rGu8w3QP48o.jpg,false,,art,0.00017018901417031884
real_art_art_060_BXkYKWKL7TA.jpg,false,,art,1.1158101187902503e-05
real_art_art_123__yrdstGC_rg.jpg,false,,art,0.00015635567251592875
real_art_art_64_colorful_mural_on_building_exterior.jpg,false,,art,0.1661418080329895
real_art_art_071_n00dm9FBwrs.jpg,false,,art,0.6501919627189636
real_art_art_064_1cVQMljvsnw.jpg,false,,art,0.0009825245942920446
real_art_art_107_7xemAmqHhLc.jpg,false,,art,2.310192576260306e-05
real_art_art_091_IF9x9SGOh1w.jpg,false,,art,0.0014721433399245143
real_art_art_058_TOcmDVAo2jo.jpg,false,,art,5.521002458408475e-05
real_art_art_150_1CcjT68gMRM.jpg,false,,art,0.011437780223786831
real_art_art_100_9pU5knbOtgY.jpg,false,,art,7.823380292393267e-05
real_art_art_083_jBV3_PRk1-U.jpg,false,,art,0.007082646246999502
real_art_art_035_S0c_wsCmlXE.jpg,false,,art,0.00026536788209341466
real_art_art_122_nnIzqn6B6fA.jpg,false,,art,0.004518344532698393
real_art_art_099_3kIPqGmmgwI.jpg,false,,art,0.00024926269543357193
real_art_art_141_vsYrMcvb5nQ.jpg,false,,art,0.0004989501903764904
real_art_art_70_art_gallery_interior_with_paintings_on_walls.jpg,false,,art,0.9064125418663025
real_art_art_048__j6wbAlQ1ow.jpg,false,,art,0.0037911911495029926
real_art_art_079_93aN5XCAlJs.jpg,false,,art,0.06068316847085953
real_art_art_135_lvqcncxBYqw.jpg,false,,art,0.00016383810725528747
real_art_art_111_DVauUHIJby0.jpg,false,,art,0.05638426914811134
real_art_art_161_StV72L0DH4A.jpg,false,,art,0.0016286062309518456
real_art_art_087_U3NtClWLRd4.jpg,false,,art,1.0088247108797077e-06
real_art_art_055_e-XPbBr0NhU.jpg,false,,art,0.0024266645777970552
real_art_art_043_e6xd2HXuy0A.jpg,false,,art,1.7241714886040427e-05
real_art_art_109_GY_YJtmwPas.jpg,false,,art,0.21202529966831207
real_art_art_61_charcoal_drawing_on_paper.jpg,false,,art,0.38878485560417175
real_art_art_137_70l86REbjmk.jpg,false,,art,0.0785294696688652
real_art_art_154_kBzQNk9AgOg.jpg,false,,art,0.04427671432495117
real_art_art_037_cuddQwqncLc.jpg,false,,art,0.24925561249256134
real_art_art_74_gallery_wall_with_multiple_framed_artworks.jpg,false,,art,0.9992212057113647
real_art_art_116_tEbRUeGJDfw.jpg,false,,art,0.04999168962240219
real_art_art_125_ajAj3-55G2A.jpg,false,,art,0.00015814688231330365
real_art_art_67_acrylic_pour_painting_abstract.jpg,false,,art,0.00204227096401155
real_art_art_51_modern_art_gallery_with_paintings_on_white_walls.jpg,false,,art,0.9064125418663025
real_art_art_049_ZW8dIPP4S4U.jpg,false,,art,0.0001654609659453854
real_art_art_139_DD1fSz2HF1s.jpg,false,,art,0.004881399683654308
real_art_art_50_abstract_colorful_painting_on_canvas.jpg,false,,art,5.2946325013181195e-05
real_art_art_165_yN5c71nvg6g.jpg,false,,art,0.00012320539099164307
real_art_art_153_rleYWWVY4Pc.jpg,false,,art,0.0004884387599304318
real_art_art_134_tClS6SPq8Zo.jpg,false,,art,8.321893255924806e-05
real_art_art_090_yCWQevKzkkM.jpg,false,,art,0.10529698431491852
real_art_art_101_YJCRjsg1LQw.jpg,false,,art,0.030035963281989098
real_art_art_042_eN6FkYAetF8.jpg,false,,art,0.06315766274929047
real_art_art_059_yjiZAbTDkik.jpg,false,,art,0.00016133213648572564
real_art_art_54_oil_painting_of_flowers_in_vase.jpg,false,,art,0.005129159428179264
real_art_art_089_IMZ3bM611eA.jpg,false,,art,0.00046904245391488075
real_art_art_146_n1mVt4pyFow.jpg,false,,art,0.11009278893470764
real_art_art_169_Uo5MWyegjog.jpg,false,,art,0.0014476691139861941
real_art_art_073_n3VWZXx5n9I.jpg,false,,art,0.0014070715988054872
real_art_art_076_I7BDP_5WPqE.jpg,false,,art,3.5543878766475245e-05
real_art_art_53_colorful_abstract_oil_painting_closeup.jpg,false,,art,0.004456671420484781
real_art_art_080_nNqBDh_l3oE.jpg,false,,art,0.0004064820532221347
real_art_art_061_XuHkodhmiyk.jpg,false,,art,0.013827182352542877
real_art_art_60_colorful_paint_brushstrokes_close_up_texture.jpg,false,,art,0.004456671420484781
real_art_art_71_renaissance_painting_in_gilded_frame.jpg,false,,art,0.0038277297280728817
real_art_art_69_mixed_media_collage_artwork.jpg,false,,art,0.003354570595547557
real_art_art_168_u7zd4x6-dx8.jpg,false,,art,0.00013909759582020342
real_art_art_095_9_vYkYnWn2w.jpg,false,,art,0.010502496734261513
real_art_art_138_007R8JewpwU.jpg,false,,art,0.0064065465703606606
real_art_art_069_ziIJiGSkfR4.jpg,false,,art,0.00011599253775784746
real_art_art_63_sculpture_in_art_museum_with_natural_light.jpg,false,,art,0.4323820471763611
real_art_art_106_cqKG2s6WP6s.jpg,false,,art,8.288503886433318e-05
real_art_art_59_classical_oil_portrait_painting_in_museum.jpg,false,,art,0.001426488859578967
real_art_art_039_izfOdN-3zw0.jpg,false,,art,0.00014575134264305234
real_art_art_57_graffiti_street_art_on_brick_wall.jpg,false,,art,0.38807323575019836
real_art_art_084_JPFWudeuc54.jpg,false,,art,0.03694988042116165
real_art_art_133_h1jyIBttST0.jpg,false,,art,0.027118688449263573
real_art_art_038_UwKXPb7N9UY.jpg,false,,art,0.0028235013596713543
real_art_art_054_Erf1Kz7ZE5Y.jpg,false,,art,0.0006796582601964474
real_art_art_078_RYtFleIk_4U.jpg,false,,art,8.918011735659093e-05
real_art_art_75_oil_painting_landscape_with_trees.jpg,false,,art,5.405132469604723e-05
real_art_art_041_4POG9GQo7Aw.jpg,false,,art,0.0002335244935238734
real_art_art_162_jrDzerLmfW0.jpg,false,,art,8.645619345770683e-06
real_art_art_167_Jpjj_v1-5OM.jpg,false,,art,0.003253307892009616
real_art_art_102_rXtXA42Lgzs.jpg,false,,art,0.00039616654976271093
real_art_art_140_Rq74Wkhffok.jpg,false,,art,0.0001288278872380033
real_art_art_086_OTP0nlljatI.jpg,false,,art,0.004527417477220297
real_art_art_036_KQBsTXCvGwM.jpg,false,,art,0.00467299809679389
real_art_art_76_handwritten_calligraphy_on_white_paper.jpg,false,,art,0.036797650158405304
real_art_art_072_F2olcCyRQBw.jpg,false,,art,0.2977016270160675
real_art_art_067_LOvJ2ECcUJY.jpg,false,,art,0.0023862794041633606
real_art_art_052_OpqAtrUNJeI.jpg,false,,art,0.04670695960521698
real_art_art_044_hptNUC-iitA.jpg,false,,art,4.851861376664601e-05
real_art_art_151_tuU1puvTmWw.jpg,false,,art,1.3819094419886824e-05
real_art_art_103_cLRvJPVw69U.jpg,false,,art,0.0059122126549482346
real_art_art_065_akbHiqZy4Pg.jpg,false,,art,0.0007123987888917327
real_art_art_148_-bA6TkrToiY.jpg,false,,art,0.0453731045126915
real_art_art_77_street_art_portrait_on_concrete_wall.jpg,false,,art,0.3525846004486084
real_art_art_131_bPqJ9ssfjqs.jpg,false,,art,8.044476999202743e-05
real_art_art_55_art_museum_gallery_room_with_framed_paintings.jpg,false,,art,0.00056760961888358
real_art_art_110_hY3KGFVG-i0.jpg,false,,art,0.0072350273840129375
real_art_art_156_u2RlwQc1qiQ.jpg,false,,art,0.26506248116493225
real_art_art_075_ff0HoIx3PzU.jpg,false,,art,0.001254939241334796
real_art_art_143_TzAydhJ4QzE.jpg,false,,art,0.00020643114112317562
real_art_art_077_IExOV9fFQBM.jpg,false,,art,0.0012322606053203344
real_art_art_155_KWpm9MmEo2s.jpg,false,,art,0.014426270499825478
real_art_art_063_heeEKtHAYEg.jpg,false,,art,0.0036161059979349375
real_art_art_115_iMdsjoiftZo.jpg,false,,art,0.7494511008262634
real_portrait_portrait_76_a_group_of_people_standing_around_a_white_cake.jpg,false,,portrait,0.9988583326339722
real_portrait_portrait_55_a_woman_holding_a_smart_phone_next_to_a_group_of_people.jpg,false,,portrait,0.004624326713383198
real_portrait_portrait_118_iJGhIMWKz7w.jpg,false,,portrait,0.00019891704141627997
real_portrait_portrait_094_7A5eK3q9qUA.jpg,false,,portrait,0.0001538920623715967
real_portrait_portrait_62_a_group_of_men_standing_and_sitting_next_to_each_other.jpg,false,,portrait,0.6115856766700745
real_portrait_portrait_51_a_woman_is_helping_a_child_put_on_skis.jpg,false,,portrait,0.9866793751716614
real_portrait_portrait_065_6lWqkLIh5L8.jpg,false,,portrait,0.00027554904227145016
real_portrait_portrait_039_ZW3dnRiZD9U.jpg,false,,portrait,5.0941594963660464e-05
real_portrait_portrait_135_BZzHWmQUszE.jpg,false,,portrait,5.06566975673195e-05
real_portrait_portrait_83_a_tennis_player_who_has_just_made_a_shot.jpg,false,,portrait,0.0400964617729187
real_portrait_portrait_57_a_young_man_and_woman_holding_their_heads_close_to_each_othe.jpg,false,,portrait,0.14507512748241425
real_portrait_portrait_67_there_are_many_bike_riders_racing_in_a_street_race.jpg,false,,portrait,0.0010588227305561304
real_portrait_portrait_058_dWiK1hrTl14.jpg,false,,portrait,1.8364911738899536e-05
real_portrait_portrait_086_kpR9Mwgkj8c.jpg,false,,portrait,7.76748638600111e-05
real_portrait_portrait_075_VQRm94PV_20.jpg,false,,portrait,0.0030110676307231188
real_portrait_portrait_151_LlHgaeBwYVE.jpg,false,,portrait,0.0011072386987507343
real_portrait_portrait_077_IIWiU1QXmWY.jpg,false,,portrait,1.5387999155791476e-05
real_portrait_portrait_100_2FM9g-vAkJg.jpg,false,,portrait,0.0007196587976068258
real_portrait_portrait_098_wX7NeTEXq_w.jpg,false,,portrait,0.2515324056148529
real_portrait_portrait_071__lP2UOoZJKk.jpg,false,,portrait,0.05312483757734299
real_portrait_portrait_81_two_men_next_to_each_other_holding_wine_glasses.jpg,false,,portrait,2.4118935471051373e-05
real_portrait_portrait_114_VcWRNg2ju7Y.jpg,false,,portrait,0.00016264457372017205
real_portrait_portrait_65_three_women_sitting_on_a_train_seat_on_cellphones.jpg,false,,portrait,0.018353329971432686
real_portrait_portrait_054_cFgCc3PM-A0.jpg,false,,portrait,7.458012260030955e-05
real_portrait_portrait_067_ua9Im1zPoGM.jpg,false,,portrait,0.05214671418070793
real_portrait_portrait_63_a_man_sitting_at_a_table_eating_food_from_a_plate.jpg,false,,portrait,0.11165273934602737
real_portrait_portrait_119_lAAmMH2c2gU.jpg,false,,portrait,0.00025544443633407354
real_portrait_portrait_72_a_man_swinging_a_tennis_racket_at_a_tennis_ball.jpg,false,,portrait,0.00014641201414633542
real_portrait_portrait_77_three_men_smiling_holding_a_wii_controller_in_their_hands.jpg,false,,portrait,0.9085168838500977
real_portrait_portrait_70_two_sets_of_hands_are_each_holding_a_cell_phone_while_anothe.jpg,false,,portrait,0.008954429998993874
real_portrait_portrait_168_ht1JkZ7tYmY.jpg,false,,portrait,0.0008317992906086147
real_portrait_portrait_58_woman_listening_on_her_phone_while_smoking_a_cigarette.jpg,false,,portrait,0.8785563707351685
real_portrait_portrait_137_O5BSKKHYiEU.jpg,false,,portrait,0.00027998400037176907
real_portrait_portrait_59_a_woman_taking_a_selfie_with_a_mobile_phone.jpg,false,,portrait,7.459029438905418e-05
real_portrait_portrait_060_wyCDQSzN8XE.jpg,false,,portrait,0.000353133276803419
real_portrait_portrait_081_2EmLMaTshko.jpg,false,,portrait,2.9630949939019047e-05
real_portrait_portrait_059_pFbJuxSwuhI.jpg,false,,portrait,0.0024004618171602488
real_portrait_portrait_048_8sbwihARadA.jpg,false,,portrait,0.003740031272172928
real_portrait_portrait_167_guDkXldTxy8.jpg,false,,portrait,0.9943332672119141
real_portrait_portrait_095_E38Gb_nVPck.jpg,false,,portrait,0.00023188177146948874
real_portrait_portrait_043_aDvDvH428RQ.jpg,false,,portrait,0.01991160772740841
real_portrait_portrait_133_iiQ-mmG2NxI.jpg,false,,portrait,7.614508649567142e-05
real_portrait_portrait_128_nE6EPBrM-EA.jpg,false,,portrait,0.0008582714363001287
real_portrait_portrait_050_eoAubhPm6H8.jpg,false,,portrait,6.384368316503242e-05
real_portrait_portrait_134_UY52j2uUvdU.jpg,false,,portrait,0.00026219256687909365
real_portrait_portrait_104_eq9FtP7XwJI.jpg,false,,portrait,0.0014664402697235346
real_portrait_portrait_092_uTad53fcxss.jpg,false,,portrait,0.0007046959945000708
real_portrait_portrait_062_ILz31HBGEak.jpg,false,,portrait,0.018470406532287598
real_portrait_portrait_085_qV16cq3T420.jpg,false,,portrait,4.638249265553895e-06
real_portrait_portrait_170_cQPUosG9dQE.jpg,false,,portrait,0.00223619700409472
real_portrait_portrait_147_RYNTlcn0e3k.jpg,false,,portrait,1.6016365407267585e-05
real_portrait_portrait_103_TsvawNBQ7k0.jpg,false,,portrait,3.5436582948022988e-06
real_portrait_portrait_047_kN_F83xqdiM.jpg,false,,portrait,0.3071068525314331
real_portrait_portrait_105_Knvzw8_L_80.jpg,false,,portrait,0.00010539790673647076
real_portrait_portrait_101_WXp2BT0AgnE.jpg,false,,portrait,0.00014239709707908332
real_portrait_portrait_153_k_NkqIaRhro.jpg,false,,portrait,0.06225137785077095
real_portrait_portrait_71_a_woman_brushes_her_teeth_with_foamy_toothpaste.jpg,false,,portrait,0.003851874964311719
real_portrait_portrait_142_mJaDIZr6eMY.jpg,false,,portrait,0.0009260159567929804
real_portrait_portrait_083_LN8t4ZAGZFQ.jpg,false,,portrait,0.006962153594940901
real_portrait_portrait_115_82NWNb5AGWc.jpg,false,,portrait,1.4711781659570988e-05
real_portrait_portrait_64_a_woman_smiles_from_behind_the_book_she_has_been_reading.jpg,false,,portrait,2.8201056920806877e-05
real_portrait_portrait_102_QGMWr63tKoo.jpg,false,,portrait,0.00012333104677964002
real_portrait_portrait_037_M34IAftLLsY.jpg,false,,portrait,0.0013877995079383254
real_portrait_portrait_79_a_copse_of_men_sitting_next_to_each_other_at_a_table.jpg,false,,portrait,0.0062476955354213715
real_portrait_portrait_068_g_eJl04NKEY.jpg,false,,portrait,0.0009429946658201516
real_portrait_portrait_53_two_men_wearing_suits_and_hats_are_walking_together.jpg,false,,portrait,0.003514633048325777
real_portrait_portrait_055_ycF8akmJ_RU.jpg,false,,portrait,0.32547861337661743
real_portrait_portrait_129_jqsprpPrn9w.jpg,false,,portrait,0.0001836006558733061
real_portrait_portrait_138_NOcaza8sIBg.jpg,false,,portrait,0.11717964708805084
real_portrait_portrait_78_a_woman_holding_a_plate_of_cake_covered_in_frosting.jpg,false,,portrait,0.001219811849296093
real_portrait_portrait_130_4wIY3oykWMo.jpg,false,,portrait,0.0016435941215604544
real_portrait_portrait_099_dKH-4ml-5I4.jpg,false,,portrait,1.2913293176097795e-05
real_portrait_portrait_093_8gRw4V0_XJA.jpg,false,,portrait,0.0002356612531002611
real_portrait_portrait_109_IOkL3ZqAapM.jpg,false,,portrait,0.0017167887417599559
real_portrait_portrait_74_a_person_helping_a_woman_put_on_a_tie.jpg,false,,portrait,9.839901758823544e-05
real_portrait_portrait_121_hQBQ1ATvH10.jpg,false,,portrait,0.00011029215238522738
real_portrait_portrait_076_6fc0hcXapYU.jpg,false,,portrait,0.9985213875770569
real_portrait_portrait_155_3kWZ-gVZAG0.jpg,false,,portrait,9.473115642322227e-05
real_portrait_portrait_140_83BjY5qcPKg.jpg,false,,portrait,0.0005197208374738693
real_portrait_portrait_087_gENx9JQeQWs.jpg,false,,portrait,0.00045536455581896007
real_portrait_portrait_084_7BDP97v-tT8.jpg,false,,portrait,0.00827852450311184
real_portrait_portrait_040_kl22CsySpcw.jpg,false,,portrait,0.004475309047847986
real_portrait_portrait_161_Tay3IMQpKHA.jpg,false,,portrait,0.00041804337524808943
real_portrait_portrait_045_3F6Jo667E4w.jpg,false,,portrait,0.7817999124526978
real_portrait_portrait_116_L4CAMVlnRlg.jpg,false,,portrait,0.0007054684101603925
real_portrait_portrait_072_VlOrWGCFl_w.jpg,false,,portrait,8.44640817376785e-06
real_portrait_portrait_044_NljdMbT3s30.jpg,false,,portrait,0.0021768079604953527
real_portrait_portrait_122_LpIy3YxbDA4.jpg,false,,portrait,0.0171454306691885
real_portrait_portrait_156_HC2t702jdGo.jpg,false,,portrait,0.00019084737868979573
real_portrait_portrait_69_a_crowd_of_people_standing_around_each_other.jpg,false,,portrait,0.04822086915373802
real_portrait_portrait_73_a_baseball_player_talks_with_an_umpire.jpg,false,,portrait,0.9777103066444397
real_portrait_portrait_096_Rur5fFIrWNY.jpg,false,,portrait,0.00012879152200184762
real_portrait_portrait_61_a_clown_talking_on_a_phone_next_to_a_building.jpg,false,,portrait,4.238332257955335e-05
real_portrait_portrait_090_UNJ3hCbuHXA.jpg,false,,portrait,3.369500700500794e-05
real_portrait_portrait_148_ofgYwK8j_cQ.jpg,false,,portrait,0.0010485537350177765
real_portrait_portrait_113_J_I5FfqShJw.jpg,false,,portrait,0.7554915547370911
real_portrait_portrait_152_P7ASbD-vHW8.jpg,false,,portrait,4.327052738517523e-05
real_portrait_portrait_56_a_woman_holding_her_cell_phone_tucked_in_a_wool_cover.jpg,false,,portrait,0.018923329189419746
real_portrait_portrait_107_W80TTxhRRU4.jpg,false,,portrait,0.0003082352050114423
real_portrait_portrait_073_yAsJE9nFiFw.jpg,false,,portrait,0.00034237728687003255
real_portrait_portrait_091_xX9r2xULy7s.jpg,false,,portrait,2.8186379495309666e-05
real_portrait_portrait_082_QwsCqHTim98.jpg,false,,portrait,2.3298194719245657e-05
real_portrait_portrait_132_shb8l1o-0Zk.jpg,false,,portrait,0.10490360856056213
real_portrait_portrait_078_cT4-8tBBJDA.jpg,false,,portrait,0.00017390077118761837
real_portrait_portrait_160_PEgf72cgr-w.jpg,false,,portrait,0.00015223465743474662
real_portrait_portrait_038_62Ims7pw_X8.jpg,false,,portrait,5.0586360885063186e-05
real_portrait_portrait_75_a_man_wearing_a_suit_and_tie_and_red_hat_with_a_silver_buckl.jpg,false,,portrait,0.0001546609855722636
real_portrait_portrait_051_63KDwZUZQw8.jpg,false,,portrait,1.6109841453726403e-05
real_portrait_portrait_82_a_man_wearing_a_tie_jacket_and_white_shirt.jpg,false,,portrait,0.9973203539848328
real_portrait_portrait_52_three_students_check_their_cell_phones_in_a_classroom.jpg,false,,portrait,0.039882171899080276
real_portrait_portrait_063_Qm4yrKLiawY.jpg,false,,portrait,0.9834587574005127
real_portrait_portrait_84_three_young_men_playing_wii_on_a_projection_television.jpg,false,,portrait,0.00030402574338950217
real_portrait_portrait_159_o47Lif2bfqI.jpg,false,,portrait,8.907906158128753e-05
real_portrait_portrait_041_vCZFKRZes_0.jpg,false,,portrait,0.0013934929156675935
real_portrait_portrait_064_KrLXXQSojYs.jpg,false,,portrait,0.24578124284744263
real_portrait_portrait_112_OxPuMO3zQ9s.jpg,false,,portrait,0.00023952487390488386
real_portrait_portrait_145_DQ9dW9v65Fc.jpg,false,,portrait,0.03165941685438156
real_portrait_portrait_117_4XrEyN5sXhA.jpg,false,,portrait,4.062175867147744e-05
real_portrait_portrait_070_kNZd7qT8ASY.jpg,false,,portrait,0.00043676819768734276
real_portrait_portrait_146_I03ZQjTt4WI.jpg,false,,portrait,0.00024760820087976754
real_portrait_portrait_163_6qRpAg4pPEU.jpg,false,,portrait,0.010746226646006107
real_portrait_portrait_80_two_men_smiling_and_taking_a_picture_together.jpg,false,,portrait,0.9840090274810791
real_portrait_portrait_150_itdkHUjTuIY.jpg,false,,portrait,0.007599009200930595
real_portrait_portrait_046_k1QqUSvRObc.jpg,false,,portrait,9.74619179032743e-05
real_portrait_portrait_056_JxbqicKm-ko.jpg,false,,portrait,0.00012444968160707504
real_portrait_portrait_042_2xf2beBy7Wo.jpg,false,,portrait,0.9873800277709961
real_portrait_portrait_126_jxltRrbjtdI.jpg,false,,portrait,0.0010177859803661704
real_portrait_portrait_061_IppB3SB9f6s.jpg,false,,portrait,1.8414928490528837e-05
real_portrait_portrait_68_a_photo_of_a_young_male_in_a_suit_jacket_and_tie.jpg,false,,portrait,0.9611703157424927
real_portrait_portrait_124_Hd2T6EzW_2Q.jpg,false,,portrait,0.0006223393720574677
real_portrait_portrait_50_a_man_wearing_a_top_hat_and_a_red_tie.jpg,false,,portrait,0.013759787194430828
real_portrait_portrait_057_ZbvHaiUwVfo.jpg,false,,portrait,3.9724265661789104e-05
real_portrait_portrait_079_fGfUJnZD3Mw.jpg,false,,portrait,0.4176903963088989
real_portrait_portrait_127_ZhJsD9T_20Q.jpg,false,,portrait,3.410486169741489e-05
real_portrait_portrait_136_SwcnAmIRZYc.jpg,false,,portrait,0.0019859522581100464
real_portrait_portrait_110_9iAIfjrSFYw.jpg,false,,portrait,1.1982717296632472e-05
real_portrait_portrait_139_5Uvy1WMaUHw.jpg,false,,portrait,4.038987754029222e-05
real_portrait_portrait_097_JibO_kC6vh4.jpg,false,,portrait,7.320861186599359e-05
real_portrait_portrait_157_jG4xhAmz-uQ.jpg,false,,portrait,0.008430254645645618
real_portrait_portrait_141_l7PnmcqTj5Q.jpg,false,,portrait,0.009383024647831917
real_portrait_portrait_125_Oz7_usBqwuY.jpg,false,,portrait,0.028186915442347527
real_portrait_portrait_143_peP3zrquunA.jpg,false,,portrait,0.0006214047316461802
real_portrait_portrait_165_rEKKAV83i-8.jpg,false,,portrait,0.0009346548467874527
real_portrait_portrait_069_Q7p9V_xHe08.jpg,false,,portrait,0.2687685787677765
real_portrait_portrait_144_WUhpW32kBek.jpg,false,,portrait,1.0864860087167472e-05
real_portrait_portrait_089_dgGWnapezLs.jpg,false,,portrait,0.00045654826681129634
real_portrait_portrait_074_P_pjzMeIbj8.jpg,false,,portrait,0.00044826004886999726
real_portrait_portrait_036_IHJtKBe9xNs.jpg,false,,portrait,0.007204758934676647
real_portrait_portrait_049_-lb-Wob1TeQ.jpg,false,,portrait,0.0005731554119847715
real_portrait_portrait_66_a_woman_holding_a_child_wrapped_in_a_towel_brushing_her_teet.jpg,false,,portrait,0.020815439522266388
real_portrait_portrait_54_the_young_boy_just_finished_eating_the_banana.jpg,false,,portrait,0.9966698288917542
real_portrait_portrait_60_there_are_people_playing_a_soccer_game_on_the_field.jpg,false,,portrait,0.791400134563446
real_portrait_portrait_166_w-pEeDGN1w0.jpg,false,,portrait,0.0005096126697026193
real_portrait_portrait_123_o1iV6Di2FX0.jpg,false,,portrait,0.0007655275403521955
real_portrait_portrait_162_1kJy_HK3eGI.jpg,false,,portrait,0.001829634071327746
real_portrait_portrait_108_xz-qq9KNgwk.jpg,false,,portrait,0.4252539873123169
real_portrait_portrait_149_qj1vIzXOtYo.jpg,false,,portrait,3.0330887966556475e-05
real_portrait_portrait_164_qk6CnpKNmVw.jpg,false,,portrait,0.0008525532321073115
real_portrait_portrait_131_rcXU8Tezb_k.jpg,false,,portrait,5.5336735385935754e-05
real_portrait_portrait_053_oKA8kDSZpCc.jpg,false,,portrait,2.132527697540354e-05
real_portrait_portrait_066_bSNJ6R5Qrt4.jpg,false,,portrait,0.010161496698856354
real_portrait_portrait_120_WSxluGgdlFQ.jpg,false,,portrait,7.824641943443567e-05
real_portrait_portrait_169_-7JAEi4PhTU.jpg,false,,portrait,0.02295805513858795
real_portrait_portrait_158_8kDx62gZRzk.jpg,false,,portrait,7.121913222363219e-05
real_portrait_portrait_052_FvrjfNKpITc.jpg,false,,portrait,5.438610060082283e-06
real_portrait_portrait_088_iMYRUK-oadw.jpg,false,,portrait,0.23623546957969666
real_portrait_portrait_154_fXik2Do-bB4.jpg,false,,portrait,0.00011849393922602758
real_portrait_portrait_080_uOnxXwB3KNE.jpg,false,,portrait,0.0015670337015762925
real_portrait_portrait_106_ZzNLsAPymuI.jpg,false,,portrait,0.005680838134139776
real_portrait_portrait_111_tEQV_wnx3U8.jpg,false,,portrait,0.00046234807814471424
real_product_product_161_paw_7bdZ8Xg.jpg,false,,product,0.0005293394788168371
real_product_product_118_0ON2rLuvo5c.jpg,false,,product,0.00044624137808568776
real_product_product_035_s9TJ2ncyLcQ.jpg,false,,product,0.0012272765161469579
real_product_product_162_iCW61HY_vjg.jpg,false,,product,0.0001758721482474357
real_product_product_039_AaRflAurGmg.jpg,false,,product,0.0003633852757047862
real_product_product_140_xRyL63AwZFE.jpg,false,,product,0.0007576257339678705
real_product_product_067_IWOOT4ChLjM.jpg,false,,product,0.00020341786148492247
real_product_product_066_-jXsYZeA7tQ.jpg,false,,product,0.0025137243792414665
real_product_product_70_a_young_woman_sitting_cross_legged_on_an_apartment_sofa.jpg,false,,product,0.05424299091100693
real_product_product_115_a0dGKKDQUQ8.jpg,false,,product,0.017310896888375282
real_product_product_130_BDFWZ3fLxrg.jpg,false,,product,0.8481985330581665
real_product_product_094_oZzoDW61aoM.jpg,false,,product,0.07490307092666626
real_product_product_077_oyr64kMIz98.jpg,false,,product,0.03679962456226349
real_product_product_50_a_living_room_filled_with_furniture_and_decor.jpg,false,,product,0.0004784711927641183
real_product_product_168_qsYM_gFgliw.jpg,false,,product,1.0342175301047973e-05
real_product_product_125_Re8T5DwoMic.jpg,false,,product,0.028119465336203575
real_product_product_166_P_fMqU34A3I.jpg,false,,product,0.005264996085315943
real_product_product_046_G59UIKfHz6o.jpg,false,,product,0.3955191969871521
real_product_product_139_5JuLcub3dYg.jpg,false,,product,0.01076423842459917
real_product_product_058_fX8leXj8Q4o.jpg,false,,product,0.00042167678475379944
real_product_product_087__vAuxGCAfjQ.jpg,false,,product,1.645562292651448e-06
real_product_product_078_1UFTd1eRamE.jpg,false,,product,5.654574488289654e-05
real_product_product_80_kitchen_area_with_counter_top_space_and_dining_room_table.jpg,false,,product,1.919331043609418e-05
real_product_product_81_a_pizza_sitting_on_top_of_a_plate_next_to_a_foil_bag_of_food.jpg,false,,product,0.057831015437841415
real_product_product_60_three_laptop_computers_and_a_desktop_computer_sit_next_to_ea.jpg,false,,product,5.955792403256055e-06
real_product_product_042_NydHbLFLoS8.jpg,false,,product,7.835841824999079e-05
real_product_product_050_udHDq62Dgpc.jpg,false,,product,0.016911258921027184
real_product_product_145_F7FhTijeOG8.jpg,false,,product,0.0055408477783203125
real_product_product_137_OmfMncXSshw.jpg,false,,product,0.011242430657148361
real_product_product_041_iW1l64BMMR0.jpg,false,,product,0.00015814461221452802
real_product_product_103_i4Tv0A_n4EQ.jpg,false,,product,0.00048599240835756063
real_product_product_073_m3MWJTeKGBg.jpg,false,,product,0.04591239243745804
real_product_product_036_ww2S2eKgbKE.jpg,false,,product,0.018452446907758713
real_product_product_111_utu66oQU6vI.jpg,false,,product,0.00019062458886764944
real_product_product_68_a_woman_holding_a_cigarette_smiling_at_the_camera_on_a_sunny.jpg,false,,product,8.99639053386636e-06
real_product_product_045_00y8k1-0DlA.jpg,false,,product,0.008380215615034103
real_product_product_63_a_picture_of_a_cluttered_home_office_desk.jpg,false,,product,5.5466111916757654e-06
real_product_product_54_young_children_sharing_a_laptop_in_a_messy_room_with_several.jpg,false,,product,1.0323484502805513e-06
real_product_product_079_8LotN6HsaT4.jpg,false,,product,0.42806297540664673
real_product_product_095_UaaqY7j09B8.jpg,false,,product,1.146278555097524e-05
real_product_product_71_the_child_smiles_brightly_while_being_handed_a_pink_umbrella.jpg,false,,product,0.0011138867121189833
real_product_product_101_G6ntxf-QoSI.jpg,false,,product,0.0018641069764271379
real_product_product_66_a_woman_holding_up_a_large_carrot_in_a_backyard.jpg,false,,product,0.03016689419746399
real_product_product_099_s_IHISlORGo.jpg,false,,product,4.995305062038824e-05
real_product_product_069_3dVjKoVYgD0.jpg,false,,product,0.00046224717516452074
real_product_product_061_nRVn-_k1uMI.jpg,false,,product,2.2575886760023423e-05
real_product_product_64_a_cat_lying_down_in_a_sink_in_a_bathroom.jpg,false,,product,5.897626033402048e-05
real_product_product_049_9ouht2FSTDU.jpg,false,,product,0.9977670907974243
real_product_product_104_CoNkFbYZzBI.jpg,false,,product,2.033859709626995e-05
real_product_product_144_TE4vKu9w5lI.jpg,false,,product,1.1402536983950995e-05
real_product_product_076_MhPJdWYWbWI.jpg,false,,product,3.456882041064091e-05
real_product_product_77_a_motorized_cart_fills_a_train_with_luggage.jpg,false,,product,0.0013118889182806015
real_product_product_106_kF8pH4lMkyc.jpg,false,,product,0.007894527167081833
real_product_product_068_fUd_0iyYFVg.jpg,false,,product,2.775212487904355e-05
real_product_product_73_a_laptop_in_a_bright_yellow_coffee_house.jpg,false,,product,0.44277140498161316
real_product_product_127_EIH4dHgb6Tg.jpg,false,,product,0.015460184775292873
real_product_product_149_KBqiQ6coMcI.jpg,false,,product,5.6573621805000585e-06
real_product_product_72_a_group_of_people_are_reading_a_menu_at_the_table.jpg,false,,product,0.18781857192516327
real_product_product_085_Si69OZ_9tg0.jpg,false,,product,8.05329909780994e-06
real_product_product_083_OAlYImdG1IQ.jpg,false,,product,0.0009838552214205265
real_product_product_141_92bRtruSyPU.jpg,false,,product,6.47552078589797e-05
real_product_product_117_vnCxhLnaxS8.jpg,false,,product,0.0018954481929540634
real_product_product_105_skF1azpN4rk.jpg,false,,product,1.2397879800118972e-05
real_product_product_072_9rWHrdJfZBw.jpg,false,,product,0.0001034180968417786
real_product_product_132_aJm2XW384QA.jpg,false,,product,0.003485240275040269
real_product_product_057_AZiyMfuAum4.jpg,false,,product,8.413376053795218e-05
real_product_product_097_g1MocwsEZhI.jpg,false,,product,1.0543499229243025e-05
real_product_product_74_two_computers_sitting_on_top_of_a_desk.jpg,false,,product,0.8628156781196594
real_product_product_043_B8_YF4fjPwo.jpg,false,,product,0.0001566096325404942
real_product_product_047_BXlSfmhVEzE.jpg,false,,product,0.007731168996542692
real_product_product_062_4Q4LpNP-UAs.jpg,false,,product,0.0037335820961743593
real_product_product_69_a_desk_with_a_cup_plate_laptop_monitor_and_keyboard.jpg,false,,product,2.0314878383942414e-06
real_product_product_133_5GibcyAX20Q.jpg,false,,product,0.0034030815586447716
real_product_product_170_z14hF-2ssM0.jpg,false,,product,0.0004150274326093495
real_product_product_120_63EhFafADqI.jpg,false,,product,0.554007351398468
real_product_product_086_vWR6FDWA5hk.jpg,false,,product,0.0017481012037023902
real_product_product_100_Pledx042HMI.jpg,false,,product,0.9944716691970825
real_product_product_053_AxdlcxaModc.jpg,false,,product,0.004780757240951061
real_product_product_110_9yY6qj6N4Ek.jpg,false,,product,0.0001626666053198278
real_product_product_138_gR8QukPoAvQ.jpg,false,,product,0.0009026238112710416
real_product_product_090_xepikEyPgmI.jpg,false,,product,0.0012213692534714937
real_product_product_165_b2_pVdk4lGI.jpg,false,,product,2.5237715817638673e-05
real_product_product_136_TH4Ug5gGgD8.jpg,false,,product,9.782913366507273e-06
real_product_product_096_1CQjStL89kQ.jpg,false,,product,0.9348913431167603
real_product_product_52_a_room_with_a_desktop_computer_and_a_picture_of_a_mummy.jpg,false,,product,0.00030149720259942114
real_product_product_044_P3BwhD8sa6M.jpg,false,,product,0.0034760581329464912
real_product_product_084__pA5RUGRPvg.jpg,false,,product,0.00725959800183773
real_product_product_153_CjcqO587KRI.jpg,false,,product,0.02574041299521923
real_product_product_071_XYq2hcSmakA.jpg,false,,product,2.569956450315658e-05
real_product_product_129_bQjEEII7G5E.jpg,false,,product,2.064197906292975e-05
real_product_product_164_pNRLVLA1gNU.jpg,false,,product,0.9864815473556519
real_product_product_67_a_floor_filled_with_the_contents_of_a_womans_bag.jpg,false,,product,0.0003118463500868529
real_product_product_158_Ow4X45p6mIw.jpg,false,,product,0.4166024923324585
real_product_product_123_T4xh5oV8LuY.jpg,false,,product,0.0002410208253422752
real_product_product_147_Dx47EsVBnEo.jpg,false,,product,0.0007391092949546874
real_product_product_148_UlNDzqInCXk.jpg,false,,product,0.007952957414090633
real_product_product_064_A_fBQe39A4k.jpg,false,,product,0.12641681730747223
real_product_product_169_en-RjVJurms.jpg,false,,product,0.3969120979309082
real_product_product_088_XLnkWVCPuoU.jpg,false,,product,0.02005135826766491
real_product_product_61_a_marine_that_is_looking_at_his_cell_phone.jpg,false,,product,0.11028844863176346
real_product_product_109_UuAs_sR4frs.jpg,false,,product,0.3620204031467438
real_product_product_056_ZQm_wg8jxhI.jpg,false,,product,3.065298733417876e-05
real_product_product_052_Lwqv4tEIKOU.jpg,false,,product,1.0307850061508361e-05
real_product_product_093_MzFclBeMwSo.jpg,false,,product,0.00020286002836655825
real_product_product_082_gRPFfk_c0HE.jpg,false,,product,0.01937800832092762
real_product_product_055_PMhYnFuj1ls.jpg,false,,product,0.0003407980839256197
real_product_product_152_eORbhX0F4_4.jpg,false,,product,0.0013727000914514065
real_product_product_160_iwwMFnt1GTc.jpg,false,,product,0.07654689252376556
real_product_product_75_a_computer_mouse_is_beside_a_notebook_computer.jpg,false,,product,1.7341497368761338e-05
real_product_product_122_TVWBH7UHQ7Y.jpg,false,,product,0.0003208083217032254
real_product_product_070_LDlC-35X2uU.jpg,false,,product,0.00021906533220317215
real_product_product_051_MdZFPwlWMYs.jpg,false,,product,2.065450098598376e-05
real_product_product_060_RAmpnn20rmY.jpg,false,,product,0.00010221442789770663
real_product_product_143_kVuPfz-3HKw.jpg,false,,product,0.00018137501319870353
real_product_product_034_VlgzxZZKQOQ.jpg,false,,product,0.0006875532562844455
real_product_product_128_wk8ilTaXqw4.jpg,false,,product,0.028646286576986313
real_product_product_82_a_crowd_of_people_with_umbrellas_on_a_street.jpg,false,,product,0.9997177720069885
real_product_product_119_0QP-0DUaCo4.jpg,false,,product,0.00010331361409043893
real_product_product_159_AWWUNRA1KFw.jpg,false,,product,0.525790274143219
real_product_product_57_a_big_fancy_glass_chandelier_hanging_in_a_small_kitchen.jpg,false,,product,0.9625259637832642
real_product_product_124_yb3hsmz4utg.jpg,false,,product,0.004058072809129953
real_product_product_78_a_woman_with_suitcases_waiting_for_a_train.jpg,false,,product,0.0009540120372548699
real_product_product_155_fSoJ_Kj59zs.jpg,false,,product,0.002910612616688013
real_product_product_156_qiMmrWdYZfg.jpg,false,,product,2.2253672796068713e-05
real_product_product_121_mFFATULxMBU.jpg,false,,product,2.466876139806118e-05
real_product_product_134_n1bbNrNSJH8.jpg,false,,product,0.0010182899422943592
real_product_product_074_y26NHYSTZRk.jpg,false,,product,6.5264553995803e-05
real_product_product_135_YZIdz19jhqs.jpg,false,,product,4.853885002376046e-06
real_product_product_58_a_beautiful_woman_taking_a_picture_with_her_smart_phone.jpg,false,,product,7.58504174882546e-05
real_product_product_51_a_group_of_people_walking_across_a_busy_city_street.jpg,false,,product,0.0001428742107236758
real_product_product_098_pkfwwofpNUw.jpg,false,,product,0.9745972752571106
real_product_product_081_e6z6DVc_JqQ.jpg,false,,product,0.31838029623031616
real_product_product_76_a_man_in_a_gray_shirt_holds_his_phone_as_he_sits_by_a_man_in.jpg,false,,product,0.00017173783271573484
real_product_product_037_sxh5dE2bD50.jpg,false,,product,0.0003805645683314651
real_product_product_091_kcy3tHgHpcs.jpg,false,,product,0.013997932896018028
real_product_product_048__CSr-_ZICSY.jpg,false,,product,0.00014157297846395522
real_product_product_167_xWeSCy5BdfI.jpg,false,,product,0.0014051212929189205
real_product_product_107_xVptEZzgVfo.jpg,false,,product,0.9994521737098694
real_product_product_151_ICAxsNRt_WM.jpg,false,,product,0.12961351871490479
real_product_product_038_3Cgmcux-cpY.jpg,false,,product,1.847154817369301e-05
real_product_product_56_two_computer_monitors_are_turned_on_on_a_computer_desk.jpg,false,,product,0.002188886748626828
real_product_product_054_eAaoUuAMb7M.jpg,false,,product,0.11253037303686142
real_product_product_163_r1BS0pzlr1M.jpg,false,,product,0.0007787981303408742
real_product_product_108_5GKdpmo0wI8.jpg,false,,product,0.00013936882896814495
real_product_product_112_aokIiOCtnXk.jpg,false,,product,8.248150697909296e-05
real_product_product_62_a_few_different_computers_are_placed_on_the_desk.jpg,false,,product,0.003402196802198887
real_product_product_102_kjfdacDML9M.jpg,false,,product,2.4721937734284438e-05
real_product_product_150_kFDyajOyqTA.jpg,false,,product,0.01677006483078003
real_product_product_59_a_refrigerator_next_to_a_red_wall_in_the_kitchen.jpg,false,,product,0.0007893242291174829
real_product_product_059_Lcqz6UUKXRU.jpg,false,,product,0.001282279146835208
real_product_product_089_IYvYz0j7zpA.jpg,false,,product,0.00030062810401432216
real_product_product_092_7QyUPe30vqU.jpg,false,,product,0.00021286195260472596
real_product_product_116_xUpbmUINv9o.jpg,false,,product,0.00020660481823142618
real_product_product_142_oNte8riFdX0.jpg,false,,product,0.0002445919089950621
real_product_product_146_wW1raPiIJIU.jpg,false,,product,0.00013067344843875617
real_product_product_79_a_group_of_commuters_standing_around_a_train_station.jpg,false,,product,0.9970864653587341
real_product_product_126_MHBJeSSQfx8.jpg,false,,product,0.00020746230438817292
real_product_product_065_Yu-xv5OzGgo.jpg,false,,product,0.00012041529407724738
real_product_product_113_pOCcShZwNcs.jpg,false,,product,0.011926007457077503
real_product_product_075_MUv_7l-GRKU.jpg,false,,product,8.243236516136676e-05
real_product_product_55_there_is_a_lap_top_computer_on_the_desk.jpg,false,,product,1.7996926544583403e-06
real_product_product_157_fVIiTknYim8.jpg,false,,product,0.004042795859277248
real_product_product_65_people_laying_in_chairs_walking_and_playing_in_the_water_on.jpg,false,,product,1.7445316188968718e-05
real_product_product_154_nwhqGZ5DcOY.jpg,false,,product,0.00015511972014792264
real_product_product_080_QESicPqs_XE.jpg,false,,product,0.3172808587551117
real_product_product_063_cD_obz7W774.jpg,false,,product,0.010765593498945236
real_product_product_53_a_woman_walking_next_to_a_man_riding_a_pink_bike.jpg,false,,product,0.6247740387916565
real_product_product_131_F-e4-hd1-oA.jpg,false,,product,0.1097305566072464
real_product_product_040_uWrLpDAT81g.jpg,false,,product,0.037610430270433426
real_product_product_114_vGhpfizChpY.jpg,false,,product,0.00045310863060876727
real_food_food_084_-BSvBlnCvUU.jpg,false,,food,1.2849978702433873e-05
real_food_food_58_man_cutting_a_cake_on_the_table_in_the_kitchen.jpg,false,,food,0.24726711213588715
real_food_food_035_91czTE5wmCg.jpg,false,,food,0.004019331187009811
real_food_food_039_pGCwAAk04BU.jpg,false,,food,0.0016653221100568771
real_food_food_157_-dm8WfhnQU4.jpg,false,,food,9.160006447928026e-05
real_food_food_141_MUdGuohE-Mk.jpg,false,,food,0.039823275059461594
real_food_food_159_K3q1KVUeGQY.jpg,false,,food,0.002175457775592804
real_food_food_117_dv5SSMfXbs4.jpg,false,,food,9.527472138870507e-05
real_food_food_131_l8Y9fVgxrEE.jpg,false,,food,1.4208330867404584e-05
real_food_food_170_rDLBArZUl1c.jpg,false,,food,8.707968845556024e-06
real_food_food_123_49EKj06dQCc.jpg,false,,food,0.00011865076521644369
real_food_food_155_h5yMpgOI5nI.jpg,false,,food,0.001002408331260085
real_food_food_165_9PDBbyJc2eE.jpg,false,,food,3.972967897425406e-05
real_food_food_063_bgHJL294VVY.jpg,false,,food,6.471372034866363e-05
real_food_food_118_xXIRSZmzvU8.jpg,false,,food,1.3044893421465531e-05
real_food_food_037_dQIcaRtNZtQ.jpg,false,,food,0.00019745859026443213
real_food_food_110_o8PCoxDO8PQ.jpg,false,,food,0.00018924803589470685
real_food_food_59_a_white_plate_with_some_food_and_two_trays_of_sauce.jpg,false,,food,0.20380981266498566
real_food_food_81_a_table_topped_with_plates_bowls_and_containers_of_food.jpg,false,,food,0.013408679515123367
real_food_food_056_qw6_11-Ob48.jpg,false,,food,0.041056182235479355
real_food_food_169_T5Pm7ZId3sc.jpg,false,,food,0.008661274798214436
real_food_food_048_BxY-nv-RBsA.jpg,false,,food,0.0004546265699900687
real_food_food_036_HkaSi5Fvc0s.jpg,false,,food,0.00021498239948414266
real_food_food_077_LOdAL10JejI.jpg,false,,food,0.002628828166052699
real_food_food_069_av5GTf-KxcI.jpg,false,,food,4.188596722087823e-05
real_food_food_152_gDwonOrdh0Q.jpg,false,,food,1.69038976309821e-05
real_food_food_68_a_bunch_of_oranges_are_sitting_in_a_clear_fruit_bowl.jpg,false,,food,0.9997645020484924
real_food_food_167_3Vr4qQvQn34.jpg,false,,food,0.0595611035823822
real_food_food_163_vExD0Y0Aei0.jpg,false,,food,0.0004478888586163521
real_food_food_151_FyDHcvRi3QI.jpg,false,,food,0.0007460602791979909
real_food_food_135_jdcifvdsJZg.jpg,false,,food,4.087185152457096e-05
real_food_food_57_the_meal_of_fish_has_a_side_of_broccoli.jpg,false,,food,0.9368495345115662
real_food_food_164_1Uqr_jqi3c4.jpg,false,,food,1.9404649719945155e-05
real_food_food_072_t1_BuMsRRsI.jpg,false,,food,1.9672364942380227e-05
real_food_food_096_JVd2FchPjCg.jpg,false,,food,1.795510615920648e-05
real_food_food_114_ozVQrfENFOs.jpg,false,,food,0.00696228863671422
real_food_food_78_three_round_plates_filled_with_artistically_presented_food.jpg,false,,food,1.1403362805140205e-05
real_food_food_051_GCEK8Jo_vGM.jpg,false,,food,1.8645325326360762e-05
real_food_food_130_QYU_U2wXxig.jpg,false,,food,4.95047788717784e-06
real_food_food_089_sp2lfKOUzAM.jpg,false,,food,0.14569008350372314
real_food_food_52_a_kitchen_that_has_a_table_and_a_chair.jpg,false,,food,0.15730251371860504
real_food_food_149_G8qVZEiyCJU.jpg,false,,food,0.0028846790082752705
real_food_food_078_tz0moLxAMCc.jpg,false,,food,1.5421890566358343e-05
real_food_food_080_zyLgpFi4Tvg.jpg,false,,food,2.83485533145722e-05
real_food_food_068_aFa_Fu12bj8.jpg,false,,food,0.9980397820472717
real_food_food_050_M5kI-5OFviE.jpg,false,,food,5.626523125101812e-05
real_food_food_034_dY7ONzZzoU8.jpg,false,,food,8.809807695797645e-06
real_food_food_143_1fxcQYy5OXc.jpg,false,,food,3.9199712773552164e-05
real_food_food_148_6dC5tYPiD2s.jpg,false,,food,4.544613602774916e-06
real_food_food_64_a_kitchen_with_a_bright_window_and_house_plants.jpg,false,,food,4.738181814900599e-06
real_food_food_046_YQPTf86GvpM.jpg,false,,food,0.04050883278250694
real_food_food_052_n5Wvn6wU1Xw.jpg,false,,food,7.019511940598022e-06
real_food_food_80_a_lot_of_food_that_are_in_some_baskets.jpg,false,,food,0.0017871035961434245
real_food_food_124_hhZDn50B17c.jpg,false,,food,0.00025621423264965415
real_food_food_139_8v38azmFYr8.jpg,false,,food,0.004044257570058107
real_food_food_094_9oUL0x_puck.jpg,false,,food,1.7913629562826827e-05
real_food_food_075_SidputyP-eE.jpg,false,,food,0.0002568609197624028
real_food_food_053_rf0XgpH-2ao.jpg,false,,food,0.00025258399546146393
real_food_food_67_a_person_adjusting_a_metal_object_hanging_from_a_ceiling.jpg,false,,food,0.0008524330332875252
real_food_food_53_a_group_of_people_sitting_around_a_table_filled_with_food.jpg,false,,food,0.0008902763947844505
real_food_food_104_0byawXfQl5c.jpg,false,,food,2.8504129659268074e-05
real_food_food_125_NNddPCQDhyw.jpg,false,,food,0.0002928530448116362
real_food_food_128_GVxJRsudSIU.jpg,false,,food,0.002664220053702593
real_food_food_079_POg3Z47YPkM.jpg,false,,food,0.03961338847875595
real_food_food_72_a_newly_married_couple_sharing_a_piece_of_there_wedding_cake.jpg,false,,food,0.00011415199696784839
real_food_food_055_dSZQC7vVf5M.jpg,false,,food,4.080198414158076e-05
real_food_food_54_two_birds_preparing_to_eat_food_off_of_a_plate_that_was_left.jpg,false,,food,0.8352876901626587
real_food_food_138_E1ZwXiBD7LA.jpg,false,,food,4.622171400114894e-05
real_food_food_147_cRPz6-ryzSg.jpg,false,,food,4.305340553401038e-06
real_food_food_054_mV4oTSZR4eA.jpg,false,,food,0.00040747522143647075
real_food_food_62_a_man_that_is_sitting_down_on_a_bench_in_front_of_a_table.jpg,false,,food,1.925408469105605e-05
real_food_food_61_food_on_a_train_with_a_pie_and_some_vegetable.jpg,false,,food,0.08040734380483627
real_food_food_50_bride_and_grooms_arms_cutting_the_wedding_cake_with_fruit_on.jpg,false,,food,3.0723617783223744e-06
real_food_food_56_a_breakfast_plate_with_toast_vegetables_eggs_and_meat.jpg,false,,food,6.430587382055819e-05
real_food_food_038_eD3gkNVlm94.jpg,false,,food,0.0003798847319558263
real_food_food_132_ONeUTPIkoEs.jpg,false,,food,1.4288651982496958e-05
real_food_food_093_7DpEKohpOhQ.jpg,false,,food,0.00027177552692592144
real_food_food_137_AELjKcCaNSk.jpg,false,,food,1.8322927644476295e-05
real_food_food_070_4l5BlL6OX7A.jpg,false,,food,0.6766339540481567
real_food_food_090_YwH212PJk0Q.jpg,false,,food,2.4417644453933463e-05
real_food_food_121_xd0g61tGBgc.jpg,false,,food,5.0244678277522326e-05
real_food_food_133_PMOAfRP_kLI.jpg,false,,food,7.787044160068035e-05
real_food_food_150_tIvWsbppj5k.jpg,false,,food,5.240191603661515e-05
real_food_food_059_ELISIYFi-ws.jpg,false,,food,7.787659342284314e-06
real_food_food_140_PBXZSIQ0XTg.jpg,false,,food,7.229066250147298e-05
real_food_food_75_a_group_of_people_that_are_standing_in_front_of_a_island.jpg,false,,food,0.972790539264679
real_food_food_062_JZ5WREw9664.jpg,false,,food,0.0002241456531919539
real_food_food_098__WuZ9cOPc6M.jpg,false,,food,6.482914614025503e-06
real_food_food_044_s-4i34Z07To.jpg,false,,food,7.525122055085376e-05
real_food_food_064_cuaxqIA_pk0.jpg,false,,food,4.863006324740127e-05
real_food_food_074_v9MpHbQimqY.jpg,false,,food,0.0016740700230002403
real_food_food_156_XU1-sAMZFqc.jpg,false,,food,0.0024590047542005777
real_food_food_120_raakZHcgWWw.jpg,false,,food,0.6025857925415039
real_food_food_060_dUeD4im5YSQ.jpg,false,,food,4.756402631755918e-05
real_food_food_145_aw47u5DHXEg.jpg,false,,food,0.00377702247351408
real_food_food_058_ue4AfKGEQoA.jpg,false,,food,5.356932888389565e-06
real_food_food_127_OKT6Ce9fwqI.jpg,false,,food,0.00037556065944954753
real_food_food_067_3OSiYv09hhs.jpg,false,,food,0.0006213430315256119
real_food_food_168_sFPxZsn8cwU.jpg,false,,food,7.668600301258266e-05
real_food_food_091_nrfSpR3_4yE.jpg,false,,food,5.762542514275992e-06
real_food_food_144_YvEGiuPZ0Sg.jpg,false,,food,0.057688165456056595
real_food_food_107_f87RdAQSoJk.jpg,false,,food,0.00011497490777401254
real_food_food_126_AgWVcQz1bOA.jpg,false,,food,2.1365050997701474e-05
real_food_food_158_j1KUsXahuXk.jpg,false,,food,0.002960394136607647
real_food_food_049_BPsqF6C_Ou8.jpg,false,,food,0.0014636646956205368
real_food_food_042_pyFWN-TrXvk.jpg,false,,food,3.887991260853596e-05
real_food_food_111_GlWOWrJXk5s.jpg,false,,food,0.0015030897920951247
real_food_food_71_belgium_waffle_loaded_with_bananas_topped_with_powdered_suga.jpg,false,,food,0.05061793327331543
real_food_food_092_69P8Y4ErG0Y.jpg,false,,food,0.005276788957417011
real_food_food_73_a_plate_with_bacon_eggs_and_hamburger_topped_with_bananas.jpg,false,,food,5.0563598051667213e-05
real_food_food_076_IrM6Fvhmc9k.jpg,false,,food,1.0266077879350632e-05
real_food_food_136_ZHW1qo-VRXM.jpg,false,,food,8.363628876395524e-05
real_food_food_083_HgoEnDWOGrA.jpg,false,,food,0.09804326295852661
real_food_food_109_HbQj2RAanTs.jpg,false,,food,0.0006911593955010176
real_food_food_043_siHk8IfK_Ec.jpg,false,,food,0.00013473325816448778
real_food_food_113_n2sQQ6XjqfE.jpg,false,,food,0.7423825263977051
real_food_food_82_a_kitchen_with_a_center_white_island_topped_with_a_bowl_of_g.jpg,false,,food,0.0002168721694033593
real_food_food_51_a_bowl_of_some_broccoli_that_is_chopped.jpg,false,,food,0.00040484973578713834
real_food_food_154_VpjPHuFAI-4.jpg,false,,food,0.0013656540540978312
real_food_food_162_f4GdYFpUyH8.jpg,false,,food,3.693679173011333e-05
real_food_food_045_iRVq6avVGDE.jpg,false,,food,0.00010742308950284496
real_food_food_129_3P0BmvFk5rg.jpg,false,,food,3.0043065635254607e-06
real_food_food_74_a_sandwich_with_nachos_and_a_salad_on_a_plate.jpg,false,,food,2.5664739951025695e-05
real_food_food_071_9cH-uVU__0c.jpg,false,,food,5.447310468298383e-05
real_food_food_79_a_tray_of_various_foods_next_to_drinks_on_a_table.jpg,false,,food,0.0003664971445687115
real_food_food_115_YjJFJDai9zg.jpg,false,,food,0.0031139766797423363
real_food_food_100_OSwea3yxjT0.jpg,false,,food,3.305654536234215e-05
real_food_food_088_QPKJZvqMaDs.jpg,false,,food,0.0020082127302885056
real_food_food_040_a7nzCe8FlT4.jpg,false,,food,3.4399818105157465e-06
real_food_food_108_ixC7gmLcKaQ.jpg,false,,food,0.06831826269626617
real_food_food_63_a_man_preparing_food_in_a_restaurant_kitchen.jpg,false,,food,5.9168582083657384e-05
real_food_food_066_s0oNVwpU9NE.jpg,false,,food,0.00027875794330611825
real_food_food_134_T-tgZmKFRZU.jpg,false,,food,0.00014983340224716812
real_food_food_161_AX8z0xXzrUo.jpg,false,,food,0.002997542265802622
real_food_food_69_a_scene_of_an_apartment_with_a_dining_table_and_a_couple_of.jpg,false,,food,0.9702969193458557
real_food_food_073_kswmO8BRzQQ.jpg,false,,food,0.0012797553790733218
real_food_food_66_a_plate_of_bananas_and_sliced_oranges_covered_in_butterflies.jpg,false,,food,0.737323522567749
real_food_food_102_DuObvMLmc8M.jpg,false,,food,2.2286678358796053e-05
real_food_food_097_jT86IpheR2w.jpg,false,,food,0.006965450942516327
real_food_food_103_Fff5ve-rGVA.jpg,false,,food,0.3007464110851288
real_food_food_081_lgvvFFplBHw.jpg,false,,food,2.256164043501485e-05
real_food_food_041_qDdv33C-BSw.jpg,false,,food,7.936468318803236e-05
real_food_food_085_WT_nZUfAmBc.jpg,false,,food,0.0003813218791037798
real_food_food_047_qpZlQ8IIghI.jpg,false,,food,0.11372397840023041
real_food_food_160_uRqMI5Nw4Yc.jpg,false,,food,0.0014937750529497862
real_food_food_065_Q5QspluNZmM.jpg,false,,food,7.430638652294874e-05
real_food_food_119_47urRDhCphA.jpg,false,,food,0.000614403747022152
real_food_food_095_WY_EKY3taJE.jpg,false,,food,8.436377538600937e-05
real_food_food_087_oYllk_NdgA0.jpg,false,,food,0.0037425498012453318
real_food_food_061_DCZGNIZjz_Q.jpg,false,,food,0.9878363013267517
real_food_food_65_a_small_bowl_of_fruit_on_a_table.jpg,false,,food,0.5944424867630005
real_food_food_76_three_bowls_filled_with_vegetables_on_top_of_a_table.jpg,false,,food,0.09328924119472504
real_food_food_146_fv7ttjeTgyM.jpg,false,,food,0.005587555933743715
real_food_food_70_a_sandwich_sitting_on_top_of_a_pile_of_fries.jpg,false,,food,3.980370365752606e-06
real_food_food_099_gyaPIZZjV_A.jpg,false,,food,5.313197561918059e-06
real_food_food_057_v8-cAH5cmTU.jpg,false,,food,5.24281058460474e-05
real_food_food_77_a_bowl_that_has_soup_and_a_spoon_in_it.jpg,false,,food,0.9998283386230469
real_food_food_166_lZ98dwbkTws.jpg,false,,food,1.716077713354025e-05
real_food_food_082_w-LpijUp8yw.jpg,false,,food,2.015180143644102e-05
real_food_food_101_OZhdQm_OjX4.jpg,false,,food,1.54281278810231e-05
real_food_food_153_Rh8vxWHc5DA.jpg,false,,food,0.0041332240216434
real_food_food_112_T8I3UuK-QXY.jpg,false,,food,5.44209688086994e-05
real_food_food_106_0b4sfNTqBLU.jpg,false,,food,0.04598931968212128
real_food_food_105_jCTo3MAtzjA.jpg,false,,food,1.2725819942716043e-05
real_food_food_122_4Y_bVu4j0cA.jpg,false,,food,0.00017245757044292986
real_food_food_142_YY5uHzZV6Wo.jpg,false,,food,0.0013857907615602016
real_food_food_086_lz8rih2cNJQ.jpg,false,,food,4.571941462927498e-05
real_food_food_55_a_beautiful_dessert_waiting_to_be_shared_by_two_people.jpg,false,,food,4.875243121205131e-06
real_food_food_116_dpQqhZRyF7w.jpg,false,,food,0.000204643263714388
real_food_food_60_two_computers_sitting_on_top_of_a_desk.jpg,false,,food,0.8628156781196594
real_animal_animal_141_L79Jcm80Y3U.jpg,false,,animal,0.0019948920235037804
real_animal_animal_050_CBK17BPteJE.jpg,false,,animal,0.00016225592116825283
real_animal_animal_044_7pMTQP_kIhg.jpg,false,,animal,4.8364825488533825e-05
real_animal_animal_132_J4DL0onKVng.jpg,false,,animal,0.1034955233335495
real_animal_animal_50_a_calico_cat_drinking_from_a_sink_faucet.jpg,false,,animal,0.00010790530359372497
real_animal_animal_142_ScLYGfuCqQg.jpg,false,,animal,0.00216458342038095
real_animal_animal_061_KKK-mavLRIY.jpg,false,,animal,0.007223053369671106
real_animal_animal_131_NoNqa205O40.jpg,false,,animal,3.1828614737605676e-05
real_animal_animal_163_ujOHucbnC94.jpg,false,,animal,0.001805841806344688
real_animal_animal_058_UsDyOmKQjzo.jpg,false,,animal,0.0023517522495239973
real_animal_animal_118_O-dnv951XTY.jpg,false,,animal,7.712271326454356e-05
real_animal_animal_124_idMSI66-1NQ.jpg,false,,animal,3.4724678243946983e-06
real_animal_animal_69_a_couple_of_people_that_are_biking_down_a_road.jpg,false,,animal,0.1374342292547226
real_animal_animal_089_4KV3SKyHNjE.jpg,false,,animal,4.527352939476259e-05
real_animal_animal_61_a_dog_laying_down_licking_food_off_of_a_plate.jpg,false,,animal,0.0004660070699173957
real_animal_animal_140_bj7ALDr6E-o.jpg,false,,animal,0.0003221919178031385
real_animal_animal_097_sCgBFOArERk.jpg,false,,animal,2.5229390303138644e-05
real_animal_animal_054_Qv8NgYRjSn4.jpg,false,,animal,0.010407709516584873
real_animal_animal_082_hvkcofV0bvw.jpg,false,,animal,0.00014358945190906525
real_animal_animal_107_4rezxlfTrGA.jpg,false,,animal,9.35622738325037e-05
real_animal_animal_126_IOvOeZRGanM.jpg,false,,animal,2.1194626242504455e-05
real_animal_animal_127_4sMVrh8-S1g.jpg,false,,animal,0.9945429563522339
real_animal_animal_078_YzfCevgzsPI.jpg,false,,animal,1.0235088666377123e-05
real_animal_animal_062_J7X_npgVujU.jpg,false,,animal,4.3036612623836845e-05
real_animal_animal_53_bird_sits_atop_cattle_on_snow_covered_field.jpg,false,,animal,1.8735730918706395e-05
real_animal_animal_096_nvDnfWuSyD8.jpg,false,,animal,0.003375421743839979
real_animal_animal_048_YvYBOSiBJE8.jpg,false,,animal,0.00010009797551902011
real_animal_animal_038_CiacXjCwb3g.jpg,false,,animal,1.834121394495014e-05
real_animal_animal_103__GQCzeh1oWk.jpg,false,,animal,0.0010118464706465602
real_animal_animal_115_qvkA4FMTNKo.jpg,false,,animal,0.0005301130004227161
real_animal_animal_150_eNi9DGpVYWk.jpg,false,,animal,3.1970161217032e-05
real_animal_animal_037_j3JAI9KXJ-c.jpg,false,,animal,2.148961357306689e-06
real_animal_animal_071_zjKxb4xhBXc.jpg,false,,animal,0.3548746109008789
real_animal_animal_064_uLMM6TyPfGw.jpg,false,,animal,0.01610722579061985
real_animal_animal_152_JkVNRBpFSK8.jpg,false,,animal,2.9160064514144324e-05
real_animal_animal_145_Qtg_270Aa_I.jpg,false,,animal,0.00014332463615573943
real_animal_animal_060_lZts59erQVw.jpg,false,,animal,0.001906679943203926
real_animal_animal_114_J0-ZaraetTE.jpg,false,,animal,0.00016209989553317428
real_animal_animal_79_a_herd_of_cattle_and_zebra_standing_next_to_each_other_on_a.jpg,false,,animal,1.152590357378358e-05
real_animal_animal_047_uHHA_YklxMc.jpg,false,,animal,6.589957774849609e-05
real_animal_animal_036_xlTolOtNLZM.jpg,false,,animal,2.4310138542205095e-05
real_animal_animal_169_rxFkfMJL9tw.jpg,false,,animal,0.011110077612102032
real_animal_animal_074_TfakEsc83HU.jpg,false,,animal,0.42222902178764343
real_animal_animal_138_t5rBtxLiHj8.jpg,false,,animal,0.0013780061854049563
real_animal_animal_049_nwaiAiHAVEY.jpg,false,,animal,0.2179994136095047
real_animal_animal_043_Dv45FbzLiik.jpg,false,,animal,0.0001201739432872273
real_animal_animal_091_yRdK7ijQPNw.jpg,false,,animal,0.0001465572859160602
real_animal_animal_053_CACQDEJknBs.jpg,false,,animal,0.00020873516041319817
real_animal_animal_170_P6s8EbcSgmA.jpg,false,,animal,0.0052288491278886795
real_animal_animal_166_jh6YaoB0TBw.jpg,false,,animal,0.0013040403136983514
real_animal_animal_144_ihivSSUOpno.jpg,false,,animal,0.0002354797616135329
real_animal_animal_158_fkxUyu6F2L8.jpg,false,,animal,0.0004554741317406297
real_animal_animal_046_88Kt5KHUe_8.jpg,false,,animal,0.00024370850587729365
real_animal_animal_73_a_small_motor_bike_outside_of_the_garage.jpg,false,,animal,1.329962628915382e-06
real_animal_animal_108_JNHrBVfdT_A.jpg,false,,animal,0.0003590609703678638
real_animal_animal_151_8LPgWfHgcMg.jpg,false,,animal,0.000902180967386812
real_animal_animal_075_PA3F7YWHUPM.jpg,false,,animal,2.6326466468162835e-05
real_animal_animal_041_-96qBKyFefQ.jpg,false,,animal,0.0005214061238802969
real_animal_animal_095_iuoIlOvTa6g.jpg,false,,animal,0.00023385335225611925
real_animal_animal_139_i80SbIDgFf8.jpg,false,,animal,4.026886472274782e-06
real_animal_animal_092_mg-k04n58xY.jpg,false,,animal,0.00019909274124074727
real_animal_animal_068_ZBR7NAYRR4M.jpg,false,,animal,3.872361048706807e-05
real_animal_animal_083_2QHHOAPI--I.jpg,false,,animal,0.0003625878016464412
real_animal_animal_143_7xYdOPDfNcE.jpg,false,,animal,0.013592555187642574
real_animal_animal_094_bmwUCv0wMIU.jpg,false,,animal,0.06194183975458145
real_animal_animal_70_a_street_scene_with_a_person_on_a_motorcycle.jpg,false,,animal,2.210569437011145e-05
real_animal_animal_56_a_flock_of_goats_and_some_men_watching_them.jpg,false,,animal,0.0068838028237223625
real_animal_animal_123_o-c4UrB0WBA.jpg,false,,animal,1.0553559150139336e-05
real_animal_animal_066_rh7KA6jVJFM.jpg,false,,animal,0.00022704248840454966
real_animal_animal_134_GVe30cQ8CWU.jpg,false,,animal,0.0002099175180774182
real_animal_animal_160_A_unG6e0Cug.jpg,false,,animal,4.102199090993963e-05
real_animal_animal_070_iY8qBtToC0o.jpg,false,,animal,0.18152791261672974
real_animal_animal_111_22_r4pgeL28.jpg,false,,animal,0.05898644030094147
real_animal_animal_113_knB89oNur0A.jpg,false,,animal,0.07250931859016418
real_animal_animal_78_a_giraffe_standing_in_a_field_next_to_a_fence.jpg,false,,animal,0.004707840271294117
real_animal_animal_063_oajraKUY0uQ.jpg,false,,animal,0.0023691614624112844
real_animal_animal_155_85YNg0KtSPw.jpg,false,,animal,0.0014815827598795295
real_animal_animal_056_Nzzk-pOcqvA.jpg,false,,animal,9.323879203293473e-05
real_animal_animal_161_f3Os5oCc874.jpg,false,,animal,0.00047098513459786773
real_animal_animal_067_KmmVj3LY4lA.jpg,false,,animal,5.5729901760059875e-06
real_animal_animal_60_a_grouping_of_zebras_in_a_pen_next_to_a_giraffe.jpg,false,,animal,0.0002730897977016866
real_animal_animal_133_nzPivGosPIQ.jpg,false,,animal,0.00011017610813723877
real_animal_animal_122_t81H__wdxlc.jpg,false,,animal,0.0003422356676310301
real_animal_animal_098_RMj_T-DMgDA.jpg,false,,animal,3.567315434338525e-05
real_animal_animal_077_vVh9BUJIizQ.jpg,false,,animal,0.0022537612821906805
real_animal_animal_087__qLFof8-Loo.jpg,false,,animal,4.4956708734389395e-05
real_animal_animal_088_1tXeMpkssik.jpg,false,,animal,0.0002000222448259592
real_animal_animal_164_wAP_IBPhn-4.jpg,false,,animal,0.00011004653788404539
real_animal_animal_76_a_dog_is_tied_to_a_fire_hydrant.jpg,false,,animal,0.0006619427585974336
real_animal_animal_080_49TMUrNQDQ0.jpg,false,,animal,0.3365073502063751
real_animal_animal_75_a_family_of_giraffes_by_a_few_zebras_and_a_gazelle.jpg,false,,animal,1.800773316062987e-05
real_animal_animal_085_U9frYiUp1Qg.jpg,false,,animal,0.0005895891808904707
real_animal_animal_100_PJTfOzSo8fQ.jpg,false,,animal,0.0001877236645668745
real_animal_animal_51_a_bunch_of_sheep_in_the_snow_behind_a_barbed_wire_fence.jpg,false,,animal,3.7497837183764204e-05
real_animal_animal_072_eX45lve1DIo.jpg,false,,animal,4.2719502744148485e-06
real_animal_animal_105_DORi0W_afqk.jpg,false,,animal,9.928274266712833e-06
real_animal_animal_148_Xr4TYgSEXqQ.jpg,false,,animal,0.00038652520743198693
real_animal_animal_65_a_cats_sits_on_the_table_with_a_dog_outside.jpg,false,,animal,0.15459512174129486
real_animal_animal_102_Cl8iDlk008c.jpg,false,,animal,1.3230556760390755e-05
real_animal_animal_147_nlF8qaFWI0w.jpg,false,,animal,0.000587351736612618
real_animal_animal_63_rear_view_mirror_reflection_showing_a_dog_in_the_back_seat.jpg,false,,animal,0.00018245460523758084
real_animal_animal_045_eo93HAoalwQ.jpg,false,,animal,0.21736180782318115
real_animal_animal_77_a_herd_of_sheep_standing_next_to_each_other_on_dirt_ground.jpg,false,,animal,0.000516584375873208
real_animal_animal_081_TNMOJYUteDU.jpg,false,,animal,0.0016565975965932012
real_animal_animal_64_a_dog_following_a_man_on_his_horse_in_a_field.jpg,false,,animal,0.033435046672821045
real_animal_animal_120_EdlNaRhg9ik.jpg,false,,animal,0.00016104671522043645
real_animal_animal_052_tmrQPLJpBrk.jpg,false,,animal,0.00022868518135510385
real_animal_animal_129_IwiaImVNcQU.jpg,false,,animal,0.0021408528555184603
real_animal_animal_042_1qT-zMTRFp0.jpg,false,,animal,0.0052934871055185795
real_animal_animal_74_a_cat_standing_on_the_edge_of_a_sink_drink_water.jpg,false,,animal,0.0334407202899456
real_animal_animal_125_snhqHThkCRE.jpg,false,,animal,3.519024539855309e-05
real_animal_animal_153_FBOP5an6h74.jpg,false,,animal,1.0188207852479536e-05
real_animal_animal_66_a_bunch_of_sheep_make_their_way_through_the_crowded_city_str.jpg,false,,animal,2.584013373052585e-06
real_animal_animal_168_g9M46POadWU.jpg,false,,animal,0.001373177277855575
real_animal_animal_101_iQC6u4ejuGE.jpg,false,,animal,0.0005849016015417874
real_animal_animal_57_a_cat_walking_through_a_kitchen_by_a_eating_tray.jpg,false,,animal,5.4256244766293094e-05
real_animal_animal_149_E12vXZq9AZA.jpg,false,,animal,8.86874768184498e-05
real_animal_animal_156_yiwB58St4bE.jpg,false,,animal,8.81042578839697e-05
real_animal_animal_093_mYxtYpSJvbw.jpg,false,,animal,3.560599361662753e-05
real_animal_animal_165_PChlguQgbCw.jpg,false,,animal,4.72817873742315e-06
real_animal_animal_62_a_cat_eating_a_bird_it_has_caught.jpg,false,,animal,0.002412875182926655
real_animal_animal_084_QRzQlECEbsk.jpg,false,,animal,0.006028577219694853
real_animal_animal_109_P6InS7LxUS4.jpg,false,,animal,3.9293467125389725e-05
real_animal_animal_121_ZOGamuDrPJw.jpg,false,,animal,0.0002090590278385207
real_animal_animal_81_three_sheep_are_grazing_in_the_field_next_to_the_water.jpg,false,,animal,6.884524736960884e-06
real_animal_animal_157_VSVcEzWsqyc.jpg,false,,animal,0.01262969896197319
real_animal_animal_80_many_woolly_sheep_standing_together_in_the_field.jpg,false,,animal,0.0002848230069503188
real_animal_animal_090_fRJGUAQ6uNg.jpg,false,,animal,4.7257351980078965e-05
real_animal_animal_110_HPHtMOJvHDM.jpg,false,,animal,0.0008030820754356682
real_animal_animal_055_feos9QXjxJY.jpg,false,,animal,0.0011339443735778332
real_animal_animal_069_q0J6zQPO-zw.jpg,false,,animal,0.15023498237133026
real_animal_animal_58_two_men_herding_a_pack_of_elephants_across_a_field.jpg,false,,animal,0.0004429090768098831
real_animal_animal_104_1Ytzecs_XU4.jpg,false,,animal,0.00021308797295205295
real_animal_animal_55_a_horse_in_a_pasture_of_tall_grass_observing_an_energetic_do.jpg,false,,animal,3.161489075864665e-05
real_animal_animal_079_m_wgaQ-sQPQ.jpg,false,,animal,0.007003526668995619
real_animal_animal_112_cPyHO3eDlsE.jpg,false,,animal,7.1628810474066995e-06
real_animal_animal_034_-Ylz_tc8NOk.jpg,false,,animal,0.00013133087486494333
real_animal_animal_051_PpwK032gSao.jpg,false,,animal,0.09429865330457687
real_animal_animal_099_m5Zy3Ulb3g0.jpg,false,,animal,0.0002475871879141778
real_animal_animal_059_2_3g53wNQk8.jpg,false,,animal,5.125188181409612e-05
real_animal_animal_039_i_Z1o10BPPk.jpg,false,,animal,1.794254239939619e-05
real_animal_animal_136_fXqOgYJgNBk.jpg,false,,animal,0.0038733368273824453
real_animal_animal_59_a_dog_standing_on_the_back_of_a_brown_car.jpg,false,,animal,0.0026844111271202564
real_animal_animal_119_70s5ZKzNkac.jpg,false,,animal,0.002829782199114561
real_animal_animal_52_a_cat_sitting_on_the_floor_watching_television.jpg,false,,animal,0.0004907986731268466
real_animal_animal_82_a_couple_of_cows_and_some_birds_flying_in_the_sky.jpg,false,,animal,0.00018683473172131926
real_animal_animal_154_IHHiw3VMZvc.jpg,false,,animal,2.1344911147025414e-05
real_animal_animal_035_vQvq16ZQM60.jpg,false,,animal,2.0238448996678926e-05
real_animal_animal_54_a_man_riding_a_horse_drawn_carriage_on_a_race_track.jpg,false,,animal,0.0006852317019365728
real_animal_animal_117_DmnOlnAWRdE.jpg,false,,animal,0.00024167918309103698
real_animal_animal_040_7jXA55Tl4xU.jpg,false,,animal,0.002490561455488205
real_animal_animal_68_a_cat_outside_looking_through_a_window.jpg,false,,animal,0.0023191021755337715
real_animal_animal_159_gjDKWxrKrgk.jpg,false,,animal,0.0008945538429543376
real_animal_animal_076_JHxFiw603QA.jpg,false,,animal,0.0010412129340693355
real_animal_animal_162_vLCMWwg5TAs.jpg,false,,animal,0.18529731035232544
real_animal_animal_128_dtYCvr0r_X4.jpg,false,,animal,0.0001227710017701611
real_animal_animal_057_n4tWGvk_gWY.jpg,false,,animal,0.00024085659242700785
real_animal_animal_146_tvH8ECkyQKI.jpg,false,,animal,0.0010025539668276906
real_animal_animal_67_a_sheepdog_runs_around_a_herd_of_cows_in_a_fencedin_field.jpg,false,,animal,0.0009156845044344664
real_animal_animal_72_a_cat_sprawled_out_over_the_top_of_a_laptop_computer_keyboar.jpg,false,,animal,5.678220259142108e-05
real_animal_animal_167_u3XMyl-4OSY.jpg,false,,animal,0.0016837214352563024
real_animal_animal_106_ejAz1xfCyNM.jpg,false,,animal,0.002613632008433342
real_animal_animal_086_YSoqrTfEWcI.jpg,false,,animal,9.788449096959084e-05
real_animal_animal_116_dSAzIH5UtOI.jpg,false,,animal,5.567709376919083e-05
real_animal_animal_073_MVQPTvPYsJs.jpg,false,,animal,0.000988316722214222
real_animal_animal_065_M8uSC8OPXco.jpg,false,,animal,3.412350270082243e-05
real_animal_animal_137_lHeXOpxzok8.jpg,false,,animal,0.003237470518797636
real_animal_animal_71_a_black_ct_with_green_eyes_sitting_in_the_sun.jpg,false,,animal,5.134933417139109e-06
real_animal_animal_135_Tu_lH5CFFZw.jpg,false,,animal,3.180873682140373e-05
real_animal_animal_130_vPyhiJjBlSM.jpg,false,,animal,0.0333307683467865
real_landscape_landscape_80_this_highway_is_empty_this_early_on_the_morning.jpg,false,,landscape,0.5521952509880066
real_landscape_landscape_59_a_passenger_bus_that_is_parked_in_a_parking_lot.jpg,false,,landscape,0.9998588562011719
real_landscape_landscape_073_gtabImSzH-g.jpg,false,,landscape,0.006345722358673811
real_landscape_landscape_160_yaj-SndYOb0.jpg,false,,landscape,0.00283743510954082
real_landscape_landscape_140_pNMH4SDf8us.jpg,false,,landscape,0.0010135502088814974
real_landscape_landscape_117_KQX4AEXEV1g.jpg,false,,landscape,0.06990436464548111
real_landscape_landscape_056_TqfJUbdnCxM.jpg,false,,landscape,6.575381121365353e-05
real_landscape_landscape_05_foggy_forest_hills.jpg,false,,landscape,8.59568353916984e-06
real_landscape_landscape_118_z7IW1w4C870.jpg,false,,landscape,5.889578096685e-05
real_landscape_landscape_135_Bwkl85sszNM.jpg,false,,landscape,0.016015924513339996
real_landscape_landscape_053_E9CrQou9K0Y.jpg,false,,landscape,0.0029560045804828405
real_landscape_landscape_064_pnFNoPuilVI.jpg,false,,landscape,0.0002479089016560465
real_landscape_landscape_154_VFjGgIGNWlI.jpg,false,,landscape,0.0002744724624790251
real_landscape_landscape_09_starry_night_mountains.jpg,false,,landscape,0.0036425709258764982
real_landscape_landscape_124__rsGm7nob3w.jpg,false,,landscape,5.1716528105316684e-05
real_landscape_landscape_079_n6hzRDQ9CM8.jpg,false,,landscape,2.8477174055296928e-05
real_landscape_landscape_095_YzJlElq6Pc0.jpg,false,,landscape,6.109210517024621e-05
real_landscape_landscape_098_F4dGVi1g8rQ.jpg,false,,landscape,0.0022102808579802513
real_landscape_landscape_062_oGrOhXJaHME.jpg,false,,landscape,0.00011323989019729197
real_landscape_landscape_68_a_wooden_bench_and_a_fire_hydrant_on_a_field.jpg,false,,landscape,1.6174324628082104e-05
real_landscape_landscape_119_ENkQJj-7orc.jpg,false,,landscape,5.639759183395654e-05
real_landscape_landscape_81_a_dog_rests_his_head_on_the_edge_of_a_boat_at_sea.jpg,false,,landscape,9.553618292557076e-05
real_landscape_landscape_51_a_green_traffic_light_suspended_above_a_street.jpg,false,,landscape,0.00429912842810154
real_landscape_landscape_085_cCthPLHmrzI.jpg,false,,landscape,0.001311237458139658
real_landscape_landscape_060_jdaigQmK-qA.jpg,false,,landscape,0.9428144097328186
real_landscape_landscape_58_a_passenger_train_that_has_some_graffiti_on_it.jpg,false,,landscape,0.0010497841285541654
real_landscape_landscape_077_ID4OhGirKvg.jpg,false,,landscape,0.04373329505324364
real_landscape_landscape_133_-5eZ1-Ie68w.jpg,false,,landscape,3.675972402561456e-05
real_landscape_landscape_086_ke-voL7t_I8.jpg,false,,landscape,6.459201540565118e-05
real_landscape_landscape_143_-hbbmFHQYiw.jpg,false,,landscape,0.001729493262246251
real_landscape_landscape_080_1DPIP44atys.jpg,false,,landscape,0.0003548192325979471
real_landscape_landscape_110_02YdrfDb3UE.jpg,false,,landscape,8.619793334219139e-06
real_landscape_landscape_116_sNKwtrVQ4hU.jpg,false,,landscape,1.7620746803004295e-05
real_landscape_landscape_157_nMhbF-YMdXE.jpg,false,,landscape,0.00046245453995652497
real_landscape_landscape_051_4k8UHZC1-6k.jpg,false,,landscape,4.992400135961361e-05
real_landscape_landscape_161_CL665uHJb7c.jpg,false,,landscape,0.00042908877367153764
real_landscape_landscape_093_UazfuoH2sRU.jpg,false,,landscape,4.397014345158823e-05
real_landscape_landscape_55_a_green_traffic_light_a_street_some_buildings_and_some_other.jpg,false,,landscape,0.9966257810592651
real_landscape_landscape_82_a_large_bus_on_the_side_of_the_road.jpg,false,,landscape,2.0334911823738366e-05
real_landscape_landscape_045_W3wgy9tDgto.jpg,false,,landscape,0.025613747537136078
real_landscape_landscape_120_afwi-D9xmt4.jpg,false,,landscape,0.8230069875717163
real_landscape_landscape_099_kDrTt4sCC7I.jpg,false,,landscape,0.0003352673084009439
real_landscape_landscape_167_60cbKmNJ-ls.jpg,false,,landscape,3.90525528928265e-05
real_landscape_landscape_046_wgH3Lzgmm_c.jpg,false,,landscape,0.0001130359887611121
real_landscape_landscape_072_jYkvecfWgx0.jpg,false,,landscape,0.8083990812301636
real_landscape_landscape_048_PA0KerQ0lHg.jpg,false,,landscape,0.0051931357011199
real_landscape_landscape_126_Cmjq13jc_2g.jpg,false,,landscape,0.0025657815858721733
real_landscape_landscape_081_0PgC0jve7u4.jpg,false,,landscape,0.00021919989376328886
real_landscape_landscape_06_waterfall_in_forest.jpg,false,,landscape,0.0007041515782475471
real_landscape_landscape_77_rear_view_mirror_reflection_showing_a_dog_in_the_back_seat.jpg,false,,landscape,0.00018245460523758084
real_landscape_landscape_147_bUhzlj3gGso.jpg,false,,landscape,0.0001031346691888757
real_landscape_landscape_69_a_yellow_bus_that_is_sitting_in_the_grass.jpg,false,,landscape,1.5877882105996832e-05
real_landscape_landscape_067_LLD9FKRoqDc.jpg,false,,landscape,0.3736497759819031
real_landscape_landscape_115_q2Cv_B3_AZI.jpg,false,,landscape,3.922962787328288e-05
real_landscape_landscape_125_4UfCRXv_tGM.jpg,false,,landscape,1.9841445464408025e-05
real_landscape_landscape_092__XHphe2atWM.jpg,false,,landscape,0.00016077730106189847
real_landscape_landscape_109_-UsvhirEIeI.jpg,false,,landscape,0.05929074436426163
real_landscape_landscape_129_5LyYqPEv8w0.jpg,false,,landscape,0.005605173297226429
real_landscape_landscape_070_uQDRDqpYJHI.jpg,false,,landscape,2.1801955881528556e-05
real_landscape_landscape_71_a_black_and_white_photo_of_a_train.jpg,false,,landscape,0.00020846803090535104
real_landscape_landscape_057_C69YOsY9lYg.jpg,false,,landscape,1.8235539755551144e-05
real_landscape_landscape_089_zjOv1yyUzQg.jpg,false,,landscape,0.004584349226206541
real_landscape_landscape_130_qOxQEA8obSg.jpg,false,,landscape,0.004657844081521034
real_landscape_landscape_163_Bz4dHv-9PFQ.jpg,false,,landscape,0.00011954578076256439
real_landscape_landscape_071_zjqqKVQZoNg.jpg,false,,landscape,0.0017727433005347848
real_landscape_landscape_76_a_blue_rusted_train_engine_sitting_on_top_of_rail_tracks.jpg,false,,landscape,0.0010642578126862645
real_landscape_landscape_114_FCPJn1NeFdI.jpg,false,,landscape,0.00023678375873714685
real_landscape_landscape_156_pcgo3E7vJr4.jpg,false,,landscape,4.1872310248436406e-05
real_landscape_landscape_075_G86MS2ZsiJA.jpg,false,,landscape,2.098596496580285e-06
real_landscape_landscape_059_i7OiHRQkJHY.jpg,false,,landscape,0.688465416431427
real_landscape_landscape_164_tMYDgAySy9w.jpg,false,,landscape,2.022502121690195e-05
real_landscape_landscape_84_part_of_train_car_with_a_door_to_the_rear_connected_to_the_c.jpg,false,,landscape,1.6247822713921778e-05
real_landscape_landscape_083_DlCr9IujpJI.jpg,false,,landscape,0.00013809427036903799
real_landscape_landscape_04_dramatic_mountain_valley.jpg,false,,landscape,3.059198206756264e-05
real_landscape_landscape_02_sunset_over_mountains.jpg,false,,landscape,0.0028192633762955666
real_landscape_landscape_53_a_train_of_many_colors_is_coming_down_the_track.jpg,false,,landscape,0.001859117764979601
real_landscape_landscape_100_xpLNPVL3IJA.jpg,false,,landscape,0.0013511196011677384
real_landscape_landscape_153_6SGsL73EbKM.jpg,false,,landscape,0.0006114605930633843
real_landscape_landscape_107_cssvEZacHvQ.jpg,false,,landscape,0.0007041515782475471
real_landscape_landscape_79_an_orange_train_traveling_along_train_tracks_near_a_train_ya.jpg,false,,landscape,0.051734860986471176
real_landscape_landscape_090_tZaA8VqJG3g.jpg,false,,landscape,0.11480202525854111
real_landscape_landscape_73_a_tall_church_tower_sitting_on_the_side_of_a_road.jpg,false,,landscape,0.00018235199968330562
real_landscape_landscape_61_a_wooden_bench_sitting_outside_of_a_home.jpg,false,,landscape,1.9853712274198188e-06
real_landscape_landscape_03_lake_reflection.jpg,false,,landscape,0.0006809027399867773
real_landscape_landscape_155_DqIyKlJa-2s.jpg,false,,landscape,9.026988846017048e-05
real_landscape_landscape_105_ur4NB1f3kQ8.jpg,false,,landscape,2.365406726312358e-05
real_landscape_landscape_128_MasnAA5KqDY.jpg,false,,landscape,0.00013543435488827527
real_landscape_landscape_134_1pFIPoOa--Y.jpg,false,,landscape,0.004992380738258362
real_landscape_landscape_097_1U6EOU8hiTM.jpg,false,,landscape,5.376581611926667e-06
real_landscape_landscape_047_58Mkqady7lE.jpg,false,,landscape,0.005266997031867504
real_landscape_landscape_102_T-AOFf2B8Zw.jpg,false,,landscape,0.00016238779062405229
real_landscape_landscape_83_a_small_bus_parked_in_front_of_a_bus_stop.jpg,false,,landscape,4.0989925764733925e-06
real_landscape_landscape_162_3m4lH961q20.jpg,false,,landscape,7.742051820969209e-06
real_landscape_landscape_122_K5eIMIz8kaI.jpg,false,,landscape,0.0027982660103589296
real_landscape_landscape_069_TdoxXD7aGv8.jpg,false,,landscape,0.04735502600669861
real_landscape_landscape_165_C2YORgsJqXs.jpg,false,,landscape,0.02591388113796711
real_landscape_landscape_152_ayzzI9nOjWY.jpg,false,,landscape,0.001361786387860775
real_landscape_landscape_54_white_birds_are_gathered_around_a_water_puddle.jpg,false,,landscape,0.000251856807153672
real_landscape_landscape_078_TnLdd0LMfwk.jpg,false,,landscape,0.9282764792442322
real_landscape_landscape_068_aqS6bCynDv8.jpg,false,,landscape,0.12001734972000122
real_landscape_landscape_07_desert_dunes.jpg,false,,landscape,0.001723055960610509
real_landscape_landscape_166_ioAK4HESn6k.jpg,false,,landscape,4.354609700385481e-05
real_landscape_landscape_111_62_2KGyX13E.jpg,false,,landscape,0.0017869521398097277
real_landscape_landscape_60_a_red_and_silver_fire_hydrant_sitting_on_top_of_a_sidewalk.jpg,false,,landscape,1.1711237675626762e-05
real_landscape_landscape_158_QAXDmkU60OU.jpg,false,,landscape,0.0004108988505322486
real_landscape_landscape_138_78wDBw9ajUk.jpg,false,,landscape,0.00031309094629250467
real_landscape_landscape_142_3bsVcAbqS7Q.jpg,false,,landscape,0.00025561812799423933
real_landscape_landscape_131_hoAFrPJlbT0.jpg,false,,landscape,7.496015314245597e-05
real_landscape_landscape_106_hu8Mp-XTksA.jpg,false,,landscape,3.566240411601029e-05
real_landscape_landscape_082_ercx7zE_Mzo.jpg,false,,landscape,9.210433745465707e-06
real_landscape_landscape_132_zUEjNDEEca8.jpg,false,,landscape,0.0003045078774448484
real_landscape_landscape_78_a_yellow_bus_is_on_a_street_near_a_black_guard_rail.jpg,false,,landscape,2.074233998428099e-05
real_landscape_landscape_159_G4su92tyImI.jpg,false,,landscape,0.0004843822680413723
real_landscape_landscape_088_N22iRE8u3MU.jpg,false,,landscape,7.228705271700164e-06
real_landscape_landscape_168_r-PPOX0QQ1g.jpg,false,,landscape,8.260098547907546e-05
real_landscape_landscape_074_r2Ug9sXPEHA.jpg,false,,landscape,0.004003299865871668
real_landscape_landscape_57_a_yellow_and_green_train_at_stop_lights.jpg,false,,landscape,2.736898750299588e-06
real_landscape_landscape_146__MCLUFQlZ_c.jpg,false,,landscape,3.573553476599045e-05
real_landscape_landscape_096_3eC5n6gHwe8.jpg,false,,landscape,0.0013176698703318834
real_landscape_landscape_063_Lm6mqM_KqQY.jpg,false,,landscape,0.001713492558337748
real_landscape_landscape_145_xZX3pXjQQSw.jpg,false,,landscape,0.0035142889246344566
real_landscape_landscape_74_a_bathroom_with_some_orange_walls_and_a_black_and_white_coun.jpg,false,,landscape,0.0005885717691853642
real_landscape_landscape_136_awNpFWNTGFY.jpg,false,,landscape,0.006172372493892908
real_landscape_landscape_061_bk4hN4Jvnac.jpg,false,,landscape,0.00012428080663084984
real_landscape_landscape_121_JtVkmKQ1FQI.jpg,false,,landscape,0.006660524755716324
real_landscape_landscape_104_6gt7AoSk5pQ.jpg,false,,landscape,0.000775433552917093
real_landscape_landscape_139_aoWukdAWJno.jpg,false,,landscape,0.0002758984046522528
real_landscape_landscape_75_a_city_traffic_signal_and_street_at_night.jpg,false,,landscape,0.23023205995559692
real_landscape_landscape_055_ixbSaWYYOwY.jpg,false,,landscape,0.00047581028775312006
real_landscape_landscape_137_9CkGNheiEFQ.jpg,false,,landscape,0.00011665173951769248
real_landscape_landscape_066_7AKHr2kdmAc.jpg,false,,landscape,0.0002984452003147453
real_landscape_landscape_08_ocean_waves_beach.jpg,false,,landscape,0.011911075562238693
real_landscape_landscape_076_OrkbCipJriw.jpg,false,,landscape,0.00020570179913192987
real_landscape_landscape_113_etJBEUW4ZDg.jpg,false,,landscape,2.9830693165422417e-05
real_landscape_landscape_123_ac9BZlaKuG4.jpg,false,,landscape,1.0429762369312812e-05
real_landscape_landscape_049_yFCXHHLEZA0.jpg,false,,landscape,1.173520831798669e-05
real_landscape_landscape_151_OueojWSe66o.jpg,false,,landscape,0.0009577222517691553
real_landscape_landscape_087_NW-WPrJoyzc.jpg,false,,landscape,1.5367659216281027e-05
real_landscape_landscape_62_two_large_jets_sitting_on_top_of_an_airport_runway.jpg,false,,landscape,8.224517659982666e-05
real_landscape_landscape_67_an_image_of_a_subway_bus_going_thru_the_subway_station.jpg,false,,landscape,5.963409785181284e-05
real_landscape_landscape_64_a_bird_sitting_on_top_of_a_park_bench.jpg,false,,landscape,1.025920755637344e-05
real_landscape_landscape_141_F0_qeY5OWJE.jpg,false,,landscape,2.9965987778268754e-05
real_landscape_landscape_149_zMhnN9FpDBE.jpg,false,,landscape,0.00016427002265118062
real_landscape_landscape_56_a_train_on_the_tracks_out_in_the_country.jpg,false,,landscape,1.1399785762478132e-05
real_landscape_landscape_103_Yd6TC3qee6M.jpg,false,,landscape,0.011570555157959461
real_landscape_landscape_052_Xaje8s7H9Cw.jpg,false,,landscape,8.949540642788634e-05
real_landscape_landscape_01_mountain_peaks_with_snow.jpg,false,,landscape,2.5194309273501858e-05
real_landscape_landscape_058_CPIQfMbSjmM.jpg,false,,landscape,0.00010464351362315938
real_landscape_landscape_065_xMMh-VFGL9M.jpg,false,,landscape,0.0014210180379450321
real_landscape_landscape_72_a_street_corner_with_a_brown_and_white_building_on_it.jpg,false,,landscape,7.615600679855561e-06
real_landscape_landscape_094_8v_1afZJpg4.jpg,false,,landscape,0.0071729919873178005
real_landscape_landscape_150_NoSRqbXJY68.jpg,false,,landscape,0.0024815944489091635
real_landscape_landscape_144_MZxQoMVN518.jpg,false,,landscape,5.269828761811368e-05
real_landscape_landscape_63_a_pole_with_a_street_light_and_signs_next_to_a_bare_tree.jpg,false,,landscape,3.194489545421675e-05
real_landscape_landscape_127_uFdsMOjWX58.jpg,false,,landscape,0.002547487150877714
real_landscape_landscape_101_C27Jip4jz4k.jpg,false,,landscape,2.4438541004201397e-05
real_landscape_landscape_050_nlllZxwRoLM.jpg,false,,landscape,8.037708539632149e-06
real_landscape_landscape_054_R0hVu1Mqo7A.jpg,false,,landscape,0.016072064638137817
real_landscape_landscape_170_rGmCuOfPwnk.jpg,false,,landscape,0.013691924512386322
real_landscape_landscape_52_the_train_engine_is_followed_by_a_line_of_open_cars.jpg,false,,landscape,0.0003718197694979608
real_landscape_landscape_50_a_green_bench_sitting_on_the_side_of_a_sidewalk.jpg,false,,landscape,6.491534441011027e-05
real_landscape_landscape_65_these_toilets_are_being_used_outside_as_decor.jpg,false,,landscape,7.430808182107285e-05
real_landscape_landscape_148_qgfiux6vEmc.jpg,false,,landscape,5.31745581611176e-06
real_landscape_landscape_169_TWvnc-oToE4.jpg,false,,landscape,6.235693581402302e-05
real_landscape_landscape_112_hfxvkEzd_I0.jpg,false,,landscape,0.002083024475723505
real_landscape_landscape_70_a_semi_truck_is_driving_down_a_street.jpg,false,,landscape,0.0002599464205559343
real_landscape_landscape_084_uzWLhB7n3m8.jpg,false,,landscape,0.00013314193347468972
real_landscape_landscape_091_Bch-Zl9ZUc8.jpg,false,,landscape,0.00010470131383044645
real_landscape_landscape_66_a_few_meters_are_sitting_near_an_air_plane.jpg,false,,landscape,2.7387550289859064e-06
real_landscape_landscape_108_LpryxGvyY-8.jpg,false,,landscape,0.0006139471079222858
