id,is_ai,generator,category,score
ai_art_qwen_2512_art_08.png,true,Qwen 2512,art,0.9482707381248474
ai_art_flux_2_flex_art_03.png,true,Flux,art,0.6830010414123535
ai_art_seedream_v3_art_07.png,true,Seedream,art,0.9594156742095947
ai_art_seedream_v3_art_06.png,true,Seedream,art,0.5441957712173462
ai_art_flux_2_flex_art_02.png,true,Flux,art,0.03481016308069229
ai_art_glm_image_art_01.png,true,GLM Image,art,0.01337453257292509
ai_art_qwen_2512_art_09.png,true,Qwen 2512,art,0.00402819411829114
ai_art_wan_v2.6_art_09.png,true,Wan v2.6,art,3.2258249120786786e-06
ai_art_flux_schnell_art_08.png,true,Flux Schnell,art,0.0058793011121451855
ai_art_glm_image_art_03.png,true,GLM Image,art,0.00020908891747239977
ai_art_seedream_v3_art_10.png,true,Seedream,art,0.0005389402504079044
ai_art_seedream_v3_art_04.png,true,Seedream,art,0.007166394032537937
ai_art_seedream_v3_art_05.png,true,Seedream,art,6.461903012677794e-06
ai_art_flux_2_flex_art_01.png,true,Flux,art,0.4579513967037201
ai_art_glm_image_art_02.png,true,GLM Image,art,0.9984257221221924
ai_art_flux_schnell_art_09.png,true,Flux Schnell,art,1.8721946162258973e-06
ai_art_wan_v2.6_art_08.png,true,Wan v2.6,art,0.014335636049509048
ai_art_z_image_art_09.png,true,Z,art,0.07046618312597275
ai_art_glm_image_art_06.png,true,GLM Image,art,0.9733883142471313
ai_art_flux_2_flex_art_05.png,true,Flux,art,3.418983851588564e-07
ai_art_seedream_v3_art_01.png,true,Seedream,art,0.0007179247331805527
ai_art_flux_2_flex_art_10.png,true,Flux,art,0.9898974895477295
ai_art_flux_2_flex_art_04.png,true,Flux,art,0.0008541001589037478
ai_art_glm_image_art_07.png,true,GLM Image,art,0.004662670195102692
ai_art_z_image_art_08.png,true,Z,art,0.5703359246253967
ai_art_glm_image_art_05.png,true,GLM Image,art,1.9396860295728402e-07
ai_art_flux_2_flex_art_06.png,true,Flux,art,0.003782624611631036
ai_art_seedream_v3_art_02.png,true,Seedream,art,0.9946086406707764
ai_art_seedream_v3_art_03.png,true,Seedream,art,0.0015156838344410062
ai_art_flux_2_flex_art_07.png,true,Flux,art,0.017113856971263885
ai_art_glm_image_art_10.png,true,GLM Image,art,0.05726233124732971
ai_art_glm_image_art_04.png,true,GLM Image,art,0.135933518409729
ai_art_hunyuan_v3_art_07.png,true,Hunyuan v3,art,4.598982923198491e-05
ai_art_ideogram_v3_art_04.png,true,Ideogram v3,art,1.9036415324080735e-05
ai_art_ideogram_v3_art_10.png,true,Ideogram v3,art,0.0002670114045031369
ai_art_sd_3.5_large_art_08.png,true,Sd,art,0.007266608998179436
ai_art_seedream_v4_art_03.png,true,Seedream,art,1.82452131411992e-05
ai_art_leonardo_phoenix_art_06.png,true,Leonardo Phoenix,art,0.04582184553146362
ai_art_leonardo_phoenix_art_07.png,true,Leonardo Phoenix,art,0.808000385761261
ai_art_grok_aurora_art_01.png,true,Grok Aurora,art,0.9330258965492249
ai_art_seedream_v4_art_02.png,true,Seedream,art,6.381989078363404e-05
ai_art_sd_3.5_large_art_09.png,true,Sd,art,1.5005917703092564e-05
ai_art_ideogram_v3_art_05.png,true,Ideogram v3,art,0.001364019582979381
ai_art_hunyuan_v3_art_06.png,true,Hunyuan v3,art,0.7681781053543091
ai_art_hunyuan_v3_art_04.png,true,Hunyuan v3,art,0.613389253616333
ai_art_hunyuan_v3_art_10.png,true,Hunyuan v3,art,0.004611756186932325
ai_art_recraft_v3_art_09.png,true,Recraft v3,art,0.014069043099880219
ai_art_ideogram_v3_art_07.png,true,Ideogram v3,art,6.804681106586941e-06
ai_art_grok_aurora_art_03.png,true,Grok Aurora,art,0.01912357099354267
ai_art_leonardo_phoenix_art_05.png,true,Leonardo Phoenix,art,0.7958158850669861
ai_art_leonardo_phoenix_art_10.png,true,Leonardo Phoenix,art,0.9972013235092163
ai_art_leonardo_phoenix_art_04.png,true,Leonardo Phoenix,art,0.49772799015045166
ai_art_grok_aurora_art_02.png,true,Grok Aurora,art,0.03548547625541687
ai_art_seedream_v4_art_01.png,true,Seedream,art,0.061689071357250214
ai_art_ideogram_v3_art_06.png,true,Ideogram v3,art,0.054402124136686325
ai_art_recraft_v3_art_08.png,true,Recraft v3,art,6.591099008801393e-06
ai_art_hunyuan_v3_art_05.png,true,Hunyuan v3,art,1.4196532447385835e-06
ai_art_hunyuan_v3_art_01.png,true,Hunyuan v3,art,0.0029036202467978
ai_art_ideogram_v3_art_02.png,true,Ideogram v3,art,7.297673619177658e-06
ai_art_flux_pro_v1.1_art_09.png,true,Flux Pro v1.1,art,0.005644541699439287
ai_art_seedream_v4_art_05.png,true,Seedream,art,5.899281063648232e-07
ai_art_grok_aurora_art_06.png,true,Grok Aurora,art,0.7707469463348389
ai_art_grok_aurora_art_07.png,true,Grok Aurora,art,0.0006146207451820374
ai_art_leonardo_phoenix_art_01.png,true,Leonardo Phoenix,art,8.525320299668238e-05
ai_art_seedream_v4_art_04.png,true,Seedream,art,0.0002531556528992951
ai_art_seedream_v4_art_10.png,true,Seedream,art,1.8547785657574423e-05
ai_art_flux_pro_v1.1_art_08.png,true,Flux Pro v1.1,art,0.992104172706604
ai_art_ideogram_v3_art_03.png,true,Ideogram v3,art,0.00022444332716986537
ai_art_hunyuan_v3_art_02.png,true,Hunyuan v3,art,0.00013343666796572506
ai_art_gpt_image_1.5_art_08.png,true,Gpt,art,0.06121547147631645
ai_art_ideogram_v3_art_01.png,true,Ideogram v3,art,0.05297701805830002
ai_art_gemini_3_pro_art_09.png,true,Gemini 3 Pro,art,8.274207175418269e-06
ai_art_seedream_v4_art_06.png,true,Seedream,art,0.14948904514312744
ai_art_leonardo_phoenix_art_03.png,true,Leonardo Phoenix,art,0.991454005241394
ai_art_grok_aurora_art_05.png,true,Grok Aurora,art,3.769568138523027e-05
ai_art_grok_aurora_art_10.png,true,Grok Aurora,art,1.317971691605635e-05
ai_art_grok_aurora_art_04.png,true,Grok Aurora,art,0.0017296159639954567
ai_art_leonardo_phoenix_art_02.png,true,Leonardo Phoenix,art,0.558861255645752
ai_art_seedream_v4_art_07.png,true,Seedream,art,3.65823543688748e-05
ai_art_gemini_3_pro_art_08.png,true,Gemini 3 Pro,art,0.00016790934023447335
ai_art_gpt_image_1.5_art_09.png,true,Gpt,art,1.0354609912610613e-05
ai_art_hunyuan_v3_art_03.png,true,Hunyuan v3,art,0.0006385384476743639
ai_art_gpt_image_1.5_art_10.png,true,Gpt,art,6.18357807979919e-05
ai_art_recraft_v3_art_03.png,true,Recraft v3,art,0.06423331052064896
ai_art_gpt_image_1.5_art_04.png,true,Gpt,art,0.0002032139163929969
ai_art_sd_3.5_large_art_01.png,true,Sd,art,0.0012072771787643433
ai_art_gemini_3_pro_art_05.png,true,Gemini 3 Pro,art,5.465108188218437e-07
ai_art_flux_pro_v1.1_art_06.png,true,Flux Pro v1.1,art,0.9996769428253174
ai_art_grok_aurora_art_09.png,true,Grok Aurora,art,2.2777958292863332e-05
ai_art_grok_aurora_art_08.png,true,Grok Aurora,art,0.026307864114642143
ai_art_flux_pro_v1.1_art_07.png,true,Flux Pro v1.1,art,1.5011815776233561e-05
ai_art_gemini_3_pro_art_10.png,true,Gemini 3 Pro,art,0.027181949466466904
ai_art_gemini_3_pro_art_04.png,true,Gemini 3 Pro,art,0.004098198842257261
ai_art_gpt_image_1.5_art_05.png,true,Gpt,art,6.299342203419656e-07
ai_art_recraft_v3_art_02.png,true,Recraft v3,art,0.0004329941584728658
ai_art_gpt_image_1.5_art_07.png,true,Gpt,art,0.0001901190698845312
ai_art_gemini_3_pro_art_06.png,true,Gemini 3 Pro,art,0.3481573164463043
ai_art_sd_3.5_large_art_02.png,true,Sd,art,0.004733971320092678
ai_art_flux_pro_v1.1_art_05.png,true,Flux Pro v1.1,art,1.492890532972524e-06
ai_art_seedream_v4_art_09.png,true,Seedream,art,7.393220585072413e-05
ai_art_seedream_v4_art_08.png,true,Seedream,art,0.0006464392063207924
ai_art_flux_pro_v1.1_art_10.png,true,Flux Pro v1.1,art,0.0004444606602191925
ai_art_flux_pro_v1.1_art_04.png,true,Flux Pro v1.1,art,0.0016641500405967236
ai_art_gemini_3_pro_art_07.png,true,Gemini 3 Pro,art,2.1809444206155604e-06
ai_art_sd_3.5_large_art_03.png,true,Sd,art,0.00025365722831338644
ai_art_recraft_v3_art_01.png,true,Recraft v3,art,5.534001320484094e-05
ai_art_gpt_image_1.5_art_06.png,true,Gpt,art,0.9526572227478027
ai_art_hunyuan_v3_art_08.png,true,Hunyuan v3,art,0.03486480936408043
ai_art_gpt_image_1.5_art_02.png,true,Gpt,art,0.027422310784459114
ai_art_recraft_v3_art_05.png,true,Recraft v3,art,1.3737908375333063e-06
ai_art_sd_3.5_large_art_07.png,true,Sd,art,0.99510657787323
ai_art_gemini_3_pro_art_03.png,true,Gemini 3 Pro,art,0.7191888093948364
ai_art_leonardo_phoenix_art_09.png,true,Leonardo Phoenix,art,0.9888794422149658
ai_art_leonardo_phoenix_art_08.png,true,Leonardo Phoenix,art,0.28070303797721863
ai_art_flux_pro_v1.1_art_01.png,true,Flux Pro v1.1,art,9.962737385649234e-05
ai_art_sd_3.5_large_art_06.png,true,Sd,art,0.004042490851134062
ai_art_gemini_3_pro_art_02.png,true,Gemini 3 Pro,art,0.517916202545166
ai_art_recraft_v3_art_10.png,true,Recraft v3,art,2.5879273380269296e-05
ai_art_recraft_v3_art_04.png,true,Recraft v3,art,3.575421214918606e-05
ai_art_gpt_image_1.5_art_03.png,true,Gpt,art,0.02334512770175934
ai_art_hunyuan_v3_art_09.png,true,Hunyuan v3,art,0.00034144832170568407
ai_art_recraft_v3_art_06.png,true,Recraft v3,art,0.0025001168251037598
ai_art_gpt_image_1.5_art_01.png,true,Gpt,art,0.009259440004825592
ai_art_sd_3.5_large_art_04.png,true,Sd,art,8.08825934655033e-05
ai_art_sd_3.5_large_art_10.png,true,Sd,art,1.0329521273888531e-06
ai_art_ideogram_v3_art_08.png,true,Ideogram v3,art,0.9920389652252197
ai_art_flux_pro_v1.1_art_03.png,true,Flux Pro v1.1,art,0.0014219837030395865
ai_art_flux_pro_v1.1_art_02.png,true,Flux Pro v1.1,art,0.00030764302937313914
ai_art_ideogram_v3_art_09.png,true,Ideogram v3,art,0.979625403881073
ai_art_gemini_3_pro_art_01.png,true,Gemini 3 Pro,art,0.09450042992830276
ai_art_sd_3.5_large_art_05.png,true,Sd,art,2.291329224135552e-07
ai_art_recraft_v3_art_07.png,true,Recraft v3,art,2.7648338800645433e-05
ai_art_wan_v2.6_art_03.png,true,Wan v2.6,art,0.00022468464158009738
ai_art_flux_schnell_art_02.png,true,Flux Schnell,art,0.046089064329862595
ai_art_qwen_2512_art_01.png,true,Qwen 2512,art,0.9135070443153381
ai_art_z_image_art_06.png,true,Z,art,0.978367030620575
ai_art_glm_image_art_09.png,true,GLM Image,art,1.4375675618794048e-06
ai_art_glm_image_art_08.png,true,GLM Image,art,0.9960057139396667
ai_art_z_image_art_07.png,true,Z,art,0.000450662337243557
ai_art_flux_schnell_art_03.png,true,Flux Schnell,art,0.0994250550866127
ai_art_wan_v2.6_art_02.png,true,Wan v2.6,art,0.005541183985769749
ai_art_qwen_2512_art_02.png,true,Qwen 2512,art,0.11785460263490677
ai_art_flux_schnell_art_01.png,true,Flux Schnell,art,3.4675565984798595e-05
ai_art_z_image_art_05.png,true,Z,art,0.0005088707548566163
ai_art_flux_2_flex_art_09.png,true,Flux,art,4.950506422574108e-07
ai_art_flux_2_flex_art_08.png,true,Flux,art,9.970488463295624e-06
ai_art_z_image_art_04.png,true,Z,art,9.298672375734895e-05
ai_art_z_image_art_10.png,true,Z,art,0.04698581621050835
ai_art_qwen_2512_art_03.png,true,Qwen 2512,art,0.9743714332580566
ai_art_wan_v2.6_art_01.png,true,Wan v2.6,art,0.009294764138758183
ai_art_flux_schnell_art_10.png,true,Flux Schnell,art,3.25766704918351e-05
ai_art_wan_v2.6_art_05.png,true,Wan v2.6,art,7.755878868920263e-06
ai_art_flux_schnell_art_04.png,true,Flux Schnell,art,0.002533586462959647
ai_art_qwen_2512_art_07.png,true,Qwen 2512,art,4.983367398381233e-05
ai_art_seedream_v3_art_08.png,true,Seedream,art,0.983116090297699
ai_art_seedream_v3_art_09.png,true,Seedream,art,0.0018125905189663172
ai_art_z_image_art_01.png,true,Z,art,0.004319428466260433
ai_art_flux_schnell_art_05.png,true,Flux Schnell,art,1.1404918041080236e-05
ai_art_wan_v2.6_art_04.png,true,Wan v2.6,art,0.006464123725891113
ai_art_qwen_2512_art_06.png,true,Qwen 2512,art,0.6681802272796631
ai_art_wan_v2.6_art_10.png,true,Wan v2.6,art,0.0005104515003040433
ai_art_qwen_2512_art_04.png,true,Qwen 2512,art,0.9048882126808167
ai_art_wan_v2.6_art_06.png,true,Wan v2.6,art,0.10677023977041245
ai_art_flux_schnell_art_07.png,true,Flux Schnell,art,5.8018258641823195e-06
ai_art_qwen_2512_art_10.png,true,Qwen 2512,art,4.5557640987681225e-05
ai_art_z_image_art_03.png,true,Z,art,1.2734244592138566e-05
ai_art_z_image_art_02.png,true,Z,art,0.00048758098273538053
ai_art_qwen_2512_art_05.png,true,Qwen 2512,art,0.00295243295840919
ai_art_flux_schnell_art_06.png,true,Flux Schnell,art,0.018475092947483063
ai_art_wan_v2.6_art_07.png,true,Wan v2.6,art,0.10544729232788086
ai_portrait_seedream_v3_portrait_10.png,true,Seedream,portrait,0.0006639633793383837
ai_portrait_seedream_v3_portrait_04.png,true,Seedream,portrait,2.389204837527359e-06
ai_portrait_recraft_v3_portrait_05.png,true,Recraft v3,portrait,6.504012617369881e-06
ai_portrait_flux_pro_v1.1_portrait_09.png,true,Flux Pro v1.1,portrait,0.029230112209916115
ai_portrait_flux_pro_v1.1_portrait_08.png,true,Flux Pro v1.1,portrait,4.323572284192778e-06
ai_portrait_wan_v2.6_portrait_01.png,true,Wan v2.6,portrait,1.8812663256539963e-05
ai_portrait_recraft_v3_portrait_04.png,true,Recraft v3,portrait,1.773914300429169e-05
ai_portrait_recraft_v3_portrait_10.png,true,Recraft v3,portrait,2.839230546669569e-06
ai_portrait_seedream_v3_portrait_05.png,true,Seedream,portrait,0.0001457057660445571
ai_portrait_seedream_v4_portrait_01.png,true,Seedream,portrait,1.0679506885935552e-05
ai_portrait_seedream_v4_portrait_03.png,true,Seedream,portrait,5.412459358922206e-06
ai_portrait_seedream_v3_portrait_07.png,true,Seedream,portrait,0.00020273377595003694
ai_portrait_hunyuan_v3_portrait_09.png,true,Hunyuan v3,portrait,2.2987494958215393e-05
ai_portrait_recraft_v3_portrait_06.png,true,Recraft v3,portrait,2.349202986806631e-05
ai_portrait_wan_v2.6_portrait_03.png,true,Wan v2.6,portrait,1.7409684005542658e-05
ai_portrait_wan_v2.6_portrait_02.png,true,Wan v2.6,portrait,0.01156641636043787
ai_portrait_recraft_v3_portrait_07.png,true,Recraft v3,portrait,6.744873644493055e-06
ai_portrait_hunyuan_v3_portrait_08.png,true,Hunyuan v3,portrait,6.973938866394747e-07
ai_portrait_seedream_v3_portrait_06.png,true,Seedream,portrait,0.0008885463466867805
ai_portrait_seedream_v4_portrait_02.png,true,Seedream,portrait,8.700299076735973e-06
ai_portrait_seedream_v3_portrait_02.png,true,Seedream,portrait,2.0810878140764544e-06
ai_portrait_seedream_v4_portrait_06.png,true,Seedream,portrait,2.095566287607653e-06
ai_portrait_recraft_v3_portrait_03.png,true,Recraft v3,portrait,1.4742220173502574e-06
ai_portrait_grok_aurora_portrait_09.png,true,Grok Aurora,portrait,3.125296359485219e-07
ai_portrait_qwen_2512_portrait_08.png,true,Qwen 2512,portrait,3.472871867415961e-06
ai_portrait_wan_v2.6_portrait_06.png,true,Wan v2.6,portrait,2.4400116672040895e-05
ai_portrait_wan_v2.6_portrait_07.png,true,Wan v2.6,portrait,0.0013881160411983728
ai_portrait_qwen_2512_portrait_09.png,true,Qwen 2512,portrait,2.087890379698365e-06
ai_portrait_recraft_v3_portrait_02.png,true,Recraft v3,portrait,1.631943973734451e-06
ai_portrait_grok_aurora_portrait_08.png,true,Grok Aurora,portrait,1.4175917385728098e-05
ai_portrait_seedream_v4_portrait_07.png,true,Seedream,portrait,9.10883245524019e-05
ai_portrait_seedream_v3_portrait_03.png,true,Seedream,portrait,0.00010427476809127256
ai_portrait_seedream_v3_portrait_01.png,true,Seedream,portrait,0.5918624997138977
ai_portrait_seedream_v4_portrait_05.png,true,Seedream,portrait,5.20700905326521e-06
ai_portrait_wan_v2.6_portrait_05.png,true,Wan v2.6,portrait,5.935227363806916e-06
ai_portrait_flux_schnell_portrait_08.png,true,Flux Schnell,portrait,5.733686521125492e-06
ai_portrait_flux_schnell_portrait_09.png,true,Flux Schnell,portrait,0.0010231920750811696
ai_portrait_wan_v2.6_portrait_10.png,true,Wan v2.6,portrait,0.00022616659407503903
ai_portrait_wan_v2.6_portrait_04.png,true,Wan v2.6,portrait,3.862675384880276e-06
ai_portrait_recraft_v3_portrait_01.png,true,Recraft v3,portrait,1.990125838347012e-06
ai_portrait_seedream_v4_portrait_04.png,true,Seedream,portrait,4.252882263244828e-06
ai_portrait_seedream_v4_portrait_10.png,true,Seedream,portrait,7.786314881741419e-07
ai_portrait_z_image_portrait_01.png,true,Z,portrait,0.3121291399002075
ai_portrait_ideogram_v3_portrait_01.png,true,Ideogram v3,portrait,0.005981370806694031
ai_portrait_leonardo_phoenix_portrait_07.png,true,Leonardo Phoenix,portrait,0.9125635623931885
ai_portrait_sd_3.5_large_portrait_05.png,true,Sd,portrait,2.5437434487685096e-06
ai_portrait_gpt_image_1.5_portrait_01.png,true,Gpt,portrait,0.0004938153433613479
ai_portrait_flux_2_flex_portrait_03.png,true,Flux,portrait,0.9988905787467957
ai_portrait_gemini_3_pro_portrait_10.png,true,Gemini 3 Pro,portrait,3.983913757110713e-06
ai_portrait_gemini_3_pro_portrait_04.png,true,Gemini 3 Pro,portrait,1.5712809044998721e-06
ai_portrait_gemini_3_pro_portrait_05.png,true,Gemini 3 Pro,portrait,1.1059543112423853e-06
ai_portrait_flux_2_flex_portrait_02.png,true,Flux,portrait,0.009220427833497524
ai_portrait_sd_3.5_large_portrait_04.png,true,Sd,portrait,5.4175634431885555e-05
ai_portrait_leonardo_phoenix_portrait_06.png,true,Leonardo Phoenix,portrait,0.9588060975074768
ai_portrait_sd_3.5_large_portrait_10.png,true,Sd,portrait,1.5506853969782242e-06
ai_portrait_glm_image_portrait_01.png,true,GLM Image,portrait,0.030088067054748535
ai_portrait_z_image_portrait_02.png,true,Z,portrait,0.01111678034067154
ai_portrait_glm_image_portrait_03.png,true,GLM Image,portrait,0.0026221678126603365
ai_portrait_ideogram_v3_portrait_02.png,true,Ideogram v3,portrait,3.009491592820268e-05
ai_portrait_leonardo_phoenix_portrait_10.png,true,Leonardo Phoenix,portrait,0.999997615814209
ai_portrait_sd_3.5_large_portrait_06.png,true,Sd,portrait,0.00012577006418723613
ai_portrait_leonardo_phoenix_portrait_04.png,true,Leonardo Phoenix,portrait,0.9878265261650085
ai_portrait_gpt_image_1.5_portrait_02.png,true,Gpt,portrait,5.852473350387299e-07
ai_portrait_gemini_3_pro_portrait_07.png,true,Gemini 3 Pro,portrait,0.0005120718851685524
ai_portrait_gemini_3_pro_portrait_06.png,true,Gemini 3 Pro,portrait,9.214195983986428e-07
ai_portrait_flux_2_flex_portrait_01.png,true,Flux,portrait,0.03152366727590561
ai_portrait_gpt_image_1.5_portrait_03.png,true,Gpt,portrait,0.00014390278374776244
ai_portrait_leonardo_phoenix_portrait_05.png,true,Leonardo Phoenix,portrait,0.9979089498519897
ai_portrait_sd_3.5_large_portrait_07.png,true,Sd,portrait,9.771229997568298e-06
ai_portrait_ideogram_v3_portrait_03.png,true,Ideogram v3,portrait,0.00015044269093777984
ai_portrait_glm_image_portrait_02.png,true,GLM Image,portrait,2.357688345000497e-06
ai_portrait_z_image_portrait_03.png,true,Z,portrait,0.052328359335660934
ai_portrait_z_image_portrait_07.png,true,Z,portrait,8.433561743004248e-05
ai_portrait_glm_image_portrait_06.png,true,GLM Image,portrait,0.001931212842464447
ai_portrait_ideogram_v3_portrait_07.png,true,Ideogram v3,portrait,0.0008932617492973804
ai_portrait_gpt_image_1.5_portrait_07.png,true,Gpt,portrait,3.2262716558761895e-05
ai_portrait_sd_3.5_large_portrait_03.png,true,Sd,portrait,6.3965253502829e-06
ai_portrait_leonardo_phoenix_portrait_01.png,true,Leonardo Phoenix,portrait,0.000318233942380175
ai_portrait_gemini_3_pro_portrait_02.png,true,Gemini 3 Pro,portrait,4.950251764057612e-07
ai_portrait_flux_2_flex_portrait_05.png,true,Flux,portrait,3.208365524187684e-05
ai_portrait_flux_2_flex_portrait_10.png,true,Flux,portrait,4.710814755526371e-05
ai_portrait_flux_2_flex_portrait_04.png,true,Flux,portrait,0.00023907152353785932
ai_portrait_gemini_3_pro_portrait_03.png,true,Gemini 3 Pro,portrait,1.7797063947000424e-06
ai_portrait_sd_3.5_large_portrait_02.png,true,Sd,portrait,0.011121178977191448
ai_portrait_gpt_image_1.5_portrait_06.png,true,Gpt,portrait,2.2845638341095764e-06
ai_portrait_ideogram_v3_portrait_06.png,true,Ideogram v3,portrait,0.0017590138595551252
ai_portrait_glm_image_portrait_07.png,true,GLM Image,portrait,0.23603180050849915
ai_portrait_z_image_portrait_06.png,true,Z,portrait,0.06118563935160637
ai_portrait_z_image_portrait_10.png,true,Z,portrait,3.41182567353826e-06
ai_portrait_z_image_portrait_04.png,true,Z,portrait,0.00017744270735420287
ai_portrait_glm_image_portrait_05.png,true,GLM Image,portrait,3.493512122076936e-05
ai_portrait_ideogram_v3_portrait_10.png,true,Ideogram v3,portrait,0.036108892410993576
ai_portrait_ideogram_v3_portrait_04.png,true,Ideogram v3,portrait,0.0003392351500224322
ai_portrait_gpt_image_1.5_portrait_10.png,true,Gpt,portrait,0.002081034006550908
ai_portrait_gpt_image_1.5_portrait_04.png,true,Gpt,portrait,3.998915417469107e-06
ai_portrait_leonardo_phoenix_portrait_02.png,true,Leonardo Phoenix,portrait,0.011667193844914436
ai_portrait_gemini_3_pro_portrait_01.png,true,Gemini 3 Pro,portrait,4.6868800041011127e-07
ai_portrait_flux_2_flex_portrait_06.png,true,Flux,portrait,0.9999047517776489
ai_portrait_flux_2_flex_portrait_07.png,true,Flux,portrait,0.15377205610275269
ai_portrait_sd_3.5_large_portrait_01.png,true,Sd,portrait,0.031029729172587395
ai_portrait_leonardo_phoenix_portrait_03.png,true,Leonardo Phoenix,portrait,0.43569543957710266
ai_portrait_gpt_image_1.5_portrait_05.png,true,Gpt,portrait,0.0001227211469085887
ai_portrait_ideogram_v3_portrait_05.png,true,Ideogram v3,portrait,7.923915836727247e-05
ai_portrait_glm_image_portrait_10.png,true,GLM Image,portrait,0.017842119559645653
ai_portrait_glm_image_portrait_04.png,true,GLM Image,portrait,3.6299024941399693e-05
ai_portrait_z_image_portrait_05.png,true,Z,portrait,1.679721776781662e-06
ai_portrait_z_image_portrait_08.png,true,Z,portrait,0.014686132781207561
ai_portrait_glm_image_portrait_09.png,true,GLM Image,portrait,0.0009373753564432263
ai_portrait_ideogram_v3_portrait_08.png,true,Ideogram v3,portrait,0.00018026177713181823
ai_portrait_gpt_image_1.5_portrait_08.png,true,Gpt,portrait,2.115949428116437e-06
ai_portrait_gpt_image_1.5_portrait_09.png,true,Gpt,portrait,1.0620290140650468e-06
ai_portrait_ideogram_v3_portrait_09.png,true,Ideogram v3,portrait,8.229404920712113e-05
ai_portrait_glm_image_portrait_08.png,true,GLM Image,portrait,1.6806367284516455e-06
ai_portrait_z_image_portrait_09.png,true,Z,portrait,2.5743767764652148e-05
ai_portrait_flux_2_flex_portrait_09.png,true,Flux,portrait,0.0010771730449050665
ai_portrait_flux_2_flex_portrait_08.png,true,Flux,portrait,2.839488161043846e-06
ai_portrait_leonardo_phoenix_portrait_08.png,true,Leonardo Phoenix,portrait,0.020383354276418686
ai_portrait_leonardo_phoenix_portrait_09.png,true,Leonardo Phoenix,portrait,0.7628442645072937
ai_portrait_sd_3.5_large_portrait_09.png,true,Sd,portrait,7.908425345704018e-07
ai_portrait_gemini_3_pro_portrait_08.png,true,Gemini 3 Pro,portrait,7.2006628215604e-07
ai_portrait_gemini_3_pro_portrait_09.png,true,Gemini 3 Pro,portrait,3.0698081445734715e-06
ai_portrait_sd_3.5_large_portrait_08.png,true,Sd,portrait,0.0008674105047248304
ai_portrait_seedream_v4_portrait_09.png,true,Seedream,portrait,1.0519274837861303e-05
ai_portrait_hunyuan_v3_portrait_03.png,true,Hunyuan v3,portrait,4.7413454922207166e-06
ai_portrait_grok_aurora_portrait_06.png,true,Grok Aurora,portrait,2.4563170882174745e-05
ai_portrait_qwen_2512_portrait_07.png,true,Qwen 2512,portrait,0.004232998006045818
ai_portrait_wan_v2.6_portrait_09.png,true,Wan v2.6,portrait,0.11710958182811737
ai_portrait_flux_schnell_portrait_04.png,true,Flux Schnell,portrait,0.0036153208930045366
ai_portrait_flux_schnell_portrait_10.png,true,Flux Schnell,portrait,0.0008380827493965626
ai_portrait_flux_pro_v1.1_portrait_01.png,true,Flux Pro v1.1,portrait,1.5324207197409123e-05
ai_portrait_flux_schnell_portrait_05.png,true,Flux Schnell,portrait,0.00038001584471203387
ai_portrait_wan_v2.6_portrait_08.png,true,Wan v2.6,portrait,4.8832673201104626e-05
ai_portrait_qwen_2512_portrait_06.png,true,Qwen 2512,portrait,0.00436420040205121
ai_portrait_grok_aurora_portrait_07.png,true,Grok Aurora,portrait,2.4167145966202952e-05
ai_portrait_hunyuan_v3_portrait_02.png,true,Hunyuan v3,portrait,0.0002043071435764432
ai_portrait_seedream_v4_portrait_08.png,true,Seedream,portrait,1.7738837414071895e-05
ai_portrait_grok_aurora_portrait_05.png,true,Grok Aurora,portrait,2.2727811028744327e-06
ai_portrait_qwen_2512_portrait_04.png,true,Qwen 2512,portrait,3.6143121633358533e-06
ai_portrait_qwen_2512_portrait_10.png,true,Qwen 2512,portrait,4.516521130426554e-06
ai_portrait_flux_schnell_portrait_07.png,true,Flux Schnell,portrait,0.0008364401292055845
ai_portrait_flux_pro_v1.1_portrait_03.png,true,Flux Pro v1.1,portrait,3.7233248804113828e-06
ai_portrait_flux_pro_v1.1_portrait_02.png,true,Flux Pro v1.1,portrait,0.6063223481178284
ai_portrait_flux_schnell_portrait_06.png,true,Flux Schnell,portrait,0.0009667284903116524
ai_portrait_qwen_2512_portrait_05.png,true,Qwen 2512,portrait,1.6402322216890752e-05
ai_portrait_grok_aurora_portrait_04.png,true,Grok Aurora,portrait,1.9876067653967766e-06
ai_portrait_grok_aurora_portrait_10.png,true,Grok Aurora,portrait,0.526680052280426
ai_portrait_hunyuan_v3_portrait_01.png,true,Hunyuan v3,portrait,0.9996769428253174
ai_portrait_hunyuan_v3_portrait_05.png,true,Hunyuan v3,portrait,1.1222268767596688e-05
ai_portrait_qwen_2512_portrait_01.png,true,Qwen 2512,portrait,0.019323792308568954
ai_portrait_flux_schnell_portrait_02.png,true,Flux Schnell,portrait,4.583763438859023e-05
ai_portrait_flux_pro_v1.1_portrait_06.png,true,Flux Pro v1.1,portrait,0.0010433685965836048
ai_portrait_flux_pro_v1.1_portrait_07.png,true,Flux Pro v1.1,portrait,0.0001015461384668015
ai_portrait_flux_schnell_portrait_03.png,true,Flux Schnell,portrait,0.0020353649742901325
ai_portrait_grok_aurora_portrait_01.png,true,Grok Aurora,portrait,3.0294465886981925e-06
ai_portrait_hunyuan_v3_portrait_10.png,true,Hunyuan v3,portrait,2.3542961571365595e-05
ai_portrait_hunyuan_v3_portrait_04.png,true,Hunyuan v3,portrait,9.017695992952213e-05
ai_portrait_seedream_v3_portrait_08.png,true,Seedream,portrait,2.6630070806277217e-06
ai_portrait_hunyuan_v3_portrait_06.png,true,Hunyuan v3,portrait,4.463169716473203e-06
ai_portrait_recraft_v3_portrait_09.png,true,Recraft v3,portrait,4.924016252516594e-07
ai_portrait_grok_aurora_portrait_03.png,true,Grok Aurora,portrait,1.1367718570909346e-06
ai_portrait_qwen_2512_portrait_02.png,true,Qwen 2512,portrait,0.003814428811892867
ai_portrait_flux_schnell_portrait_01.png,true,Flux Schnell,portrait,0.2371467798948288
ai_portrait_flux_pro_v1.1_portrait_05.png,true,Flux Pro v1.1,portrait,0.00010679179104045033
ai_portrait_flux_pro_v1.1_portrait_10.png,true,Flux Pro v1.1,portrait,0.001514578820206225
ai_portrait_flux_pro_v1.1_portrait_04.png,true,Flux Pro v1.1,portrait,3.5212758575653424e-06
ai_portrait_qwen_2512_portrait_03.png,true,Qwen 2512,portrait,6.6361894823785406e-06
ai_portrait_recraft_v3_portrait_08.png,true,Recraft v3,portrait,1.1119604096165858e-05
ai_portrait_grok_aurora_portrait_02.png,true,Grok Aurora,portrait,0.0005937573732808232
ai_portrait_hunyuan_v3_portrait_07.png,true,Hunyuan v3,portrait,7.206940153992036e-06
ai_portrait_seedream_v3_portrait_09.png,true,Seedream,portrait,3.3405678550479934e-05
ai_product_flux_pro_v1.1_product_03.png,true,Flux Pro v1.1,product,1.0176158866670448e-06
ai_product_flux_2_flex_product_03.png,true,Flux,product,0.00024268338165711612
ai_product_gpt_image_1.5_product_03.png,true,Gpt,product,5.280089112602582e-07
ai_product_gpt_image_1.5_product_02.png,true,Gpt,product,0.00034006149508059025
ai_product_flux_2_flex_product_02.png,true,Flux,product,2.9021188311162405e-05
ai_product_flux_pro_v1.1_product_02.png,true,Flux Pro v1.1,product,5.850227171322331e-05
ai_product_grok_aurora_product_01.png,true,Grok Aurora,product,8.063435643634875e-07
ai_product_glm_image_product_08.png,true,GLM Image,product,1.7028979755195905e-06
ai_product_grok_aurora_product_03.png,true,Grok Aurora,product,1.384721258546051e-06
ai_product_hunyuan_v3_product_09.png,true,Hunyuan v3,product,7.016754352662247e-06
ai_product_gpt_image_1.5_product_01.png,true,Gpt,product,0.003287635976448655
ai_product_hunyuan_v3_product_08.png,true,Hunyuan v3,product,1.729399991745595e-05
ai_product_flux_2_flex_product_01.png,true,Flux,product,0.001808347413316369
ai_product_flux_pro_v1.1_product_01.png,true,Flux Pro v1.1,product,9.211550604959484e-06
ai_product_grok_aurora_product_02.png,true,Grok Aurora,product,0.00012151986447861418
ai_product_glm_image_product_09.png,true,GLM Image,product,3.302354571133037e-06
ai_product_grok_aurora_product_06.png,true,Grok Aurora,product,1.1765145018216572e-06
ai_product_seedream_v4_product_08.png,true,Seedream,product,0.0011346600949764252
ai_product_flux_pro_v1.1_product_05.png,true,Flux Pro v1.1,product,1.6335228281150194e-07
ai_product_flux_2_flex_product_05.png,true,Flux,product,5.230701844993746e-07
ai_product_gpt_image_1.5_product_05.png,true,Gpt,product,4.621955667971633e-06
ai_product_gpt_image_1.5_product_10.png,true,Gpt,product,2.166522608604282e-05
ai_product_gpt_image_1.5_product_04.png,true,Gpt,product,2.571662207628833e-06
ai_product_flux_2_flex_product_04.png,true,Flux,product,1.5601209497617674e-06
ai_product_flux_2_flex_product_10.png,true,Flux,product,2.0307624026827398e-07
ai_product_flux_pro_v1.1_product_10.png,true,Flux Pro v1.1,product,3.8082308151388133e-07
ai_product_flux_pro_v1.1_product_04.png,true,Flux Pro v1.1,product,2.6901534511125647e-06
ai_product_seedream_v4_product_09.png,true,Seedream,product,5.998006713525683e-07
ai_product_grok_aurora_product_07.png,true,Grok Aurora,product,0.00028849337832070887
ai_product_grok_aurora_product_05.png,true,Grok Aurora,product,6.407716864487156e-05
ai_product_flux_schnell_product_08.png,true,Flux Schnell,product,3.2963728244794765e-06
ai_product_flux_pro_v1.1_product_06.png,true,Flux Pro v1.1,product,6.512280378956348e-06
ai_product_seedream_v3_product_08.png,true,Seedream,product,7.5209645729046315e-06
ai_product_flux_2_flex_product_06.png,true,Flux,product,6.072025826142635e-06
ai_product_gpt_image_1.5_product_06.png,true,Gpt,product,2.6193940357188694e-05
ai_product_gemini_3_pro_product_09.png,true,Gemini 3 Pro,product,3.8243794620029803e-07
ai_product_gemini_3_pro_product_08.png,true,Gemini 3 Pro,product,5.754370135946374e-07
ai_product_gpt_image_1.5_product_07.png,true,Gpt,product,0.04115637019276619
ai_product_flux_2_flex_product_07.png,true,Flux,product,0.00012146634253440425
ai_product_seedream_v3_product_09.png,true,Seedream,product,1.108759192902653e-06
ai_product_flux_pro_v1.1_product_07.png,true,Flux Pro v1.1,product,9.883703569357749e-06
ai_product_flux_schnell_product_09.png,true,Flux Schnell,product,2.878306531783892e-06
ai_product_grok_aurora_product_10.png,true,Grok Aurora,product,1.409964170306921e-06
ai_product_grok_aurora_product_04.png,true,Grok Aurora,product,4.332758862801711e-07
ai_product_recraft_v3_product_06.png,true,Recraft v3,product,2.3410666472045705e-05
ai_product_ideogram_v3_product_01.png,true,Ideogram v3,product,1.1123898957521305e-06
ai_product_recraft_v3_product_07.png,true,Recraft v3,product,0.0019357602577656507
ai_product_recraft_v3_product_05.png,true,Recraft v3,product,7.774746677569055e-07
ai_product_ideogram_v3_product_02.png,true,Ideogram v3,product,0.00015937048010528088
ai_product_z_image_product_08.png,true,Z,product,3.1099778425414115e-05
ai_product_qwen_2512_product_09.png,true,Qwen 2512,product,2.207780880780774e-06
ai_product_qwen_2512_product_08.png,true,Qwen 2512,product,2.7158018838235876e-06
ai_product_z_image_product_09.png,true,Z,product,0.025585772469639778
ai_product_ideogram_v3_product_03.png,true,Ideogram v3,product,4.5845674321753904e-05
ai_product_recraft_v3_product_04.png,true,Recraft v3,product,9.2664356543537e-07
ai_product_recraft_v3_product_10.png,true,Recraft v3,product,5.5035898185451515e-06
ai_product_sd_3.5_large_product_09.png,true,Sd,product,1.0967304433506797e-06
ai_product_ideogram_v3_product_07.png,true,Ideogram v3,product,0.002248451579362154
ai_product_wan_v2.6_product_08.png,true,Wan v2.6,product,6.999013567110524e-05
ai_product_leonardo_phoenix_product_09.png,true,Leonardo Phoenix,product,0.011617581360042095
ai_product_leonardo_phoenix_product_08.png,true,Leonardo Phoenix,product,0.8301612734794617
ai_product_wan_v2.6_product_09.png,true,Wan v2.6,product,0.0021601254120469093
ai_product_ideogram_v3_product_06.png,true,Ideogram v3,product,6.0493472119560465e-05
ai_product_sd_3.5_large_product_08.png,true,Sd,product,2.8110732728237053e-06
ai_product_recraft_v3_product_01.png,true,Recraft v3,product,2.0819513792957878e-06
ai_product_recraft_v3_product_03.png,true,Recraft v3,product,5.462185299620614e-07
ai_product_ideogram_v3_product_04.png,true,Ideogram v3,product,6.218917405931279e-05
ai_product_ideogram_v3_product_10.png,true,Ideogram v3,product,4.927831014356343e-07
ai_product_ideogram_v3_product_05.png,true,Ideogram v3,product,9.147491653038742e-08
ai_product_recraft_v3_product_02.png,true,Recraft v3,product,7.509208808187395e-05
ai_product_z_image_product_02.png,true,Z,product,2.3209555365610868e-05
ai_product_sd_3.5_large_product_06.png,true,Sd,product,2.3127695385483094e-05
ai_product_ideogram_v3_product_08.png,true,Ideogram v3,product,2.5508308681310154e-05
ai_product_wan_v2.6_product_07.png,true,Wan v2.6,product,0.046649541705846786
ai_product_leonardo_phoenix_product_06.png,true,Leonardo Phoenix,product,0.2500626742839813
ai_product_qwen_2512_product_03.png,true,Qwen 2512,product,5.540087840927299e-06
ai_product_qwen_2512_product_02.png,true,Qwen 2512,product,0.8690561652183533
ai_product_leonardo_phoenix_product_07.png,true,Leonardo Phoenix,product,0.9889025092124939
ai_product_wan_v2.6_product_06.png,true,Wan v2.6,product,1.2904614777653478e-05
ai_product_ideogram_v3_product_09.png,true,Ideogram v3,product,2.345584334761952e-06
ai_product_sd_3.5_large_product_07.png,true,Sd,product,7.501756726924214e-07
ai_product_z_image_product_03.png,true,Z,product,1.4557340364262927e-05
ai_product_z_image_product_01.png,true,Z,product,4.643914053303888e-07
ai_product_sd_3.5_large_product_05.png,true,Sd,product,1.5600659253323101e-06
ai_product_wan_v2.6_product_10.png,true,Wan v2.6,product,7.270685728144599e-06
ai_product_wan_v2.6_product_04.png,true,Wan v2.6,product,1.8474294847692363e-05
ai_product_leonardo_phoenix_product_05.png,true,Leonardo Phoenix,product,0.9996243715286255
ai_product_qwen_2512_product_01.png,true,Qwen 2512,product,9.16494318516925e-05
ai_product_leonardo_phoenix_product_04.png,true,Leonardo Phoenix,product,0.14387214183807373
ai_product_leonardo_phoenix_product_10.png,true,Leonardo Phoenix,product,0.9929798245429993
ai_product_wan_v2.6_product_05.png,true,Wan v2.6,product,3.854043484352587e-07
ai_product_sd_3.5_large_product_04.png,true,Sd,product,2.3493364551541163e-06
ai_product_sd_3.5_large_product_10.png,true,Sd,product,1.367407804764298e-07
ai_product_recraft_v3_product_09.png,true,Recraft v3,product,1.3443109310173895e-05
ai_product_z_image_product_10.png,true,Z,product,0.008275114931166172
ai_product_z_image_product_04.png,true,Z,product,8.80644677181408e-07
ai_product_wan_v2.6_product_01.png,true,Wan v2.6,product,0.0002988423511851579
ai_product_qwen_2512_product_05.png,true,Qwen 2512,product,9.327505381406809e-07
ai_product_qwen_2512_product_04.png,true,Qwen 2512,product,1.2001963796137716e-06
ai_product_qwen_2512_product_10.png,true,Qwen 2512,product,9.795348887564614e-05
ai_product_leonardo_phoenix_product_01.png,true,Leonardo Phoenix,product,0.9866213798522949
ai_product_z_image_product_05.png,true,Z,product,6.696545256090758e-07
ai_product_sd_3.5_large_product_01.png,true,Sd,product,0.01564987748861313
ai_product_recraft_v3_product_08.png,true,Recraft v3,product,3.889348226948641e-05
ai_product_sd_3.5_large_product_03.png,true,Sd,product,4.0960750880003616e-07
ai_product_z_image_product_07.png,true,Z,product,0.0005936473025940359
ai_product_wan_v2.6_product_02.png,true,Wan v2.6,product,0.00011791908036684617
ai_product_leonardo_phoenix_product_03.png,true,Leonardo Phoenix,product,0.00010881863272516057
ai_product_qwen_2512_product_06.png,true,Qwen 2512,product,2.1325824491214007e-05
ai_product_qwen_2512_product_07.png,true,Qwen 2512,product,4.4470569264376536e-05
ai_product_leonardo_phoenix_product_02.png,true,Leonardo Phoenix,product,0.2460036426782608
ai_product_wan_v2.6_product_03.png,true,Wan v2.6,product,0.015731925144791603
ai_product_z_image_product_06.png,true,Z,product,0.023065665736794472
ai_product_sd_3.5_large_product_02.png,true,Sd,product,6.214827408257406e-06
ai_product_glm_image_product_02.png,true,GLM Image,product,1.436764341633534e-05
ai_product_grok_aurora_product_09.png,true,Grok Aurora,product,2.024762807195657e-06
ai_product_flux_schnell_product_10.png,true,Flux Schnell,product,2.336599209229462e-05
ai_product_seedream_v4_product_07.png,true,Seedream,product,2.0976634914404713e-05
ai_product_flux_schnell_product_04.png,true,Flux Schnell,product,6.660915801148803e-07
ai_product_seedream_v3_product_04.png,true,Seedream,product,1.1861868188134395e-05
ai_product_seedream_v3_product_10.png,true,Seedream,product,1.0572623523330549e-06
ai_product_hunyuan_v3_product_03.png,true,Hunyuan v3,product,1.525064021734579e-06
ai_product_gemini_3_pro_product_05.png,true,Gemini 3 Pro,product,2.987314076108305e-07
ai_product_gemini_3_pro_product_04.png,true,Gemini 3 Pro,product,5.889185104024364e-07
ai_product_gemini_3_pro_product_10.png,true,Gemini 3 Pro,product,1.3747816183240502e-06
ai_product_hunyuan_v3_product_02.png,true,Hunyuan v3,product,4.084399188286625e-05
ai_product_seedream_v3_product_05.png,true,Seedream,product,1.2580239854287356e-06
ai_product_flux_schnell_product_05.png,true,Flux Schnell,product,1.1230679319851333e-07
ai_product_seedream_v4_product_06.png,true,Seedream,product,4.861700517722056e-07
ai_product_grok_aurora_product_08.png,true,Grok Aurora,product,3.9411377656506374e-05
ai_product_glm_image_product_03.png,true,GLM Image,product,2.428506559226662e-05
ai_product_glm_image_product_01.png,true,GLM Image,product,9.084935754799517e-07
ai_product_flux_schnell_product_07.png,true,Flux Schnell,product,1.0412072697363328e-05
ai_product_seedream_v4_product_10.png,true,Seedream,product,8.349887821168522e-07
ai_product_flux_pro_v1.1_product_09.png,true,Flux Pro v1.1,product,3.326346700305294e-07
ai_product_seedream_v4_product_04.png,true,Seedream,product,9.802026852412382e-07
ai_product_seedream_v3_product_07.png,true,Seedream,product,0.0012504786718636751
ai_product_flux_2_flex_product_09.png,true,Flux,product,1.4777361684537027e-05
ai_product_gpt_image_1.5_product_09.png,true,Gpt,product,8.66237826357974e-07
ai_product_gemini_3_pro_product_06.png,true,Gemini 3 Pro,product,1.8179542166762985e-05
ai_product_gemini_3_pro_product_07.png,true,Gemini 3 Pro,product,0.00023285772476810962
ai_product_gpt_image_1.5_product_08.png,true,Gpt,product,3.5083823604509234e-05
ai_product_hunyuan_v3_product_01.png,true,Hunyuan v3,product,0.0006242941599339247
ai_product_flux_2_flex_product_08.png,true,Flux,product,5.456346116261557e-05
ai_product_seedream_v3_product_06.png,true,Seedream,product,2.972658876387868e-05
ai_product_seedream_v4_product_05.png,true,Seedream,product,1.7519793971132458e-07
ai_product_flux_pro_v1.1_product_08.png,true,Flux Pro v1.1,product,4.652969801099971e-05
ai_product_flux_schnell_product_06.png,true,Flux Schnell,product,1.2503246580308769e-05
ai_product_glm_image_product_10.png,true,GLM Image,product,2.080386911984533e-05
ai_product_glm_image_product_04.png,true,GLM Image,product,3.5283792385598645e-06
ai_product_flux_schnell_product_02.png,true,Flux Schnell,product,1.8201324110123096e-06
ai_product_seedream_v4_product_01.png,true,Seedream,product,0.01446816697716713
ai_product_seedream_v3_product_02.png,true,Seedream,product,6.959288293728605e-05
ai_product_hunyuan_v3_product_05.png,true,Hunyuan v3,product,6.455291554630094e-07
ai_product_gemini_3_pro_product_03.png,true,Gemini 3 Pro,product,1.9748462420920987e-07
ai_product_gemini_3_pro_product_02.png,true,Gemini 3 Pro,product,4.70750001113629e-06
ai_product_hunyuan_v3_product_10.png,true,Hunyuan v3,product,2.951266253603535e-07
ai_product_hunyuan_v3_product_04.png,true,Hunyuan v3,product,3.88090893466142e-06
ai_product_seedream_v3_product_03.png,true,Seedream,product,1.0008365052271984e-06
ai_product_flux_schnell_product_03.png,true,Flux Schnell,product,3.2861221370694693e-06
ai_product_glm_image_product_05.png,true,GLM Image,product,7.342494541262568e-07
ai_product_glm_image_product_07.png,true,GLM Image,product,0.002013471908867359
ai_product_seedream_v4_product_02.png,true,Seedream,product,6.824808679084526e-06
ai_product_flux_schnell_product_01.png,true,Flux Schnell,product,1.1946466656809207e-05
ai_product_seedream_v3_product_01.png,true,Seedream,product,5.535799118661089e-06
ai_product_hunyuan_v3_product_06.png,true,Hunyuan v3,product,1.999296000576578e-05
ai_product_gemini_3_pro_product_01.png,true,Gemini 3 Pro,product,3.4475445431780827e-07
ai_product_hunyuan_v3_product_07.png,true,Hunyuan v3,product,6.603829388041049e-05
ai_product_seedream_v4_product_03.png,true,Seedream,product,1.8888857766796718e-06
ai_product_glm_image_product_06.png,true,GLM Image,product,1.6287071048282087e-05
ai_food_seedream_v3_food_02.png,true,Seedream,food,2.3200042051030323e-05
ai_food_gemini_3_pro_food_04.png,true,Gemini 3 Pro,food,1.4745595535714529e-06
ai_food_gemini_3_pro_food_10.png,true,Gemini 3 Pro,food,8.648048606119119e-07
ai_food_flux_schnell_food_03.png,true,Flux Schnell,food,8.24377480057592e-07
ai_food_glm_image_food_08.png,true,GLM Image,food,1.2008675184915774e-05
ai_food_leonardo_phoenix_food_05.png,true,Leonardo Phoenix,food,0.9628331661224365
ai_food_gpt_image_1.5_food_01.png,true,Gpt,food,1.149166109826183e-05
ai_food_flux_pro_v1.1_food_05.png,true,Flux Pro v1.1,food,4.409400560234644e-07
ai_food_flux_pro_v1.1_food_04.png,true,Flux Pro v1.1,food,3.904355253325775e-06
ai_food_flux_pro_v1.1_food_10.png,true,Flux Pro v1.1,food,1.373667601001216e-06
ai_food_leonardo_phoenix_food_04.png,true,Leonardo Phoenix,food,0.03607829660177231
ai_food_glm_image_food_09.png,true,GLM Image,food,6.8102776822343e-06
ai_food_leonardo_phoenix_food_10.png,true,Leonardo Phoenix,food,0.4439837634563446
ai_food_flux_schnell_food_02.png,true,Flux Schnell,food,2.3869202777859755e-05
ai_food_gemini_3_pro_food_05.png,true,Gemini 3 Pro,food,3.5394259612075984e-07
ai_food_seedream_v3_food_03.png,true,Seedream,food,1.8790113927025232e-06
ai_food_seedream_v3_food_01.png,true,Seedream,food,9.336291259387508e-05
ai_food_gemini_3_pro_food_07.png,true,Gemini 3 Pro,food,3.344651486258954e-05
ai_food_leonardo_phoenix_food_06.png,true,Leonardo Phoenix,food,0.00039364013355225325
ai_food_gpt_image_1.5_food_02.png,true,Gpt,food,1.873048290690349e-06
ai_food_flux_pro_v1.1_food_06.png,true,Flux Pro v1.1,food,0.01342209056019783
ai_food_flux_pro_v1.1_food_07.png,true,Flux Pro v1.1,food,0.00010224309517070651
ai_food_gpt_image_1.5_food_03.png,true,Gpt,food,4.032701326650567e-06
ai_food_leonardo_phoenix_food_07.png,true,Leonardo Phoenix,food,0.09628883749246597
ai_food_flux_schnell_food_01.png,true,Flux Schnell,food,1.0084745554195251e-06
ai_food_gemini_3_pro_food_06.png,true,Gemini 3 Pro,food,2.0468607999646338e-06
ai_food_seedream_v3_food_10.png,true,Seedream,food,4.4828033196608885e-07
ai_food_seedream_v3_food_04.png,true,Seedream,food,2.4857847620296525e-06
ai_food_seedream_v4_food_08.png,true,Seedream,food,6.147081421659095e-06
ai_food_gemini_3_pro_food_02.png,true,Gemini 3 Pro,food,5.327112262420997e-07
ai_food_flux_schnell_food_05.png,true,Flux Schnell,food,0.00010183073754888028
ai_food_leonardo_phoenix_food_03.png,true,Leonardo Phoenix,food,0.0027700827922672033
ai_food_gpt_image_1.5_food_07.png,true,Gpt,food,0.00017795948951970786
ai_food_flux_pro_v1.1_food_03.png,true,Flux Pro v1.1,food,1.053692540153861e-05
ai_food_flux_pro_v1.1_food_02.png,true,Flux Pro v1.1,food,1.542954009892128e-06
ai_food_gpt_image_1.5_food_06.png,true,Gpt,food,0.00016056725871749222
ai_food_leonardo_phoenix_food_02.png,true,Leonardo Phoenix,food,1.824615173973143e-05
ai_food_flux_schnell_food_04.png,true,Flux Schnell,food,1.3719797209432727e-07
ai_food_flux_schnell_food_10.png,true,Flux Schnell,food,2.4410456944679026e-07
ai_food_gemini_3_pro_food_03.png,true,Gemini 3 Pro,food,4.4256364617467625e-07
ai_food_seedream_v4_food_09.png,true,Seedream,food,2.8838025173172355e-05
ai_food_seedream_v3_food_05.png,true,Seedream,food,1.0467431366123492e-06
ai_food_seedream_v3_food_07.png,true,Seedream,food,2.441832111799158e-05
ai_food_ideogram_v3_food_09.png,true,Ideogram v3,food,2.4903145003918326e-06
ai_food_gemini_3_pro_food_01.png,true,Gemini 3 Pro,food,4.846802994507016e-07
ai_food_flux_schnell_food_06.png,true,Flux Schnell,food,6.669845606666058e-05
ai_food_gpt_image_1.5_food_04.png,true,Gpt,food,1.3853084055881482e-05
ai_food_grok_aurora_food_09.png,true,Grok Aurora,food,4.713205044026836e-07
ai_food_gpt_image_1.5_food_10.png,true,Gpt,food,2.0371103346406016e-06
ai_food_flux_pro_v1.1_food_01.png,true,Flux Pro v1.1,food,2.274177631989005e-06
ai_food_grok_aurora_food_08.png,true,Grok Aurora,food,0.0003507240326143801
ai_food_gpt_image_1.5_food_05.png,true,Gpt,food,9.006880077322421e-07
ai_food_leonardo_phoenix_food_01.png,true,Leonardo Phoenix,food,0.96469646692276
ai_food_flux_schnell_food_07.png,true,Flux Schnell,food,2.8184225811855868e-05
ai_food_ideogram_v3_food_08.png,true,Ideogram v3,food,0.00024870579363778234
ai_food_seedream_v3_food_06.png,true,Seedream,food,6.716117695759749e-06
ai_food_sd_3.5_large_food_01.png,true,Sd,food,7.187159098975826e-06
ai_food_flux_2_flex_food_06.png,true,Flux,food,9.237237463821657e-06
ai_food_hunyuan_v3_food_08.png,true,Hunyuan v3,food,1.021729167405283e-05
ai_food_hunyuan_v3_food_09.png,true,Hunyuan v3,food,2.6779418476508e-05
ai_food_flux_2_flex_food_07.png,true,Flux,food,0.003996191546320915
ai_food_sd_3.5_large_food_02.png,true,Sd,food,9.641886208555661e-06
ai_food_flux_2_flex_food_05.png,true,Flux,food,4.358669798421033e-07
ai_food_qwen_2512_food_08.png,true,Qwen 2512,food,1.3267892882140586e-06
ai_food_z_image_food_09.png,true,Z,food,4.5933411456644535e-06
ai_food_z_image_food_08.png,true,Z,food,8.968771726358682e-05
ai_food_flux_2_flex_food_10.png,true,Flux,food,0.00013981487427372485
ai_food_flux_2_flex_food_04.png,true,Flux,food,0.00014987941540312022
ai_food_qwen_2512_food_09.png,true,Qwen 2512,food,9.727157885208726e-05
ai_food_sd_3.5_large_food_03.png,true,Sd,food,1.1545423603820382e-06
ai_food_sd_3.5_large_food_07.png,true,Sd,food,1.3779128494206816e-05
ai_food_wan_v2.6_food_08.png,true,Wan v2.6,food,6.595256854780018e-05
ai_food_wan_v2.6_food_09.png,true,Wan v2.6,food,0.0001002218559733592
ai_food_flux_2_flex_food_01.png,true,Flux,food,0.006236688699573278
ai_food_sd_3.5_large_food_06.png,true,Sd,food,0.0010180477984249592
ai_food_sd_3.5_large_food_10.png,true,Sd,food,3.154514843117795e-06
ai_food_sd_3.5_large_food_04.png,true,Sd,food,6.932018550287466e-07
ai_food_recraft_v3_food_09.png,true,Recraft v3,food,3.0602204788010567e-06
ai_food_flux_2_flex_food_03.png,true,Flux,food,3.5594116525317077e-06
ai_food_flux_2_flex_food_02.png,true,Flux,food,0.6122133135795593
ai_food_sd_3.5_large_food_05.png,true,Sd,food,4.257605723978486e-06
ai_food_recraft_v3_food_08.png,true,Recraft v3,food,2.0206376575515606e-05
ai_food_sd_3.5_large_food_08.png,true,Sd,food,8.235311952375923e-07
ai_food_recraft_v3_food_05.png,true,Recraft v3,food,3.074565938732121e-06
ai_food_qwen_2512_food_02.png,true,Qwen 2512,food,0.00039972280501388013
ai_food_wan_v2.6_food_07.png,true,Wan v2.6,food,2.7756599592976272e-05
ai_food_hunyuan_v3_food_01.png,true,Hunyuan v3,food,0.0006493976688943803
ai_food_z_image_food_03.png,true,Z,food,1.3394864026849973e-06
ai_food_z_image_food_02.png,true,Z,food,1.844639200498932e-06
ai_food_wan_v2.6_food_06.png,true,Wan v2.6,food,0.000198078210814856
ai_food_qwen_2512_food_03.png,true,Qwen 2512,food,9.340208748653822e-07
ai_food_recraft_v3_food_10.png,true,Recraft v3,food,5.568442247749772e-06
ai_food_sd_3.5_large_food_09.png,true,Sd,food,4.383599389257142e-06
ai_food_recraft_v3_food_04.png,true,Recraft v3,food,5.062132117927831e-07
ai_food_recraft_v3_food_06.png,true,Recraft v3,food,8.588759556005243e-06
ai_food_qwen_2512_food_01.png,true,Qwen 2512,food,0.004169391002506018
ai_food_wan_v2.6_food_04.png,true,Wan v2.6,food,1.9407592844800092e-05
ai_food_wan_v2.6_food_10.png,true,Wan v2.6,food,1.5785834648340824e-06
ai_food_hunyuan_v3_food_02.png,true,Hunyuan v3,food,3.1891918297333177e-06
ai_food_z_image_food_01.png,true,Z,food,2.794077715861931e-07
ai_food_hunyuan_v3_food_03.png,true,Hunyuan v3,food,1.0444414328958374e-05
ai_food_wan_v2.6_food_05.png,true,Wan v2.6,food,6.5943181652983185e-06
ai_food_recraft_v3_food_07.png,true,Recraft v3,food,4.634221113519743e-06
ai_food_recraft_v3_food_03.png,true,Recraft v3,food,3.406408950468176e-06
ai_food_wan_v2.6_food_01.png,true,Wan v2.6,food,1.8350866639593733e-06
ai_food_qwen_2512_food_10.png,true,Qwen 2512,food,2.0512518403847935e-06
ai_food_flux_2_flex_food_09.png,true,Flux,food,3.4718650567810982e-06
ai_food_qwen_2512_food_04.png,true,Qwen 2512,food,5.478897492139367e-06
ai_food_hunyuan_v3_food_07.png,true,Hunyuan v3,food,0.0001352856634184718
ai_food_z_image_food_05.png,true,Z,food,1.955052226776388e-07
ai_food_z_image_food_04.png,true,Z,food,5.938834419794148e-07
ai_food_hunyuan_v3_food_06.png,true,Hunyuan v3,food,4.066583278472535e-05
ai_food_z_image_food_10.png,true,Z,food,5.160924843039538e-07
ai_food_flux_2_flex_food_08.png,true,Flux,food,3.059723530896008e-05
ai_food_qwen_2512_food_05.png,true,Qwen 2512,food,4.7137532419583295e-06
ai_food_recraft_v3_food_02.png,true,Recraft v3,food,1.4718515558342915e-05
ai_food_wan_v2.6_food_02.png,true,Wan v2.6,food,0.0004103228566236794
ai_food_qwen_2512_food_07.png,true,Qwen 2512,food,0.02268850803375244
ai_food_hunyuan_v3_food_04.png,true,Hunyuan v3,food,1.0493167792446911e-06
ai_food_z_image_food_06.png,true,Z,food,0.0008639807347208261
ai_food_hunyuan_v3_food_10.png,true,Hunyuan v3,food,3.80441179004265e-07
ai_food_z_image_food_07.png,true,Z,food,5.618767318082973e-06
ai_food_hunyuan_v3_food_05.png,true,Hunyuan v3,food,2.403342875823e-07
ai_food_qwen_2512_food_06.png,true,Qwen 2512,food,0.05278117209672928
ai_food_wan_v2.6_food_03.png,true,Wan v2.6,food,3.746916490854346e-06
ai_food_recraft_v3_food_01.png,true,Recraft v3,food,1.3905644664191641e-05
ai_food_ideogram_v3_food_05.png,true,Ideogram v3,food,9.547604349791072e-06
ai_food_seedream_v4_food_07.png,true,Seedream,food,6.858744200144429e-06
ai_food_glm_image_food_01.png,true,GLM Image,food,0.0015315134078264236
ai_food_grok_aurora_food_05.png,true,Grok Aurora,food,4.571838871925138e-06
ai_food_gpt_image_1.5_food_08.png,true,Gpt,food,3.841560101136565e-05
ai_food_gpt_image_1.5_food_09.png,true,Gpt,food,1.179012906504795e-05
ai_food_grok_aurora_food_04.png,true,Grok Aurora,food,8.373626769753173e-07
ai_food_grok_aurora_food_10.png,true,Grok Aurora,food,3.393257088646351e-07
ai_food_seedream_v4_food_06.png,true,Seedream,food,2.213607331214007e-05
ai_food_ideogram_v3_food_10.png,true,Ideogram v3,food,1.320368141932704e-06
ai_food_ideogram_v3_food_04.png,true,Ideogram v3,food,0.0008249453385360539
ai_food_seedream_v3_food_08.png,true,Seedream,food,3.3964438443945255e-06
ai_food_seedream_v4_food_04.png,true,Seedream,food,1.6808003238111269e-06
ai_food_seedream_v4_food_10.png,true,Seedream,food,1.820636157390254e-07
ai_food_ideogram_v3_food_06.png,true,Ideogram v3,food,7.762163295410573e-05
ai_food_flux_schnell_food_09.png,true,Flux Schnell,food,5.082022198621416e-07
ai_food_glm_image_food_02.png,true,GLM Image,food,2.0258967197150923e-06
ai_food_grok_aurora_food_06.png,true,Grok Aurora,food,1.9058620637224521e-06
ai_food_grok_aurora_food_07.png,true,Grok Aurora,food,5.033137767895823e-06
ai_food_glm_image_food_03.png,true,GLM Image,food,3.118823599379539e-07
ai_food_flux_schnell_food_08.png,true,Flux Schnell,food,0.000127594088553451
ai_food_ideogram_v3_food_07.png,true,Ideogram v3,food,0.00010372159158578143
ai_food_seedream_v4_food_05.png,true,Seedream,food,5.1709213266804e-07
ai_food_seedream_v3_food_09.png,true,Seedream,food,2.0333798147476045e-06
ai_food_seedream_v4_food_01.png,true,Seedream,food,5.454018037198693e-07
ai_food_ideogram_v3_food_03.png,true,Ideogram v3,food,0.00023421933292411268
ai_food_glm_image_food_07.png,true,GLM Image,food,4.906217782263411e-06
ai_food_grok_aurora_food_03.png,true,Grok Aurora,food,2.949527413420583e-07
ai_food_grok_aurora_food_02.png,true,Grok Aurora,food,9.087795547202404e-07
ai_food_glm_image_food_06.png,true,GLM Image,food,0.0009543756605125964
ai_food_ideogram_v3_food_02.png,true,Ideogram v3,food,3.461873347987421e-05
ai_food_gemini_3_pro_food_08.png,true,Gemini 3 Pro,food,1.4139459381112829e-06
ai_food_seedream_v4_food_02.png,true,Seedream,food,4.9537316044734325e-06
ai_food_leonardo_phoenix_food_09.png,true,Leonardo Phoenix,food,0.9999619722366333
ai_food_glm_image_food_10.png,true,GLM Image,food,5.071680106993881e-07
ai_food_glm_image_food_04.png,true,GLM Image,food,1.580623120389646e-06
ai_food_flux_pro_v1.1_food_09.png,true,Flux Pro v1.1,food,9.353677228318702e-07
ai_food_flux_pro_v1.1_food_08.png,true,Flux Pro v1.1,food,4.2255851440131664e-06
ai_food_grok_aurora_food_01.png,true,Grok Aurora,food,6.229681730474113e-07
ai_food_glm_image_food_05.png,true,GLM Image,food,2.8936751732544508e-06
ai_food_leonardo_phoenix_food_08.png,true,Leonardo Phoenix,food,9.315765782957897e-05
ai_food_seedream_v4_food_03.png,true,Seedream,food,2.841888715465757e-07
ai_food_ideogram_v3_food_01.png,true,Ideogram v3,food,1.4923884918971453e-05
ai_food_gemini_3_pro_food_09.png,true,Gemini 3 Pro,food,2.5089464088523528e-06
ai_animal_flux_pro_v1.1_animal_07.png,true,Flux Pro v1.1,animal,4.111457383260131e-05
ai_animal_seedream_v3_animal_10.png,true,Seedream,animal,3.4865628549596295e-05
ai_animal_seedream_v3_animal_04.png,true,Seedream,animal,4.0857548810890876e-06
ai_animal_ideogram_v3_animal_03.png,true,Ideogram v3,animal,0.00016166074783541262
ai_animal_flux_2_flex_animal_07.png,true,Flux,animal,5.112169674248435e-07
ai_animal_seedream_v4_animal_01.png,true,Seedream,animal,7.499489584006369e-05
ai_animal_flux_2_flex_animal_06.png,true,Flux,animal,0.9847565293312073
ai_animal_gemini_3_pro_animal_01.png,true,Gemini 3 Pro,animal,2.098808408845798e-06
ai_animal_ideogram_v3_animal_02.png,true,Ideogram v3,animal,0.06458339840173721
ai_animal_seedream_v3_animal_05.png,true,Seedream,animal,1.737143861646473e-06
ai_animal_flux_pro_v1.1_animal_06.png,true,Flux Pro v1.1,animal,7.396337605314329e-05
ai_animal_flux_pro_v1.1_animal_04.png,true,Flux Pro v1.1,animal,0.7102912664413452
ai_animal_flux_pro_v1.1_animal_10.png,true,Flux Pro v1.1,animal,3.343605203554034e-05
ai_animal_seedream_v3_animal_07.png,true,Seedream,animal,4.656303281080909e-05
ai_animal_sd_3.5_large_animal_09.png,true,Sd,animal,3.0504418191412697e-06
ai_animal_gemini_3_pro_animal_03.png,true,Gemini 3 Pro,animal,9.98508426164335e-07
ai_animal_flux_2_flex_animal_04.png,true,Flux,animal,0.00010004816431319341
ai_animal_flux_2_flex_animal_10.png,true,Flux,animal,0.00010639202810125425
ai_animal_seedream_v4_animal_03.png,true,Seedream,animal,1.7762625930117792e-06
ai_animal_seedream_v4_animal_02.png,true,Seedream,animal,2.007613147725351e-05
ai_animal_flux_2_flex_animal_05.png,true,Flux,animal,1.675042540227878e-06
ai_animal_gemini_3_pro_animal_02.png,true,Gemini 3 Pro,animal,9.827186886468553e-07
ai_animal_ideogram_v3_animal_01.png,true,Ideogram v3,animal,1.0469289009051863e-06
ai_animal_sd_3.5_large_animal_08.png,true,Sd,animal,1.3681751624972094e-06
ai_animal_seedream_v3_animal_06.png,true,Seedream,animal,0.0002470740582793951
ai_animal_flux_pro_v1.1_animal_05.png,true,Flux Pro v1.1,animal,2.093559743343576e-07
ai_animal_seedream_v3_animal_02.png,true,Seedream,animal,0.000697423645760864
ai_animal_flux_pro_v1.1_animal_01.png,true,Flux Pro v1.1,animal,0.9439370632171631
ai_animal_gemini_3_pro_animal_06.png,true,Gemini 3 Pro,animal,3.741374428045674e-07
ai_animal_ideogram_v3_animal_05.png,true,Ideogram v3,animal,9.608546861272771e-06
ai_animal_flux_2_flex_animal_01.png,true,Flux,animal,0.9912188649177551
ai_animal_seedream_v4_animal_06.png,true,Seedream,animal,0.0012768460437655449
ai_animal_seedream_v4_animal_07.png,true,Seedream,animal,1.1569131856958847e-06
ai_animal_ideogram_v3_animal_10.png,true,Ideogram v3,animal,9.247346497431863e-06
ai_animal_ideogram_v3_animal_04.png,true,Ideogram v3,animal,6.445482540584635e-06
ai_animal_gemini_3_pro_animal_07.png,true,Gemini 3 Pro,animal,2.43136412336753e-07
ai_animal_seedream_v3_animal_03.png,true,Seedream,animal,0.00041267217602580786
ai_animal_seedream_v3_animal_01.png,true,Seedream,animal,5.197069913265295e-05
ai_animal_flux_pro_v1.1_animal_02.png,true,Flux Pro v1.1,animal,0.14940504729747772
ai_animal_gemini_3_pro_animal_05.png,true,Gemini 3 Pro,animal,5.942771963418636e-07
ai_animal_ideogram_v3_animal_06.png,true,Ideogram v3,animal,0.08054178208112717
ai_animal_flux_2_flex_animal_02.png,true,Flux,animal,0.0006344612338580191
ai_animal_seedream_v4_animal_05.png,true,Seedream,animal,1.3312214832694735e-06
ai_animal_qwen_2512_animal_08.png,true,Qwen 2512,animal,7.015101800789125e-06
ai_animal_qwen_2512_animal_09.png,true,Qwen 2512,animal,1.465206514694728e-05
ai_animal_seedream_v4_animal_10.png,true,Seedream,animal,5.647981424772297e-07
ai_animal_seedream_v4_animal_04.png,true,Seedream,animal,6.441352161346003e-05
ai_animal_flux_2_flex_animal_03.png,true,Flux,animal,4.308388088247739e-05
ai_animal_ideogram_v3_animal_07.png,true,Ideogram v3,animal,2.464833812609868e-07
ai_animal_gemini_3_pro_animal_04.png,true,Gemini 3 Pro,animal,4.0487367414243636e-07
ai_animal_gemini_3_pro_animal_10.png,true,Gemini 3 Pro,animal,8.481233635393437e-07
ai_animal_flux_pro_v1.1_animal_03.png,true,Flux Pro v1.1,animal,0.0001882312644738704
ai_animal_flux_schnell_animal_01.png,true,Flux Schnell,animal,0.9982739686965942
ai_animal_z_image_animal_06.png,true,Z,animal,0.9783172011375427
ai_animal_grok_aurora_animal_10.png,true,Grok Aurora,animal,5.083179985376773e-06
ai_animal_grok_aurora_animal_04.png,true,Grok Aurora,animal,8.529588740202598e-06
ai_animal_glm_image_animal_06.png,true,GLM Image,animal,0.9731990694999695
ai_animal_recraft_v3_animal_02.png,true,Recraft v3,animal,0.0001412255223840475
ai_animal_glm_image_animal_07.png,true,GLM Image,animal,9.43392478802707e-06
ai_animal_recraft_v3_animal_03.png,true,Recraft v3,animal,2.166018248317414e-06
ai_animal_grok_aurora_animal_05.png,true,Grok Aurora,animal,1.4512264669974684e-06
ai_animal_z_image_animal_07.png,true,Z,animal,1.65829317211319e-06
ai_animal_flux_schnell_animal_02.png,true,Flux Schnell,animal,0.9966105818748474
ai_animal_z_image_animal_05.png,true,Z,animal,2.6158770651818486e-06
ai_animal_grok_aurora_animal_07.png,true,Grok Aurora,animal,1.5551326271179278e-07
ai_animal_recraft_v3_animal_01.png,true,Recraft v3,animal,6.918019789736718e-05
ai_animal_glm_image_animal_05.png,true,GLM Image,animal,0.9997614026069641
ai_animal_glm_image_animal_10.png,true,GLM Image,animal,4.1487359681013913e-07
ai_animal_glm_image_animal_04.png,true,GLM Image,animal,5.9185455029364675e-05
ai_animal_grok_aurora_animal_06.png,true,Grok Aurora,animal,6.553485945914872e-06
ai_animal_z_image_animal_10.png,true,Z,animal,0.0005423635593615472
ai_animal_z_image_animal_04.png,true,Z,animal,3.111086698481813e-06
ai_animal_flux_schnell_animal_03.png,true,Flux Schnell,animal,5.711583526135655e-06
ai_animal_flux_schnell_animal_07.png,true,Flux Schnell,animal,5.7004108384717256e-05
ai_animal_wan_v2.6_animal_09.png,true,Wan v2.6,animal,1.5705252735642716e-05
ai_animal_hunyuan_v3_animal_09.png,true,Hunyuan v3,animal,1.967510570466402e-06
ai_animal_grok_aurora_animal_02.png,true,Grok Aurora,animal,0.0006719585508108139
ai_animal_recraft_v3_animal_04.png,true,Recraft v3,animal,1.1292846465948969e-05
ai_animal_recraft_v3_animal_10.png,true,Recraft v3,animal,0.00011031508620362729
ai_animal_gpt_image_1.5_animal_08.png,true,Gpt,animal,1.5948259033393697e-06
ai_animal_gpt_image_1.5_animal_09.png,true,Gpt,animal,3.3240773973375326e-06
ai_animal_glm_image_animal_01.png,true,GLM Image,animal,0.00010391930118203163
ai_animal_recraft_v3_animal_05.png,true,Recraft v3,animal,4.74812395623303e-06
ai_animal_grok_aurora_animal_03.png,true,Grok Aurora,animal,6.458261850639246e-06
ai_animal_hunyuan_v3_animal_08.png,true,Hunyuan v3,animal,1.598824019310996e-05
ai_animal_flux_schnell_animal_06.png,true,Flux Schnell,animal,0.0002643847547005862
ai_animal_wan_v2.6_animal_08.png,true,Wan v2.6,animal,1.5331179383792914e-05
ai_animal_z_image_animal_01.png,true,Z,animal,0.08432032912969589
ai_animal_z_image_animal_03.png,true,Z,animal,5.213254553382285e-06
ai_animal_flux_schnell_animal_04.png,true,Flux Schnell,animal,4.9759266403270885e-05
ai_animal_flux_schnell_animal_10.png,true,Flux Schnell,animal,0.003463828470557928
ai_animal_grok_aurora_animal_01.png,true,Grok Aurora,animal,1.0253487516820314e-06
ai_animal_leonardo_phoenix_animal_08.png,true,Leonardo Phoenix,animal,0.08004625886678696
ai_animal_recraft_v3_animal_07.png,true,Recraft v3,animal,9.893169590213802e-07
ai_animal_glm_image_animal_03.png,true,GLM Image,animal,6.401487098628422e-06
ai_animal_recraft_v3_animal_06.png,true,Recraft v3,animal,0.0008983432198874652
ai_animal_glm_image_animal_02.png,true,GLM Image,animal,0.0039783380925655365
ai_animal_leonardo_phoenix_animal_09.png,true,Leonardo Phoenix,animal,0.6626990437507629
ai_animal_flux_schnell_animal_05.png,true,Flux Schnell,animal,2.0383599803608377e-06
ai_animal_z_image_animal_02.png,true,Z,animal,0.00011246572830714285
ai_animal_wan_v2.6_animal_06.png,true,Wan v2.6,animal,2.0695157218142413e-05
ai_animal_flux_schnell_animal_08.png,true,Flux Schnell,animal,0.0003017669660039246
ai_animal_hunyuan_v3_animal_06.png,true,Hunyuan v3,animal,0.0004624587600119412
ai_animal_leonardo_phoenix_animal_10.png,true,Leonardo Phoenix,animal,0.9999908208847046
ai_animal_leonardo_phoenix_animal_04.png,true,Leonardo Phoenix,animal,0.0008281833142973483
ai_animal_gpt_image_1.5_animal_07.png,true,Gpt,animal,7.28696591068001e-07
ai_animal_gpt_image_1.5_animal_06.png,true,Gpt,animal,1.6090702956716996e-06
ai_animal_leonardo_phoenix_animal_05.png,true,Leonardo Phoenix,animal,2.5015659048222005e-05
ai_animal_hunyuan_v3_animal_07.png,true,Hunyuan v3,animal,2.1337739326554583e-06
ai_animal_wan_v2.6_animal_07.png,true,Wan v2.6,animal,6.47761862637708e-06
ai_animal_flux_schnell_animal_09.png,true,Flux Schnell,animal,2.340765240660403e-05
ai_animal_wan_v2.6_animal_05.png,true,Wan v2.6,animal,2.240186404378619e-06
ai_animal_hunyuan_v3_animal_05.png,true,Hunyuan v3,animal,2.2716133116773563e-06
ai_animal_leonardo_phoenix_animal_07.png,true,Leonardo Phoenix,animal,0.004238343797624111
ai_animal_recraft_v3_animal_08.png,true,Recraft v3,animal,5.684836196451215e-06
ai_animal_gpt_image_1.5_animal_04.png,true,Gpt,animal,1.569197411299683e-05
ai_animal_gpt_image_1.5_animal_10.png,true,Gpt,animal,0.0003158286854159087
ai_animal_gpt_image_1.5_animal_05.png,true,Gpt,animal,1.224205334438011e-06
ai_animal_recraft_v3_animal_09.png,true,Recraft v3,animal,7.499862113036215e-05
ai_animal_leonardo_phoenix_animal_06.png,true,Leonardo Phoenix,animal,0.0004725759499706328
ai_animal_hunyuan_v3_animal_10.png,true,Hunyuan v3,animal,3.3498192806291627e-06
ai_animal_hunyuan_v3_animal_04.png,true,Hunyuan v3,animal,5.514138592843665e-06
ai_animal_wan_v2.6_animal_10.png,true,Wan v2.6,animal,9.382158054904721e-07
ai_animal_wan_v2.6_animal_04.png,true,Wan v2.6,animal,3.7440340747707523e-06
ai_animal_z_image_animal_09.png,true,Z,animal,2.3396953565679723e-06
ai_animal_leonardo_phoenix_animal_02.png,true,Leonardo Phoenix,animal,0.005354149267077446
ai_animal_gpt_image_1.5_animal_01.png,true,Gpt,animal,9.237652193405665e-06
ai_animal_glm_image_animal_09.png,true,GLM Image,animal,3.019409177795751e-06
ai_animal_glm_image_animal_08.png,true,GLM Image,animal,2.3614196834387258e-05
ai_animal_leonardo_phoenix_animal_03.png,true,Leonardo Phoenix,animal,3.3409916795790195e-05
ai_animal_hunyuan_v3_animal_01.png,true,Hunyuan v3,animal,1.2876254913862795e-05
ai_animal_z_image_animal_08.png,true,Z,animal,1.0660723091859836e-05
ai_animal_wan_v2.6_animal_01.png,true,Wan v2.6,animal,2.711679189815186e-05
ai_animal_wan_v2.6_animal_03.png,true,Wan v2.6,animal,3.456779950283817e-06
ai_animal_grok_aurora_animal_08.png,true,Grok Aurora,animal,1.0252176707581384e-06
ai_animal_hunyuan_v3_animal_03.png,true,Hunyuan v3,animal,0.0003016996488440782
ai_animal_leonardo_phoenix_animal_01.png,true,Leonardo Phoenix,animal,0.03790491819381714
ai_animal_gpt_image_1.5_animal_02.png,true,Gpt,animal,2.7345220132701797e-06
ai_animal_gpt_image_1.5_animal_03.png,true,Gpt,animal,8.212551279029867e-07
ai_animal_hunyuan_v3_animal_02.png,true,Hunyuan v3,animal,0.0002730679407250136
ai_animal_grok_aurora_animal_09.png,true,Grok Aurora,animal,5.214007501308515e-07
ai_animal_wan_v2.6_animal_02.png,true,Wan v2.6,animal,1.746699126670137e-06
ai_animal_sd_3.5_large_animal_03.png,true,Sd,animal,7.239290198413073e-07
ai_animal_gemini_3_pro_animal_09.png,true,Gemini 3 Pro,animal,1.558552071401209e-06
ai_animal_qwen_2512_animal_04.png,true,Qwen 2512,animal,1.2536442000055104e-06
ai_animal_seedream_v4_animal_09.png,true,Seedream,animal,3.518523215007008e-07
ai_animal_qwen_2512_animal_10.png,true,Qwen 2512,animal,6.807344470871612e-05
ai_animal_seedream_v4_animal_08.png,true,Seedream,animal,5.428919394034892e-06
ai_animal_qwen_2512_animal_05.png,true,Qwen 2512,animal,1.9189917566109216e-06
ai_animal_gemini_3_pro_animal_08.png,true,Gemini 3 Pro,animal,8.059161586970731e-07
ai_animal_sd_3.5_large_animal_02.png,true,Sd,animal,0.0012039514258503914
ai_animal_ideogram_v3_animal_09.png,true,Ideogram v3,animal,0.00013277263497002423
ai_animal_qwen_2512_animal_07.png,true,Qwen 2512,animal,8.215863999794237e-06
ai_animal_qwen_2512_animal_06.png,true,Qwen 2512,animal,0.000643182429485023
ai_animal_ideogram_v3_animal_08.png,true,Ideogram v3,animal,2.2263481014306308e-07
ai_animal_sd_3.5_large_animal_01.png,true,Sd,animal,2.1008205294492655e-05
ai_animal_flux_pro_v1.1_animal_08.png,true,Flux Pro v1.1,animal,3.828367880487349e-07
ai_animal_sd_3.5_large_animal_05.png,true,Sd,animal,2.0672580092195858e-07
ai_animal_flux_2_flex_animal_08.png,true,Flux,animal,5.784986115031643e-06
ai_animal_qwen_2512_animal_02.png,true,Qwen 2512,animal,4.2667397792683914e-05
ai_animal_qwen_2512_animal_03.png,true,Qwen 2512,animal,1.198906193167204e-05
ai_animal_flux_2_flex_animal_09.png,true,Flux,animal,1.6136886188178323e-05
ai_animal_sd_3.5_large_animal_10.png,true,Sd,animal,7.38096350687556e-05
ai_animal_sd_3.5_large_animal_04.png,true,Sd,animal,5.288116540214105e-07
ai_animal_flux_pro_v1.1_animal_09.png,true,Flux Pro v1.1,animal,4.678815457737073e-06
ai_animal_seedream_v3_animal_08.png,true,Seedream,animal,3.281325859916251e-07
ai_animal_sd_3.5_large_animal_06.png,true,Sd,animal,0.00011564939632080495
ai_animal_qwen_2512_animal_01.png,true,Qwen 2512,animal,0.9103578329086304
ai_animal_sd_3.5_large_animal_07.png,true,Sd,animal,9.070651572073984e-07
ai_animal_seedream_v3_animal_09.png,true,Seedream,animal,1.1698407433868852e-06
ai_landscape_gemini_3_pro_landscape_04.png,true,Gemini 3 Pro,landscape,8.4447410699795e-06
ai_landscape_gemini_3_pro_landscape_10.png,true,Gemini 3 Pro,landscape,2.4412324819422793e-06
ai_landscape_flux_schnell_landscape_01.png,true,Flux Schnell,landscape,6.284471601247787e-05
ai_landscape_gemini_3_pro_landscape_05.png,true,Gemini 3 Pro,landscape,3.922156793123577e-06
ai_landscape_gpt_image_1.5_landscape_08.png,true,Gpt,landscape,0.006506695412099361
ai_landscape_hunyuan_v3_landscape_09.png,true,Hunyuan v3,landscape,9.451883897781954e-07
ai_landscape_sd_3.5_large_landscape_09.png,true,Sd,landscape,3.4130741255467e-07
ai_landscape_gemini_3_pro_landscape_07.png,true,Gemini 3 Pro,landscape,8.284845534944907e-05
ai_landscape_flux_schnell_landscape_02.png,true,Flux Schnell,landscape,3.3246956263610628e-06
ai_landscape_flux_schnell_landscape_03.png,true,Flux Schnell,landscape,9.31909198698122e-06
ai_landscape_gemini_3_pro_landscape_06.png,true,Gemini 3 Pro,landscape,9.77912623056909e-06
ai_landscape_sd_3.5_large_landscape_08.png,true,Sd,landscape,8.512523891113233e-06
ai_landscape_hunyuan_v3_landscape_08.png,true,Hunyuan v3,landscape,9.523118933429942e-07
ai_landscape_gpt_image_1.5_landscape_09.png,true,Gpt,landscape,6.454346021200763e-06
ai_landscape_gemini_3_pro_landscape_02.png,true,Gemini 3 Pro,landscape,1.9846938812406734e-06
ai_landscape_flux_schnell_landscape_07.png,true,Flux Schnell,landscape,5.026379585615359e-05
ai_landscape_flux_schnell_landscape_06.png,true,Flux Schnell,landscape,2.8042638859915314e-06
ai_landscape_gemini_3_pro_landscape_03.png,true,Gemini 3 Pro,landscape,9.767680239747278e-06
ai_landscape_gemini_3_pro_landscape_01.png,true,Gemini 3 Pro,landscape,3.4052138744300464e-06
ai_landscape_z_image_landscape_09.png,true,Z,landscape,0.00010099357314174995
ai_landscape_flux_schnell_landscape_04.png,true,Flux Schnell,landscape,1.1888709195773117e-05
ai_landscape_flux_schnell_landscape_10.png,true,Flux Schnell,landscape,1.5891946247847955e-07
ai_landscape_flux_schnell_landscape_05.png,true,Flux Schnell,landscape,2.0541434423648752e-05
ai_landscape_z_image_landscape_08.png,true,Z,landscape,1.0789635780383833e-06
ai_landscape_leonardo_phoenix_landscape_04.png,true,Leonardo Phoenix,landscape,0.002051813527941704
ai_landscape_flux_pro_v1.1_landscape_04.png,true,Flux Pro v1.1,landscape,9.956073881767225e-06
ai_landscape_flux_pro_v1.1_landscape_10.png,true,Flux Pro v1.1,landscape,3.58294443003615e-07
ai_landscape_ideogram_v3_landscape_08.png,true,Ideogram v3,landscape,3.2548342687732656e-07
ai_landscape_qwen_2512_landscape_08.png,true,Qwen 2512,landscape,0.0015714503824710846
ai_landscape_grok_aurora_landscape_03.png,true,Grok Aurora,landscape,1.8639815380083746e-06
ai_landscape_wan_v2.6_landscape_05.png,true,Wan v2.6,landscape,3.31366500176955e-05
ai_landscape_recraft_v3_landscape_09.png,true,Recraft v3,landscape,1.9209737729397602e-05
ai_landscape_seedream_v4_landscape_05.png,true,Seedream,landscape,5.39344509888906e-05
ai_landscape_seedream_v4_landscape_04.png,true,Seedream,landscape,4.013401485281065e-05
ai_landscape_seedream_v4_landscape_10.png,true,Seedream,landscape,3.0686519494338427e-06
ai_landscape_recraft_v3_landscape_08.png,true,Recraft v3,landscape,5.864783452125266e-05
ai_landscape_wan_v2.6_landscape_04.png,true,Wan v2.6,landscape,0.00011051259934902191
ai_landscape_wan_v2.6_landscape_10.png,true,Wan v2.6,landscape,2.1116788673225528e-07
ai_landscape_grok_aurora_landscape_02.png,true,Grok Aurora,landscape,2.4752957870077807e-06
ai_landscape_qwen_2512_landscape_09.png,true,Qwen 2512,landscape,3.252769374739728e-06
ai_landscape_ideogram_v3_landscape_09.png,true,Ideogram v3,landscape,2.423165824438911e-06
ai_landscape_flux_pro_v1.1_landscape_05.png,true,Flux Pro v1.1,landscape,5.8966315918951295e-06
ai_landscape_leonardo_phoenix_landscape_07.png,true,Leonardo Phoenix,landscape,0.3741326630115509
ai_landscape_flux_2_flex_landscape_08.png,true,Flux,landscape,1.2339162822172511e-05
ai_landscape_seedream_v3_landscape_08.png,true,Seedream,landscape,4.630501734936843e-06
ai_landscape_glm_image_landscape_09.png,true,GLM Image,landscape,2.7140283691551303e-06
ai_landscape_flux_pro_v1.1_landscape_07.png,true,Flux Pro v1.1,landscape,7.586373612866737e-06
ai_landscape_wan_v2.6_landscape_06.png,true,Wan v2.6,landscape,0.00011132383951917291
ai_landscape_seedream_v4_landscape_06.png,true,Seedream,landscape,8.843190926199895e-07
ai_landscape_seedream_v4_landscape_07.png,true,Seedream,landscape,0.0003735528443939984
ai_landscape_wan_v2.6_landscape_07.png,true,Wan v2.6,landscape,1.2685954970947932e-05
ai_landscape_grok_aurora_landscape_01.png,true,Grok Aurora,landscape,0.000300106912618503
ai_landscape_flux_pro_v1.1_landscape_06.png,true,Flux Pro v1.1,landscape,1.6968607496892218e-06
ai_landscape_glm_image_landscape_08.png,true,GLM Image,landscape,0.01749173365533352
ai_landscape_seedream_v3_landscape_09.png,true,Seedream,landscape,1.3307238987181336e-05
ai_landscape_flux_2_flex_landscape_09.png,true,Flux,landscape,5.255237169876636e-07
ai_landscape_leonardo_phoenix_landscape_06.png,true,Leonardo Phoenix,landscape,0.6577017903327942
ai_landscape_leonardo_phoenix_landscape_02.png,true,Leonardo Phoenix,landscape,0.0020280154421925545
ai_landscape_flux_pro_v1.1_landscape_02.png,true,Flux Pro v1.1,landscape,4.356547378847608e-06
ai_landscape_grok_aurora_landscape_05.png,true,Grok Aurora,landscape,7.097576144587947e-06
ai_landscape_wan_v2.6_landscape_03.png,true,Wan v2.6,landscape,0.02798433043062687
ai_landscape_seedream_v4_landscape_03.png,true,Seedream,landscape,1.7984057194553316e-06
ai_landscape_seedream_v4_landscape_02.png,true,Seedream,landscape,1.6592849760854733e-06
ai_landscape_wan_v2.6_landscape_02.png,true,Wan v2.6,landscape,7.288936467375606e-05
ai_landscape_grok_aurora_landscape_04.png,true,Grok Aurora,landscape,0.018323367461562157
ai_landscape_grok_aurora_landscape_10.png,true,Grok Aurora,landscape,7.749496830911085e-07
ai_landscape_flux_pro_v1.1_landscape_03.png,true,Flux Pro v1.1,landscape,0.0004951381706632674
ai_landscape_leonardo_phoenix_landscape_03.png,true,Leonardo Phoenix,landscape,0.014682129956781864
ai_landscape_leonardo_phoenix_landscape_01.png,true,Leonardo Phoenix,landscape,0.0016829529777169228
ai_landscape_flux_pro_v1.1_landscape_01.png,true,Flux Pro v1.1,landscape,0.0011112748179584742
ai_landscape_grok_aurora_landscape_06.png,true,Grok Aurora,landscape,0.01089098583906889
ai_landscape_seedream_v4_landscape_01.png,true,Seedream,landscape,1.0925133210548665e-05
ai_landscape_wan_v2.6_landscape_01.png,true,Wan v2.6,landscape,0.0033202464692294598
ai_landscape_grok_aurora_landscape_07.png,true,Grok Aurora,landscape,0.9685770869255066
ai_landscape_flux_2_flex_landscape_02.png,true,Flux,landscape,5.7504770666128024e-05
ai_landscape_glm_image_landscape_03.png,true,GLM Image,landscape,1.5049716239445843e-05
ai_landscape_seedream_v3_landscape_02.png,true,Seedream,landscape,9.144147838924255e-07
ai_landscape_ideogram_v3_landscape_01.png,true,Ideogram v3,landscape,5.387637429521419e-06
ai_landscape_qwen_2512_landscape_01.png,true,Qwen 2512,landscape,0.0004903995431959629
ai_landscape_recraft_v3_landscape_01.png,true,Recraft v3,landscape,0.15664099156856537
ai_landscape_seedream_v3_landscape_03.png,true,Seedream,landscape,1.892355976451654e-05
ai_landscape_glm_image_landscape_02.png,true,GLM Image,landscape,8.69016548676882e-06
ai_landscape_flux_2_flex_landscape_03.png,true,Flux,landscape,0.00010872062557609752
ai_landscape_flux_2_flex_landscape_01.png,true,Flux,landscape,0.11229908466339111
ai_landscape_seedream_v3_landscape_01.png,true,Seedream,landscape,0.0018085342599079013
ai_landscape_ideogram_v3_landscape_02.png,true,Ideogram v3,landscape,1.2192409712952212e-06
ai_landscape_qwen_2512_landscape_02.png,true,Qwen 2512,landscape,1.0115558325196616e-05
ai_landscape_grok_aurora_landscape_09.png,true,Grok Aurora,landscape,5.482044343807502e-06
ai_landscape_recraft_v3_landscape_03.png,true,Recraft v3,landscape,0.00016602817049715668
ai_landscape_recraft_v3_landscape_02.png,true,Recraft v3,landscape,2.30897894653026e-05
ai_landscape_grok_aurora_landscape_08.png,true,Grok Aurora,landscape,9.215830800712865e-07
ai_landscape_qwen_2512_landscape_03.png,true,Qwen 2512,landscape,6.6954485191672575e-06
ai_landscape_ideogram_v3_landscape_03.png,true,Ideogram v3,landscape,7.659630682610441e-06
ai_landscape_glm_image_landscape_01.png,true,GLM Image,landscape,0.20479384064674377
ai_landscape_flux_2_flex_landscape_10.png,true,Flux,landscape,4.241708211338846e-07
ai_landscape_flux_2_flex_landscape_04.png,true,Flux,landscape,5.098589099361561e-06
ai_landscape_seedream_v3_landscape_10.png,true,Seedream,landscape,9.415269346391142e-07
ai_landscape_seedream_v3_landscape_04.png,true,Seedream,landscape,5.8518726291367784e-05
ai_landscape_glm_image_landscape_05.png,true,GLM Image,landscape,2.064863292616792e-05
ai_landscape_ideogram_v3_landscape_07.png,true,Ideogram v3,landscape,0.6166849732398987
ai_landscape_qwen_2512_landscape_07.png,true,Qwen 2512,landscape,0.0017411370063200593
ai_landscape_recraft_v3_landscape_06.png,true,Recraft v3,landscape,0.00011587127664824948
ai_landscape_recraft_v3_landscape_07.png,true,Recraft v3,landscape,0.0011257726000621915
ai_landscape_qwen_2512_landscape_06.png,true,Qwen 2512,landscape,0.00012939420412294567
ai_landscape_ideogram_v3_landscape_06.png,true,Ideogram v3,landscape,2.7801522719528293e-06
ai_landscape_glm_image_landscape_10.png,true,GLM Image,landscape,1.841522475842794e-06
ai_landscape_glm_image_landscape_04.png,true,GLM Image,landscape,1.198023801407544e-05
ai_landscape_seedream_v3_landscape_05.png,true,Seedream,landscape,4.609990355675109e-06
ai_landscape_flux_2_flex_landscape_05.png,true,Flux,landscape,1.6325152500940021e-06
ai_landscape_flux_2_flex_landscape_07.png,true,Flux,landscape,0.003308146260678768
ai_landscape_leonardo_phoenix_landscape_08.png,true,Leonardo Phoenix,landscape,0.9822691679000854
ai_landscape_seedream_v3_landscape_07.png,true,Seedream,landscape,2.455717731209006e-05
ai_landscape_glm_image_landscape_06.png,true,GLM Image,landscape,0.0004175750073045492
ai_landscape_flux_pro_v1.1_landscape_08.png,true,Flux Pro v1.1,landscape,3.4956062791025033e-06
ai_landscape_ideogram_v3_landscape_10.png,true,Ideogram v3,landscape,2.20134424466778e-07
ai_landscape_ideogram_v3_landscape_04.png,true,Ideogram v3,landscape,0.0006782683194614947
ai_landscape_qwen_2512_landscape_10.png,true,Qwen 2512,landscape,2.6818719334187335e-07
ai_landscape_qwen_2512_landscape_04.png,true,Qwen 2512,landscape,4.0557701140642166e-05
ai_landscape_wan_v2.6_landscape_09.png,true,Wan v2.6,landscape,7.984633612068137e-07
ai_landscape_recraft_v3_landscape_05.png,true,Recraft v3,landscape,0.0004962965613231063
ai_landscape_seedream_v4_landscape_09.png,true,Seedream,landscape,8.828899808577262e-06
ai_landscape_seedream_v4_landscape_08.png,true,Seedream,landscape,1.7280162865063176e-06
ai_landscape_recraft_v3_landscape_10.png,true,Recraft v3,landscape,6.18806661805138e-05
ai_landscape_recraft_v3_landscape_04.png,true,Recraft v3,landscape,0.00021280597138684243
ai_landscape_wan_v2.6_landscape_08.png,true,Wan v2.6,landscape,0.00018060482398141176
ai_landscape_qwen_2512_landscape_05.png,true,Qwen 2512,landscape,0.0003498077567201108
ai_landscape_ideogram_v3_landscape_05.png,true,Ideogram v3,landscape,3.127451009277138e-06
ai_landscape_flux_pro_v1.1_landscape_09.png,true,Flux Pro v1.1,landscape,2.9228522180346772e-05
ai_landscape_glm_image_landscape_07.png,true,GLM Image,landscape,0.0002531071368139237
ai_landscape_seedream_v3_landscape_06.png,true,Seedream,landscape,1.7293913288085605e-06
ai_landscape_leonardo_phoenix_landscape_09.png,true,Leonardo Phoenix,landscape,0.9437595009803772
ai_landscape_flux_2_flex_landscape_06.png,true,Flux,landscape,0.00040094173164106905
ai_landscape_gpt_image_1.5_landscape_02.png,true,Gpt,landscape,3.412987553019775e-06
ai_landscape_hunyuan_v3_landscape_03.png,true,Hunyuan v3,landscape,3.3373326004948467e-06
ai_landscape_z_image_landscape_05.png,true,Z,landscape,6.266737273108447e-06
ai_landscape_sd_3.5_large_landscape_03.png,true,Sd,landscape,0.00021144015772733837
ai_landscape_flux_schnell_landscape_08.png,true,Flux Schnell,landscape,2.90114144263498e-06
ai_landscape_flux_schnell_landscape_09.png,true,Flux Schnell,landscape,6.4109626691788435e-06
ai_landscape_z_image_landscape_10.png,true,Z,landscape,1.0128899248229573e-06
ai_landscape_sd_3.5_large_landscape_02.png,true,Sd,landscape,6.885154562041862e-07
ai_landscape_z_image_landscape_04.png,true,Z,landscape,0.013870736584067345
ai_landscape_hunyuan_v3_landscape_02.png,true,Hunyuan v3,landscape,9.85706446954282e-06
ai_landscape_gpt_image_1.5_landscape_03.png,true,Gpt,landscape,8.130126843752805e-06
ai_landscape_gpt_image_1.5_landscape_01.png,true,Gpt,landscape,2.8503831345005892e-05
ai_landscape_z_image_landscape_06.png,true,Z,landscape,1.0784454389067832e-05
ai_landscape_sd_3.5_large_landscape_01.png,true,Sd,landscape,2.2428270312957466e-05
ai_landscape_z_image_landscape_07.png,true,Z,landscape,0.0005370603175833821
ai_landscape_hunyuan_v3_landscape_01.png,true,Hunyuan v3,landscape,1.57235062943073e-05
ai_landscape_gpt_image_1.5_landscape_04.png,true,Gpt,landscape,0.0002092863869620487
ai_landscape_gpt_image_1.5_landscape_10.png,true,Gpt,landscape,3.252544331644458e-07
ai_landscape_hunyuan_v3_landscape_05.png,true,Hunyuan v3,landscape,9.522582899990084e-07
ai_landscape_sd_3.5_large_landscape_05.png,true,Sd,landscape,0.00011482065747259185
ai_landscape_z_image_landscape_03.png,true,Z,landscape,0.0012861100258305669
ai_landscape_z_image_landscape_02.png,true,Z,landscape,4.25071848439984e-05
ai_landscape_sd_3.5_large_landscape_04.png,true,Sd,landscape,1.1606135558395181e-05
ai_landscape_sd_3.5_large_landscape_10.png,true,Sd,landscape,3.8718815176252974e-07
ai_landscape_hunyuan_v3_landscape_04.png,true,Hunyuan v3,landscape,4.101299055037089e-05
ai_landscape_hunyuan_v3_landscape_10.png,true,Hunyuan v3,landscape,1.0785612403196865e-06
ai_landscape_gpt_image_1.5_landscape_05.png,true,Gpt,landscape,2.1228956029517576e-05
ai_landscape_gpt_image_1.5_landscape_07.png,true,Gpt,landscape,1.7211534213856794e-05
ai_landscape_hunyuan_v3_landscape_06.png,true,Hunyuan v3,landscape,4.568126314552501e-06
ai_landscape_sd_3.5_large_landscape_06.png,true,Sd,landscape,3.980875590059441e-06
ai_landscape_gemini_3_pro_landscape_08.png,true,Gemini 3 Pro,landscape,2.8937581646459876e-06
ai_landscape_gemini_3_pro_landscape_09.png,true,Gemini 3 Pro,landscape,1.733597059683234e-06
ai_landscape_z_image_landscape_01.png,true,Z,landscape,1.0398050108051393e-05
ai_landscape_sd_3.5_large_landscape_07.png,true,Sd,landscape,1.3369236512517091e-05
ai_landscape_hunyuan_v3_landscape_07.png,true,Hunyuan v3,landscape,0.0004229357873555273
ai_landscape_gpt_image_1.5_landscape_06.png,true,Gpt,landscape,4.311886641517049e-06
real_art_art_79_oil_painting_of_countryside_landscape_in_frame.jpg,false,,art,0.0010360516607761383
real_art_art_163_tLQRMO33DeI.jpg,false,,art,0.00014958916290197521
real_art_art_082_wzSfjeKGiLk.jpg,false,,art,5.438465814222582e-05
real_art_art_114_11SmxL6FI1A.jpg,false,,art,3.1024030704429606e-06
real_art_art_58_watercolor_landscape_painting.jpg,false,,art,4.028394687338732e-05
real_art_art_040_T2LEdBxpm54.jpg,false,,art,3.926784484065138e-05
real_art_art_105_HzNNbeGmJko.jpg,false,,art,3.7189633985690307e-06
real_art_art_68_vintage_botanical_illustration.jpg,false,,art,0.0003546606167219579
real_art_art_164_GoJrwnPNPbg.jpg,false,,art,2.7646242415357847e-06
real_art_art_73_colorful_street_art_graffiti_mural.jpg,false,,art,2.708877218537964e-05
real_art_art_112_zelgyeLINKc.jpg,false,,art,1.2849532140535302e-06
real_art_art_034_bkY4pok-UM0.jpg,false,,art,8.859746003508917e-08
real_art_art_132_xnyXLEyE8L0.jpg,false,,art,1.8468059352017008e-05
real_art_art_149_fnoCqGw7AMg.jpg,false,,art,2.0015204427181743e-05
real_art_art_166_vDZCV1akWss.jpg,false,,art,9.238075904249854e-07
real_art_art_113_Cn2YpUFVkCo.jpg,false,,art,8.396808698307723e-05
real_art_art_78_mosaic_tile_artwork_pattern.jpg,false,,art,6.15080789430067e-05
real_art_art_72_pastel_colors_watercolor_wash.jpg,false,,art,4.028394687338732e-05
real_art_art_074_QTWm4dJ_Z2E.jpg,false,,art,4.393711151351454e-06
real_art_art_65_abstract_geometric_modern_art.jpg,false,,art,5.453172889247071e-06
real_art_art_056_riFTrh0K4pg.jpg,false,,art,7.04738158674445e-06
real_art_art_096_gzXhH-RiydU.jpg,false,,art,8.973845979198813e-06
real_art_art_094_JqpsJelnXb8.jpg,false,,art,0.00014511703921016306
real_art_art_56_pencil_and_watercolor_art_supplies_on_table.jpg,false,,art,1.9458329916233197e-06
real_art_art_160_PDAzh1rSIa8.jpg,false,,art,1.849629552452825e-05
real_art_art_152_uH3wpt7gKnQ.jpg,false,,art,0.00017964252037927508
real_art_art_088_8qigdir-PfA.jpg,false,,art,2.0957439119229093e-05
real_art_art_070_AYYbqlo5af0.jpg,false,,art,2.6803120363183552e-06
real_art_art_80_digital_art_printed_on_gallery_wall.jpg,false,,art,1.9497920220601372e-05
real_art_art_120_NiV9YsPFhM8.jpg,false,,art,1.5152119885897264e-05
real_art_art_093_3qoP52UWFiY.jpg,false,,art,2.8825975277868565e-06
real_art_art_092_IhDDZyvwwC4.jpg,false,,art,5.480395088852674e-07
real_art_art_108_XOyxignLq1E.jpg,false,,art,8.987010005512275e-06
real_art_art_127_P2LmtHXV2Wc.jpg,false,,art,1.4344821011036402e-06
real_art_art_104_gQxrO5kOABU.jpg,false,,art,8.99350743566174e-06
real_art_art_097_hBhfEXkihOs.jpg,false,,art,3.39610232913401e-05
real_art_art_085_Zm74mm1xEDY.jpg,false,,art,1.1475385690573603e-05
real_art_art_050_hyoJJZd_hhI.jpg,false,,art,3.56280111191154e-06
real_art_art_053_jdhYNL0KrCA.jpg,false,,art,6.159712938824669e-05
real_art_art_045_dFA5XycbhoQ.jpg,false,,art,0.02593132294714451
real_art_art_057_m-e3AFsfOs0.jpg,false,,art,8.021143730729818e-05
real_art_art_033_cpAKc-G6lPg.jpg,false,,art,7.939954116409353e-07
real_art_art_159_U0_hlwXFLn0.jpg,false,,art,4.531547801889246e-06
real_art_art_051_PHdLDymaV90.jpg,false,,art,8.417463277510251e-07
real_art_art_170_Vbbz9pZmn5o.jpg,false,,art,1.4191078662406653e-05
real_art_art_046_DQZl8fxpSp8.jpg,false,,art,4.896136260867934e-07
real_art_art_118_BsAzhHIIwxg.jpg,false,,art,3.2364930575567996e-06
real_art_art_117_5MteLUU9FGI.jpg,false,,art,1.7399674106854945e-05
real_art_art_66_still_life_oil_painting_with_fruit.jpg,false,,art,3.1619503715774044e-05
real_art_art_121_iKPxCjUU_bg.jpg,false,,art,5.5927002904354595e-06
real_art_art_157_8ezfg5oYHNY.jpg,false,,art,2.1017498852415883e-07
real_art_art_081_w5bYMd9leus.jpg,false,,art,3.1525311783298093e-07
real_art_art_062_dP9U-tIfU3M.jpg,false,,art,1.482984430367651e-06
real_art_art_032_puf8VwPLAug.jpg,false,,art,5.1727973186643794e-05
real_art_art_119_iplwfXCe8a4.jpg,false,,art,9.8093209999206e-07
real_art_art_142_svOht0lwbyk.jpg,false,,art,7.370638195425272e-05
real_art_art_068_J7w12ShptC0.jpg,false,,art,4.4730172703566495e-06
real_art_art_147_oZKmdQlIVds.jpg,false,,art,0.05959141254425049
real_art_art_145_E_JDMtW_l0Y.jpg,false,,art,4.356740464572795e-05
real_art_art_52_watercolor_painting_supplies_on_table.jpg,false,,art,1.9458329916233197e-06
real_art_art_144_8XIAf776Fqg.jpg,false,,art,1.3170004422136117e-05
real_art_art_126_wpw8sHoBtSY.jpg,false,,art,2.0448360373848118e-05
real_art_art_066_OnAwhivaqrU.jpg,false,,art,7.389752863673493e-05
real_art_art_124_VHX-eIns4Wo.jpg,false,,art,7.679240297875367e-06
real_art_art_158_I0QTg9ctFDY.jpg,false,,art,9.61323985393392e-06
real_art_art_128_XzG9XYwxgXc.jpg,false,,art,2.182862772315275e-06
real_art_art_62_impressionist_landscape_painting_in_ornate_frame.jpg,false,,art,9.605450759408996e-05
real_art_art_047_OfTVSQTuQ5Y.jpg,false,,art,1.2519417396106292e-06
real_art_art_098_sKHf8VwwFdo.jpg,false,,art,2.3559305191156454e-06
real_art_art_130_D1IS5s5O9xo.jpg,false,,art,8.378080565307755e-06
real_art_art_129_0RTmv1Kx9Qk.jpg,false,,art,0.0006447422783821821
real_art_art_136_rGu8w3QP48o.jpg,false,,art,4.435684957115882e-07
real_art_art_060_BXkYKWKL7TA.jpg,false,,art,4.6780786533417995e-07
real_art_art_123__yrdstGC_rg.jpg,false,,art,7.415337677230127e-06
real_art_art_64_colorful_mural_on_building_exterior.jpg,false,,art,4.257394721207675e-06
real_art_art_071_n00dm9FBwrs.jpg,false,,art,0.0003691579040605575
real_art_art_064_1cVQMljvsnw.jpg,false,,art,0.00044631960918195546
real_art_art_107_7xemAmqHhLc.jpg,false,,art,1.8594400899019092e-06
real_art_art_091_IF9x9SGOh1w.jpg,false,,art,1.4942805819373461e-06
real_art_art_058_TOcmDVAo2jo.jpg,false,,art,6.2524400163965765e-06
real_art_art_150_1CcjT68gMRM.jpg,false,,art,1.0300824214937165e-05
real_art_art_100_9pU5knbOtgY.jpg,false,,art,7.421157306453097e-07
real_art_art_083_jBV3_PRk1-U.jpg,false,,art,6.586943754882668e-07
real_art_art_035_S0c_wsCmlXE.jpg,false,,art,1.6286742265947396e-06
real_art_art_122_nnIzqn6B6fA.jpg,false,,art,1.2101843822165392e-05
real_art_art_099_3kIPqGmmgwI.jpg,false,,art,1.1188287317054346e-05
real_art_art_141_vsYrMcvb5nQ.jpg,false,,art,3.41533052505838e-07
real_art_art_70_art_gallery_interior_with_paintings_on_walls.jpg,false,,art,0.0002263268834212795
real_art_art_048__j6wbAlQ1ow.jpg,false,,art,0.000214085666812025
real_art_art_079_93aN5XCAlJs.jpg,false,,art,4.807369805348571e-06
real_art_art_135_lvqcncxBYqw.jpg,false,,art,3.215526248823153e-06
real_art_art_111_DVauUHIJby0.jpg,false,,art,5.073985084891319e-05
real_art_art_161_StV72L0DH4A.jpg,false,,art,0.0008610467193648219
real_art_art_087_U3NtClWLRd4.jpg,false,,art,1.3317684022240428e-07
real_art_art_055_e-XPbBr0NhU.jpg,false,,art,7.98787732492201e-06
real_art_art_043_e6xd2HXuy0A.jpg,false,,art,4.7417293558282836e-07
real_art_art_109_GY_YJtmwPas.jpg,false,,art,4.228832767694257e-05
real_art_art_61_charcoal_drawing_on_paper.jpg,false,,art,0.00023965373111423105
real_art_art_137_70l86REbjmk.jpg,false,,art,5.875811621081084e-05
real_art_art_154_kBzQNk9AgOg.jpg,false,,art,5.200069062993862e-05
real_art_art_037_cuddQwqncLc.jpg,false,,art,0.00012391776544973254
real_art_art_74_gallery_wall_with_multiple_framed_artworks.jpg,false,,art,0.0034884929191321135
real_art_art_116_tEbRUeGJDfw.jpg,false,,art,1.8381538211542647e-06
real_art_art_125_ajAj3-55G2A.jpg,false,,art,1.1563986390683567e-07
real_art_art_67_acrylic_pour_painting_abstract.jpg,false,,art,6.096024662838317e-07
real_art_art_51_modern_art_gallery_with_paintings_on_white_walls.jpg,false,,art,0.0002263268834212795
real_art_art_049_ZW8dIPP4S4U.jpg,false,,art,2.926730360286456e-07
real_art_art_139_DD1fSz2HF1s.jpg,false,,art,2.6461491415830096e-06
real_art_art_50_abstract_colorful_painting_on_canvas.jpg,false,,art,2.656987362570362e-06
real_art_art_165_yN5c71nvg6g.jpg,false,,art,1.561414478601364e-06
real_art_art_153_rleYWWVY4Pc.jpg,false,,art,8.40752909425646e-05
real_art_art_134_tClS6SPq8Zo.jpg,false,,art,4.314323405196774e-07
real_art_art_090_yCWQevKzkkM.jpg,false,,art,0.0053433701395988464
real_art_art_101_YJCRjsg1LQw.jpg,false,,art,1.9847708244924434e-05
real_art_art_042_eN6FkYAetF8.jpg,false,,art,0.14950355887413025
real_art_art_059_yjiZAbTDkik.jpg,false,,art,8.33686158330238e-07
real_art_art_54_oil_painting_of_flowers_in_vase.jpg,false,,art,0.009839560836553574
real_art_art_089_IMZ3bM611eA.jpg,false,,art,1.6572415916016325e-05
real_art_art_146_n1mVt4pyFow.jpg,false,,art,7.569307740595832e-07
real_art_art_169_Uo5MWyegjog.jpg,false,,art,7.327990260819206e-06
real_art_art_073_n3VWZXx5n9I.jpg,false,,art,3.8686404877807945e-05
real_art_art_076_I7BDP_5WPqE.jpg,false,,art,2.2771507701691007e-06
real_art_art_53_colorful_abstract_oil_painting_closeup.jpg,false,,art,9.858284784058924e-07
real_art_art_080_nNqBDh_l3oE.jpg,false,,art,1.647266003601544e-07
real_art_art_061_XuHkodhmiyk.jpg,false,,art,7.650544284842908e-05
real_art_art_60_colorful_paint_brushstrokes_close_up_texture.jpg,false,,art,9.858284784058924e-07
real_art_art_71_renaissance_painting_in_gilded_frame.jpg,false,,art,0.00023501995019614697
real_art_art_69_mixed_media_collage_artwork.jpg,false,,art,3.942472176277079e-05
real_art_art_168_u7zd4x6-dx8.jpg,false,,art,7.180714192145388e-07
real_art_art_095_9_vYkYnWn2w.jpg,false,,art,7.352392276516184e-05
real_art_art_138_007R8JewpwU.jpg,false,,art,1.455898086533125e-06
real_art_art_069_ziIJiGSkfR4.jpg,false,,art,1.5481587070098612e-06
real_art_art_63_sculpture_in_art_museum_with_natural_light.jpg,false,,art,0.03246819227933884
real_art_art_106_cqKG2s6WP6s.jpg,false,,art,3.489713549242879e-07
real_art_art_59_classical_oil_portrait_painting_in_museum.jpg,false,,art,0.00020543992286548018
real_art_art_039_izfOdN-3zw0.jpg,false,,art,7.706345854785468e-07
real_art_art_57_graffiti_street_art_on_brick_wall.jpg,false,,art,5.739837433793582e-05
real_art_art_084_JPFWudeuc54.jpg,false,,art,3.21697152685374e-05
real_art_art_133_h1jyIBttST0.jpg,false,,art,5.442407655209536e-06
real_art_art_038_UwKXPb7N9UY.jpg,false,,art,1.0732882174124825e-06
real_art_art_054_Erf1Kz7ZE5Y.jpg,false,,art,8.076288509073493e-07
real_art_art_078_RYtFleIk_4U.jpg,false,,art,1.219557134390925e-06
real_art_art_75_oil_painting_landscape_with_trees.jpg,false,,art,1.4556219412042992e-06
real_art_art_041_4POG9GQo7Aw.jpg,false,,art,2.5686449589557014e-06
real_art_art_162_jrDzerLmfW0.jpg,false,,art,4.0542116153119423e-07
real_art_art_167_Jpjj_v1-5OM.jpg,false,,art,4.1075738408835605e-05
real_art_art_102_rXtXA42Lgzs.jpg,false,,art,7.633165068909875e-07
real_art_art_140_Rq74Wkhffok.jpg,false,,art,1.8982844267156906e-05
real_art_art_086_OTP0nlljatI.jpg,false,,art,7.716806067037396e-06
real_art_art_036_KQBsTXCvGwM.jpg,false,,art,0.0004399114986881614
real_art_art_76_handwritten_calligraphy_on_white_paper.jpg,false,,art,0.00011161518341396004
real_art_art_072_F2olcCyRQBw.jpg,false,,art,0.0002619626757223159
real_art_art_067_LOvJ2ECcUJY.jpg,false,,art,1.6511050489498302e-05
real_art_art_052_OpqAtrUNJeI.jpg,false,,art,2.369592766626738e-05
real_art_art_044_hptNUC-iitA.jpg,false,,art,4.374269792606356e-06
real_art_art_151_tuU1puvTmWw.jpg,false,,art,8.885646820999682e-06
real_art_art_103_cLRvJPVw69U.jpg,false,,art,4.0600847569294274e-05
real_art_art_065_akbHiqZy4Pg.jpg,false,,art,7.162618231859597e-08
real_art_art_148_-bA6TkrToiY.jpg,false,,art,5.00035594086512e-06
real_art_art_77_street_art_portrait_on_concrete_wall.jpg,false,,art,4.4291540689300746e-05
real_art_art_131_bPqJ9ssfjqs.jpg,false,,art,2.534691475375439e-06
real_art_art_55_art_museum_gallery_room_with_framed_paintings.jpg,false,,art,3.679697329062037e-05
real_art_art_110_hY3KGFVG-i0.jpg,false,,art,0.00010923492664005607
real_art_art_156_u2RlwQc1qiQ.jpg,false,,art,0.004787683952599764
real_art_art_075_ff0HoIx3PzU.jpg,false,,art,7.239937076519709e-06
real_art_art_143_TzAydhJ4QzE.jpg,false,,art,1.296006928441784e-07
real_art_art_077_IExOV9fFQBM.jpg,false,,art,4.9701451644068584e-05
real_art_art_155_KWpm9MmEo2s.jpg,false,,art,0.003353029489517212
real_art_art_063_heeEKtHAYEg.jpg,false,,art,2.104142913594842e-05
real_art_art_115_iMdsjoiftZo.jpg,false,,art,0.0003716315550263971
real_portrait_portrait_76_a_group_of_people_standing_around_a_white_cake.jpg,false,,portrait,3.6755382097908296e-06
real_portrait_portrait_55_a_woman_holding_a_smart_phone_next_to_a_group_of_people.jpg,false,,portrait,3.234177370359248e-07
real_portrait_portrait_118_iJGhIMWKz7w.jpg,false,,portrait,3.293797874448501e-07
real_portrait_portrait_094_7A5eK3q9qUA.jpg,false,,portrait,6.021757144480944e-06
real_portrait_portrait_62_a_group_of_men_standing_and_sitting_next_to_each_other.jpg,false,,portrait,5.316574970493093e-05
real_portrait_portrait_51_a_woman_is_helping_a_child_put_on_skis.jpg,false,,portrait,1.9522642560332315e-06
real_portrait_portrait_065_6lWqkLIh5L8.jpg,false,,portrait,5.422027697932208e-06
real_portrait_portrait_039_ZW3dnRiZD9U.jpg,false,,portrait,3.139004149943503e-07
real_portrait_portrait_135_BZzHWmQUszE.jpg,false,,portrait,3.40702200674059e-07
real_portrait_portrait_83_a_tennis_player_who_has_just_made_a_shot.jpg,false,,portrait,1.9903561110368173e-07
real_portrait_portrait_57_a_young_man_and_woman_holding_their_heads_close_to_each_othe.jpg,false,,portrait,1.1818357279480551e-06
real_portrait_portrait_67_there_are_many_bike_riders_racing_in_a_street_race.jpg,false,,portrait,3.0164849249558756e-06
real_portrait_portrait_058_dWiK1hrTl14.jpg,false,,portrait,3.168276521137159e-07
real_portrait_portrait_086_kpR9Mwgkj8c.jpg,false,,portrait,4.5546923388428695e-07
real_portrait_portrait_075_VQRm94PV_20.jpg,false,,portrait,2.264123622808256e-06
real_portrait_portrait_151_LlHgaeBwYVE.jpg,false,,portrait,5.51938410353614e-06
real_portrait_portrait_077_IIWiU1QXmWY.jpg,false,,portrait,1.0119408671016572e-06
real_portrait_portrait_100_2FM9g-vAkJg.jpg,false,,portrait,6.0262959777901415e-06
real_portrait_portrait_098_wX7NeTEXq_w.jpg,false,,portrait,5.499217081705865e-07
real_portrait_portrait_071__lP2UOoZJKk.jpg,false,,portrait,3.656449553091079e-05
real_portrait_portrait_81_two_men_next_to_each_other_holding_wine_glasses.jpg,false,,portrait,2.8481364822141586e-08
real_portrait_portrait_114_VcWRNg2ju7Y.jpg,false,,portrait,1.3394898701335478e-07
real_portrait_portrait_65_three_women_sitting_on_a_train_seat_on_cellphones.jpg,false,,portrait,1.3699961698421248e-07
real_portrait_portrait_054_cFgCc3PM-A0.jpg,false,,portrait,5.400042368819413e-07
real_portrait_portrait_067_ua9Im1zPoGM.jpg,false,,portrait,2.373504912611679e-06
real_portrait_portrait_63_a_man_sitting_at_a_table_eating_food_from_a_plate.jpg,false,,portrait,8.030191906982509e-07
real_portrait_portrait_119_lAAmMH2c2gU.jpg,false,,portrait,0.000191241386346519
real_portrait_portrait_72_a_man_swinging_a_tennis_racket_at_a_tennis_ball.jpg,false,,portrait,7.882200634412584e-07
real_portrait_portrait_77_three_men_smiling_holding_a_wii_controller_in_their_hands.jpg,false,,portrait,4.81907045468688e-06
real_portrait_portrait_70_two_sets_of_hands_are_each_holding_a_cell_phone_while_anothe.jpg,false,,portrait,2.0297865432894469e-07
real_portrait_portrait_168_ht1JkZ7tYmY.jpg,false,,portrait,4.6752330717936275e-07
real_portrait_portrait_58_woman_listening_on_her_phone_while_smoking_a_cigarette.jpg,false,,portrait,8.00531870481791e-06
real_portrait_portrait_137_O5BSKKHYiEU.jpg,false,,portrait,2.8975668442399183e-07
real_portrait_portrait_59_a_woman_taking_a_selfie_with_a_mobile_phone.jpg,false,,portrait,5.051912808085035e-07
real_portrait_portrait_060_wyCDQSzN8XE.jpg,false,,portrait,6.690972895739833e-07
real_portrait_portrait_081_2EmLMaTshko.jpg,false,,portrait,5.815292070110445e-07
real_portrait_portrait_059_pFbJuxSwuhI.jpg,false,,portrait,3.145745722576976e-06
real_portrait_portrait_048_8sbwihARadA.jpg,false,,portrait,1.6657712649248424e-06
real_portrait_portrait_167_guDkXldTxy8.jpg,false,,portrait,0.0018899217247962952
real_portrait_portrait_095_E38Gb_nVPck.jpg,false,,portrait,1.3038969655099208e-06
real_portrait_portrait_043_aDvDvH428RQ.jpg,false,,portrait,1.9876563328580232e-06
real_portrait_portrait_133_iiQ-mmG2NxI.jpg,false,,portrait,2.13915186009217e-07
real_portrait_portrait_128_nE6EPBrM-EA.jpg,false,,portrait,7.809131602698471e-06
real_portrait_portrait_050_eoAubhPm6H8.jpg,false,,portrait,1.5525780554526136e-06
real_portrait_portrait_134_UY52j2uUvdU.jpg,false,,portrait,6.093831871112343e-06
real_portrait_portrait_104_eq9FtP7XwJI.jpg,false,,portrait,1.6946558389463462e-05
real_portrait_portrait_092_uTad53fcxss.jpg,false,,portrait,3.110858415311668e-06
real_portrait_portrait_062_ILz31HBGEak.jpg,false,,portrait,3.661281880340539e-05
real_portrait_portrait_085_qV16cq3T420.jpg,false,,portrait,1.640983242623406e-07
real_portrait_portrait_170_cQPUosG9dQE.jpg,false,,portrait,4.594566860305349e-07
real_portrait_portrait_147_RYNTlcn0e3k.jpg,false,,portrait,7.523687486354902e-07
real_portrait_portrait_103_TsvawNBQ7k0.jpg,false,,portrait,1.1141411704329585e-07
real_portrait_portrait_047_kN_F83xqdiM.jpg,false,,portrait,5.3909366215521e-06
real_portrait_portrait_105_Knvzw8_L_80.jpg,false,,portrait,3.4402202686578676e-07
real_portrait_portrait_101_WXp2BT0AgnE.jpg,false,,portrait,3.4305224971831194e-07
real_portrait_portrait_153_k_NkqIaRhro.jpg,false,,portrait,2.8060162549081724e-06
real_portrait_portrait_71_a_woman_brushes_her_teeth_with_foamy_toothpaste.jpg,false,,portrait,1.3702932619708008e-06
real_portrait_portrait_142_mJaDIZr6eMY.jpg,false,,portrait,3.7157765291340183e-06
real_portrait_portrait_083_LN8t4ZAGZFQ.jpg,false,,portrait,5.673808232131705e-07
real_portrait_portrait_115_82NWNb5AGWc.jpg,false,,portrait,4.2849808323808247e-07
real_portrait_portrait_64_a_woman_smiles_from_behind_the_book_she_has_been_reading.jpg,false,,portrait,3.715803842396781e-08
real_portrait_portrait_102_QGMWr63tKoo.jpg,false,,portrait,9.240735380444676e-06
real_portrait_portrait_037_M34IAftLLsY.jpg,false,,portrait,1.3056726402282948e-06
real_portrait_portrait_79_a_copse_of_men_sitting_next_to_each_other_at_a_table.jpg,false,,portrait,1.2572139951316785e-07
real_portrait_portrait_068_g_eJl04NKEY.jpg,false,,portrait,6.276644626268535e-07
real_portrait_portrait_53_two_men_wearing_suits_and_hats_are_walking_together.jpg,false,,portrait,1.4663682179616444e-07
real_portrait_portrait_055_ycF8akmJ_RU.jpg,false,,portrait,0.00024373660562559962
real_portrait_portrait_129_jqsprpPrn9w.jpg,false,,portrait,1.740149969009508e-06
real_portrait_portrait_138_NOcaza8sIBg.jpg,false,,portrait,0.00010384183406131342
real_portrait_portrait_78_a_woman_holding_a_plate_of_cake_covered_in_frosting.jpg,false,,portrait,2.6413940759084653e-06
real_portrait_portrait_130_4wIY3oykWMo.jpg,false,,portrait,2.965425665024668e-06
real_portrait_portrait_099_dKH-4ml-5I4.jpg,false,,portrait,6.862898089821101e-07
real_portrait_portrait_093_8gRw4V0_XJA.jpg,false,,portrait,1.7027134163072333e-05
real_portrait_portrait_109_IOkL3ZqAapM.jpg,false,,portrait,2.1307812858140096e-05
real_portrait_portrait_74_a_person_helping_a_woman_put_on_a_tie.jpg,false,,portrait,3.857385877381603e-07
real_portrait_portrait_121_hQBQ1ATvH10.jpg,false,,portrait,1.6423547322119703e-07
real_portrait_portrait_076_6fc0hcXapYU.jpg,false,,portrait,1.71814754139632e-05
real_portrait_portrait_155_3kWZ-gVZAG0.jpg,false,,portrait,3.621692940214416e-06
real_portrait_portrait_140_83BjY5qcPKg.jpg,false,,portrait,1.3027447494096123e-06
real_portrait_portrait_087_gENx9JQeQWs.jpg,false,,portrait,2.843785978257074e-06
real_portrait_portrait_084_7BDP97v-tT8.jpg,false,,portrait,2.1372406990849413e-05
real_portrait_portrait_040_kl22CsySpcw.jpg,false,,portrait,5.7769088925851975e-06
real_portrait_portrait_161_Tay3IMQpKHA.jpg,false,,portrait,5.329604846338043e-06
real_portrait_portrait_045_3F6Jo667E4w.jpg,false,,portrait,2.1384905267041177e-05
real_portrait_portrait_116_L4CAMVlnRlg.jpg,false,,portrait,2.736653186730109e-06
real_portrait_portrait_072_VlOrWGCFl_w.jpg,false,,portrait,2.4219477268161427e-07
real_portrait_portrait_044_NljdMbT3s30.jpg,false,,portrait,4.738624284073012e-06
real_portrait_portrait_122_LpIy3YxbDA4.jpg,false,,portrait,6.528180165332742e-06
real_portrait_portrait_156_HC2t702jdGo.jpg,false,,portrait,2.38320603784814e-06
real_portrait_portrait_69_a_crowd_of_people_standing_around_each_other.jpg,false,,portrait,1.557064820190135e-06
real_portrait_portrait_73_a_baseball_player_talks_with_an_umpire.jpg,false,,portrait,3.976963398599764e-06
real_portrait_portrait_096_Rur5fFIrWNY.jpg,false,,portrait,9.082345968636218e-07
real_portrait_portrait_61_a_clown_talking_on_a_phone_next_to_a_building.jpg,false,,portrait,1.3155113265383989e-07
real_portrait_portrait_090_UNJ3hCbuHXA.jpg,false,,portrait,2.8377584726513305e-07
real_portrait_portrait_148_ofgYwK8j_cQ.jpg,false,,portrait,8.473714387946529e-07
real_portrait_portrait_113_J_I5FfqShJw.jpg,false,,portrait,3.613553474224318e-07
real_portrait_portrait_152_P7ASbD-vHW8.jpg,false,,portrait,1.0139733603864443e-06
real_portrait_portrait_56_a_woman_holding_her_cell_phone_tucked_in_a_wool_cover.jpg,false,,portrait,1.7396706653016736e-07
real_portrait_portrait_107_W80TTxhRRU4.jpg,false,,portrait,1.6892029179871315e-06
real_portrait_portrait_073_yAsJE9nFiFw.jpg,false,,portrait,1.2590341214036016e-07
real_portrait_portrait_091_xX9r2xULy7s.jpg,false,,portrait,2.6375200832262635e-06
real_portrait_portrait_082_QwsCqHTim98.jpg,false,,portrait,9.495712447460392e-07
real_portrait_portrait_132_shb8l1o-0Zk.jpg,false,,portrait,2.6523377528064884e-05
real_portrait_portrait_078_cT4-8tBBJDA.jpg,false,,portrait,4.104093477508286e-06
real_portrait_portrait_160_PEgf72cgr-w.jpg,false,,portrait,2.536669626351795e-06
real_portrait_portrait_038_62Ims7pw_X8.jpg,false,,portrait,3.3083122161770007e-06
real_portrait_portrait_75_a_man_wearing_a_suit_and_tie_and_red_hat_with_a_silver_buckl.jpg,false,,portrait,2.4618196903247735e-07
real_portrait_portrait_051_63KDwZUZQw8.jpg,false,,portrait,1.0980490969814127e-06
real_portrait_portrait_82_a_man_wearing_a_tie_jacket_and_white_shirt.jpg,false,,portrait,3.735891141332104e-06
real_portrait_portrait_52_three_students_check_their_cell_phones_in_a_classroom.jpg,false,,portrait,1.1575825453746802e-07
real_portrait_portrait_063_Qm4yrKLiawY.jpg,false,,portrait,0.04677508771419525
real_portrait_portrait_84_three_young_men_playing_wii_on_a_projection_television.jpg,false,,portrait,1.6019797044464212e-07
real_portrait_portrait_159_o47Lif2bfqI.jpg,false,,portrait,9.573082024871837e-07
real_portrait_portrait_041_vCZFKRZes_0.jpg,false,,portrait,1.6192024077099632e-06
real_portrait_portrait_064_KrLXXQSojYs.jpg,false,,portrait,3.4157128538936377e-06
real_portrait_portrait_112_OxPuMO3zQ9s.jpg,false,,portrait,8.50232140692242e-07
real_portrait_portrait_145_DQ9dW9v65Fc.jpg,false,,portrait,0.0003502782783471048
real_portrait_portrait_117_4XrEyN5sXhA.jpg,false,,portrait,2.57101220313416e-07
real_portrait_portrait_070_kNZd7qT8ASY.jpg,false,,portrait,5.5119089665822685e-06
real_portrait_portrait_146_I03ZQjTt4WI.jpg,false,,portrait,1.482859829593508e-06
real_portrait_portrait_163_6qRpAg4pPEU.jpg,false,,portrait,6.62569846099359e-06
real_portrait_portrait_80_two_men_smiling_and_taking_a_picture_together.jpg,false,,portrait,1.5468847891497717e-07
real_portrait_portrait_150_itdkHUjTuIY.jpg,false,,portrait,1.0950728892566985e-06
real_portrait_portrait_046_k1QqUSvRObc.jpg,false,,portrait,1.7876910760605824e-06
real_portrait_portrait_056_JxbqicKm-ko.jpg,false,,portrait,8.123377597257786e-07
real_portrait_portrait_042_2xf2beBy7Wo.jpg,false,,portrait,0.00021859965636394918
real_portrait_portrait_126_jxltRrbjtdI.jpg,false,,portrait,3.956387899961555e-06
real_portrait_portrait_061_IppB3SB9f6s.jpg,false,,portrait,2.101553349120877e-07
real_portrait_portrait_68_a_photo_of_a_young_male_in_a_suit_jacket_and_tie.jpg,false,,portrait,0.00010923231457127258
real_portrait_portrait_124_Hd2T6EzW_2Q.jpg,false,,portrait,6.826995786468615e-07
real_portrait_portrait_50_a_man_wearing_a_top_hat_and_a_red_tie.jpg,false,,portrait,3.6263617175791296e-07
real_portrait_portrait_057_ZbvHaiUwVfo.jpg,false,,portrait,2.3626962502021343e-06
real_portrait_portrait_079_fGfUJnZD3Mw.jpg,false,,portrait,5.753833193011815e-06
real_portrait_portrait_127_ZhJsD9T_20Q.jpg,false,,portrait,1.7198833290876792e-07
real_portrait_portrait_136_SwcnAmIRZYc.jpg,false,,portrait,6.228672191355145e-07
real_portrait_portrait_110_9iAIfjrSFYw.jpg,false,,portrait,2.851248837032472e-07
real_portrait_portrait_139_5Uvy1WMaUHw.jpg,false,,portrait,1.3583344582457357e-07
real_portrait_portrait_097_JibO_kC6vh4.jpg,false,,portrait,8.930688295549771e-07
real_portrait_portrait_157_jG4xhAmz-uQ.jpg,false,,portrait,2.851988256225013e-06
real_portrait_portrait_141_l7PnmcqTj5Q.jpg,false,,portrait,5.2541026889230125e-06
real_portrait_portrait_125_Oz7_usBqwuY.jpg,false,,portrait,0.00015282152162399143
real_portrait_portrait_143_peP3zrquunA.jpg,false,,portrait,1.1429099686210975e-05
real_portrait_portrait_165_rEKKAV83i-8.jpg,false,,portrait,1.0604766202959581e-06
real_portrait_portrait_069_Q7p9V_xHe08.jpg,false,,portrait,3.1862291507422924e-05
real_portrait_portrait_144_WUhpW32kBek.jpg,false,,portrait,3.0526663863383874e-07
real_portrait_portrait_089_dgGWnapezLs.jpg,false,,portrait,1.6799381228338461e-06
real_portrait_portrait_074_P_pjzMeIbj8.jpg,false,,portrait,4.243709554430097e-06
real_portrait_portrait_036_IHJtKBe9xNs.jpg,false,,portrait,3.011214175785426e-05
real_portrait_portrait_049_-lb-Wob1TeQ.jpg,false,,portrait,2.6572049591777613e-06
real_portrait_portrait_66_a_woman_holding_a_child_wrapped_in_a_towel_brushing_her_teet.jpg,false,,portrait,5.724353968616924e-08
real_portrait_portrait_54_the_young_boy_just_finished_eating_the_banana.jpg,false,,portrait,2.7422572657087585e-07
real_portrait_portrait_60_there_are_people_playing_a_soccer_game_on_the_field.jpg,false,,portrait,1.4993252079875674e-06
real_portrait_portrait_166_w-pEeDGN1w0.jpg,false,,portrait,1.124626760429237e-05
real_portrait_portrait_123_o1iV6Di2FX0.jpg,false,,portrait,1.643145878915675e-06
real_portrait_portrait_162_1kJy_HK3eGI.jpg,false,,portrait,9.462289199291263e-06
real_portrait_portrait_108_xz-qq9KNgwk.jpg,false,,portrait,1.2915791103296215e-06
real_portrait_portrait_149_qj1vIzXOtYo.jpg,false,,portrait,4.020801611659408e-07
real_portrait_portrait_164_qk6CnpKNmVw.jpg,false,,portrait,6.204554665600881e-07
real_portrait_portrait_131_rcXU8Tezb_k.jpg,false,,portrait,4.6659991426167835e-07
real_portrait_portrait_053_oKA8kDSZpCc.jpg,false,,portrait,2.9014933033977286e-07
real_portrait_portrait_066_bSNJ6R5Qrt4.jpg,false,,portrait,1.3410509609457222e-06
real_portrait_portrait_120_WSxluGgdlFQ.jpg,false,,portrait,2.1943414196812228e-07
real_portrait_portrait_169_-7JAEi4PhTU.jpg,false,,portrait,3.4087141102645546e-05
real_portrait_portrait_158_8kDx62gZRzk.jpg,false,,portrait,3.824006853392348e-06
real_portrait_portrait_052_FvrjfNKpITc.jpg,false,,portrait,1.6069678565600043e-07
real_portrait_portrait_088_iMYRUK-oadw.jpg,false,,portrait,6.581486786672031e-07
real_portrait_portrait_154_fXik2Do-bB4.jpg,false,,portrait,6.960477776374319e-07
real_portrait_portrait_080_uOnxXwB3KNE.jpg,false,,portrait,3.219097834517015e-06
real_portrait_portrait_106_ZzNLsAPymuI.jpg,false,,portrait,2.8645899874391034e-06
real_portrait_portrait_111_tEQV_wnx3U8.jpg,false,,portrait,2.705203769437503e-06
real_product_product_161_paw_7bdZ8Xg.jpg,false,,product,2.926160277638701e-06
real_product_product_118_0ON2rLuvo5c.jpg,false,,product,3.7755691550955817e-07
real_product_product_035_s9TJ2ncyLcQ.jpg,false,,product,1.8279939467902295e-05
real_product_product_162_iCW61HY_vjg.jpg,false,,product,2.948588075923908e-07
real_product_product_039_AaRflAurGmg.jpg,false,,product,1.0231380656477995e-05
real_product_product_140_xRyL63AwZFE.jpg,false,,product,8.999771239359688e-07
real_product_product_067_IWOOT4ChLjM.jpg,false,,product,2.1198034119152e-06
real_product_product_066_-jXsYZeA7tQ.jpg,false,,product,1.1891861504409462e-05
real_product_product_70_a_young_woman_sitting_cross_legged_on_an_apartment_sofa.jpg,false,,product,3.686392062718369e-07
real_product_product_115_a0dGKKDQUQ8.jpg,false,,product,8.203869583667256e-06
real_product_product_130_BDFWZ3fLxrg.jpg,false,,product,0.00010288164048688486
real_product_product_094_oZzoDW61aoM.jpg,false,,product,0.00707778288051486
real_product_product_077_oyr64kMIz98.jpg,false,,product,5.769856215920299e-06
real_product_product_50_a_living_room_filled_with_furniture_and_decor.jpg,false,,product,4.5027789496998594e-07
real_product_product_168_qsYM_gFgliw.jpg,false,,product,3.214016430774791e-07
real_product_product_125_Re8T5DwoMic.jpg,false,,product,1.063116428667854e-06
real_product_product_166_P_fMqU34A3I.jpg,false,,product,9.960517672880087e-07
real_product_product_046_G59UIKfHz6o.jpg,false,,product,0.0014995884848758578
real_product_product_139_5JuLcub3dYg.jpg,false,,product,6.980985745030921e-06
real_product_product_058_fX8leXj8Q4o.jpg,false,,product,1.13568830784061e-06
real_product_product_087__vAuxGCAfjQ.jpg,false,,product,1.4530016301250726e-07
real_product_product_078_1UFTd1eRamE.jpg,false,,product,8.619953746347164e-07
real_product_product_80_kitchen_area_with_counter_top_space_and_dining_room_table.jpg,false,,product,2.0973907055577e-07
real_product_product_81_a_pizza_sitting_on_top_of_a_plate_next_to_a_foil_bag_of_food.jpg,false,,product,8.495442216371885e-08
real_product_product_60_three_laptop_computers_and_a_desktop_computer_sit_next_to_ea.jpg,false,,product,5.4785360248388315e-08
real_product_product_042_NydHbLFLoS8.jpg,false,,product,3.68660357707995e-06
real_product_product_050_udHDq62Dgpc.jpg,false,,product,2.2379997517418815e-06
real_product_product_145_F7FhTijeOG8.jpg,false,,product,8.522526968590682e-07
real_product_product_137_OmfMncXSshw.jpg,false,,product,2.9299297239049338e-05
real_product_product_041_iW1l64BMMR0.jpg,false,,product,2.5914215484590386e-07
real_product_product_103_i4Tv0A_n4EQ.jpg,false,,product,2.1464098608703353e-05
real_product_product_073_m3MWJTeKGBg.jpg,false,,product,1.698752930678893e-05
real_product_product_036_ww2S2eKgbKE.jpg,false,,product,7.209716841316549e-06
real_product_product_111_utu66oQU6vI.jpg,false,,product,1.8149141396861523e-05
real_product_product_68_a_woman_holding_a_cigarette_smiling_at_the_camera_on_a_sunny.jpg,false,,product,3.389107519069512e-07
real_product_product_045_00y8k1-0DlA.jpg,false,,product,9.86955055850558e-05
real_product_product_63_a_picture_of_a_cluttered_home_office_desk.jpg,false,,product,9.573515313832104e-08
real_product_product_54_young_children_sharing_a_laptop_in_a_messy_room_with_several.jpg,false,,product,5.780297485102892e-08
real_product_product_079_8LotN6HsaT4.jpg,false,,product,5.504086220753379e-05
real_product_product_095_UaaqY7j09B8.jpg,false,,product,1.7635037465879577e-06
real_product_product_71_the_child_smiles_brightly_while_being_handed_a_pink_umbrella.jpg,false,,product,1.940311307180309e-07
real_product_product_101_G6ntxf-QoSI.jpg,false,,product,6.273242888710229e-06
real_product_product_66_a_woman_holding_up_a_large_carrot_in_a_backyard.jpg,false,,product,3.279308486980881e-07
real_product_product_099_s_IHISlORGo.jpg,false,,product,7.501956815758604e-07
real_product_product_069_3dVjKoVYgD0.jpg,false,,product,1.3243709418020444e-06
real_product_product_061_nRVn-_k1uMI.jpg,false,,product,3.383636908438348e-07
real_product_product_64_a_cat_lying_down_in_a_sink_in_a_bathroom.jpg,false,,product,9.777205889349716e-08
real_product_product_049_9ouht2FSTDU.jpg,false,,product,1.0868715435208287e-05
real_product_product_104_CoNkFbYZzBI.jpg,false,,product,8.849197570270917e-07
real_product_product_144_TE4vKu9w5lI.jpg,false,,product,2.033830526215752e-07
real_product_product_076_MhPJdWYWbWI.jpg,false,,product,8.246039442383335e-07
real_product_product_77_a_motorized_cart_fills_a_train_with_luggage.jpg,false,,product,2.30869034112402e-07
real_product_product_106_kF8pH4lMkyc.jpg,false,,product,5.517250656339456e-07
real_product_product_068_fUd_0iyYFVg.jpg,false,,product,4.938641723128967e-06
real_product_product_73_a_laptop_in_a_bright_yellow_coffee_house.jpg,false,,product,3.3607071259211807e-07
real_product_product_127_EIH4dHgb6Tg.jpg,false,,product,2.277189878441277e-06
real_product_product_149_KBqiQ6coMcI.jpg,false,,product,5.80441053443792e-07
real_product_product_72_a_group_of_people_are_reading_a_menu_at_the_table.jpg,false,,product,8.309525014738028e-07
real_product_product_085_Si69OZ_9tg0.jpg,false,,product,2.604436133424315e-07
real_product_product_083_OAlYImdG1IQ.jpg,false,,product,1.015061752696056e-05
real_product_product_141_92bRtruSyPU.jpg,false,,product,1.1663850045806612e-06
real_product_product_117_vnCxhLnaxS8.jpg,false,,product,2.264410795760341e-06
real_product_product_105_skF1azpN4rk.jpg,false,,product,9.040994655151735e-07
real_product_product_072_9rWHrdJfZBw.jpg,false,,product,6.441387085942551e-07
real_product_product_132_aJm2XW384QA.jpg,false,,product,1.1421298950153869e-05
real_product_product_057_AZiyMfuAum4.jpg,false,,product,1.2663668940149364e-06
real_product_product_097_g1MocwsEZhI.jpg,false,,product,2.6546393883108976e-07
real_product_product_74_two_computers_sitting_on_top_of_a_desk.jpg,false,,product,6.026468781783478e-07
real_product_product_043_B8_YF4fjPwo.jpg,false,,product,1.0824577657331247e-05
real_product_product_047_BXlSfmhVEzE.jpg,false,,product,2.5841711703833425e-06
real_product_product_062_4Q4LpNP-UAs.jpg,false,,product,3.619684503064491e-05
real_product_product_69_a_desk_with_a_cup_plate_laptop_monitor_and_keyboard.jpg,false,,product,1.3284829947224353e-07
real_product_product_133_5GibcyAX20Q.jpg,false,,product,7.765916961943731e-05
real_product_product_170_z14hF-2ssM0.jpg,false,,product,3.418058895476861e-06
real_product_product_120_63EhFafADqI.jpg,false,,product,1.4749626643606462e-05
real_product_product_086_vWR6FDWA5hk.jpg,false,,product,4.693299160862807e-06
real_product_product_100_Pledx042HMI.jpg,false,,product,0.004359272308647633
real_product_product_053_AxdlcxaModc.jpg,false,,product,0.004162475001066923
real_product_product_110_9yY6qj6N4Ek.jpg,false,,product,1.4032018214038544e-07
real_product_product_138_gR8QukPoAvQ.jpg,false,,product,7.696518764532811e-07
real_product_product_090_xepikEyPgmI.jpg,false,,product,3.7369754863902926e-05
real_product_product_165_b2_pVdk4lGI.jpg,false,,product,2.6789757612277754e-07
real_product_product_136_TH4Ug5gGgD8.jpg,false,,product,2.2581366465601604e-07
real_product_product_096_1CQjStL89kQ.jpg,false,,product,7.547214045189321e-05
real_product_product_52_a_room_with_a_desktop_computer_and_a_picture_of_a_mummy.jpg,false,,product,9.073517759361494e-08
real_product_product_044_P3BwhD8sa6M.jpg,false,,product,3.4122224406019086e-06
real_product_product_084__pA5RUGRPvg.jpg,false,,product,3.859030766761862e-05
real_product_product_153_CjcqO587KRI.jpg,false,,product,7.298279342649039e-06
real_product_product_071_XYq2hcSmakA.jpg,false,,product,3.402635115890007e-07
real_product_product_129_bQjEEII7G5E.jpg,false,,product,5.059887371317018e-07
real_product_product_164_pNRLVLA1gNU.jpg,false,,product,3.9812966861063614e-05
real_product_product_67_a_floor_filled_with_the_contents_of_a_womans_bag.jpg,false,,product,2.8862783096883504e-07
real_product_product_158_Ow4X45p6mIw.jpg,false,,product,6.108319666964235e-06
real_product_product_123_T4xh5oV8LuY.jpg,false,,product,3.6431495118449675e-06
real_product_product_147_Dx47EsVBnEo.jpg,false,,product,1.1245088899158873e-05
real_product_product_148_UlNDzqInCXk.jpg,false,,product,1.1896418072865345e-06
real_product_product_064_A_fBQe39A4k.jpg,false,,product,1.5927033018670045e-05
real_product_product_169_en-RjVJurms.jpg,false,,product,0.00018491920491214842
real_product_product_088_XLnkWVCPuoU.jpg,false,,product,1.2596814485732466e-05
real_product_product_61_a_marine_that_is_looking_at_his_cell_phone.jpg,false,,product,5.115271619615669e-07
real_product_product_109_UuAs_sR4frs.jpg,false,,product,0.004568661097437143
real_product_product_056_ZQm_wg8jxhI.jpg,false,,product,9.116840260503523e-07
real_product_product_052_Lwqv4tEIKOU.jpg,false,,product,5.595488801191095e-07
real_product_product_093_MzFclBeMwSo.jpg,false,,product,3.859969183395151e-06
real_product_product_082_gRPFfk_c0HE.jpg,false,,product,9.943650366039947e-05
real_product_product_055_PMhYnFuj1ls.jpg,false,,product,3.262055940922437e-07
real_product_product_152_eORbhX0F4_4.jpg,false,,product,1.6591077667271747e-07
real_product_product_160_iwwMFnt1GTc.jpg,false,,product,1.1179978173458949e-05
real_product_product_75_a_computer_mouse_is_beside_a_notebook_computer.jpg,false,,product,4.57536657449964e-08
real_product_product_122_TVWBH7UHQ7Y.jpg,false,,product,1.2952325505466433e-06
real_product_product_070_LDlC-35X2uU.jpg,false,,product,1.5496046898988425e-06
real_product_product_051_MdZFPwlWMYs.jpg,false,,product,1.5427393691425095e-06
real_product_product_060_RAmpnn20rmY.jpg,false,,product,2.536263309593778e-06
real_product_product_143_kVuPfz-3HKw.jpg,false,,product,1.2009187457806547e-06
real_product_product_034_VlgzxZZKQOQ.jpg,false,,product,4.993678885512054e-06
real_product_product_128_wk8ilTaXqw4.jpg,false,,product,3.033771281479858e-05
real_product_product_82_a_crowd_of_people_with_umbrellas_on_a_street.jpg,false,,product,1.76442574684188e-06
real_product_product_119_0QP-0DUaCo4.jpg,false,,product,2.348269845242612e-07
real_product_product_159_AWWUNRA1KFw.jpg,false,,product,0.00033032838837243617
real_product_product_57_a_big_fancy_glass_chandelier_hanging_in_a_small_kitchen.jpg,false,,product,2.0851135218435957e-07
real_product_product_124_yb3hsmz4utg.jpg,false,,product,1.6573128505115164e-06
real_product_product_78_a_woman_with_suitcases_waiting_for_a_train.jpg,false,,product,8.455189970391075e-08
real_product_product_155_fSoJ_Kj59zs.jpg,false,,product,5.900349719922815e-07
real_product_product_156_qiMmrWdYZfg.jpg,false,,product,3.7624604942720907e-07
real_product_product_121_mFFATULxMBU.jpg,false,,product,1.4581019058823586e-06
real_product_product_134_n1bbNrNSJH8.jpg,false,,product,2.997707633767277e-05
real_product_product_074_y26NHYSTZRk.jpg,false,,product,2.06001359970287e-07
real_product_product_135_YZIdz19jhqs.jpg,false,,product,1.5771131245401193e-07
real_product_product_58_a_beautiful_woman_taking_a_picture_with_her_smart_phone.jpg,false,,product,9.573496839720974e-08
real_product_product_51_a_group_of_people_walking_across_a_busy_city_street.jpg,false,,product,6.738641786796506e-07
real_product_product_098_pkfwwofpNUw.jpg,false,,product,0.25402265787124634
real_product_product_081_e6z6DVc_JqQ.jpg,false,,product,1.1296876891719876e-06
real_product_product_76_a_man_in_a_gray_shirt_holds_his_phone_as_he_sits_by_a_man_in.jpg,false,,product,7.495600584661588e-08
real_product_product_037_sxh5dE2bD50.jpg,false,,product,6.862617283331929e-06
real_product_product_091_kcy3tHgHpcs.jpg,false,,product,0.00029732336406596005
real_product_product_048__CSr-_ZICSY.jpg,false,,product,5.5514436098746955e-05
real_product_product_167_xWeSCy5BdfI.jpg,false,,product,8.262505616585258e-06
real_product_product_107_xVptEZzgVfo.jpg,false,,product,0.00019768312631640583
real_product_product_151_ICAxsNRt_WM.jpg,false,,product,1.2666975635511335e-05
real_product_product_038_3Cgmcux-cpY.jpg,false,,product,3.6478393212746596e-06
real_product_product_56_two_computer_monitors_are_turned_on_on_a_computer_desk.jpg,false,,product,8.03168731522419e-08
real_product_product_054_eAaoUuAMb7M.jpg,false,,product,9.095825248550682e-07
real_product_product_163_r1BS0pzlr1M.jpg,false,,product,3.7160880310693756e-06
real_product_product_108_5GKdpmo0wI8.jpg,false,,product,1.6296485227940138e-06
real_product_product_112_aokIiOCtnXk.jpg,false,,product,2.5511144485790282e-06
real_product_product_62_a_few_different_computers_are_placed_on_the_desk.jpg,false,,product,1.7368093097047677e-07
real_product_product_102_kjfdacDML9M.jpg,false,,product,5.915866836403438e-07
real_product_product_150_kFDyajOyqTA.jpg,false,,product,9.946943464456126e-07
real_product_product_59_a_refrigerator_next_to_a_red_wall_in_the_kitchen.jpg,false,,product,1.781212688456435e-07
real_product_product_059_Lcqz6UUKXRU.jpg,false,,product,3.121244390058564e-06
real_product_product_089_IYvYz0j7zpA.jpg,false,,product,1.0674671102606226e-05
real_product_product_092_7QyUPe30vqU.jpg,false,,product,6.418906650651479e-07
real_product_product_116_xUpbmUINv9o.jpg,false,,product,1.728990469018754e-06
real_product_product_142_oNte8riFdX0.jpg,false,,product,5.1884112508560065e-06
real_product_product_146_wW1raPiIJIU.jpg,false,,product,7.048094175843289e-06
real_product_product_79_a_group_of_commuters_standing_around_a_train_station.jpg,false,,product,9.89271711659967e-07
real_product_product_126_MHBJeSSQfx8.jpg,false,,product,2.621950727643707e-07
real_product_product_065_Yu-xv5OzGgo.jpg,false,,product,2.310421507445426e-07
real_product_product_113_pOCcShZwNcs.jpg,false,,product,1.2532350410765503e-05
real_product_product_075_MUv_7l-GRKU.jpg,false,,product,5.202889042266179e-06
real_product_product_55_there_is_a_lap_top_computer_on_the_desk.jpg,false,,product,3.925090297229872e-08
real_product_product_157_fVIiTknYim8.jpg,false,,product,4.477268248592736e-06
real_product_product_65_people_laying_in_chairs_walking_and_playing_in_the_water_on.jpg,false,,product,8.494243530776657e-08
real_product_product_154_nwhqGZ5DcOY.jpg,false,,product,2.2371973500412423e-06
real_product_product_080_QESicPqs_XE.jpg,false,,product,2.9405455848063866e-07
real_product_product_063_cD_obz7W774.jpg,false,,product,0.00024521956220269203
real_product_product_53_a_woman_walking_next_to_a_man_riding_a_pink_bike.jpg,false,,product,1.8627037206897512e-05
real_product_product_131_F-e4-hd1-oA.jpg,false,,product,5.688671080861241e-06
real_product_product_040_uWrLpDAT81g.jpg,false,,product,1.924972821143456e-06
real_product_product_114_vGhpfizChpY.jpg,false,,product,1.7889427681438974e-06
real_food_food_084_-BSvBlnCvUU.jpg,false,,food,2.094788129625158e-07
real_food_food_58_man_cutting_a_cake_on_the_table_in_the_kitchen.jpg,false,,food,2.0079340856682393e-07
real_food_food_035_91czTE5wmCg.jpg,false,,food,1.309622257394949e-05
real_food_food_039_pGCwAAk04BU.jpg,false,,food,2.656461401784327e-05
real_food_food_157_-dm8WfhnQU4.jpg,false,,food,4.1543262341292575e-05
real_food_food_141_MUdGuohE-Mk.jpg,false,,food,0.0014642954338341951
real_food_food_159_K3q1KVUeGQY.jpg,false,,food,3.508061126922257e-05
real_food_food_117_dv5SSMfXbs4.jpg,false,,food,7.767966053506825e-06
real_food_food_131_l8Y9fVgxrEE.jpg,false,,food,7.039712386358588e-07
real_food_food_170_rDLBArZUl1c.jpg,false,,food,3.272619153449341e-07
real_food_food_123_49EKj06dQCc.jpg,false,,food,7.25519385014195e-07
real_food_food_155_h5yMpgOI5nI.jpg,false,,food,2.8759204724337906e-05
real_food_food_165_9PDBbyJc2eE.jpg,false,,food,6.957000096008414e-07
real_food_food_063_bgHJL294VVY.jpg,false,,food,4.7598840069440485e-07
real_food_food_118_xXIRSZmzvU8.jpg,false,,food,1.2029545359837357e-06
real_food_food_037_dQIcaRtNZtQ.jpg,false,,food,9.111051440413576e-06
real_food_food_110_o8PCoxDO8PQ.jpg,false,,food,5.691568276233738e-06
real_food_food_59_a_white_plate_with_some_food_and_two_trays_of_sauce.jpg,false,,food,1.0822592457770952e-06
real_food_food_81_a_table_topped_with_plates_bowls_and_containers_of_food.jpg,false,,food,3.126404408249073e-05
real_food_food_056_qw6_11-Ob48.jpg,false,,food,5.110608526592841e-06
real_food_food_169_T5Pm7ZId3sc.jpg,false,,food,0.0010478197364136577
real_food_food_048_BxY-nv-RBsA.jpg,false,,food,2.987620746353059e-06
real_food_food_036_HkaSi5Fvc0s.jpg,false,,food,4.7618004828109406e-07
real_food_food_077_LOdAL10JejI.jpg,false,,food,6.277835200307891e-05
real_food_food_069_av5GTf-KxcI.jpg,false,,food,7.366705858657951e-07
real_food_food_152_gDwonOrdh0Q.jpg,false,,food,4.4460523440648103e-07
real_food_food_68_a_bunch_of_oranges_are_sitting_in_a_clear_fruit_bowl.jpg,false,,food,2.5559504592820304e-06
real_food_food_167_3Vr4qQvQn34.jpg,false,,food,1.7114116417360492e-05
real_food_food_163_vExD0Y0Aei0.jpg,false,,food,3.7521265312534524e-06
real_food_food_151_FyDHcvRi3QI.jpg,false,,food,1.535898377369449e-06
real_food_food_135_jdcifvdsJZg.jpg,false,,food,1.3091513437757385e-06
real_food_food_57_the_meal_of_fish_has_a_side_of_broccoli.jpg,false,,food,9.416663715455798e-08
real_food_food_164_1Uqr_jqi3c4.jpg,false,,food,3.2680250683370105e-07
real_food_food_072_t1_BuMsRRsI.jpg,false,,food,1.3379630559029465e-07
real_food_food_096_JVd2FchPjCg.jpg,false,,food,2.971900983084197e-07
real_food_food_114_ozVQrfENFOs.jpg,false,,food,8.894165830497514e-07
real_food_food_78_three_round_plates_filled_with_artistically_presented_food.jpg,false,,food,5.210781139908249e-08
real_food_food_051_GCEK8Jo_vGM.jpg,false,,food,1.6391282997574308e-06
real_food_food_130_QYU_U2wXxig.jpg,false,,food,6.061728186068649e-07
real_food_food_089_sp2lfKOUzAM.jpg,false,,food,0.000530102348420769
real_food_food_52_a_kitchen_that_has_a_table_and_a_chair.jpg,false,,food,3.1865664595898124e-07
real_food_food_149_G8qVZEiyCJU.jpg,false,,food,1.422716309207317e-06
real_food_food_078_tz0moLxAMCc.jpg,false,,food,5.144512442711857e-07
real_food_food_080_zyLgpFi4Tvg.jpg,false,,food,1.0928193887593807e-06
real_food_food_068_aFa_Fu12bj8.jpg,false,,food,1.606893420103006e-05
real_food_food_050_M5kI-5OFviE.jpg,false,,food,2.5101115852521616e-07
real_food_food_034_dY7ONzZzoU8.jpg,false,,food,4.3638301860937645e-08
real_food_food_143_1fxcQYy5OXc.jpg,false,,food,4.143275305068528e-07
real_food_food_148_6dC5tYPiD2s.jpg,false,,food,2.769627940324426e-07
real_food_food_64_a_kitchen_with_a_bright_window_and_house_plants.jpg,false,,food,1.230535104923547e-07
real_food_food_046_YQPTf86GvpM.jpg,false,,food,4.1124426388705615e-06
real_food_food_052_n5Wvn6wU1Xw.jpg,false,,food,2.2367163410308422e-07
real_food_food_80_a_lot_of_food_that_are_in_some_baskets.jpg,false,,food,3.552312932697532e-07
real_food_food_124_hhZDn50B17c.jpg,false,,food,8.719777724763844e-06
real_food_food_139_8v38azmFYr8.jpg,false,,food,5.69670410186518e-05
real_food_food_094_9oUL0x_puck.jpg,false,,food,1.8002748447543127e-07
real_food_food_075_SidputyP-eE.jpg,false,,food,3.345930508658057e-06
real_food_food_053_rf0XgpH-2ao.jpg,false,,food,6.502534120045311e-07
real_food_food_67_a_person_adjusting_a_metal_object_hanging_from_a_ceiling.jpg,false,,food,9.940802669916593e-08
real_food_food_53_a_group_of_people_sitting_around_a_table_filled_with_food.jpg,false,,food,2.071771518785681e-07
real_food_food_104_0byawXfQl5c.jpg,false,,food,5.566359391195874e-07
real_food_food_125_NNddPCQDhyw.jpg,false,,food,1.7741851934260922e-06
real_food_food_128_GVxJRsudSIU.jpg,false,,food,3.2295527034875704e-06
real_food_food_079_POg3Z47YPkM.jpg,false,,food,1.743754751259985e-06
real_food_food_72_a_newly_married_couple_sharing_a_piece_of_there_wedding_cake.jpg,false,,food,1.8704727722251846e-07
real_food_food_055_dSZQC7vVf5M.jpg,false,,food,4.6841230982863635e-07
real_food_food_54_two_birds_preparing_to_eat_food_off_of_a_plate_that_was_left.jpg,false,,food,2.722736383020674e-07
real_food_food_138_E1ZwXiBD7LA.jpg,false,,food,7.183241450547939e-07
real_food_food_147_cRPz6-ryzSg.jpg,false,,food,1.1048953041381537e-07
real_food_food_054_mV4oTSZR4eA.jpg,false,,food,1.0433035640744492e-05
real_food_food_62_a_man_that_is_sitting_down_on_a_bench_in_front_of_a_table.jpg,false,,food,1.8011438385201473e-07
real_food_food_61_food_on_a_train_with_a_pie_and_some_vegetable.jpg,false,,food,4.4952230382477865e-07
real_food_food_50_bride_and_grooms_arms_cutting_the_wedding_cake_with_fruit_on.jpg,false,,food,1.0661750593499164e-07
real_food_food_56_a_breakfast_plate_with_toast_vegetables_eggs_and_meat.jpg,false,,food,3.1063444794199313e-07
real_food_food_038_eD3gkNVlm94.jpg,false,,food,2.3159653039783734e-07
real_food_food_132_ONeUTPIkoEs.jpg,false,,food,6.856349727968336e-07
real_food_food_093_7DpEKohpOhQ.jpg,false,,food,1.864081013991381e-06
real_food_food_137_AELjKcCaNSk.jpg,false,,food,1.1983750880517618e-07
real_food_food_070_4l5BlL6OX7A.jpg,false,,food,0.0013151291059330106
real_food_food_090_YwH212PJk0Q.jpg,false,,food,2.978136535602971e-06
real_food_food_121_xd0g61tGBgc.jpg,false,,food,3.56080619212662e-07
real_food_food_133_PMOAfRP_kLI.jpg,false,,food,5.984408630865801e-07
real_food_food_150_tIvWsbppj5k.jpg,false,,food,4.3622253542707767e-07
real_food_food_059_ELISIYFi-ws.jpg,false,,food,1.373638411905631e-07
real_food_food_140_PBXZSIQ0XTg.jpg,false,,food,3.553271881173714e-07
real_food_food_75_a_group_of_people_that_are_standing_in_front_of_a_island.jpg,false,,food,1.458039264434774e-06
real_food_food_062_JZ5WREw9664.jpg,false,,food,1.2947415598318912e-05
real_food_food_098__WuZ9cOPc6M.jpg,false,,food,1.248847922852292e-07
real_food_food_044_s-4i34Z07To.jpg,false,,food,1.2625647514141747e-06
real_food_food_064_cuaxqIA_pk0.jpg,false,,food,2.3839533014324843e-07
real_food_food_074_v9MpHbQimqY.jpg,false,,food,2.1497120542335324e-05
real_food_food_156_XU1-sAMZFqc.jpg,false,,food,6.55357837331394e-07
real_food_food_120_raakZHcgWWw.jpg,false,,food,0.0005402141832746565
real_food_food_060_dUeD4im5YSQ.jpg,false,,food,4.762299795402214e-06
real_food_food_145_aw47u5DHXEg.jpg,false,,food,1.950191972355242e-07
real_food_food_058_ue4AfKGEQoA.jpg,false,,food,8.940880320551514e-07
real_food_food_127_OKT6Ce9fwqI.jpg,false,,food,2.4588639462308493e-06
real_food_food_067_3OSiYv09hhs.jpg,false,,food,2.0262928046577144e-06
real_food_food_168_sFPxZsn8cwU.jpg,false,,food,3.354949171807675e-07
real_food_food_091_nrfSpR3_4yE.jpg,false,,food,2.239916057078517e-07
real_food_food_144_YvEGiuPZ0Sg.jpg,false,,food,0.000547800853382796
real_food_food_107_f87RdAQSoJk.jpg,false,,food,2.6501720640226267e-07
real_food_food_126_AgWVcQz1bOA.jpg,false,,food,4.783935310115339e-07
real_food_food_158_j1KUsXahuXk.jpg,false,,food,3.0869333045302483e-07
real_food_food_049_BPsqF6C_Ou8.jpg,false,,food,3.14759722641611e-06
real_food_food_042_pyFWN-TrXvk.jpg,false,,food,1.936054104589857e-06
real_food_food_111_GlWOWrJXk5s.jpg,false,,food,2.386324013059493e-06
real_food_food_71_belgium_waffle_loaded_with_bananas_topped_with_powdered_suga.jpg,false,,food,5.976058901069337e-07
real_food_food_092_69P8Y4ErG0Y.jpg,false,,food,5.52407800569199e-05
real_food_food_73_a_plate_with_bacon_eggs_and_hamburger_topped_with_bananas.jpg,false,,food,5.9349048342483e-07
real_food_food_076_IrM6Fvhmc9k.jpg,false,,food,6.697050025650242e-07
real_food_food_136_ZHW1qo-VRXM.jpg,false,,food,7.997612101462437e-07
real_food_food_083_HgoEnDWOGrA.jpg,false,,food,0.001488462439738214
real_food_food_109_HbQj2RAanTs.jpg,false,,food,6.309740911092376e-06
real_food_food_043_siHk8IfK_Ec.jpg,false,,food,0.0006886090850457549
real_food_food_113_n2sQQ6XjqfE.jpg,false,,food,0.24275986850261688
real_food_food_82_a_kitchen_with_a_center_white_island_topped_with_a_bowl_of_g.jpg,false,,food,8.499932135919153e-08
real_food_food_51_a_bowl_of_some_broccoli_that_is_chopped.jpg,false,,food,1.0235601877184308e-07
real_food_food_154_VpjPHuFAI-4.jpg,false,,food,2.0427833078429103e-06
real_food_food_162_f4GdYFpUyH8.jpg,false,,food,4.702886826635222e-07
real_food_food_045_iRVq6avVGDE.jpg,false,,food,4.78302763440297e-06
real_food_food_129_3P0BmvFk5rg.jpg,false,,food,6.79497347277902e-08
real_food_food_74_a_sandwich_with_nachos_and_a_salad_on_a_plate.jpg,false,,food,4.675353295624518e-07
real_food_food_071_9cH-uVU__0c.jpg,false,,food,1.4147130400488095e-07
real_food_food_79_a_tray_of_various_foods_next_to_drinks_on_a_table.jpg,false,,food,4.456158819721168e-08
real_food_food_115_YjJFJDai9zg.jpg,false,,food,2.6129047910217196e-05
real_food_food_100_OSwea3yxjT0.jpg,false,,food,4.980287258149474e-07
real_food_food_088_QPKJZvqMaDs.jpg,false,,food,1.9038483515032567e-05
real_food_food_040_a7nzCe8FlT4.jpg,false,,food,3.8300183291539724e-07
real_food_food_108_ixC7gmLcKaQ.jpg,false,,food,0.00010751972149591893
real_food_food_63_a_man_preparing_food_in_a_restaurant_kitchen.jpg,false,,food,1.5173300482729246e-07
real_food_food_066_s0oNVwpU9NE.jpg,false,,food,2.88453338725958e-06
real_food_food_134_T-tgZmKFRZU.jpg,false,,food,1.6249306327154045e-06
real_food_food_161_AX8z0xXzrUo.jpg,false,,food,1.903272163872316e-06
real_food_food_69_a_scene_of_an_apartment_with_a_dining_table_and_a_couple_of.jpg,false,,food,3.4518444635978085e-07
real_food_food_073_kswmO8BRzQQ.jpg,false,,food,8.950555070441624e-07
real_food_food_66_a_plate_of_bananas_and_sliced_oranges_covered_in_butterflies.jpg,false,,food,4.035506719901605e-07
real_food_food_102_DuObvMLmc8M.jpg,false,,food,7.739356533420505e-07
real_food_food_097_jT86IpheR2w.jpg,false,,food,1.9175657143932767e-05
real_food_food_103_Fff5ve-rGVA.jpg,false,,food,0.00028991722501814365
real_food_food_081_lgvvFFplBHw.jpg,false,,food,2.0485715594986686e-06
real_food_food_041_qDdv33C-BSw.jpg,false,,food,7.169415312091587e-06
real_food_food_085_WT_nZUfAmBc.jpg,false,,food,1.1015943073289236e-06
real_food_food_047_qpZlQ8IIghI.jpg,false,,food,0.0039708418771624565
real_food_food_160_uRqMI5Nw4Yc.jpg,false,,food,0.0003673304745461792
real_food_food_065_Q5QspluNZmM.jpg,false,,food,1.4214930388334324e-06
real_food_food_119_47urRDhCphA.jpg,false,,food,2.788449819490779e-06
real_food_food_095_WY_EKY3taJE.jpg,false,,food,5.503477495949483e-07
real_food_food_087_oYllk_NdgA0.jpg,false,,food,2.593127646832727e-05
real_food_food_061_DCZGNIZjz_Q.jpg,false,,food,0.00032650644425302744
real_food_food_65_a_small_bowl_of_fruit_on_a_table.jpg,false,,food,1.4792751699133078e-06
real_food_food_76_three_bowls_filled_with_vegetables_on_top_of_a_table.jpg,false,,food,1.704176639805155e-07
real_food_food_146_fv7ttjeTgyM.jpg,false,,food,2.1370567537815077e-06
real_food_food_70_a_sandwich_sitting_on_top_of_a_pile_of_fries.jpg,false,,food,1.4990077090715204e-07
real_food_food_099_gyaPIZZjV_A.jpg,false,,food,5.7838934708343e-07
real_food_food_057_v8-cAH5cmTU.jpg,false,,food,5.472824341268279e-06
real_food_food_77_a_bowl_that_has_soup_and_a_spoon_in_it.jpg,false,,food,4.327993519837037e-05
real_food_food_166_lZ98dwbkTws.jpg,false,,food,1.5653162108719698e-06
real_food_food_082_w-LpijUp8yw.jpg,false,,food,1.2131504263379611e-06
real_food_food_101_OZhdQm_OjX4.jpg,false,,food,5.886939220545173e-07
real_food_food_153_Rh8vxWHc5DA.jpg,false,,food,2.8849715818068944e-05
real_food_food_112_T8I3UuK-QXY.jpg,false,,food,8.809638529783115e-07
real_food_food_106_0b4sfNTqBLU.jpg,false,,food,1.2783261809090618e-06
real_food_food_105_jCTo3MAtzjA.jpg,false,,food,2.3693992545759102e-07
real_food_food_122_4Y_bVu4j0cA.jpg,false,,food,1.2393104952934664e-05
real_food_food_142_YY5uHzZV6Wo.jpg,false,,food,1.3941025827080011e-06
real_food_food_086_lz8rih2cNJQ.jpg,false,,food,7.672657034163421e-07
real_food_food_55_a_beautiful_dessert_waiting_to_be_shared_by_two_people.jpg,false,,food,8.272143503518237e-08
real_food_food_116_dpQqhZRyF7w.jpg,false,,food,9.196130577038275e-07
real_food_food_60_two_computers_sitting_on_top_of_a_desk.jpg,false,,food,6.026468781783478e-07
real_animal_animal_141_L79Jcm80Y3U.jpg,false,,animal,5.025635800848249e-06
real_animal_animal_050_CBK17BPteJE.jpg,false,,animal,2.5112085495493375e-06
real_animal_animal_044_7pMTQP_kIhg.jpg,false,,animal,6.166535513330018e-07
real_animal_animal_132_J4DL0onKVng.jpg,false,,animal,3.589425887184916e-06
real_animal_animal_50_a_calico_cat_drinking_from_a_sink_faucet.jpg,false,,animal,1.24620441965817e-07
real_animal_animal_142_ScLYGfuCqQg.jpg,false,,animal,3.0699748094775714e-06
real_animal_animal_061_KKK-mavLRIY.jpg,false,,animal,0.0001203941719722934
real_animal_animal_131_NoNqa205O40.jpg,false,,animal,5.50153208678239e-06
real_animal_animal_163_ujOHucbnC94.jpg,false,,animal,2.0315924302849453e-06
real_animal_animal_058_UsDyOmKQjzo.jpg,false,,animal,1.3911892892792821e-05
real_animal_animal_118_O-dnv951XTY.jpg,false,,animal,4.2357987695140764e-07
real_animal_animal_124_idMSI66-1NQ.jpg,false,,animal,4.040493877255358e-07
real_animal_animal_69_a_couple_of_people_that_are_biking_down_a_road.jpg,false,,animal,2.060376118606655e-06
real_animal_animal_089_4KV3SKyHNjE.jpg,false,,animal,2.0912025320285466e-06
real_animal_animal_61_a_dog_laying_down_licking_food_off_of_a_plate.jpg,false,,animal,8.154844977070752e-07
real_animal_animal_140_bj7ALDr6E-o.jpg,false,,animal,1.5174241525528487e-06
real_animal_animal_097_sCgBFOArERk.jpg,false,,animal,4.646683464670787e-06
real_animal_animal_054_Qv8NgYRjSn4.jpg,false,,animal,1.8237904441775754e-05
real_animal_animal_082_hvkcofV0bvw.jpg,false,,animal,1.4420712659557466e-06
real_animal_animal_107_4rezxlfTrGA.jpg,false,,animal,5.659670705426834e-07
real_animal_animal_126_IOvOeZRGanM.jpg,false,,animal,1.5281447076631594e-06
real_animal_animal_127_4sMVrh8-S1g.jpg,false,,animal,1.5309818991227075e-05
real_animal_animal_078_YzfCevgzsPI.jpg,false,,animal,5.13527766088373e-07
real_animal_animal_062_J7X_npgVujU.jpg,false,,animal,2.020035708483192e-06
real_animal_animal_53_bird_sits_atop_cattle_on_snow_covered_field.jpg,false,,animal,7.158546964092238e-07
real_animal_animal_096_nvDnfWuSyD8.jpg,false,,animal,6.176916485856054e-06
real_animal_animal_048_YvYBOSiBJE8.jpg,false,,animal,1.7661329820839455e-07
real_animal_animal_038_CiacXjCwb3g.jpg,false,,animal,1.315738700213842e-06
real_animal_animal_103__GQCzeh1oWk.jpg,false,,animal,1.0826050811374444e-06
real_animal_animal_115_qvkA4FMTNKo.jpg,false,,animal,7.402064738926128e-07
real_animal_animal_150_eNi9DGpVYWk.jpg,false,,animal,1.4166818118610536e-06
real_animal_animal_037_j3JAI9KXJ-c.jpg,false,,animal,2.376820447125283e-07
real_animal_animal_071_zjKxb4xhBXc.jpg,false,,animal,0.03158413991332054
real_animal_animal_064_uLMM6TyPfGw.jpg,false,,animal,0.0002170397201552987
real_animal_animal_152_JkVNRBpFSK8.jpg,false,,animal,3.3961967460527376e-07
real_animal_animal_145_Qtg_270Aa_I.jpg,false,,animal,2.8824765649915207e-06
real_animal_animal_060_lZts59erQVw.jpg,false,,animal,7.388949597952887e-05
real_animal_animal_114_J0-ZaraetTE.jpg,false,,animal,5.756819064117735e-06
real_animal_animal_79_a_herd_of_cattle_and_zebra_standing_next_to_each_other_on_a.jpg,false,,animal,3.6574323303284473e-07
real_animal_animal_047_uHHA_YklxMc.jpg,false,,animal,3.108026248810347e-06
real_animal_animal_036_xlTolOtNLZM.jpg,false,,animal,1.4533952708006836e-05
real_animal_animal_169_rxFkfMJL9tw.jpg,false,,animal,4.852921392739518e-06
real_animal_animal_074_TfakEsc83HU.jpg,false,,animal,3.906098299921723e-06
real_animal_animal_138_t5rBtxLiHj8.jpg,false,,animal,1.8776479464577278e-06
real_animal_animal_049_nwaiAiHAVEY.jpg,false,,animal,4.1514985582580266e-07
real_animal_animal_043_Dv45FbzLiik.jpg,false,,animal,1.9095352854492376e-06
real_animal_animal_091_yRdK7ijQPNw.jpg,false,,animal,3.2197760901908623e-06
real_animal_animal_053_CACQDEJknBs.jpg,false,,animal,3.1012048111733748e-06
real_animal_animal_170_P6s8EbcSgmA.jpg,false,,animal,3.224346073693596e-05
real_animal_animal_166_jh6YaoB0TBw.jpg,false,,animal,3.7997670006006956e-06
real_animal_animal_144_ihivSSUOpno.jpg,false,,animal,2.8380172807374038e-05
real_animal_animal_158_fkxUyu6F2L8.jpg,false,,animal,3.445530637691263e-06
real_animal_animal_046_88Kt5KHUe_8.jpg,false,,animal,1.3111857697367668e-05
real_animal_animal_73_a_small_motor_bike_outside_of_the_garage.jpg,false,,animal,1.2249138592324016e-07
real_animal_animal_108_JNHrBVfdT_A.jpg,false,,animal,1.710558353806846e-05
real_animal_animal_151_8LPgWfHgcMg.jpg,false,,animal,1.179751393465267e-06
real_animal_animal_075_PA3F7YWHUPM.jpg,false,,animal,9.31919930735603e-06
real_animal_animal_041_-96qBKyFefQ.jpg,false,,animal,1.0987280802510213e-05
real_animal_animal_095_iuoIlOvTa6g.jpg,false,,animal,1.964310058610863e-06
real_animal_animal_139_i80SbIDgFf8.jpg,false,,animal,8.501916681780131e-07
real_animal_animal_092_mg-k04n58xY.jpg,false,,animal,2.758080199782853e-06
real_animal_animal_068_ZBR7NAYRR4M.jpg,false,,animal,1.5167745459621074e-06
real_animal_animal_083_2QHHOAPI--I.jpg,false,,animal,9.431765647605062e-06
real_animal_animal_143_7xYdOPDfNcE.jpg,false,,animal,5.119345132698072e-06
real_animal_animal_094_bmwUCv0wMIU.jpg,false,,animal,0.0012367989402264357
real_animal_animal_70_a_street_scene_with_a_person_on_a_motorcycle.jpg,false,,animal,5.437212848846684e-07
real_animal_animal_56_a_flock_of_goats_and_some_men_watching_them.jpg,false,,animal,1.3319911431608489e-06
real_animal_animal_123_o-c4UrB0WBA.jpg,false,,animal,8.521933523297776e-07
real_animal_animal_066_rh7KA6jVJFM.jpg,false,,animal,4.7498269850621e-06
real_animal_animal_134_GVe30cQ8CWU.jpg,false,,animal,8.884849194146227e-07
real_animal_animal_160_A_unG6e0Cug.jpg,false,,animal,3.1335559924627887e-06
real_animal_animal_070_iY8qBtToC0o.jpg,false,,animal,1.2714858712570276e-06
real_animal_animal_111_22_r4pgeL28.jpg,false,,animal,2.3630591385881416e-06
real_animal_animal_113_knB89oNur0A.jpg,false,,animal,0.0010768016800284386
real_animal_animal_78_a_giraffe_standing_in_a_field_next_to_a_fence.jpg,false,,animal,1.5287495216398383e-06
real_animal_animal_063_oajraKUY0uQ.jpg,false,,animal,6.256796609704907e-07
real_animal_animal_155_85YNg0KtSPw.jpg,false,,animal,5.230093620411935e-07
real_animal_animal_056_Nzzk-pOcqvA.jpg,false,,animal,1.3161340575607028e-05
real_animal_animal_161_f3Os5oCc874.jpg,false,,animal,4.4991531467530876e-05
real_animal_animal_067_KmmVj3LY4lA.jpg,false,,animal,3.3142950428555196e-07
real_animal_animal_60_a_grouping_of_zebras_in_a_pen_next_to_a_giraffe.jpg,false,,animal,8.024412068152742e-07
real_animal_animal_133_nzPivGosPIQ.jpg,false,,animal,1.171276267086796e-06
real_animal_animal_122_t81H__wdxlc.jpg,false,,animal,3.5043944990320597e-07
real_animal_animal_098_RMj_T-DMgDA.jpg,false,,animal,8.602924935985357e-06
real_animal_animal_077_vVh9BUJIizQ.jpg,false,,animal,2.7592839614953846e-05
real_animal_animal_087__qLFof8-Loo.jpg,false,,animal,1.4119582658622676e-07
real_animal_animal_088_1tXeMpkssik.jpg,false,,animal,1.9973857945387863e-07
real_animal_animal_164_wAP_IBPhn-4.jpg,false,,animal,4.581457915264764e-07
real_animal_animal_76_a_dog_is_tied_to_a_fire_hydrant.jpg,false,,animal,1.993161049540504e-06
real_animal_animal_080_49TMUrNQDQ0.jpg,false,,animal,1.8807460946845822e-05
real_animal_animal_75_a_family_of_giraffes_by_a_few_zebras_and_a_gazelle.jpg,false,,animal,1.150177240560879e-06
real_animal_animal_085_U9frYiUp1Qg.jpg,false,,animal,2.3251989205164136e-06
real_animal_animal_100_PJTfOzSo8fQ.jpg,false,,animal,8.860825460033084e-07
real_animal_animal_51_a_bunch_of_sheep_in_the_snow_behind_a_barbed_wire_fence.jpg,false,,animal,4.931201829094789e-07
real_animal_animal_072_eX45lve1DIo.jpg,false,,animal,6.803239784858306e-07
real_animal_animal_105_DORi0W_afqk.jpg,false,,animal,2.332916722025402e-07
real_animal_animal_148_Xr4TYgSEXqQ.jpg,false,,animal,5.252855316939531e-06
real_animal_animal_65_a_cats_sits_on_the_table_with_a_dog_outside.jpg,false,,animal,1.7387964135195944e-07
real_animal_animal_102_Cl8iDlk008c.jpg,false,,animal,2.2695056145494164e-07
real_animal_animal_147_nlF8qaFWI0w.jpg,false,,animal,1.704729356788448e-06
real_animal_animal_63_rear_view_mirror_reflection_showing_a_dog_in_the_back_seat.jpg,false,,animal,1.1116115956610884e-06
real_animal_animal_045_eo93HAoalwQ.jpg,false,,animal,0.001263878890313208
real_animal_animal_77_a_herd_of_sheep_standing_next_to_each_other_on_dirt_ground.jpg,false,,animal,9.110408427659422e-07
real_animal_animal_081_TNMOJYUteDU.jpg,false,,animal,1.4901507938702707e-06
real_animal_animal_64_a_dog_following_a_man_on_his_horse_in_a_field.jpg,false,,animal,0.00010713531810324639
real_animal_animal_120_EdlNaRhg9ik.jpg,false,,animal,1.6572701042605331e-06
real_animal_animal_052_tmrQPLJpBrk.jpg,false,,animal,1.3281855899549555e-06
real_animal_animal_129_IwiaImVNcQU.jpg,false,,animal,4.430659373610979e-06
real_animal_animal_042_1qT-zMTRFp0.jpg,false,,animal,0.00018329474551137537
real_animal_animal_74_a_cat_standing_on_the_edge_of_a_sink_drink_water.jpg,false,,animal,2.8915627581227454e-07
real_animal_animal_125_snhqHThkCRE.jpg,false,,animal,4.9770906116464175e-06
real_animal_animal_153_FBOP5an6h74.jpg,false,,animal,1.169465917882917e-06
real_animal_animal_66_a_bunch_of_sheep_make_their_way_through_the_crowded_city_str.jpg,false,,animal,9.015726476491182e-08
real_animal_animal_168_g9M46POadWU.jpg,false,,animal,3.829247816611314e-06
real_animal_animal_101_iQC6u4ejuGE.jpg,false,,animal,3.0144749416649574e-06
real_animal_animal_57_a_cat_walking_through_a_kitchen_by_a_eating_tray.jpg,false,,animal,5.497344801597137e-08
real_animal_animal_149_E12vXZq9AZA.jpg,false,,animal,9.161430511994695e-07
real_animal_animal_156_yiwB58St4bE.jpg,false,,animal,1.4023084986547474e-06
real_animal_animal_093_mYxtYpSJvbw.jpg,false,,animal,9.99361986941949e-07
real_animal_animal_165_PChlguQgbCw.jpg,false,,animal,5.063015464656928e-07
real_animal_animal_62_a_cat_eating_a_bird_it_has_caught.jpg,false,,animal,6.596530397473543e-07
real_animal_animal_084_QRzQlECEbsk.jpg,false,,animal,3.308511804789305e-05
real_animal_animal_109_P6InS7LxUS4.jpg,false,,animal,3.1675619993620785e-06
real_animal_animal_121_ZOGamuDrPJw.jpg,false,,animal,1.406961109751137e-05
real_animal_animal_81_three_sheep_are_grazing_in_the_field_next_to_the_water.jpg,false,,animal,1.5232933492370648e-07
real_animal_animal_157_VSVcEzWsqyc.jpg,false,,animal,0.00017544454021845013
real_animal_animal_80_many_woolly_sheep_standing_together_in_the_field.jpg,false,,animal,2.0522379600151908e-06
real_animal_animal_090_fRJGUAQ6uNg.jpg,false,,animal,7.722767350060167e-07
real_animal_animal_110_HPHtMOJvHDM.jpg,false,,animal,2.4510685761924833e-05
real_animal_animal_055_feos9QXjxJY.jpg,false,,animal,8.04706587587134e-07
real_animal_animal_069_q0J6zQPO-zw.jpg,false,,animal,1.540313496661838e-05
real_animal_animal_58_two_men_herding_a_pack_of_elephants_across_a_field.jpg,false,,animal,1.7737537518769386e-06
real_animal_animal_104_1Ytzecs_XU4.jpg,false,,animal,6.880990986246616e-05
real_animal_animal_55_a_horse_in_a_pasture_of_tall_grass_observing_an_energetic_do.jpg,false,,animal,8.13175873304317e-08
real_animal_animal_079_m_wgaQ-sQPQ.jpg,false,,animal,1.4094895277594333e-06
real_animal_animal_112_cPyHO3eDlsE.jpg,false,,animal,5.131170155436848e-07
real_animal_animal_034_-Ylz_tc8NOk.jpg,false,,animal,1.0752276011771755e-06
real_animal_animal_051_PpwK032gSao.jpg,false,,animal,4.753112079924904e-06
real_animal_animal_099_m5Zy3Ulb3g0.jpg,false,,animal,1.3332822845768533e-06
real_animal_animal_059_2_3g53wNQk8.jpg,false,,animal,9.554321422911016e-07
real_animal_animal_039_i_Z1o10BPPk.jpg,false,,animal,4.0746894569565484e-07
real_animal_animal_136_fXqOgYJgNBk.jpg,false,,animal,3.6750087019754574e-05
real_animal_animal_59_a_dog_standing_on_the_back_of_a_brown_car.jpg,false,,animal,4.7412095227628015e-07
real_animal_animal_119_70s5ZKzNkac.jpg,false,,animal,6.433302957020715e-08
real_animal_animal_52_a_cat_sitting_on_the_floor_watching_television.jpg,false,,animal,3.779239321488603e-08
real_animal_animal_82_a_couple_of_cows_and_some_birds_flying_in_the_sky.jpg,false,,animal,4.1918835336218763e-07
real_animal_animal_154_IHHiw3VMZvc.jpg,false,,animal,5.377142997531337e-07
real_animal_animal_035_vQvq16ZQM60.jpg,false,,animal,3.278288716046518e-07
real_animal_animal_54_a_man_riding_a_horse_drawn_carriage_on_a_race_track.jpg,false,,animal,3.3934512089217606e-07
real_animal_animal_117_DmnOlnAWRdE.jpg,false,,animal,4.081079225670692e-07
real_animal_animal_040_7jXA55Tl4xU.jpg,false,,animal,1.012586653814651e-05
real_animal_animal_68_a_cat_outside_looking_through_a_window.jpg,false,,animal,8.249862162301724e-07
real_animal_animal_159_gjDKWxrKrgk.jpg,false,,animal,2.7885803319804836e-06
real_animal_animal_076_JHxFiw603QA.jpg,false,,animal,5.466484367389057e-07
real_animal_animal_162_vLCMWwg5TAs.jpg,false,,animal,5.765510650235228e-06
real_animal_animal_128_dtYCvr0r_X4.jpg,false,,animal,3.727097350747499e-07
real_animal_animal_057_n4tWGvk_gWY.jpg,false,,animal,6.77861692111037e-07
real_animal_animal_146_tvH8ECkyQKI.jpg,false,,animal,1.998177140194457e-05
real_animal_animal_67_a_sheepdog_runs_around_a_herd_of_cows_in_a_fencedin_field.jpg,false,,animal,1.5371628592220077e-07
real_animal_animal_72_a_cat_sprawled_out_over_the_top_of_a_laptop_computer_keyboar.jpg,false,,animal,8.477103108361916e-08
real_animal_animal_167_u3XMyl-4OSY.jpg,false,,animal,2.0277445855754195e-06
real_animal_animal_106_ejAz1xfCyNM.jpg,false,,animal,0.00012150526890764013
real_animal_animal_086_YSoqrTfEWcI.jpg,false,,animal,5.605535307040554e-07
real_animal_animal_116_dSAzIH5UtOI.jpg,false,,animal,1.98069074031082e-06
real_animal_animal_073_MVQPTvPYsJs.jpg,false,,animal,1.1829108188976534e-05
real_animal_animal_065_M8uSC8OPXco.jpg,false,,animal,2.153944080873771e-07
real_animal_animal_137_lHeXOpxzok8.jpg,false,,animal,8.864149094733875e-06
real_animal_animal_71_a_black_ct_with_green_eyes_sitting_in_the_sun.jpg,false,,animal,1.4706213846693572e-07
real_animal_animal_135_Tu_lH5CFFZw.jpg,false,,animal,3.0857518140692264e-06
real_animal_animal_130_vPyhiJjBlSM.jpg,false,,animal,8.782461918599438e-06
real_landscape_landscape_80_this_highway_is_empty_this_early_on_the_morning.jpg,false,,landscape,6.488206167887256e-07
real_landscape_landscape_59_a_passenger_bus_that_is_parked_in_a_parking_lot.jpg,false,,landscape,1.871533982011897e-06
real_landscape_landscape_073_gtabImSzH-g.jpg,false,,landscape,0.00024482476874254644
real_landscape_landscape_160_yaj-SndYOb0.jpg,false,,landscape,7.366197678493336e-06
real_landscape_landscape_140_pNMH4SDf8us.jpg,false,,landscape,3.070106458835653e-06
real_landscape_landscape_117_KQX4AEXEV1g.jpg,false,,landscape,8.97037098184228e-05
real_landscape_landscape_056_TqfJUbdnCxM.jpg,false,,landscape,1.6176667259060196e-06
real_landscape_landscape_05_foggy_forest_hills.jpg,false,,landscape,5.666881293109327e-07
real_landscape_landscape_118_z7IW1w4C870.jpg,false,,landscape,3.4447814414306777e-06
real_landscape_landscape_135_Bwkl85sszNM.jpg,false,,landscape,9.577680430084001e-06
real_landscape_landscape_053_E9CrQou9K0Y.jpg,false,,landscape,6.065793627385574e-07
real_landscape_landscape_064_pnFNoPuilVI.jpg,false,,landscape,2.5471661047049565e-06
real_landscape_landscape_154_VFjGgIGNWlI.jpg,false,,landscape,3.678178700283752e-06
real_landscape_landscape_09_starry_night_mountains.jpg,false,,landscape,2.766353100014385e-05
real_landscape_landscape_124__rsGm7nob3w.jpg,false,,landscape,3.095304464295623e-06
real_landscape_landscape_079_n6hzRDQ9CM8.jpg,false,,landscape,1.467808147026517e-06
real_landscape_landscape_095_YzJlElq6Pc0.jpg,false,,landscape,3.1118685228648246e-07
real_landscape_landscape_098_F4dGVi1g8rQ.jpg,false,,landscape,6.757762207598716e-07
real_landscape_landscape_062_oGrOhXJaHME.jpg,false,,landscape,1.569321966599091e-06
real_landscape_landscape_68_a_wooden_bench_and_a_fire_hydrant_on_a_field.jpg,false,,landscape,1.2450865938262723e-07
real_landscape_landscape_119_ENkQJj-7orc.jpg,false,,landscape,2.817632775986567e-06
real_landscape_landscape_81_a_dog_rests_his_head_on_the_edge_of_a_boat_at_sea.jpg,false,,landscape,1.1558660872879045e-07
real_landscape_landscape_51_a_green_traffic_light_suspended_above_a_street.jpg,false,,landscape,7.649367034900934e-06
real_landscape_landscape_085_cCthPLHmrzI.jpg,false,,landscape,5.9275967032590415e-06
real_landscape_landscape_060_jdaigQmK-qA.jpg,false,,landscape,0.003586685750633478
real_landscape_landscape_58_a_passenger_train_that_has_some_graffiti_on_it.jpg,false,,landscape,1.1696181445586262e-07
real_landscape_landscape_077_ID4OhGirKvg.jpg,false,,landscape,6.5135227487189695e-06
real_landscape_landscape_133_-5eZ1-Ie68w.jpg,false,,landscape,1.8420372498439974e-06
real_landscape_landscape_086_ke-voL7t_I8.jpg,false,,landscape,2.701187440834474e-06
real_landscape_landscape_143_-hbbmFHQYiw.jpg,false,,landscape,6.444050086429343e-06
real_landscape_landscape_080_1DPIP44atys.jpg,false,,landscape,1.6437335943919607e-05
real_landscape_landscape_110_02YdrfDb3UE.jpg,false,,landscape,1.0910606533798273e-06
real_landscape_landscape_116_sNKwtrVQ4hU.jpg,false,,landscape,1.0127440646101604e-06
real_landscape_landscape_157_nMhbF-YMdXE.jpg,false,,landscape,4.805288881470915e-06
real_landscape_landscape_051_4k8UHZC1-6k.jpg,false,,landscape,5.3033922995382454e-06
real_landscape_landscape_161_CL665uHJb7c.jpg,false,,landscape,9.413883162778802e-06
real_landscape_landscape_093_UazfuoH2sRU.jpg,false,,landscape,1.9162723674526205e-06
real_landscape_landscape_55_a_green_traffic_light_a_street_some_buildings_and_some_other.jpg,false,,landscape,1.906140255414357e-06
real_landscape_landscape_82_a_large_bus_on_the_side_of_the_road.jpg,false,,landscape,1.3804672960304742e-07
real_landscape_landscape_045_W3wgy9tDgto.jpg,false,,landscape,5.055044312030077e-06
real_landscape_landscape_120_afwi-D9xmt4.jpg,false,,landscape,4.4149011955596507e-05
real_landscape_landscape_099_kDrTt4sCC7I.jpg,false,,landscape,1.99039141079993e-06
real_landscape_landscape_167_60cbKmNJ-ls.jpg,false,,landscape,8.22454410354112e-07
real_landscape_landscape_046_wgH3Lzgmm_c.jpg,false,,landscape,2.4382659375987714e-06
real_landscape_landscape_072_jYkvecfWgx0.jpg,false,,landscape,8.287713717436418e-05
real_landscape_landscape_048_PA0KerQ0lHg.jpg,false,,landscape,4.622529104381101e-06
real_landscape_landscape_126_Cmjq13jc_2g.jpg,false,,landscape,3.6458677641348913e-06
real_landscape_landscape_081_0PgC0jve7u4.jpg,false,,landscape,1.7083943930629175e-06
real_landscape_landscape_06_waterfall_in_forest.jpg,false,,landscape,3.0413934837270062e-06
real_landscape_landscape_77_rear_view_mirror_reflection_showing_a_dog_in_the_back_seat.jpg,false,,landscape,1.1116115956610884e-06
real_landscape_landscape_147_bUhzlj3gGso.jpg,false,,landscape,6.989338999119354e-06
real_landscape_landscape_69_a_yellow_bus_that_is_sitting_in_the_grass.jpg,false,,landscape,2.600981190425955e-07
real_landscape_landscape_067_LLD9FKRoqDc.jpg,false,,landscape,1.1400949915696401e-05
real_landscape_landscape_115_q2Cv_B3_AZI.jpg,false,,landscape,3.278287067587371e-06
real_landscape_landscape_125_4UfCRXv_tGM.jpg,false,,landscape,1.1641069477263954e-06
real_landscape_landscape_092__XHphe2atWM.jpg,false,,landscape,7.464233249265817e-07
real_landscape_landscape_109_-UsvhirEIeI.jpg,false,,landscape,0.0004059950588271022
real_landscape_landscape_129_5LyYqPEv8w0.jpg,false,,landscape,1.920120121212676e-05
real_landscape_landscape_070_uQDRDqpYJHI.jpg,false,,landscape,7.005755833233707e-07
real_landscape_landscape_71_a_black_and_white_photo_of_a_train.jpg,false,,landscape,1.2507955204910104e-07
real_landscape_landscape_057_C69YOsY9lYg.jpg,false,,landscape,3.440784439590061e-07
real_landscape_landscape_089_zjOv1yyUzQg.jpg,false,,landscape,0.00010383490734966472
real_landscape_landscape_130_qOxQEA8obSg.jpg,false,,landscape,6.092750936659286e-06
real_landscape_landscape_163_Bz4dHv-9PFQ.jpg,false,,landscape,6.034359103068709e-06
real_landscape_landscape_071_zjqqKVQZoNg.jpg,false,,landscape,8.834103937260807e-07
real_landscape_landscape_76_a_blue_rusted_train_engine_sitting_on_top_of_rail_tracks.jpg,false,,landscape,4.642700730528304e-07
real_landscape_landscape_114_FCPJn1NeFdI.jpg,false,,landscape,3.1864256015978754e-06
real_landscape_landscape_156_pcgo3E7vJr4.jpg,false,,landscape,6.120542366261361e-06
real_landscape_landscape_075_G86MS2ZsiJA.jpg,false,,landscape,2.6106306449946715e-07
real_landscape_landscape_059_i7OiHRQkJHY.jpg,false,,landscape,1.9806886484730057e-05
real_landscape_landscape_164_tMYDgAySy9w.jpg,false,,landscape,2.6909617645287653e-06
real_landscape_landscape_84_part_of_train_car_with_a_door_to_the_rear_connected_to_the_c.jpg,false,,landscape,6.81368774735347e-08
real_landscape_landscape_083_DlCr9IujpJI.jpg,false,,landscape,3.820777237706352e-06
real_landscape_landscape_04_dramatic_mountain_valley.jpg,false,,landscape,3.7976728890498634e-06
real_landscape_landscape_02_sunset_over_mountains.jpg,false,,landscape,5.545854946831241e-06
real_landscape_landscape_53_a_train_of_many_colors_is_coming_down_the_track.jpg,false,,landscape,1.0047996283901739e-06
real_landscape_landscape_100_xpLNPVL3IJA.jpg,false,,landscape,2.0623539967346005e-05
real_landscape_landscape_153_6SGsL73EbKM.jpg,false,,landscape,5.599937139777467e-06
real_landscape_landscape_107_cssvEZacHvQ.jpg,false,,landscape,3.0413934837270062e-06
real_landscape_landscape_79_an_orange_train_traveling_along_train_tracks_near_a_train_ya.jpg,false,,landscape,5.78656852212589e-07
real_landscape_landscape_090_tZaA8VqJG3g.jpg,false,,landscape,5.9049369156127796e-05
real_landscape_landscape_73_a_tall_church_tower_sitting_on_the_side_of_a_road.jpg,false,,landscape,3.838190707483591e-07
real_landscape_landscape_61_a_wooden_bench_sitting_outside_of_a_home.jpg,false,,landscape,1.31898715949319e-07
real_landscape_landscape_03_lake_reflection.jpg,false,,landscape,2.2575345610675868e-06
real_landscape_landscape_155_DqIyKlJa-2s.jpg,false,,landscape,3.0235185022320366e-06
real_landscape_landscape_105_ur4NB1f3kQ8.jpg,false,,landscape,4.401333910664107e-07
real_landscape_landscape_128_MasnAA5KqDY.jpg,false,,landscape,3.1920915262162453e-06
real_landscape_landscape_134_1pFIPoOa--Y.jpg,false,,landscape,2.1132484107511118e-05
real_landscape_landscape_097_1U6EOU8hiTM.jpg,false,,landscape,5.062237846686912e-07
real_landscape_landscape_047_58Mkqady7lE.jpg,false,,landscape,3.8908765418455005e-05
real_landscape_landscape_102_T-AOFf2B8Zw.jpg,false,,landscape,2.6962845822708914e-07
real_landscape_landscape_83_a_small_bus_parked_in_front_of_a_bus_stop.jpg,false,,landscape,8.099916470882818e-08
real_landscape_landscape_162_3m4lH961q20.jpg,false,,landscape,5.946808414591942e-07
real_landscape_landscape_122_K5eIMIz8kaI.jpg,false,,landscape,0.00016578170470893383
real_landscape_landscape_069_TdoxXD7aGv8.jpg,false,,landscape,6.661743100266904e-06
real_landscape_landscape_165_C2YORgsJqXs.jpg,false,,landscape,4.2740330172819085e-06
real_landscape_landscape_152_ayzzI9nOjWY.jpg,false,,landscape,9.529028830002062e-06
real_landscape_landscape_54_white_birds_are_gathered_around_a_water_puddle.jpg,false,,landscape,1.3048062328380183e-06
real_landscape_landscape_078_TnLdd0LMfwk.jpg,false,,landscape,0.00011409322178224102
real_landscape_landscape_068_aqS6bCynDv8.jpg,false,,landscape,0.005830113310366869
real_landscape_landscape_07_desert_dunes.jpg,false,,landscape,3.199238335582777e-06
real_landscape_landscape_166_ioAK4HESn6k.jpg,false,,landscape,4.308647476136684e-06
real_landscape_landscape_111_62_2KGyX13E.jpg,false,,landscape,5.131762463861378e-07
real_landscape_landscape_60_a_red_and_silver_fire_hydrant_sitting_on_top_of_a_sidewalk.jpg,false,,landscape,2.0815848245092639e-07
real_landscape_landscape_158_QAXDmkU60OU.jpg,false,,landscape,1.9720225736818975e-06
real_landscape_landscape_138_78wDBw9ajUk.jpg,false,,landscape,2.011488140851725e-05
real_landscape_landscape_142_3bsVcAbqS7Q.jpg,false,,landscape,1.6151924455698463e-06
real_landscape_landscape_131_hoAFrPJlbT0.jpg,false,,landscape,1.505045588601206e-06
real_landscape_landscape_106_hu8Mp-XTksA.jpg,false,,landscape,1.4505790204566438e-06
real_landscape_landscape_082_ercx7zE_Mzo.jpg,false,,landscape,1.3404934406935354e-06
real_landscape_landscape_132_zUEjNDEEca8.jpg,false,,landscape,7.173806352511747e-06
real_landscape_landscape_78_a_yellow_bus_is_on_a_street_near_a_black_guard_rail.jpg,false,,landscape,2.837008992173651e-07
real_landscape_landscape_159_G4su92tyImI.jpg,false,,landscape,2.650360511324834e-05
real_landscape_landscape_088_N22iRE8u3MU.jpg,false,,landscape,2.7702407123797457e-07
real_landscape_landscape_168_r-PPOX0QQ1g.jpg,false,,landscape,6.487757218565093e-06
real_landscape_landscape_074_r2Ug9sXPEHA.jpg,false,,landscape,0.0019984180107712746
real_landscape_landscape_57_a_yellow_and_green_train_at_stop_lights.jpg,false,,landscape,1.1972863944720302e-07
real_landscape_landscape_146__MCLUFQlZ_c.jpg,false,,landscape,1.961182306331466e-06
real_landscape_landscape_096_3eC5n6gHwe8.jpg,false,,landscape,1.2650150438275887e-06
real_landscape_landscape_063_Lm6mqM_KqQY.jpg,false,,landscape,5.283975497150095e-06
real_landscape_landscape_145_xZX3pXjQQSw.jpg,false,,landscape,1.220863964590535e-06
real_landscape_landscape_74_a_bathroom_with_some_orange_walls_and_a_black_and_white_coun.jpg,false,,landscape,2.713422873057425e-07
real_landscape_landscape_136_awNpFWNTGFY.jpg,false,,landscape,1.6907695226109354e-06
real_landscape_landscape_061_bk4hN4Jvnac.jpg,false,,landscape,3.970729267166462e-06
real_landscape_landscape_121_JtVkmKQ1FQI.jpg,false,,landscape,1.982930007216055e-05
real_landscape_landscape_104_6gt7AoSk5pQ.jpg,false,,landscape,0.00010345676128054038
real_landscape_landscape_139_aoWukdAWJno.jpg,false,,landscape,2.4235657747340156e-06
real_landscape_landscape_75_a_city_traffic_signal_and_street_at_night.jpg,false,,landscape,4.4946659727429505e-07
real_landscape_landscape_055_ixbSaWYYOwY.jpg,false,,landscape,1.43600818773848e-05
real_landscape_landscape_137_9CkGNheiEFQ.jpg,false,,landscape,7.365097758338379e-07
real_landscape_landscape_066_7AKHr2kdmAc.jpg,false,,landscape,2.338099329790566e-05
real_landscape_landscape_08_ocean_waves_beach.jpg,false,,landscape,1.1052807167288847e-05
real_landscape_landscape_076_OrkbCipJriw.jpg,false,,landscape,3.839610940303828e-07
real_landscape_landscape_113_etJBEUW4ZDg.jpg,false,,landscape,2.4728512926230906e-06
real_landscape_landscape_123_ac9BZlaKuG4.jpg,false,,landscape,1.8546725186752155e-06
real_landscape_landscape_049_yFCXHHLEZA0.jpg,false,,landscape,1.395165213580185e-06
real_landscape_landscape_151_OueojWSe66o.jpg,false,,landscape,4.97911833008402e-06
real_landscape_landscape_087_NW-WPrJoyzc.jpg,false,,landscape,1.3708148571822676e-06
real_landscape_landscape_62_two_large_jets_sitting_on_top_of_an_airport_runway.jpg,false,,landscape,1.8488501154934056e-05
real_landscape_landscape_67_an_image_of_a_subway_bus_going_thru_the_subway_station.jpg,false,,landscape,3.464709834588575e-07
real_landscape_landscape_64_a_bird_sitting_on_top_of_a_park_bench.jpg,false,,landscape,2.580462137302675e-07
real_landscape_landscape_141_F0_qeY5OWJE.jpg,false,,landscape,4.615383659256622e-06
real_landscape_landscape_149_zMhnN9FpDBE.jpg,false,,landscape,9.632627779865288e-07
real_landscape_landscape_56_a_train_on_the_tracks_out_in_the_country.jpg,false,,landscape,1.394035820112549e-07
real_landscape_landscape_103_Yd6TC3qee6M.jpg,false,,landscape,0.0005964595475234091
real_landscape_landscape_052_Xaje8s7H9Cw.jpg,false,,landscape,9.223647907674604e-07
real_landscape_landscape_01_mountain_peaks_with_snow.jpg,false,,landscape,1.218142529069155e-06
real_landscape_landscape_058_CPIQfMbSjmM.jpg,false,,landscape,3.557514219210134e-06
real_landscape_landscape_065_xMMh-VFGL9M.jpg,false,,landscape,9.604104889149312e-06
real_landscape_landscape_72_a_street_corner_with_a_brown_and_white_building_on_it.jpg,false,,landscape,1.1974063340858265e-07
real_landscape_landscape_094_8v_1afZJpg4.jpg,false,,landscape,1.3146262972441036e-05
real_landscape_landscape_150_NoSRqbXJY68.jpg,false,,landscape,4.365675181361439e-07
real_landscape_landscape_144_MZxQoMVN518.jpg,false,,landscape,1.2265753639439936e-06
real_landscape_landscape_63_a_pole_with_a_street_light_and_signs_next_to_a_bare_tree.jpg,false,,landscape,3.0388082450372167e-07
real_landscape_landscape_127_uFdsMOjWX58.jpg,false,,landscape,2.5930039555532858e-05
real_landscape_landscape_101_C27Jip4jz4k.jpg,false,,landscape,3.083427827732521e-06
real_landscape_landscape_050_nlllZxwRoLM.jpg,false,,landscape,4.428482327512029e-07
real_landscape_landscape_054_R0hVu1Mqo7A.jpg,false,,landscape,3.933294283342548e-05
real_landscape_landscape_170_rGmCuOfPwnk.jpg,false,,landscape,4.8247125960187986e-05
real_landscape_landscape_52_the_train_engine_is_followed_by_a_line_of_open_cars.jpg,false,,landscape,4.690784010108473e-07
real_landscape_landscape_50_a_green_bench_sitting_on_the_side_of_a_sidewalk.jpg,false,,landscape,4.877140895587218e-07
real_landscape_landscape_65_these_toilets_are_being_used_outside_as_decor.jpg,false,,landscape,1.0260797722594361e-07
real_landscape_landscape_148_qgfiux6vEmc.jpg,false,,landscape,6.651299031545932e-07
real_landscape_landscape_169_TWvnc-oToE4.jpg,false,,landscape,2.4560185920563526e-06
real_landscape_landscape_112_hfxvkEzd_I0.jpg,false,,landscape,1.1793783414759673e-05
real_landscape_landscape_70_a_semi_truck_is_driving_down_a_street.jpg,false,,landscape,1.468313257646514e-07
real_landscape_landscape_084_uzWLhB7n3m8.jpg,false,,landscape,2.2985152554610977e-06
real_landscape_landscape_091_Bch-Zl9ZUc8.jpg,false,,landscape,1.116360408559558e-06
real_landscape_landscape_66_a_few_meters_are_sitting_near_an_air_plane.jpg,false,,landscape,5.399759288593486e-07
real_landscape_landscape_108_LpryxGvyY-8.jpg,false,,landscape,4.788707155967131e-05
