id,is_ai,generator,category,score
ai_art_qwen_2512_art_08.png,true,Qwen 2512,art,0.9999872446060181
ai_art_flux_2_flex_art_03.png,true,Flux,art,0.9999860525131226
ai_art_seedream_v3_art_07.png,true,Seedream,art,0.9999909400939941
ai_art_seedream_v3_art_06.png,true,Seedream,art,0.999946117401123
ai_art_flux_2_flex_art_02.png,true,Flux,art,0.9977434873580933
ai_art_glm_image_art_01.png,true,GLM Image,art,0.003437332808971405
ai_art_qwen_2512_art_09.png,true,Qwen 2512,art,0.9998953342437744
ai_art_wan_v2.6_art_09.png,true,Wan v2.6,art,0.0008014258346520364
ai_art_flux_schnell_art_08.png,true,Flux Schnell,art,0.9992126226425171
ai_art_glm_image_art_03.png,true,GLM Image,art,0.9999876022338867
ai_art_seedream_v3_art_10.png,true,Seedream,art,0.013426320627331734
ai_art_seedream_v3_art_04.png,true,Seedream,art,9.969227539841086e-05
ai_art_seedream_v3_art_05.png,true,Seedream,art,0.00014353716687764972
ai_art_flux_2_flex_art_01.png,true,Flux,art,0.9749463200569153
ai_art_glm_image_art_02.png,true,GLM Image,art,0.9999923706054688
ai_art_flux_schnell_art_09.png,true,Flux Schnell,art,0.7656817436218262
ai_art_wan_v2.6_art_08.png,true,Wan v2.6,art,0.8499232530593872
ai_art_z_image_art_09.png,true,Z,art,0.03589768707752228
ai_art_glm_image_art_06.png,true,GLM Image,art,0.9999970197677612
ai_art_flux_2_flex_art_05.png,true,Flux,art,0.013071762397885323
ai_art_seedream_v3_art_01.png,true,Seedream,art,0.011468092910945415
ai_art_flux_2_flex_art_10.png,true,Flux,art,0.9999979734420776
ai_art_flux_2_flex_art_04.png,true,Flux,art,3.19069622491952e-05
ai_art_glm_image_art_07.png,true,GLM Image,art,0.999998927116394
ai_art_z_image_art_08.png,true,Z,art,0.9986788630485535
ai_art_glm_image_art_05.png,true,GLM Image,art,2.648503505042754e-05
ai_art_flux_2_flex_art_06.png,true,Flux,art,0.9999973773956299
ai_art_seedream_v3_art_02.png,true,Seedream,art,0.9856891632080078
ai_art_seedream_v3_art_03.png,true,Seedream,art,0.00014923568232916296
ai_art_flux_2_flex_art_07.png,true,Flux,art,0.999998927116394
ai_art_glm_image_art_10.png,true,GLM Image,art,0.9938661456108093
ai_art_glm_image_art_04.png,true,GLM Image,art,0.951094388961792
ai_art_hunyuan_v3_art_07.png,true,Hunyuan v3,art,0.823138952255249
ai_art_ideogram_v3_art_04.png,true,Ideogram v3,art,2.979797136504203e-05
ai_art_ideogram_v3_art_10.png,true,Ideogram v3,art,0.4749683439731598
ai_art_sd_3.5_large_art_08.png,true,Sd,art,0.9992856383323669
ai_art_seedream_v4_art_03.png,true,Seedream,art,5.852458707522601e-05
ai_art_leonardo_phoenix_art_06.png,true,Leonardo Phoenix,art,0.3533470630645752
ai_art_leonardo_phoenix_art_07.png,true,Leonardo Phoenix,art,0.9998700618743896
ai_art_grok_aurora_art_01.png,true,Grok Aurora,art,0.9993236064910889
ai_art_seedream_v4_art_02.png,true,Seedream,art,0.0004706790205091238
ai_art_sd_3.5_large_art_09.png,true,Sd,art,6.284632490860531e-06
ai_art_ideogram_v3_art_05.png,true,Ideogram v3,art,0.9988667964935303
ai_art_hunyuan_v3_art_06.png,true,Hunyuan v3,art,0.9989842772483826
ai_art_hunyuan_v3_art_04.png,true,Hunyuan v3,art,0.0007784504559822381
ai_art_hunyuan_v3_art_10.png,true,Hunyuan v3,art,0.9252496957778931
ai_art_recraft_v3_art_09.png,true,Recraft v3,art,0.9711918234825134
ai_art_ideogram_v3_art_07.png,true,Ideogram v3,art,0.0034968589898198843
ai_art_grok_aurora_art_03.png,true,Grok Aurora,art,0.999659538269043
ai_art_leonardo_phoenix_art_05.png,true,Leonardo Phoenix,art,0.2854548990726471
ai_art_leonardo_phoenix_art_10.png,true,Leonardo Phoenix,art,0.9998672008514404
ai_art_leonardo_phoenix_art_04.png,true,Leonardo Phoenix,art,0.002293755766004324
ai_art_grok_aurora_art_02.png,true,Grok Aurora,art,0.9998444318771362
ai_art_seedream_v4_art_01.png,true,Seedream,art,0.03970341011881828
ai_art_ideogram_v3_art_06.png,true,Ideogram v3,art,0.9192743301391602
ai_art_recraft_v3_art_08.png,true,Recraft v3,art,0.14292410016059875
ai_art_hunyuan_v3_art_05.png,true,Hunyuan v3,art,0.8202926516532898
ai_art_hunyuan_v3_art_01.png,true,Hunyuan v3,art,0.0034877373836934566
ai_art_ideogram_v3_art_02.png,true,Ideogram v3,art,0.1856466680765152
ai_art_flux_pro_v1.1_art_09.png,true,Flux Pro v1.1,art,0.0005416764179244637
ai_art_seedream_v4_art_05.png,true,Seedream,art,5.587479972746223e-05
ai_art_grok_aurora_art_06.png,true,Grok Aurora,art,0.9999731779098511
ai_art_grok_aurora_art_07.png,true,Grok Aurora,art,0.9038109183311462
ai_art_leonardo_phoenix_art_01.png,true,Leonardo Phoenix,art,0.03280094638466835
ai_art_seedream_v4_art_04.png,true,Seedream,art,0.00011969977640546858
ai_art_seedream_v4_art_10.png,true,Seedream,art,0.0003361663839314133
ai_art_flux_pro_v1.1_art_08.png,true,Flux Pro v1.1,art,0.9993793964385986
ai_art_ideogram_v3_art_03.png,true,Ideogram v3,art,0.6613133549690247
ai_art_hunyuan_v3_art_02.png,true,Hunyuan v3,art,0.0031150663271546364
ai_art_gpt_image_1.5_art_08.png,true,Gpt,art,0.9893298745155334
ai_art_ideogram_v3_art_01.png,true,Ideogram v3,art,0.013127978891134262
ai_art_gemini_3_pro_art_09.png,true,Gemini 3 Pro,art,0.006555079482495785
ai_art_seedream_v4_art_06.png,true,Seedream,art,0.9134959578514099
ai_art_leonardo_phoenix_art_03.png,true,Leonardo Phoenix,art,0.9455912709236145
ai_art_grok_aurora_art_05.png,true,Grok Aurora,art,0.31138676404953003
ai_art_grok_aurora_art_10.png,true,Grok Aurora,art,0.022739587351679802
ai_art_grok_aurora_art_04.png,true,Grok Aurora,art,0.00036435050424188375
ai_art_leonardo_phoenix_art_02.png,true,Leonardo Phoenix,art,0.00037692629848606884
ai_art_seedream_v4_art_07.png,true,Seedream,art,0.030210312455892563
ai_art_gemini_3_pro_art_08.png,true,Gemini 3 Pro,art,0.9137945175170898
ai_art_gpt_image_1.5_art_09.png,true,Gpt,art,1.8688710952119436e-06
ai_art_hunyuan_v3_art_03.png,true,Hunyuan v3,art,0.010966241359710693
ai_art_gpt_image_1.5_art_10.png,true,Gpt,art,5.447917646961287e-05
ai_art_recraft_v3_art_03.png,true,Recraft v3,art,0.949207067489624
ai_art_gpt_image_1.5_art_04.png,true,Gpt,art,5.813377720187418e-05
ai_art_sd_3.5_large_art_01.png,true,Sd,art,0.00015448838530573994
ai_art_gemini_3_pro_art_05.png,true,Gemini 3 Pro,art,9.1562069428619e-05
ai_art_flux_pro_v1.1_art_06.png,true,Flux Pro v1.1,art,0.43806910514831543
ai_art_grok_aurora_art_09.png,true,Grok Aurora,art,0.00459287129342556
ai_art_grok_aurora_art_08.png,true,Grok Aurora,art,0.9983671307563782
ai_art_flux_pro_v1.1_art_07.png,true,Flux Pro v1.1,art,0.4630727469921112
ai_art_gemini_3_pro_art_10.png,true,Gemini 3 Pro,art,0.972531795501709
ai_art_gemini_3_pro_art_04.png,true,Gemini 3 Pro,art,0.0011345375096425414
ai_art_gpt_image_1.5_art_05.png,true,Gpt,art,2.3278150820260635e-06
ai_art_recraft_v3_art_02.png,true,Recraft v3,art,0.30413708090782166
ai_art_gpt_image_1.5_art_07.png,true,Gpt,art,0.9999569654464722
ai_art_gemini_3_pro_art_06.png,true,Gemini 3 Pro,art,0.9999651908874512
ai_art_sd_3.5_large_art_02.png,true,Sd,art,0.6928811073303223
ai_art_flux_pro_v1.1_art_05.png,true,Flux Pro v1.1,art,0.0063108233734965324
ai_art_seedream_v4_art_09.png,true,Seedream,art,0.0003419988788664341
ai_art_seedream_v4_art_08.png,true,Seedream,art,0.00032096344511955976
ai_art_flux_pro_v1.1_art_10.png,true,Flux Pro v1.1,art,0.9991562366485596
ai_art_flux_pro_v1.1_art_04.png,true,Flux Pro v1.1,art,0.0003589192929212004
ai_art_gemini_3_pro_art_07.png,true,Gemini 3 Pro,art,0.9994619488716125
ai_art_sd_3.5_large_art_03.png,true,Sd,art,0.40229469537734985
ai_art_recraft_v3_art_01.png,true,Recraft v3,art,0.00020511579350568354
ai_art_gpt_image_1.5_art_06.png,true,Gpt,art,0.9999797344207764
ai_art_hunyuan_v3_art_08.png,true,Hunyuan v3,art,0.08640730381011963
ai_art_gpt_image_1.5_art_02.png,true,Gpt,art,0.031258031725883484
ai_art_recraft_v3_art_05.png,true,Recraft v3,art,0.18275220692157745
ai_art_sd_3.5_large_art_07.png,true,Sd,art,0.9999986886978149
ai_art_gemini_3_pro_art_03.png,true,Gemini 3 Pro,art,0.9986118078231812
ai_art_leonardo_phoenix_art_09.png,true,Leonardo Phoenix,art,0.04066024348139763
ai_art_leonardo_phoenix_art_08.png,true,Leonardo Phoenix,art,0.05489903315901756
ai_art_flux_pro_v1.1_art_01.png,true,Flux Pro v1.1,art,0.7437008619308472
ai_art_sd_3.5_large_art_06.png,true,Sd,art,0.9990455508232117
ai_art_gemini_3_pro_art_02.png,true,Gemini 3 Pro,art,0.9079466462135315
ai_art_recraft_v3_art_10.png,true,Recraft v3,art,0.9776831865310669
ai_art_recraft_v3_art_04.png,true,Recraft v3,art,6.310583557933569e-05
ai_art_gpt_image_1.5_art_03.png,true,Gpt,art,0.0018508989596739411
ai_art_hunyuan_v3_art_09.png,true,Hunyuan v3,art,0.00011500014079501852
ai_art_recraft_v3_art_06.png,true,Recraft v3,art,0.9992161989212036
ai_art_gpt_image_1.5_art_01.png,true,Gpt,art,0.005146063398569822
ai_art_sd_3.5_large_art_04.png,true,Sd,art,0.002523064147680998
ai_art_sd_3.5_large_art_10.png,true,Sd,art,0.0004925160319544375
ai_art_ideogram_v3_art_08.png,true,Ideogram v3,art,0.8868974447250366
ai_art_flux_pro_v1.1_art_03.png,true,Flux Pro v1.1,art,0.9973944425582886
ai_art_flux_pro_v1.1_art_02.png,true,Flux Pro v1.1,art,0.9283514618873596
ai_art_ideogram_v3_art_09.png,true,Ideogram v3,art,0.7155072093009949
ai_art_gemini_3_pro_art_01.png,true,Gemini 3 Pro,art,0.997620165348053
ai_art_sd_3.5_large_art_05.png,true,Sd,art,0.00015181991329882294
ai_art_recraft_v3_art_07.png,true,Recraft v3,art,0.1898604929447174
ai_art_wan_v2.6_art_03.png,true,Wan v2.6,art,0.9624669551849365
ai_art_flux_schnell_art_02.png,true,Flux Schnell,art,0.5980550050735474
ai_art_qwen_2512_art_01.png,true,Qwen 2512,art,0.9909735321998596
ai_art_z_image_art_06.png,true,Z,art,0.9999951124191284
ai_art_glm_image_art_09.png,true,GLM Image,art,0.002098141936585307
ai_art_glm_image_art_08.png,true,GLM Image,art,0.9998759031295776
ai_art_z_image_art_07.png,true,Z,art,0.999996542930603
ai_art_flux_schnell_art_03.png,true,Flux Schnell,art,0.9999967813491821
ai_art_wan_v2.6_art_02.png,true,Wan v2.6,art,0.6323603987693787
ai_art_qwen_2512_art_02.png,true,Qwen 2512,art,0.9965640902519226
ai_art_flux_schnell_art_01.png,true,Flux Schnell,art,0.5599361062049866
ai_art_z_image_art_05.png,true,Z,art,0.9904305338859558
ai_art_flux_2_flex_art_09.png,true,Flux,art,0.0017739791655912995
ai_art_flux_2_flex_art_08.png,true,Flux,art,0.06797195225954056
ai_art_z_image_art_04.png,true,Z,art,7.957202615216374e-05
ai_art_z_image_art_10.png,true,Z,art,0.9853298664093018
ai_art_qwen_2512_art_03.png,true,Qwen 2512,art,0.9999837875366211
ai_art_wan_v2.6_art_01.png,true,Wan v2.6,art,0.9998414516448975
ai_art_flux_schnell_art_10.png,true,Flux Schnell,art,0.9193388819694519
ai_art_wan_v2.6_art_05.png,true,Wan v2.6,art,0.04028969258069992
ai_art_flux_schnell_art_04.png,true,Flux Schnell,art,0.07273880392313004
ai_art_qwen_2512_art_07.png,true,Qwen 2512,art,0.9997995495796204
ai_art_seedream_v3_art_08.png,true,Seedream,art,0.982504665851593
ai_art_seedream_v3_art_09.png,true,Seedream,art,0.00045437549124471843
ai_art_z_image_art_01.png,true,Z,art,0.0037728887982666492
ai_art_flux_schnell_art_05.png,true,Flux Schnell,art,0.9940969944000244
ai_art_wan_v2.6_art_04.png,true,Wan v2.6,art,0.0039140707813203335
ai_art_qwen_2512_art_06.png,true,Qwen 2512,art,0.9998183846473694
ai_art_wan_v2.6_art_10.png,true,Wan v2.6,art,0.07778015732765198
ai_art_qwen_2512_art_04.png,true,Qwen 2512,art,0.888694167137146
ai_art_wan_v2.6_art_06.png,true,Wan v2.6,art,0.9999747276306152
ai_art_flux_schnell_art_07.png,true,Flux Schnell,art,0.8734420537948608
ai_art_qwen_2512_art_10.png,true,Qwen 2512,art,0.2489103078842163
ai_art_z_image_art_03.png,true,Z,art,0.006780474912375212
ai_art_z_image_art_02.png,true,Z,art,0.9513455033302307
ai_art_qwen_2512_art_05.png,true,Qwen 2512,art,0.9999264478683472
ai_art_flux_schnell_art_06.png,true,Flux Schnell,art,0.999901294708252
ai_art_wan_v2.6_art_07.png,true,Wan v2.6,art,0.9999638795852661
ai_portrait_seedream_v3_portrait_10.png,true,Seedream,portrait,0.9954995512962341
ai_portrait_seedream_v3_portrait_04.png,true,Seedream,portrait,0.13876768946647644
ai_portrait_recraft_v3_portrait_05.png,true,Recraft v3,portrait,0.9978076815605164
ai_portrait_flux_pro_v1.1_portrait_09.png,true,Flux Pro v1.1,portrait,0.9980559349060059
ai_portrait_flux_pro_v1.1_portrait_08.png,true,Flux Pro v1.1,portrait,0.5042109489440918
ai_portrait_wan_v2.6_portrait_01.png,true,Wan v2.6,portrait,0.9442724585533142
ai_portrait_recraft_v3_portrait_04.png,true,Recraft v3,portrait,0.9976699948310852
ai_portrait_recraft_v3_portrait_10.png,true,Recraft v3,portrait,0.737288773059845
ai_portrait_seedream_v3_portrait_05.png,true,Seedream,portrait,0.9935530424118042
ai_portrait_seedream_v4_portrait_01.png,true,Seedream,portrait,0.0009731815662235022
ai_portrait_seedream_v4_portrait_03.png,true,Seedream,portrait,0.0002679034078028053
ai_portrait_seedream_v3_portrait_07.png,true,Seedream,portrait,0.3391888439655304
ai_portrait_hunyuan_v3_portrait_09.png,true,Hunyuan v3,portrait,0.845477819442749
ai_portrait_recraft_v3_portrait_06.png,true,Recraft v3,portrait,0.0011960314586758614
ai_portrait_wan_v2.6_portrait_03.png,true,Wan v2.6,portrait,0.9999821186065674
ai_portrait_wan_v2.6_portrait_02.png,true,Wan v2.6,portrait,0.9999858140945435
ai_portrait_recraft_v3_portrait_07.png,true,Recraft v3,portrait,0.05296116694808006
ai_portrait_hunyuan_v3_portrait_08.png,true,Hunyuan v3,portrait,0.00029394510784186423
ai_portrait_seedream_v3_portrait_06.png,true,Seedream,portrait,0.9173203110694885
ai_portrait_seedream_v4_portrait_02.png,true,Seedream,portrait,0.02671739272773266
ai_portrait_seedream_v3_portrait_02.png,true,Seedream,portrait,0.020489415153861046
ai_portrait_seedream_v4_portrait_06.png,true,Seedream,portrait,0.00020406398107297719
ai_portrait_recraft_v3_portrait_03.png,true,Recraft v3,portrait,0.016539519652724266
ai_portrait_grok_aurora_portrait_09.png,true,Grok Aurora,portrait,0.017971081659197807
ai_portrait_qwen_2512_portrait_08.png,true,Qwen 2512,portrait,0.0360046848654747
ai_portrait_wan_v2.6_portrait_06.png,true,Wan v2.6,portrait,0.6975694894790649
ai_portrait_wan_v2.6_portrait_07.png,true,Wan v2.6,portrait,0.9977096319198608
ai_portrait_qwen_2512_portrait_09.png,true,Qwen 2512,portrait,0.8026325106620789
ai_portrait_recraft_v3_portrait_02.png,true,Recraft v3,portrait,0.07271289825439453
ai_portrait_grok_aurora_portrait_08.png,true,Grok Aurora,portrait,0.9999951124191284
ai_portrait_seedream_v4_portrait_07.png,true,Seedream,portrait,0.0033385709393769503
ai_portrait_seedream_v3_portrait_03.png,true,Seedream,portrait,0.9736502170562744
ai_portrait_seedream_v3_portrait_01.png,true,Seedream,portrait,0.9994100332260132
ai_portrait_seedream_v4_portrait_05.png,true,Seedream,portrait,0.040824178606271744
ai_portrait_wan_v2.6_portrait_05.png,true,Wan v2.6,portrait,0.3234389126300812
ai_portrait_flux_schnell_portrait_08.png,true,Flux Schnell,portrait,0.998370349407196
ai_portrait_flux_schnell_portrait_09.png,true,Flux Schnell,portrait,0.9997434020042419
ai_portrait_wan_v2.6_portrait_10.png,true,Wan v2.6,portrait,0.999659538269043
ai_portrait_wan_v2.6_portrait_04.png,true,Wan v2.6,portrait,0.16616813838481903
ai_portrait_recraft_v3_portrait_01.png,true,Recraft v3,portrait,0.0005823327810503542
ai_portrait_seedream_v4_portrait_04.png,true,Seedream,portrait,0.2158658653497696
ai_portrait_seedream_v4_portrait_10.png,true,Seedream,portrait,5.728485484723933e-05
ai_portrait_z_image_portrait_01.png,true,Z,portrait,0.9953998923301697
ai_portrait_ideogram_v3_portrait_01.png,true,Ideogram v3,portrait,0.9740356206893921
ai_portrait_leonardo_phoenix_portrait_07.png,true,Leonardo Phoenix,portrait,0.8454972505569458
ai_portrait_sd_3.5_large_portrait_05.png,true,Sd,portrait,0.8252623677253723
ai_portrait_gpt_image_1.5_portrait_01.png,true,Gpt,portrait,0.002867623697966337
ai_portrait_flux_2_flex_portrait_03.png,true,Flux,portrait,0.9999924898147583
ai_portrait_gemini_3_pro_portrait_10.png,true,Gemini 3 Pro,portrait,0.0007847283850423992
ai_portrait_gemini_3_pro_portrait_04.png,true,Gemini 3 Pro,portrait,0.0002102301805280149
ai_portrait_gemini_3_pro_portrait_05.png,true,Gemini 3 Pro,portrait,0.00019197602523490787
ai_portrait_flux_2_flex_portrait_02.png,true,Flux,portrait,0.99972003698349
ai_portrait_sd_3.5_large_portrait_04.png,true,Sd,portrait,0.9909159541130066
ai_portrait_leonardo_phoenix_portrait_06.png,true,Leonardo Phoenix,portrait,0.11214512586593628
ai_portrait_sd_3.5_large_portrait_10.png,true,Sd,portrait,0.4522685408592224
ai_portrait_glm_image_portrait_01.png,true,GLM Image,portrait,0.9843272566795349
ai_portrait_z_image_portrait_02.png,true,Z,portrait,0.4812528192996979
ai_portrait_glm_image_portrait_03.png,true,GLM Image,portrait,0.9999926090240479
ai_portrait_ideogram_v3_portrait_02.png,true,Ideogram v3,portrait,0.21016760170459747
ai_portrait_leonardo_phoenix_portrait_10.png,true,Leonardo Phoenix,portrait,0.9999586343765259
ai_portrait_sd_3.5_large_portrait_06.png,true,Sd,portrait,0.4041956663131714
ai_portrait_leonardo_phoenix_portrait_04.png,true,Leonardo Phoenix,portrait,0.007948420941829681
ai_portrait_gpt_image_1.5_portrait_02.png,true,Gpt,portrait,0.00011572440416784957
ai_portrait_gemini_3_pro_portrait_07.png,true,Gemini 3 Pro,portrait,0.8402347564697266
ai_portrait_gemini_3_pro_portrait_06.png,true,Gemini 3 Pro,portrait,0.0012164122890681028
ai_portrait_flux_2_flex_portrait_01.png,true,Flux,portrait,0.9990326166152954
ai_portrait_gpt_image_1.5_portrait_03.png,true,Gpt,portrait,0.7884932160377502
ai_portrait_leonardo_phoenix_portrait_05.png,true,Leonardo Phoenix,portrait,0.9963732361793518
ai_portrait_sd_3.5_large_portrait_07.png,true,Sd,portrait,0.7733296155929565
ai_portrait_ideogram_v3_portrait_03.png,true,Ideogram v3,portrait,0.993843674659729
ai_portrait_glm_image_portrait_02.png,true,GLM Image,portrait,0.999933123588562
ai_portrait_z_image_portrait_03.png,true,Z,portrait,0.9999843835830688
ai_portrait_z_image_portrait_07.png,true,Z,portrait,0.8135140538215637
ai_portrait_glm_image_portrait_06.png,true,GLM Image,portrait,0.9999767541885376
ai_portrait_ideogram_v3_portrait_07.png,true,Ideogram v3,portrait,0.9284549355506897
ai_portrait_gpt_image_1.5_portrait_07.png,true,Gpt,portrait,0.005371235776692629
ai_portrait_sd_3.5_large_portrait_03.png,true,Sd,portrait,0.7323152422904968
ai_portrait_leonardo_phoenix_portrait_01.png,true,Leonardo Phoenix,portrait,0.0002170732623199001
ai_portrait_gemini_3_pro_portrait_02.png,true,Gemini 3 Pro,portrait,0.00034895705175586045
ai_portrait_flux_2_flex_portrait_05.png,true,Flux,portrait,0.999924898147583
ai_portrait_flux_2_flex_portrait_10.png,true,Flux,portrait,0.999997615814209
ai_portrait_flux_2_flex_portrait_04.png,true,Flux,portrait,0.9996519088745117
ai_portrait_gemini_3_pro_portrait_03.png,true,Gemini 3 Pro,portrait,0.48778101801872253
ai_portrait_sd_3.5_large_portrait_02.png,true,Sd,portrait,0.8514285087585449
ai_portrait_gpt_image_1.5_portrait_06.png,true,Gpt,portrait,2.1130390450707637e-05
ai_portrait_ideogram_v3_portrait_06.png,true,Ideogram v3,portrait,0.0004793819971382618
ai_portrait_glm_image_portrait_07.png,true,GLM Image,portrait,0.9998255372047424
ai_portrait_z_image_portrait_06.png,true,Z,portrait,0.982941210269928
ai_portrait_z_image_portrait_10.png,true,Z,portrait,0.9912412166595459
ai_portrait_z_image_portrait_04.png,true,Z,portrait,0.9982059001922607
ai_portrait_glm_image_portrait_05.png,true,GLM Image,portrait,0.9981258511543274
ai_portrait_ideogram_v3_portrait_10.png,true,Ideogram v3,portrait,0.9167465567588806
ai_portrait_ideogram_v3_portrait_04.png,true,Ideogram v3,portrait,0.33133941888809204
ai_portrait_gpt_image_1.5_portrait_10.png,true,Gpt,portrait,0.4831952154636383
ai_portrait_gpt_image_1.5_portrait_04.png,true,Gpt,portrait,1.1280038052063901e-05
ai_portrait_leonardo_phoenix_portrait_02.png,true,Leonardo Phoenix,portrait,0.005026858765631914
ai_portrait_gemini_3_pro_portrait_01.png,true,Gemini 3 Pro,portrait,1.560291821078863e-05
ai_portrait_flux_2_flex_portrait_06.png,true,Flux,portrait,0.9999921321868896
ai_portrait_flux_2_flex_portrait_07.png,true,Flux,portrait,0.99993896484375
ai_portrait_sd_3.5_large_portrait_01.png,true,Sd,portrait,0.016200371086597443
ai_portrait_leonardo_phoenix_portrait_03.png,true,Leonardo Phoenix,portrait,0.022265970706939697
ai_portrait_gpt_image_1.5_portrait_05.png,true,Gpt,portrait,0.9952883720397949
ai_portrait_ideogram_v3_portrait_05.png,true,Ideogram v3,portrait,0.9782347083091736
ai_portrait_glm_image_portrait_10.png,true,GLM Image,portrait,0.9999889135360718
ai_portrait_glm_image_portrait_04.png,true,GLM Image,portrait,0.9999409914016724
ai_portrait_z_image_portrait_05.png,true,Z,portrait,0.10715651512145996
ai_portrait_z_image_portrait_08.png,true,Z,portrait,0.9999954700469971
ai_portrait_glm_image_portrait_09.png,true,GLM Image,portrait,0.9999423027038574
ai_portrait_ideogram_v3_portrait_08.png,true,Ideogram v3,portrait,0.99032062292099
ai_portrait_gpt_image_1.5_portrait_08.png,true,Gpt,portrait,3.0486708055832423e-06
ai_portrait_gpt_image_1.5_portrait_09.png,true,Gpt,portrait,0.00013864089851267636
ai_portrait_ideogram_v3_portrait_09.png,true,Ideogram v3,portrait,0.5561641454696655
ai_portrait_glm_image_portrait_08.png,true,GLM Image,portrait,0.9997394680976868
ai_portrait_z_image_portrait_09.png,true,Z,portrait,0.995466947555542
ai_portrait_flux_2_flex_portrait_09.png,true,Flux,portrait,0.9949114918708801
ai_portrait_flux_2_flex_portrait_08.png,true,Flux,portrait,0.9992183446884155
ai_portrait_leonardo_phoenix_portrait_08.png,true,Leonardo Phoenix,portrait,0.002865908667445183
ai_portrait_leonardo_phoenix_portrait_09.png,true,Leonardo Phoenix,portrait,0.0044203042052686214
ai_portrait_sd_3.5_large_portrait_09.png,true,Sd,portrait,0.01865406334400177
ai_portrait_gemini_3_pro_portrait_08.png,true,Gemini 3 Pro,portrait,0.9143388271331787
ai_portrait_gemini_3_pro_portrait_09.png,true,Gemini 3 Pro,portrait,0.7667171359062195
ai_portrait_sd_3.5_large_portrait_08.png,true,Sd,portrait,0.999994158744812
ai_portrait_seedream_v4_portrait_09.png,true,Seedream,portrait,0.0027253583539277315
ai_portrait_hunyuan_v3_portrait_03.png,true,Hunyuan v3,portrait,0.045288413763046265
ai_portrait_grok_aurora_portrait_06.png,true,Grok Aurora,portrait,0.7348366975784302
ai_portrait_qwen_2512_portrait_07.png,true,Qwen 2512,portrait,0.9779386520385742
ai_portrait_wan_v2.6_portrait_09.png,true,Wan v2.6,portrait,0.999985933303833
ai_portrait_flux_schnell_portrait_04.png,true,Flux Schnell,portrait,0.9998204112052917
ai_portrait_flux_schnell_portrait_10.png,true,Flux Schnell,portrait,0.9999405145645142
ai_portrait_flux_pro_v1.1_portrait_01.png,true,Flux Pro v1.1,portrait,0.016580352559685707
ai_portrait_flux_schnell_portrait_05.png,true,Flux Schnell,portrait,0.9999257326126099
ai_portrait_wan_v2.6_portrait_08.png,true,Wan v2.6,portrait,0.9396619200706482
ai_portrait_qwen_2512_portrait_06.png,true,Qwen 2512,portrait,0.9985887408256531
ai_portrait_grok_aurora_portrait_07.png,true,Grok Aurora,portrait,0.9972575306892395
ai_portrait_hunyuan_v3_portrait_02.png,true,Hunyuan v3,portrait,0.0025057874154299498
ai_portrait_seedream_v4_portrait_08.png,true,Seedream,portrait,0.0025189907755702734
ai_portrait_grok_aurora_portrait_05.png,true,Grok Aurora,portrait,0.9257054924964905
ai_portrait_qwen_2512_portrait_04.png,true,Qwen 2512,portrait,0.0038661446887999773
ai_portrait_qwen_2512_portrait_10.png,true,Qwen 2512,portrait,0.5218105912208557
ai_portrait_flux_schnell_portrait_07.png,true,Flux Schnell,portrait,0.999455988407135
ai_portrait_flux_pro_v1.1_portrait_03.png,true,Flux Pro v1.1,portrait,0.980401337146759
ai_portrait_flux_pro_v1.1_portrait_02.png,true,Flux Pro v1.1,portrait,0.9995375871658325
ai_portrait_flux_schnell_portrait_06.png,true,Flux Schnell,portrait,0.9999942779541016
ai_portrait_qwen_2512_portrait_05.png,true,Qwen 2512,portrait,0.16205058991909027
ai_portrait_grok_aurora_portrait_04.png,true,Grok Aurora,portrait,0.09486497938632965
ai_portrait_grok_aurora_portrait_10.png,true,Grok Aurora,portrait,0.9999963045120239
ai_portrait_hunyuan_v3_portrait_01.png,true,Hunyuan v3,portrait,0.43806910514831543
ai_portrait_hunyuan_v3_portrait_05.png,true,Hunyuan v3,portrait,0.00530491815879941
ai_portrait_qwen_2512_portrait_01.png,true,Qwen 2512,portrait,0.852319598197937
ai_portrait_flux_schnell_portrait_02.png,true,Flux Schnell,portrait,0.9998883008956909
ai_portrait_flux_pro_v1.1_portrait_06.png,true,Flux Pro v1.1,portrait,0.9950954914093018
ai_portrait_flux_pro_v1.1_portrait_07.png,true,Flux Pro v1.1,portrait,0.9380022883415222
ai_portrait_flux_schnell_portrait_03.png,true,Flux Schnell,portrait,0.9999688863754272
ai_portrait_grok_aurora_portrait_01.png,true,Grok Aurora,portrait,0.0008769437554292381
ai_portrait_hunyuan_v3_portrait_10.png,true,Hunyuan v3,portrait,0.99534010887146
ai_portrait_hunyuan_v3_portrait_04.png,true,Hunyuan v3,portrait,0.9378336668014526
ai_portrait_seedream_v3_portrait_08.png,true,Seedream,portrait,0.9251754283905029
ai_portrait_hunyuan_v3_portrait_06.png,true,Hunyuan v3,portrait,0.005102516617625952
ai_portrait_recraft_v3_portrait_09.png,true,Recraft v3,portrait,0.12929292023181915
ai_portrait_grok_aurora_portrait_03.png,true,Grok Aurora,portrait,0.9662277698516846
ai_portrait_qwen_2512_portrait_02.png,true,Qwen 2512,portrait,0.9998385906219482
ai_portrait_flux_schnell_portrait_01.png,true,Flux Schnell,portrait,0.9997542500495911
ai_portrait_flux_pro_v1.1_portrait_05.png,true,Flux Pro v1.1,portrait,0.6042712926864624
ai_portrait_flux_pro_v1.1_portrait_10.png,true,Flux Pro v1.1,portrait,0.9997571110725403
ai_portrait_flux_pro_v1.1_portrait_04.png,true,Flux Pro v1.1,portrait,0.05723350867629051
ai_portrait_qwen_2512_portrait_03.png,true,Qwen 2512,portrait,0.00023639666324015707
ai_portrait_recraft_v3_portrait_08.png,true,Recraft v3,portrait,0.32288405299186707
ai_portrait_grok_aurora_portrait_02.png,true,Grok Aurora,portrait,0.9998970031738281
ai_portrait_hunyuan_v3_portrait_07.png,true,Hunyuan v3,portrait,0.001350029488094151
ai_portrait_seedream_v3_portrait_09.png,true,Seedream,portrait,0.9945505261421204
ai_product_flux_pro_v1.1_product_03.png,true,Flux Pro v1.1,product,0.0149284852668643
ai_product_flux_2_flex_product_03.png,true,Flux,product,0.9992213249206543
ai_product_gpt_image_1.5_product_03.png,true,Gpt,product,4.706620893557556e-05
ai_product_gpt_image_1.5_product_02.png,true,Gpt,product,0.06455548852682114
ai_product_flux_2_flex_product_02.png,true,Flux,product,0.8788033127784729
ai_product_flux_pro_v1.1_product_02.png,true,Flux Pro v1.1,product,0.9985339641571045
ai_product_grok_aurora_product_01.png,true,Grok Aurora,product,0.0010490482673048973
ai_product_glm_image_product_08.png,true,GLM Image,product,0.9883020520210266
ai_product_grok_aurora_product_03.png,true,Grok Aurora,product,0.776352047920227
ai_product_hunyuan_v3_product_09.png,true,Hunyuan v3,product,0.002534066094085574
ai_product_gpt_image_1.5_product_01.png,true,Gpt,product,0.7040496468544006
ai_product_hunyuan_v3_product_08.png,true,Hunyuan v3,product,0.5006664395332336
ai_product_flux_2_flex_product_01.png,true,Flux,product,0.9925146698951721
ai_product_flux_pro_v1.1_product_01.png,true,Flux Pro v1.1,product,0.0025468231178820133
ai_product_grok_aurora_product_02.png,true,Grok Aurora,product,0.6363542675971985
ai_product_glm_image_product_09.png,true,GLM Image,product,0.5169528126716614
ai_product_grok_aurora_product_06.png,true,Grok Aurora,product,0.08470188081264496
ai_product_seedream_v4_product_08.png,true,Seedream,product,0.9264933466911316
ai_product_flux_pro_v1.1_product_05.png,true,Flux Pro v1.1,product,0.9938938021659851
ai_product_flux_2_flex_product_05.png,true,Flux,product,0.9931951761245728
ai_product_gpt_image_1.5_product_05.png,true,Gpt,product,1.44442628879915e-06
ai_product_gpt_image_1.5_product_10.png,true,Gpt,product,0.016281744465231895
ai_product_gpt_image_1.5_product_04.png,true,Gpt,product,4.0525843360228464e-05
ai_product_flux_2_flex_product_04.png,true,Flux,product,0.8470083475112915
ai_product_flux_2_flex_product_10.png,true,Flux,product,0.0009256128105334938
ai_product_flux_pro_v1.1_product_10.png,true,Flux Pro v1.1,product,0.2127637267112732
ai_product_flux_pro_v1.1_product_04.png,true,Flux Pro v1.1,product,0.002370441099628806
ai_product_seedream_v4_product_09.png,true,Seedream,product,1.327879090240458e-05
ai_product_grok_aurora_product_07.png,true,Grok Aurora,product,0.0030576465651392937
ai_product_grok_aurora_product_05.png,true,Grok Aurora,product,0.9990882873535156
ai_product_flux_schnell_product_08.png,true,Flux Schnell,product,0.9980483055114746
ai_product_flux_pro_v1.1_product_06.png,true,Flux Pro v1.1,product,0.9681360125541687
ai_product_seedream_v3_product_08.png,true,Seedream,product,0.023538852110505104
ai_product_flux_2_flex_product_06.png,true,Flux,product,0.16556954383850098
ai_product_gpt_image_1.5_product_06.png,true,Gpt,product,0.9950413107872009
ai_product_gemini_3_pro_product_09.png,true,Gemini 3 Pro,product,2.4431225028820336e-05
ai_product_gemini_3_pro_product_08.png,true,Gemini 3 Pro,product,0.0007794477860443294
ai_product_gpt_image_1.5_product_07.png,true,Gpt,product,0.6318753361701965
ai_product_flux_2_flex_product_07.png,true,Flux,product,0.4000939428806305
ai_product_seedream_v3_product_09.png,true,Seedream,product,0.06288142502307892
ai_product_flux_pro_v1.1_product_07.png,true,Flux Pro v1.1,product,0.9768120646476746
ai_product_flux_schnell_product_09.png,true,Flux Schnell,product,0.6897582411766052
ai_product_grok_aurora_product_10.png,true,Grok Aurora,product,0.004957020748406649
ai_product_grok_aurora_product_04.png,true,Grok Aurora,product,1.8655375242815353e-05
ai_product_recraft_v3_product_06.png,true,Recraft v3,product,0.03450094535946846
ai_product_ideogram_v3_product_01.png,true,Ideogram v3,product,9.044368198374286e-05
ai_product_recraft_v3_product_07.png,true,Recraft v3,product,0.9828956127166748
ai_product_recraft_v3_product_05.png,true,Recraft v3,product,0.06326082348823547
ai_product_ideogram_v3_product_02.png,true,Ideogram v3,product,0.007773968391120434
ai_product_z_image_product_08.png,true,Z,product,0.9860270023345947
ai_product_qwen_2512_product_09.png,true,Qwen 2512,product,0.005703638307750225
ai_product_qwen_2512_product_08.png,true,Qwen 2512,product,0.9711950421333313
ai_product_z_image_product_09.png,true,Z,product,0.9994131326675415
ai_product_ideogram_v3_product_03.png,true,Ideogram v3,product,0.008411765098571777
ai_product_recraft_v3_product_04.png,true,Recraft v3,product,0.0046784840524196625
ai_product_recraft_v3_product_10.png,true,Recraft v3,product,0.0019344184547662735
ai_product_sd_3.5_large_product_09.png,true,Sd,product,0.00038383714854717255
ai_product_ideogram_v3_product_07.png,true,Ideogram v3,product,0.01211645919829607
ai_product_wan_v2.6_product_08.png,true,Wan v2.6,product,0.9896708130836487
ai_product_leonardo_phoenix_product_09.png,true,Leonardo Phoenix,product,0.050536852329969406
ai_product_leonardo_phoenix_product_08.png,true,Leonardo Phoenix,product,0.9061343669891357
ai_product_wan_v2.6_product_09.png,true,Wan v2.6,product,0.6848376393318176
ai_product_ideogram_v3_product_06.png,true,Ideogram v3,product,0.7829433083534241
ai_product_sd_3.5_large_product_08.png,true,Sd,product,0.00690529914572835
ai_product_recraft_v3_product_01.png,true,Recraft v3,product,0.4409818947315216
ai_product_recraft_v3_product_03.png,true,Recraft v3,product,0.008702514693140984
ai_product_ideogram_v3_product_04.png,true,Ideogram v3,product,0.429633766412735
ai_product_ideogram_v3_product_10.png,true,Ideogram v3,product,3.5882647352991626e-05
ai_product_ideogram_v3_product_05.png,true,Ideogram v3,product,0.00012149391113780439
ai_product_recraft_v3_product_02.png,true,Recraft v3,product,0.0013729915954172611
ai_product_z_image_product_02.png,true,Z,product,0.28572458028793335
ai_product_sd_3.5_large_product_06.png,true,Sd,product,0.022569565102458
ai_product_ideogram_v3_product_08.png,true,Ideogram v3,product,0.6666357517242432
ai_product_wan_v2.6_product_07.png,true,Wan v2.6,product,0.8256977200508118
ai_product_leonardo_phoenix_product_06.png,true,Leonardo Phoenix,product,0.07773638516664505
ai_product_qwen_2512_product_03.png,true,Qwen 2512,product,0.059469014406204224
ai_product_qwen_2512_product_02.png,true,Qwen 2512,product,0.9998453855514526
ai_product_leonardo_phoenix_product_07.png,true,Leonardo Phoenix,product,0.9988719820976257
ai_product_wan_v2.6_product_06.png,true,Wan v2.6,product,0.9999294281005859
ai_product_ideogram_v3_product_09.png,true,Ideogram v3,product,0.0006613302393816411
ai_product_sd_3.5_large_product_07.png,true,Sd,product,0.0016661619301885366
ai_product_z_image_product_03.png,true,Z,product,0.016794368624687195
ai_product_z_image_product_01.png,true,Z,product,0.0004173839988652617
ai_product_sd_3.5_large_product_05.png,true,Sd,product,0.1488044261932373
ai_product_wan_v2.6_product_10.png,true,Wan v2.6,product,0.15761373937129974
ai_product_wan_v2.6_product_04.png,true,Wan v2.6,product,0.3461128771305084
ai_product_leonardo_phoenix_product_05.png,true,Leonardo Phoenix,product,0.9999570846557617
ai_product_qwen_2512_product_01.png,true,Qwen 2512,product,0.9721449017524719
ai_product_leonardo_phoenix_product_04.png,true,Leonardo Phoenix,product,0.00023107070592232049
ai_product_leonardo_phoenix_product_10.png,true,Leonardo Phoenix,product,0.9271023273468018
ai_product_wan_v2.6_product_05.png,true,Wan v2.6,product,0.0014185503823682666
ai_product_sd_3.5_large_product_04.png,true,Sd,product,0.06272651255130768
ai_product_sd_3.5_large_product_10.png,true,Sd,product,0.10912705212831497
ai_product_recraft_v3_product_09.png,true,Recraft v3,product,0.040309395641088486
ai_product_z_image_product_10.png,true,Z,product,0.9999791383743286
ai_product_z_image_product_04.png,true,Z,product,5.717778185498901e-05
ai_product_wan_v2.6_product_01.png,true,Wan v2.6,product,0.9998470544815063
ai_product_qwen_2512_product_05.png,true,Qwen 2512,product,0.4282884895801544
ai_product_qwen_2512_product_04.png,true,Qwen 2512,product,0.00011601522419368848
ai_product_qwen_2512_product_10.png,true,Qwen 2512,product,0.5931620597839355
ai_product_leonardo_phoenix_product_01.png,true,Leonardo Phoenix,product,0.2911624610424042
ai_product_z_image_product_05.png,true,Z,product,0.0002486156881786883
ai_product_sd_3.5_large_product_01.png,true,Sd,product,0.880810558795929
ai_product_recraft_v3_product_08.png,true,Recraft v3,product,0.9969841837882996
ai_product_sd_3.5_large_product_03.png,true,Sd,product,0.46633654832839966
ai_product_z_image_product_07.png,true,Z,product,0.3718443214893341
ai_product_wan_v2.6_product_02.png,true,Wan v2.6,product,0.9656290411949158
ai_product_leonardo_phoenix_product_03.png,true,Leonardo Phoenix,product,0.0013619932578876615
ai_product_qwen_2512_product_06.png,true,Qwen 2512,product,0.9166997075080872
ai_product_qwen_2512_product_07.png,true,Qwen 2512,product,0.0018268497660756111
ai_product_leonardo_phoenix_product_02.png,true,Leonardo Phoenix,product,0.571812629699707
ai_product_wan_v2.6_product_03.png,true,Wan v2.6,product,0.9358651041984558
ai_product_z_image_product_06.png,true,Z,product,0.9999657869338989
ai_product_sd_3.5_large_product_02.png,true,Sd,product,0.0002158804563805461
ai_product_glm_image_product_02.png,true,GLM Image,product,0.9904730916023254
ai_product_grok_aurora_product_09.png,true,Grok Aurora,product,0.06224827095866203
ai_product_flux_schnell_product_10.png,true,Flux Schnell,product,0.9998034834861755
ai_product_seedream_v4_product_07.png,true,Seedream,product,0.0008316260646097362
ai_product_flux_schnell_product_04.png,true,Flux Schnell,product,0.8322917819023132
ai_product_seedream_v3_product_04.png,true,Seedream,product,0.00011434449697844684
ai_product_seedream_v3_product_10.png,true,Seedream,product,0.43299609422683716
ai_product_hunyuan_v3_product_03.png,true,Hunyuan v3,product,0.1651444137096405
ai_product_gemini_3_pro_product_05.png,true,Gemini 3 Pro,product,8.80479856277816e-05
ai_product_gemini_3_pro_product_04.png,true,Gemini 3 Pro,product,3.367014505784027e-05
ai_product_gemini_3_pro_product_10.png,true,Gemini 3 Pro,product,0.00045514796511270106
ai_product_hunyuan_v3_product_02.png,true,Hunyuan v3,product,0.19785422086715698
ai_product_seedream_v3_product_05.png,true,Seedream,product,3.63654107786715e-05
ai_product_flux_schnell_product_05.png,true,Flux Schnell,product,0.9967886209487915
ai_product_seedream_v4_product_06.png,true,Seedream,product,0.005537052173167467
ai_product_grok_aurora_product_08.png,true,Grok Aurora,product,0.9996285438537598
ai_product_glm_image_product_03.png,true,GLM Image,product,0.9992764592170715
ai_product_glm_image_product_01.png,true,GLM Image,product,0.6862941384315491
ai_product_flux_schnell_product_07.png,true,Flux Schnell,product,0.23544108867645264
ai_product_seedream_v4_product_10.png,true,Seedream,product,0.0028135464526712894
ai_product_flux_pro_v1.1_product_09.png,true,Flux Pro v1.1,product,6.584518268937245e-05
ai_product_seedream_v4_product_04.png,true,Seedream,product,4.3772215576609597e-05
ai_product_seedream_v3_product_07.png,true,Seedream,product,0.6886423826217651
ai_product_flux_2_flex_product_09.png,true,Flux,product,0.22321192920207977
ai_product_gpt_image_1.5_product_09.png,true,Gpt,product,1.147567127190996e-05
ai_product_gemini_3_pro_product_06.png,true,Gemini 3 Pro,product,0.5662165284156799
ai_product_gemini_3_pro_product_07.png,true,Gemini 3 Pro,product,0.10000130534172058
ai_product_gpt_image_1.5_product_08.png,true,Gpt,product,0.5310546159744263
ai_product_hunyuan_v3_product_01.png,true,Hunyuan v3,product,0.9476556777954102
ai_product_flux_2_flex_product_08.png,true,Flux,product,0.9994055032730103
ai_product_seedream_v3_product_06.png,true,Seedream,product,0.28091761469841003
ai_product_seedream_v4_product_05.png,true,Seedream,product,1.0212907000095583e-05
ai_product_flux_pro_v1.1_product_08.png,true,Flux Pro v1.1,product,0.7456144094467163
ai_product_flux_schnell_product_06.png,true,Flux Schnell,product,0.9966742992401123
ai_product_glm_image_product_10.png,true,GLM Image,product,0.2737911343574524
ai_product_glm_image_product_04.png,true,GLM Image,product,0.9618878960609436
ai_product_flux_schnell_product_02.png,true,Flux Schnell,product,0.8812136650085449
ai_product_seedream_v4_product_01.png,true,Seedream,product,0.9999690055847168
ai_product_seedream_v3_product_02.png,true,Seedream,product,0.000574800418689847
ai_product_hunyuan_v3_product_05.png,true,Hunyuan v3,product,3.1081101042218506e-05
ai_product_gemini_3_pro_product_03.png,true,Gemini 3 Pro,product,1.008596609608503e-05
ai_product_gemini_3_pro_product_02.png,true,Gemini 3 Pro,product,5.714016515412368e-05
ai_product_hunyuan_v3_product_10.png,true,Hunyuan v3,product,0.0007809276576153934
ai_product_hunyuan_v3_product_04.png,true,Hunyuan v3,product,0.0007734468090347946
ai_product_seedream_v3_product_03.png,true,Seedream,product,0.00011079337127739564
ai_product_flux_schnell_product_03.png,true,Flux Schnell,product,0.12884488701820374
ai_product_glm_image_product_05.png,true,GLM Image,product,0.9992239475250244
ai_product_glm_image_product_07.png,true,GLM Image,product,0.9966667294502258
ai_product_seedream_v4_product_02.png,true,Seedream,product,0.0009818053804337978
ai_product_flux_schnell_product_01.png,true,Flux Schnell,product,0.865106463432312
ai_product_seedream_v3_product_01.png,true,Seedream,product,0.00011209569493075833
ai_product_hunyuan_v3_product_06.png,true,Hunyuan v3,product,0.8254693150520325
ai_product_gemini_3_pro_product_01.png,true,Gemini 3 Pro,product,6.459734322561417e-06
ai_product_hunyuan_v3_product_07.png,true,Hunyuan v3,product,0.0013387531507760286
ai_product_seedream_v4_product_03.png,true,Seedream,product,0.00011155677202623338
ai_product_glm_image_product_06.png,true,GLM Image,product,0.9987778067588806
ai_food_seedream_v3_food_02.png,true,Seedream,food,0.2870806157588959
ai_food_gemini_3_pro_food_04.png,true,Gemini 3 Pro,food,0.5836197137832642
ai_food_gemini_3_pro_food_10.png,true,Gemini 3 Pro,food,1.0327529707865324e-05
ai_food_flux_schnell_food_03.png,true,Flux Schnell,food,0.12198691815137863
ai_food_glm_image_food_08.png,true,GLM Image,food,0.211488738656044
ai_food_leonardo_phoenix_food_05.png,true,Leonardo Phoenix,food,0.9967821836471558
ai_food_gpt_image_1.5_food_01.png,true,Gpt,food,0.0006548473611474037
ai_food_flux_pro_v1.1_food_05.png,true,Flux Pro v1.1,food,0.926141083240509
ai_food_flux_pro_v1.1_food_04.png,true,Flux Pro v1.1,food,0.048513706773519516
ai_food_flux_pro_v1.1_food_10.png,true,Flux Pro v1.1,food,2.747538746916689e-05
ai_food_leonardo_phoenix_food_04.png,true,Leonardo Phoenix,food,0.004484484903514385
ai_food_glm_image_food_09.png,true,GLM Image,food,0.9993420243263245
ai_food_leonardo_phoenix_food_10.png,true,Leonardo Phoenix,food,0.0009683535899966955
ai_food_flux_schnell_food_02.png,true,Flux Schnell,food,0.5273723602294922
ai_food_gemini_3_pro_food_05.png,true,Gemini 3 Pro,food,0.0014887436991557479
ai_food_seedream_v3_food_03.png,true,Seedream,food,8.598360000178218e-05
ai_food_seedream_v3_food_01.png,true,Seedream,food,0.9870136380195618
ai_food_gemini_3_pro_food_07.png,true,Gemini 3 Pro,food,0.20310264825820923
ai_food_leonardo_phoenix_food_06.png,true,Leonardo Phoenix,food,0.03127050772309303
ai_food_gpt_image_1.5_food_02.png,true,Gpt,food,5.989541386952624e-05
ai_food_flux_pro_v1.1_food_06.png,true,Flux Pro v1.1,food,0.9999920129776001
ai_food_flux_pro_v1.1_food_07.png,true,Flux Pro v1.1,food,0.9997926354408264
ai_food_gpt_image_1.5_food_03.png,true,Gpt,food,1.2946303286298644e-05
ai_food_leonardo_phoenix_food_07.png,true,Leonardo Phoenix,food,0.9983348250389099
ai_food_flux_schnell_food_01.png,true,Flux Schnell,food,0.9997997879981995
ai_food_gemini_3_pro_food_06.png,true,Gemini 3 Pro,food,0.0002638934238348156
ai_food_seedream_v3_food_10.png,true,Seedream,food,1.0171625945076812e-05
ai_food_seedream_v3_food_04.png,true,Seedream,food,0.38300397992134094
ai_food_seedream_v4_food_08.png,true,Seedream,food,0.00020912420586682856
ai_food_gemini_3_pro_food_02.png,true,Gemini 3 Pro,food,0.017340300604701042
ai_food_flux_schnell_food_05.png,true,Flux Schnell,food,0.999915599822998
ai_food_leonardo_phoenix_food_03.png,true,Leonardo Phoenix,food,0.008420215919613838
ai_food_gpt_image_1.5_food_07.png,true,Gpt,food,0.9468845129013062
ai_food_flux_pro_v1.1_food_03.png,true,Flux Pro v1.1,food,0.9921878576278687
ai_food_flux_pro_v1.1_food_02.png,true,Flux Pro v1.1,food,0.9783704876899719
ai_food_gpt_image_1.5_food_06.png,true,Gpt,food,0.5824955701828003
ai_food_leonardo_phoenix_food_02.png,true,Leonardo Phoenix,food,0.009485730901360512
ai_food_flux_schnell_food_04.png,true,Flux Schnell,food,0.9987655878067017
ai_food_flux_schnell_food_10.png,true,Flux Schnell,food,0.5966197848320007
ai_food_gemini_3_pro_food_03.png,true,Gemini 3 Pro,food,2.489540565875359e-05
ai_food_seedream_v4_food_09.png,true,Seedream,food,0.8142940402030945
ai_food_seedream_v3_food_05.png,true,Seedream,food,0.00015653095033485442
ai_food_seedream_v3_food_07.png,true,Seedream,food,0.0012097066501155496
ai_food_ideogram_v3_food_09.png,true,Ideogram v3,food,0.4857982099056244
ai_food_gemini_3_pro_food_01.png,true,Gemini 3 Pro,food,0.013762809336185455
ai_food_flux_schnell_food_06.png,true,Flux Schnell,food,0.9998923540115356
ai_food_gpt_image_1.5_food_04.png,true,Gpt,food,0.000503775489050895
ai_food_grok_aurora_food_09.png,true,Grok Aurora,food,0.9925426244735718
ai_food_gpt_image_1.5_food_10.png,true,Gpt,food,1.2309182011449593e-06
ai_food_flux_pro_v1.1_food_01.png,true,Flux Pro v1.1,food,0.14587387442588806
ai_food_grok_aurora_food_08.png,true,Grok Aurora,food,0.9999816417694092
ai_food_gpt_image_1.5_food_05.png,true,Gpt,food,4.938029633194674e-06
ai_food_leonardo_phoenix_food_01.png,true,Leonardo Phoenix,food,0.9952414035797119
ai_food_flux_schnell_food_07.png,true,Flux Schnell,food,0.9906651973724365
ai_food_ideogram_v3_food_08.png,true,Ideogram v3,food,0.42233824729919434
ai_food_seedream_v3_food_06.png,true,Seedream,food,0.8442257046699524
ai_food_sd_3.5_large_food_01.png,true,Sd,food,0.9076335430145264
ai_food_flux_2_flex_food_06.png,true,Flux,food,0.4982869029045105
ai_food_hunyuan_v3_food_08.png,true,Hunyuan v3,food,0.00027887121541425586
ai_food_hunyuan_v3_food_09.png,true,Hunyuan v3,food,0.9176110029220581
ai_food_flux_2_flex_food_07.png,true,Flux,food,0.9999879598617554
ai_food_sd_3.5_large_food_02.png,true,Sd,food,0.008973737247288227
ai_food_flux_2_flex_food_05.png,true,Flux,food,0.6879503130912781
ai_food_qwen_2512_food_08.png,true,Qwen 2512,food,0.00045075599336996675
ai_food_z_image_food_09.png,true,Z,food,0.9955753087997437
ai_food_z_image_food_08.png,true,Z,food,0.0013238965766504407
ai_food_flux_2_flex_food_10.png,true,Flux,food,0.0013671928318217397
ai_food_flux_2_flex_food_04.png,true,Flux,food,0.9942885637283325
ai_food_qwen_2512_food_09.png,true,Qwen 2512,food,0.9999579191207886
ai_food_sd_3.5_large_food_03.png,true,Sd,food,7.753618410788476e-05
ai_food_sd_3.5_large_food_07.png,true,Sd,food,0.9997966885566711
ai_food_wan_v2.6_food_08.png,true,Wan v2.6,food,0.7841088175773621
ai_food_wan_v2.6_food_09.png,true,Wan v2.6,food,0.9997125267982483
ai_food_flux_2_flex_food_01.png,true,Flux,food,0.947910726070404
ai_food_sd_3.5_large_food_06.png,true,Sd,food,0.026843521744012833
ai_food_sd_3.5_large_food_10.png,true,Sd,food,1.6434796634712256e-05
ai_food_sd_3.5_large_food_04.png,true,Sd,food,0.0003072420659009367
ai_food_recraft_v3_food_09.png,true,Recraft v3,food,0.9652261734008789
ai_food_flux_2_flex_food_03.png,true,Flux,food,0.06775764375925064
ai_food_flux_2_flex_food_02.png,true,Flux,food,0.9999645948410034
ai_food_sd_3.5_large_food_05.png,true,Sd,food,0.999546468257904
ai_food_recraft_v3_food_08.png,true,Recraft v3,food,0.0052247727289795876
ai_food_sd_3.5_large_food_08.png,true,Sd,food,1.0475986528035719e-05
ai_food_recraft_v3_food_05.png,true,Recraft v3,food,0.9993434548377991
ai_food_qwen_2512_food_02.png,true,Qwen 2512,food,0.6740744113922119
ai_food_wan_v2.6_food_07.png,true,Wan v2.6,food,0.9759178161621094
ai_food_hunyuan_v3_food_01.png,true,Hunyuan v3,food,0.021610362455248833
ai_food_z_image_food_03.png,true,Z,food,0.0005301570054143667
ai_food_z_image_food_02.png,true,Z,food,0.016449155285954475
ai_food_wan_v2.6_food_06.png,true,Wan v2.6,food,0.9944631457328796
ai_food_qwen_2512_food_03.png,true,Qwen 2512,food,0.00012382585555315018
ai_food_recraft_v3_food_10.png,true,Recraft v3,food,0.989693820476532
ai_food_sd_3.5_large_food_09.png,true,Sd,food,0.4793190062046051
ai_food_recraft_v3_food_04.png,true,Recraft v3,food,0.00032796646701171994
ai_food_recraft_v3_food_06.png,true,Recraft v3,food,0.0012150811962783337
ai_food_qwen_2512_food_01.png,true,Qwen 2512,food,0.9994705319404602
ai_food_wan_v2.6_food_04.png,true,Wan v2.6,food,0.9994851350784302
ai_food_wan_v2.6_food_10.png,true,Wan v2.6,food,2.5678620659164153e-05
ai_food_hunyuan_v3_food_02.png,true,Hunyuan v3,food,0.00014182172890286893
ai_food_z_image_food_01.png,true,Z,food,4.2432904592715204e-05
ai_food_hunyuan_v3_food_03.png,true,Hunyuan v3,food,0.004881273955106735
ai_food_wan_v2.6_food_05.png,true,Wan v2.6,food,0.9286890625953674
ai_food_recraft_v3_food_07.png,true,Recraft v3,food,0.5830798149108887
ai_food_recraft_v3_food_03.png,true,Recraft v3,food,0.0008318412583321333
ai_food_wan_v2.6_food_01.png,true,Wan v2.6,food,0.4176315367221832
ai_food_qwen_2512_food_10.png,true,Qwen 2512,food,9.541232429910451e-06
ai_food_flux_2_flex_food_09.png,true,Flux,food,0.9952242374420166
ai_food_qwen_2512_food_04.png,true,Qwen 2512,food,0.9979977011680603
ai_food_hunyuan_v3_food_07.png,true,Hunyuan v3,food,0.9809931516647339
ai_food_z_image_food_05.png,true,Z,food,0.03572740778326988
ai_food_z_image_food_04.png,true,Z,food,0.6234142780303955
ai_food_hunyuan_v3_food_06.png,true,Hunyuan v3,food,0.00048410575254820287
ai_food_z_image_food_10.png,true,Z,food,0.0008709850371815264
ai_food_flux_2_flex_food_08.png,true,Flux,food,0.8150366544723511
ai_food_qwen_2512_food_05.png,true,Qwen 2512,food,0.010740689001977444
ai_food_recraft_v3_food_02.png,true,Recraft v3,food,0.0007493735756725073
ai_food_wan_v2.6_food_02.png,true,Wan v2.6,food,0.6803569197654724
ai_food_qwen_2512_food_07.png,true,Qwen 2512,food,0.999936580657959
ai_food_hunyuan_v3_food_04.png,true,Hunyuan v3,food,0.0022278924006968737
ai_food_z_image_food_06.png,true,Z,food,0.9857611060142517
ai_food_hunyuan_v3_food_10.png,true,Hunyuan v3,food,3.49286274285987e-05
ai_food_z_image_food_07.png,true,Z,food,0.8410001397132874
ai_food_hunyuan_v3_food_05.png,true,Hunyuan v3,food,0.0001723615569062531
ai_food_qwen_2512_food_06.png,true,Qwen 2512,food,0.8984547853469849
ai_food_wan_v2.6_food_03.png,true,Wan v2.6,food,0.7714276909828186
ai_food_recraft_v3_food_01.png,true,Recraft v3,food,0.7005357146263123
ai_food_ideogram_v3_food_05.png,true,Ideogram v3,food,0.006098004523664713
ai_food_seedream_v4_food_07.png,true,Seedream,food,0.13413693010807037
ai_food_glm_image_food_01.png,true,GLM Image,food,0.9999710321426392
ai_food_grok_aurora_food_05.png,true,Grok Aurora,food,0.32313013076782227
ai_food_gpt_image_1.5_food_08.png,true,Gpt,food,0.0003344095894135535
ai_food_gpt_image_1.5_food_09.png,true,Gpt,food,0.00048546254402026534
ai_food_grok_aurora_food_04.png,true,Grok Aurora,food,0.5206011533737183
ai_food_grok_aurora_food_10.png,true,Grok Aurora,food,0.009525125846266747
ai_food_seedream_v4_food_06.png,true,Seedream,food,0.06687433272600174
ai_food_ideogram_v3_food_10.png,true,Ideogram v3,food,0.00031732904608361423
ai_food_ideogram_v3_food_04.png,true,Ideogram v3,food,0.9989369511604309
ai_food_seedream_v3_food_08.png,true,Seedream,food,5.957583925919607e-05
ai_food_seedream_v4_food_04.png,true,Seedream,food,0.00035278769792057574
ai_food_seedream_v4_food_10.png,true,Seedream,food,2.8448892408050597e-05
ai_food_ideogram_v3_food_06.png,true,Ideogram v3,food,0.0031422681640833616
ai_food_flux_schnell_food_09.png,true,Flux Schnell,food,0.8024200797080994
ai_food_glm_image_food_02.png,true,GLM Image,food,0.009785082191228867
ai_food_grok_aurora_food_06.png,true,Grok Aurora,food,0.9989803433418274
ai_food_grok_aurora_food_07.png,true,Grok Aurora,food,0.9984033703804016
ai_food_glm_image_food_03.png,true,GLM Image,food,0.23503626883029938
ai_food_flux_schnell_food_08.png,true,Flux Schnell,food,0.014649296179413795
ai_food_ideogram_v3_food_07.png,true,Ideogram v3,food,0.029007969424128532
ai_food_seedream_v4_food_05.png,true,Seedream,food,0.02824549749493599
ai_food_seedream_v3_food_09.png,true,Seedream,food,0.0412057526409626
ai_food_seedream_v4_food_01.png,true,Seedream,food,4.144164631725289e-05
ai_food_ideogram_v3_food_03.png,true,Ideogram v3,food,0.0042602247558534145
ai_food_glm_image_food_07.png,true,GLM Image,food,0.9991063475608826
ai_food_grok_aurora_food_03.png,true,Grok Aurora,food,0.5679877996444702
ai_food_grok_aurora_food_02.png,true,Grok Aurora,food,0.0004352153046056628
ai_food_glm_image_food_06.png,true,GLM Image,food,0.999783456325531
ai_food_ideogram_v3_food_02.png,true,Ideogram v3,food,0.0005563091835938394
ai_food_gemini_3_pro_food_08.png,true,Gemini 3 Pro,food,5.7427063438808545e-05
ai_food_seedream_v4_food_02.png,true,Seedream,food,0.0011937750969082117
ai_food_leonardo_phoenix_food_09.png,true,Leonardo Phoenix,food,0.9998019337654114
ai_food_glm_image_food_10.png,true,GLM Image,food,0.8609837889671326
ai_food_glm_image_food_04.png,true,GLM Image,food,0.9998375177383423
ai_food_flux_pro_v1.1_food_09.png,true,Flux Pro v1.1,food,0.9986349940299988
ai_food_flux_pro_v1.1_food_08.png,true,Flux Pro v1.1,food,0.0003781853592954576
ai_food_grok_aurora_food_01.png,true,Grok Aurora,food,0.9601126313209534
ai_food_glm_image_food_05.png,true,GLM Image,food,0.9670977592468262
ai_food_leonardo_phoenix_food_08.png,true,Leonardo Phoenix,food,0.03707540035247803
ai_food_seedream_v4_food_03.png,true,Seedream,food,8.865863492246717e-05
ai_food_ideogram_v3_food_01.png,true,Ideogram v3,food,0.017659859731793404
ai_food_gemini_3_pro_food_09.png,true,Gemini 3 Pro,food,0.3973700702190399
ai_animal_flux_pro_v1.1_animal_07.png,true,Flux Pro v1.1,animal,0.09613705426454544
ai_animal_seedream_v3_animal_10.png,true,Seedream,animal,0.8995673656463623
ai_animal_seedream_v3_animal_04.png,true,Seedream,animal,0.00042351154843345284
ai_animal_ideogram_v3_animal_03.png,true,Ideogram v3,animal,0.9845012426376343
ai_animal_flux_2_flex_animal_07.png,true,Flux,animal,6.08289337833412e-05
ai_animal_seedream_v4_animal_01.png,true,Seedream,animal,0.00016545607650186867
ai_animal_flux_2_flex_animal_06.png,true,Flux,animal,0.999900221824646
ai_animal_gemini_3_pro_animal_01.png,true,Gemini 3 Pro,animal,0.006537201348692179
ai_animal_ideogram_v3_animal_02.png,true,Ideogram v3,animal,0.9997053742408752
ai_animal_seedream_v3_animal_05.png,true,Seedream,animal,0.00010145466512767598
ai_animal_flux_pro_v1.1_animal_06.png,true,Flux Pro v1.1,animal,0.18977181613445282
ai_animal_flux_pro_v1.1_animal_04.png,true,Flux Pro v1.1,animal,0.9999396800994873
ai_animal_flux_pro_v1.1_animal_10.png,true,Flux Pro v1.1,animal,0.9986634254455566
ai_animal_seedream_v3_animal_07.png,true,Seedream,animal,0.03494855388998985
ai_animal_sd_3.5_large_animal_09.png,true,Sd,animal,0.44940561056137085
ai_animal_gemini_3_pro_animal_03.png,true,Gemini 3 Pro,animal,4.555168925435282e-05
ai_animal_flux_2_flex_animal_04.png,true,Flux,animal,0.9610700607299805
ai_animal_flux_2_flex_animal_10.png,true,Flux,animal,0.9999326467514038
ai_animal_seedream_v4_animal_03.png,true,Seedream,animal,0.00015307951252907515
ai_animal_seedream_v4_animal_02.png,true,Seedream,animal,0.1787673383951187
ai_animal_flux_2_flex_animal_05.png,true,Flux,animal,0.9984411597251892
ai_animal_gemini_3_pro_animal_02.png,true,Gemini 3 Pro,animal,0.0006976899458095431
ai_animal_ideogram_v3_animal_01.png,true,Ideogram v3,animal,2.8625869163079187e-05
ai_animal_sd_3.5_large_animal_08.png,true,Sd,animal,0.998114824295044
ai_animal_seedream_v3_animal_06.png,true,Seedream,animal,0.9548457264900208
ai_animal_flux_pro_v1.1_animal_05.png,true,Flux Pro v1.1,animal,0.9983466863632202
ai_animal_seedream_v3_animal_02.png,true,Seedream,animal,0.9904091358184814
ai_animal_flux_pro_v1.1_animal_01.png,true,Flux Pro v1.1,animal,0.9999802112579346
ai_animal_gemini_3_pro_animal_06.png,true,Gemini 3 Pro,animal,0.014539807103574276
ai_animal_ideogram_v3_animal_05.png,true,Ideogram v3,animal,0.36714842915534973
ai_animal_flux_2_flex_animal_01.png,true,Flux,animal,0.9999443292617798
ai_animal_seedream_v4_animal_06.png,true,Seedream,animal,0.9994551539421082
ai_animal_seedream_v4_animal_07.png,true,Seedream,animal,1.4651825040346012e-05
ai_animal_ideogram_v3_animal_10.png,true,Ideogram v3,animal,0.983758270740509
ai_animal_ideogram_v3_animal_04.png,true,Ideogram v3,animal,0.025159118697047234
ai_animal_gemini_3_pro_animal_07.png,true,Gemini 3 Pro,animal,5.673511259374209e-05
ai_animal_seedream_v3_animal_03.png,true,Seedream,animal,0.9400163292884827
ai_animal_seedream_v3_animal_01.png,true,Seedream,animal,0.2760877013206482
ai_animal_flux_pro_v1.1_animal_02.png,true,Flux Pro v1.1,animal,0.99982750415802
ai_animal_gemini_3_pro_animal_05.png,true,Gemini 3 Pro,animal,0.0004734396352432668
ai_animal_ideogram_v3_animal_06.png,true,Ideogram v3,animal,0.999930739402771
ai_animal_flux_2_flex_animal_02.png,true,Flux,animal,0.999848484992981
ai_animal_seedream_v4_animal_05.png,true,Seedream,animal,0.00010222096898360178
ai_animal_qwen_2512_animal_08.png,true,Qwen 2512,animal,0.01567666046321392
ai_animal_qwen_2512_animal_09.png,true,Qwen 2512,animal,0.13524290919303894
ai_animal_seedream_v4_animal_10.png,true,Seedream,animal,0.0006708087166771293
ai_animal_seedream_v4_animal_04.png,true,Seedream,animal,0.0007685005548410118
ai_animal_flux_2_flex_animal_03.png,true,Flux,animal,0.9995235204696655
ai_animal_ideogram_v3_animal_07.png,true,Ideogram v3,animal,2.7607182346400805e-05
ai_animal_gemini_3_pro_animal_04.png,true,Gemini 3 Pro,animal,8.476159564452246e-06
ai_animal_gemini_3_pro_animal_10.png,true,Gemini 3 Pro,animal,0.0002395563933532685
ai_animal_flux_pro_v1.1_animal_03.png,true,Flux Pro v1.1,animal,0.9999196529388428
ai_animal_flux_schnell_animal_01.png,true,Flux Schnell,animal,0.9999839067459106
ai_animal_z_image_animal_06.png,true,Z,animal,0.9997193217277527
ai_animal_grok_aurora_animal_10.png,true,Grok Aurora,animal,0.9025514125823975
ai_animal_grok_aurora_animal_04.png,true,Grok Aurora,animal,0.611868143081665
ai_animal_glm_image_animal_06.png,true,GLM Image,animal,0.9999547004699707
ai_animal_recraft_v3_animal_02.png,true,Recraft v3,animal,0.9963525533676147
ai_animal_glm_image_animal_07.png,true,GLM Image,animal,0.7599543333053589
ai_animal_recraft_v3_animal_03.png,true,Recraft v3,animal,0.715410053730011
ai_animal_grok_aurora_animal_05.png,true,Grok Aurora,animal,0.9911186099052429
ai_animal_z_image_animal_07.png,true,Z,animal,0.10754664987325668
ai_animal_flux_schnell_animal_02.png,true,Flux Schnell,animal,0.999992847442627
ai_animal_z_image_animal_05.png,true,Z,animal,0.24875801801681519
ai_animal_grok_aurora_animal_07.png,true,Grok Aurora,animal,3.316810079923016e-06
ai_animal_recraft_v3_animal_01.png,true,Recraft v3,animal,0.2318161129951477
ai_animal_glm_image_animal_05.png,true,GLM Image,animal,0.9999922513961792
ai_animal_glm_image_animal_10.png,true,GLM Image,animal,0.7876644730567932
ai_animal_glm_image_animal_04.png,true,GLM Image,animal,0.0707051008939743
ai_animal_grok_aurora_animal_06.png,true,Grok Aurora,animal,0.15587744116783142
ai_animal_z_image_animal_10.png,true,Z,animal,0.9999982118606567
ai_animal_z_image_animal_04.png,true,Z,animal,0.0006773729692213237
ai_animal_flux_schnell_animal_03.png,true,Flux Schnell,animal,0.9994723200798035
ai_animal_flux_schnell_animal_07.png,true,Flux Schnell,animal,0.8125544190406799
ai_animal_wan_v2.6_animal_09.png,true,Wan v2.6,animal,0.03407689183950424
ai_animal_hunyuan_v3_animal_09.png,true,Hunyuan v3,animal,0.0004186005098745227
ai_animal_grok_aurora_animal_02.png,true,Grok Aurora,animal,0.9962888956069946
ai_animal_recraft_v3_animal_04.png,true,Recraft v3,animal,0.0025341359432786703
ai_animal_recraft_v3_animal_10.png,true,Recraft v3,animal,0.5553054213523865
ai_animal_gpt_image_1.5_animal_08.png,true,Gpt,animal,2.31311350944452e-05
ai_animal_gpt_image_1.5_animal_09.png,true,Gpt,animal,1.742985114105977e-05
ai_animal_glm_image_animal_01.png,true,GLM Image,animal,0.9996864795684814
ai_animal_recraft_v3_animal_05.png,true,Recraft v3,animal,0.3380201458930969
ai_animal_grok_aurora_animal_03.png,true,Grok Aurora,animal,0.999984860420227
ai_animal_hunyuan_v3_animal_08.png,true,Hunyuan v3,animal,0.039534978568553925
ai_animal_flux_schnell_animal_06.png,true,Flux Schnell,animal,0.9984788298606873
ai_animal_wan_v2.6_animal_08.png,true,Wan v2.6,animal,0.5984588861465454
ai_animal_z_image_animal_01.png,true,Z,animal,0.9997503161430359
ai_animal_z_image_animal_03.png,true,Z,animal,0.26454684138298035
ai_animal_flux_schnell_animal_04.png,true,Flux Schnell,animal,0.9160622954368591
ai_animal_flux_schnell_animal_10.png,true,Flux Schnell,animal,0.9999363422393799
ai_animal_grok_aurora_animal_01.png,true,Grok Aurora,animal,0.029991667717695236
ai_animal_leonardo_phoenix_animal_08.png,true,Leonardo Phoenix,animal,0.0005988933844491839
ai_animal_recraft_v3_animal_07.png,true,Recraft v3,animal,0.0003119349421467632
ai_animal_glm_image_animal_03.png,true,GLM Image,animal,0.9987189769744873
ai_animal_recraft_v3_animal_06.png,true,Recraft v3,animal,0.8753980994224548
ai_animal_glm_image_animal_02.png,true,GLM Image,animal,0.999948263168335
ai_animal_leonardo_phoenix_animal_09.png,true,Leonardo Phoenix,animal,0.14500504732131958
ai_animal_flux_schnell_animal_05.png,true,Flux Schnell,animal,0.9994238615036011
ai_animal_z_image_animal_02.png,true,Z,animal,0.2335624396800995
ai_animal_wan_v2.6_animal_06.png,true,Wan v2.6,animal,0.998212456703186
ai_animal_flux_schnell_animal_08.png,true,Flux Schnell,animal,0.9999291896820068
ai_animal_hunyuan_v3_animal_06.png,true,Hunyuan v3,animal,0.0008106410969048738
ai_animal_leonardo_phoenix_animal_10.png,true,Leonardo Phoenix,animal,0.9964858293533325
ai_animal_leonardo_phoenix_animal_04.png,true,Leonardo Phoenix,animal,7.05356796970591e-05
ai_animal_gpt_image_1.5_animal_07.png,true,Gpt,animal,1.2002697985735722e-05
ai_animal_gpt_image_1.5_animal_06.png,true,Gpt,animal,9.869123459793627e-06
ai_animal_leonardo_phoenix_animal_05.png,true,Leonardo Phoenix,animal,2.4239023332484066e-05
ai_animal_hunyuan_v3_animal_07.png,true,Hunyuan v3,animal,9.519216109765694e-05
ai_animal_wan_v2.6_animal_07.png,true,Wan v2.6,animal,0.5048103928565979
ai_animal_flux_schnell_animal_09.png,true,Flux Schnell,animal,0.0045858705416321754
ai_animal_wan_v2.6_animal_05.png,true,Wan v2.6,animal,0.7690694332122803
ai_animal_hunyuan_v3_animal_05.png,true,Hunyuan v3,animal,0.8566187620162964
ai_animal_leonardo_phoenix_animal_07.png,true,Leonardo Phoenix,animal,0.0029227605555206537
ai_animal_recraft_v3_animal_08.png,true,Recraft v3,animal,0.10147106647491455
ai_animal_gpt_image_1.5_animal_04.png,true,Gpt,animal,0.0002931287745013833
ai_animal_gpt_image_1.5_animal_10.png,true,Gpt,animal,0.007894138805568218
ai_animal_gpt_image_1.5_animal_05.png,true,Gpt,animal,1.256897917301103e-06
ai_animal_recraft_v3_animal_09.png,true,Recraft v3,animal,0.9997608065605164
ai_animal_leonardo_phoenix_animal_06.png,true,Leonardo Phoenix,animal,0.0004423306090757251
ai_animal_hunyuan_v3_animal_10.png,true,Hunyuan v3,animal,0.8714194893836975
ai_animal_hunyuan_v3_animal_04.png,true,Hunyuan v3,animal,6.23316873316071e-06
ai_animal_wan_v2.6_animal_10.png,true,Wan v2.6,animal,0.001479563070461154
ai_animal_wan_v2.6_animal_04.png,true,Wan v2.6,animal,0.0002628971997182816
ai_animal_z_image_animal_09.png,true,Z,animal,0.5255858302116394
ai_animal_leonardo_phoenix_animal_02.png,true,Leonardo Phoenix,animal,0.9265714287757874
ai_animal_gpt_image_1.5_animal_01.png,true,Gpt,animal,1.0808310435095336e-05
ai_animal_glm_image_animal_09.png,true,GLM Image,animal,0.9585583806037903
ai_animal_glm_image_animal_08.png,true,GLM Image,animal,0.9943116903305054
ai_animal_leonardo_phoenix_animal_03.png,true,Leonardo Phoenix,animal,0.00176916248165071
ai_animal_hunyuan_v3_animal_01.png,true,Hunyuan v3,animal,0.00024237445904873312
ai_animal_z_image_animal_08.png,true,Z,animal,0.9990214109420776
ai_animal_wan_v2.6_animal_01.png,true,Wan v2.6,animal,0.1070832908153534
ai_animal_wan_v2.6_animal_03.png,true,Wan v2.6,animal,0.0005627498612739146
ai_animal_grok_aurora_animal_08.png,true,Grok Aurora,animal,0.0018327019643038511
ai_animal_hunyuan_v3_animal_03.png,true,Hunyuan v3,animal,0.9975507855415344
ai_animal_leonardo_phoenix_animal_01.png,true,Leonardo Phoenix,animal,0.062084976583719254
ai_animal_gpt_image_1.5_animal_02.png,true,Gpt,animal,2.004104680963792e-05
ai_animal_gpt_image_1.5_animal_03.png,true,Gpt,animal,0.0003179507330060005
ai_animal_hunyuan_v3_animal_02.png,true,Hunyuan v3,animal,0.9993745684623718
ai_animal_grok_aurora_animal_09.png,true,Grok Aurora,animal,0.000944980070926249
ai_animal_wan_v2.6_animal_02.png,true,Wan v2.6,animal,0.00014074759383220226
ai_animal_sd_3.5_large_animal_03.png,true,Sd,animal,0.8978219628334045
ai_animal_gemini_3_pro_animal_09.png,true,Gemini 3 Pro,animal,0.4623093008995056
ai_animal_qwen_2512_animal_04.png,true,Qwen 2512,animal,3.680535883177072e-05
ai_animal_seedream_v4_animal_09.png,true,Seedream,animal,3.866353381454246e-06
ai_animal_qwen_2512_animal_10.png,true,Qwen 2512,animal,0.9816323518753052
ai_animal_seedream_v4_animal_08.png,true,Seedream,animal,8.634339610580355e-05
ai_animal_qwen_2512_animal_05.png,true,Qwen 2512,animal,0.08681663125753403
ai_animal_gemini_3_pro_animal_08.png,true,Gemini 3 Pro,animal,1.4708638445881661e-05
ai_animal_sd_3.5_large_animal_02.png,true,Sd,animal,0.9995983242988586
ai_animal_ideogram_v3_animal_09.png,true,Ideogram v3,animal,0.9823649525642395
ai_animal_qwen_2512_animal_07.png,true,Qwen 2512,animal,0.0001831916451919824
ai_animal_qwen_2512_animal_06.png,true,Qwen 2512,animal,0.9990944862365723
ai_animal_ideogram_v3_animal_08.png,true,Ideogram v3,animal,0.00020098559616599232
ai_animal_sd_3.5_large_animal_01.png,true,Sd,animal,0.0013216250808909535
ai_animal_flux_pro_v1.1_animal_08.png,true,Flux Pro v1.1,animal,0.5416048765182495
ai_animal_sd_3.5_large_animal_05.png,true,Sd,animal,0.8911418914794922
ai_animal_flux_2_flex_animal_08.png,true,Flux,animal,0.6468399167060852
ai_animal_qwen_2512_animal_02.png,true,Qwen 2512,animal,0.009663332253694534
ai_animal_qwen_2512_animal_03.png,true,Qwen 2512,animal,0.9966063499450684
ai_animal_flux_2_flex_animal_09.png,true,Flux,animal,0.8986005783081055
ai_animal_sd_3.5_large_animal_10.png,true,Sd,animal,0.9797648191452026
ai_animal_sd_3.5_large_animal_04.png,true,Sd,animal,1.4531819033436477e-05
ai_animal_flux_pro_v1.1_animal_09.png,true,Flux Pro v1.1,animal,0.0125635527074337
ai_animal_seedream_v3_animal_08.png,true,Seedream,animal,4.137534779147245e-05
ai_animal_sd_3.5_large_animal_06.png,true,Sd,animal,0.7211974263191223
ai_animal_qwen_2512_animal_01.png,true,Qwen 2512,animal,0.9997974038124084
ai_animal_sd_3.5_large_animal_07.png,true,Sd,animal,0.004116695839911699
ai_animal_seedream_v3_animal_09.png,true,Seedream,animal,0.0006208079867064953
ai_landscape_gemini_3_pro_landscape_04.png,true,Gemini 3 Pro,landscape,7.014285984041635e-06
ai_landscape_gemini_3_pro_landscape_10.png,true,Gemini 3 Pro,landscape,0.0010195650393143296
ai_landscape_flux_schnell_landscape_01.png,true,Flux Schnell,landscape,0.010252815671265125
ai_landscape_gemini_3_pro_landscape_05.png,true,Gemini 3 Pro,landscape,2.020310057559982e-05
ai_landscape_gpt_image_1.5_landscape_08.png,true,Gpt,landscape,0.9997770190238953
ai_landscape_hunyuan_v3_landscape_09.png,true,Hunyuan v3,landscape,2.7469504857435822e-06
ai_landscape_sd_3.5_large_landscape_09.png,true,Sd,landscape,1.7070073226932436e-05
ai_landscape_gemini_3_pro_landscape_07.png,true,Gemini 3 Pro,landscape,9.08661459106952e-05
ai_landscape_flux_schnell_landscape_02.png,true,Flux Schnell,landscape,0.0007818170124664903
ai_landscape_flux_schnell_landscape_03.png,true,Flux Schnell,landscape,0.016996053978800774
ai_landscape_gemini_3_pro_landscape_06.png,true,Gemini 3 Pro,landscape,0.00010821370233315974
ai_landscape_sd_3.5_large_landscape_08.png,true,Sd,landscape,0.9984902143478394
ai_landscape_hunyuan_v3_landscape_08.png,true,Hunyuan v3,landscape,0.05995023250579834
ai_landscape_gpt_image_1.5_landscape_09.png,true,Gpt,landscape,1.8440217900206335e-05
ai_landscape_gemini_3_pro_landscape_02.png,true,Gemini 3 Pro,landscape,1.756330493662972e-05
ai_landscape_flux_schnell_landscape_07.png,true,Flux Schnell,landscape,0.00045713072177022696
ai_landscape_flux_schnell_landscape_06.png,true,Flux Schnell,landscape,0.02687520533800125
ai_landscape_gemini_3_pro_landscape_03.png,true,Gemini 3 Pro,landscape,0.7033393979072571
ai_landscape_gemini_3_pro_landscape_01.png,true,Gemini 3 Pro,landscape,0.00016807817155495286
ai_landscape_z_image_landscape_09.png,true,Z,landscape,0.817823052406311
ai_landscape_flux_schnell_landscape_04.png,true,Flux Schnell,landscape,0.0003061473253183067
ai_landscape_flux_schnell_landscape_10.png,true,Flux Schnell,landscape,0.024937883019447327
ai_landscape_flux_schnell_landscape_05.png,true,Flux Schnell,landscape,0.20185473561286926
ai_landscape_z_image_landscape_08.png,true,Z,landscape,0.9916629791259766
ai_landscape_leonardo_phoenix_landscape_04.png,true,Leonardo Phoenix,landscape,3.221647421014495e-05
ai_landscape_flux_pro_v1.1_landscape_04.png,true,Flux Pro v1.1,landscape,9.005692118080333e-05
ai_landscape_flux_pro_v1.1_landscape_10.png,true,Flux Pro v1.1,landscape,0.004960863385349512
ai_landscape_ideogram_v3_landscape_08.png,true,Ideogram v3,landscape,1.454046923754504e-05
ai_landscape_qwen_2512_landscape_08.png,true,Qwen 2512,landscape,0.9999115467071533
ai_landscape_grok_aurora_landscape_03.png,true,Grok Aurora,landscape,0.008571327663958073
ai_landscape_wan_v2.6_landscape_05.png,true,Wan v2.6,landscape,0.0003093524428550154
ai_landscape_recraft_v3_landscape_09.png,true,Recraft v3,landscape,0.8649596571922302
ai_landscape_seedream_v4_landscape_05.png,true,Seedream,landscape,0.017930893227458
ai_landscape_seedream_v4_landscape_04.png,true,Seedream,landscape,5.395003972807899e-05
ai_landscape_seedream_v4_landscape_10.png,true,Seedream,landscape,0.00023091959883458912
ai_landscape_recraft_v3_landscape_08.png,true,Recraft v3,landscape,0.9932273030281067
ai_landscape_wan_v2.6_landscape_04.png,true,Wan v2.6,landscape,0.00021626859961543232
ai_landscape_wan_v2.6_landscape_10.png,true,Wan v2.6,landscape,0.15618425607681274
ai_landscape_grok_aurora_landscape_02.png,true,Grok Aurora,landscape,0.14759323000907898
ai_landscape_qwen_2512_landscape_09.png,true,Qwen 2512,landscape,0.0010121895465999842
ai_landscape_ideogram_v3_landscape_09.png,true,Ideogram v3,landscape,2.3125665393308736e-05
ai_landscape_flux_pro_v1.1_landscape_05.png,true,Flux Pro v1.1,landscape,0.018247071653604507
ai_landscape_leonardo_phoenix_landscape_07.png,true,Leonardo Phoenix,landscape,0.0013660795520991087
ai_landscape_flux_2_flex_landscape_08.png,true,Flux,landscape,0.9998531341552734
ai_landscape_seedream_v3_landscape_08.png,true,Seedream,landscape,0.013180350884795189
ai_landscape_glm_image_landscape_09.png,true,GLM Image,landscape,0.0031455904245376587
ai_landscape_flux_pro_v1.1_landscape_07.png,true,Flux Pro v1.1,landscape,0.00020115161896683276
ai_landscape_wan_v2.6_landscape_06.png,true,Wan v2.6,landscape,0.18992456793785095
ai_landscape_seedream_v4_landscape_06.png,true,Seedream,landscape,4.1483919630991295e-05
ai_landscape_seedream_v4_landscape_07.png,true,Seedream,landscape,5.888988744118251e-05
ai_landscape_wan_v2.6_landscape_07.png,true,Wan v2.6,landscape,0.01061366405338049
ai_landscape_grok_aurora_landscape_01.png,true,Grok Aurora,landscape,0.01956718973815441
ai_landscape_flux_pro_v1.1_landscape_06.png,true,Flux Pro v1.1,landscape,0.0009459753637202084
ai_landscape_glm_image_landscape_08.png,true,GLM Image,landscape,0.9999946355819702
ai_landscape_seedream_v3_landscape_09.png,true,Seedream,landscape,0.000920630234759301
ai_landscape_flux_2_flex_landscape_09.png,true,Flux,landscape,0.00017957197269424796
ai_landscape_leonardo_phoenix_landscape_06.png,true,Leonardo Phoenix,landscape,0.6563162803649902
ai_landscape_leonardo_phoenix_landscape_02.png,true,Leonardo Phoenix,landscape,0.0015468989731743932
ai_landscape_flux_pro_v1.1_landscape_02.png,true,Flux Pro v1.1,landscape,0.01717987284064293
ai_landscape_grok_aurora_landscape_05.png,true,Grok Aurora,landscape,2.3819677153369412e-05
ai_landscape_wan_v2.6_landscape_03.png,true,Wan v2.6,landscape,0.9626612663269043
ai_landscape_seedream_v4_landscape_03.png,true,Seedream,landscape,0.00017972510249819607
ai_landscape_seedream_v4_landscape_02.png,true,Seedream,landscape,8.303059439640492e-05
ai_landscape_wan_v2.6_landscape_02.png,true,Wan v2.6,landscape,0.19850030541419983
ai_landscape_grok_aurora_landscape_04.png,true,Grok Aurora,landscape,0.0014966640155762434
ai_landscape_grok_aurora_landscape_10.png,true,Grok Aurora,landscape,0.00018177165475208312
ai_landscape_flux_pro_v1.1_landscape_03.png,true,Flux Pro v1.1,landscape,0.9344096779823303
ai_landscape_leonardo_phoenix_landscape_03.png,true,Leonardo Phoenix,landscape,0.02515750750899315
ai_landscape_leonardo_phoenix_landscape_01.png,true,Leonardo Phoenix,landscape,6.446986662922427e-05
ai_landscape_flux_pro_v1.1_landscape_01.png,true,Flux Pro v1.1,landscape,0.022376133129000664
ai_landscape_grok_aurora_landscape_06.png,true,Grok Aurora,landscape,0.6012964844703674
ai_landscape_seedream_v4_landscape_01.png,true,Seedream,landscape,2.843782385753002e-05
ai_landscape_wan_v2.6_landscape_01.png,true,Wan v2.6,landscape,0.029818136245012283
ai_landscape_grok_aurora_landscape_07.png,true,Grok Aurora,landscape,0.733523964881897
ai_landscape_flux_2_flex_landscape_02.png,true,Flux,landscape,0.014030520804226398
ai_landscape_glm_image_landscape_03.png,true,GLM Image,landscape,0.9555336833000183
ai_landscape_seedream_v3_landscape_02.png,true,Seedream,landscape,3.705215567606501e-05
ai_landscape_ideogram_v3_landscape_01.png,true,Ideogram v3,landscape,3.7422059904201888e-06
ai_landscape_qwen_2512_landscape_01.png,true,Qwen 2512,landscape,0.004303057678043842
ai_landscape_recraft_v3_landscape_01.png,true,Recraft v3,landscape,0.31978839635849
ai_landscape_seedream_v3_landscape_03.png,true,Seedream,landscape,0.0005077652749605477
ai_landscape_glm_image_landscape_02.png,true,GLM Image,landscape,0.892643928527832
ai_landscape_flux_2_flex_landscape_03.png,true,Flux,landscape,0.7529917359352112
ai_landscape_flux_2_flex_landscape_01.png,true,Flux,landscape,0.3762176036834717
ai_landscape_seedream_v3_landscape_01.png,true,Seedream,landscape,0.008211957290768623
ai_landscape_ideogram_v3_landscape_02.png,true,Ideogram v3,landscape,1.6056219465099275e-05
ai_landscape_qwen_2512_landscape_02.png,true,Qwen 2512,landscape,0.0011458342196419835
ai_landscape_grok_aurora_landscape_09.png,true,Grok Aurora,landscape,7.105198164936155e-05
ai_landscape_recraft_v3_landscape_03.png,true,Recraft v3,landscape,0.05157620459794998
ai_landscape_recraft_v3_landscape_02.png,true,Recraft v3,landscape,0.018282391130924225
ai_landscape_grok_aurora_landscape_08.png,true,Grok Aurora,landscape,0.8620067834854126
ai_landscape_qwen_2512_landscape_03.png,true,Qwen 2512,landscape,0.0005426161224022508
ai_landscape_ideogram_v3_landscape_03.png,true,Ideogram v3,landscape,0.00010836499131983146
ai_landscape_glm_image_landscape_01.png,true,GLM Image,landscape,0.9859073162078857
ai_landscape_flux_2_flex_landscape_10.png,true,Flux,landscape,1.9391773093957454e-05
ai_landscape_flux_2_flex_landscape_04.png,true,Flux,landscape,0.012279774062335491
ai_landscape_seedream_v3_landscape_10.png,true,Seedream,landscape,1.808003980841022e-05
ai_landscape_seedream_v3_landscape_04.png,true,Seedream,landscape,2.5722196369315498e-05
ai_landscape_glm_image_landscape_05.png,true,GLM Image,landscape,0.25701168179512024
ai_landscape_ideogram_v3_landscape_07.png,true,Ideogram v3,landscape,0.0049347905442118645
ai_landscape_qwen_2512_landscape_07.png,true,Qwen 2512,landscape,0.0034538020845502615
ai_landscape_recraft_v3_landscape_06.png,true,Recraft v3,landscape,0.008973407559096813
ai_landscape_recraft_v3_landscape_07.png,true,Recraft v3,landscape,0.06312397867441177
ai_landscape_qwen_2512_landscape_06.png,true,Qwen 2512,landscape,0.0031288869213312864
ai_landscape_ideogram_v3_landscape_06.png,true,Ideogram v3,landscape,0.00032666244078427553
ai_landscape_glm_image_landscape_10.png,true,GLM Image,landscape,0.9997976422309875
ai_landscape_glm_image_landscape_04.png,true,GLM Image,landscape,0.001042659510858357
ai_landscape_seedream_v3_landscape_05.png,true,Seedream,landscape,0.00013293958909343928
ai_landscape_flux_2_flex_landscape_05.png,true,Flux,landscape,0.0002269518154207617
ai_landscape_flux_2_flex_landscape_07.png,true,Flux,landscape,0.10105323046445847
ai_landscape_leonardo_phoenix_landscape_08.png,true,Leonardo Phoenix,landscape,0.0004179561510682106
ai_landscape_seedream_v3_landscape_07.png,true,Seedream,landscape,4.05455612053629e-05
ai_landscape_glm_image_landscape_06.png,true,GLM Image,landscape,0.9181719422340393
ai_landscape_flux_pro_v1.1_landscape_08.png,true,Flux Pro v1.1,landscape,0.14424259960651398
ai_landscape_ideogram_v3_landscape_10.png,true,Ideogram v3,landscape,7.679892405576538e-06
ai_landscape_ideogram_v3_landscape_04.png,true,Ideogram v3,landscape,0.00012001854338450357
ai_landscape_qwen_2512_landscape_10.png,true,Qwen 2512,landscape,2.9920722226961516e-05
ai_landscape_qwen_2512_landscape_04.png,true,Qwen 2512,landscape,3.2138563256012276e-05
ai_landscape_wan_v2.6_landscape_09.png,true,Wan v2.6,landscape,3.235437907278538e-05
ai_landscape_recraft_v3_landscape_05.png,true,Recraft v3,landscape,0.011763671413064003
ai_landscape_seedream_v4_landscape_09.png,true,Seedream,landscape,4.3547879613470286e-05
ai_landscape_seedream_v4_landscape_08.png,true,Seedream,landscape,0.041710592806339264
ai_landscape_recraft_v3_landscape_10.png,true,Recraft v3,landscape,0.9982951283454895
ai_landscape_recraft_v3_landscape_04.png,true,Recraft v3,landscape,2.516957465559244e-05
ai_landscape_wan_v2.6_landscape_08.png,true,Wan v2.6,landscape,0.9999949932098389
ai_landscape_qwen_2512_landscape_05.png,true,Qwen 2512,landscape,0.0004960196674801409
ai_landscape_ideogram_v3_landscape_05.png,true,Ideogram v3,landscape,0.00014365163224283606
ai_landscape_flux_pro_v1.1_landscape_09.png,true,Flux Pro v1.1,landscape,0.019965920597314835
ai_landscape_glm_image_landscape_07.png,true,GLM Image,landscape,0.9523471593856812
ai_landscape_seedream_v3_landscape_06.png,true,Seedream,landscape,7.757054845569655e-06
ai_landscape_leonardo_phoenix_landscape_09.png,true,Leonardo Phoenix,landscape,0.9071393609046936
ai_landscape_flux_2_flex_landscape_06.png,true,Flux,landscape,0.07549215853214264
ai_landscape_gpt_image_1.5_landscape_02.png,true,Gpt,landscape,9.425108146388084e-05
ai_landscape_hunyuan_v3_landscape_03.png,true,Hunyuan v3,landscape,2.3586670067743398e-05
ai_landscape_z_image_landscape_05.png,true,Z,landscape,0.45307883620262146
ai_landscape_sd_3.5_large_landscape_03.png,true,Sd,landscape,0.16007381677627563
ai_landscape_flux_schnell_landscape_08.png,true,Flux Schnell,landscape,0.9997707009315491
ai_landscape_flux_schnell_landscape_09.png,true,Flux Schnell,landscape,0.2629519999027252
ai_landscape_z_image_landscape_10.png,true,Z,landscape,0.9997931122779846
ai_landscape_sd_3.5_large_landscape_02.png,true,Sd,landscape,4.6892066166037694e-05
ai_landscape_z_image_landscape_04.png,true,Z,landscape,0.041317086666822433
ai_landscape_hunyuan_v3_landscape_02.png,true,Hunyuan v3,landscape,5.8456869737710804e-05
ai_landscape_gpt_image_1.5_landscape_03.png,true,Gpt,landscape,4.838240420212969e-05
ai_landscape_gpt_image_1.5_landscape_01.png,true,Gpt,landscape,0.00033208084641955793
ai_landscape_z_image_landscape_06.png,true,Z,landscape,1.3316277545527555e-05
ai_landscape_sd_3.5_large_landscape_01.png,true,Sd,landscape,0.002587783383205533
ai_landscape_z_image_landscape_07.png,true,Z,landscape,1.9795255866483785e-05
ai_landscape_hunyuan_v3_landscape_01.png,true,Hunyuan v3,landscape,7.518989150412381e-05
ai_landscape_gpt_image_1.5_landscape_04.png,true,Gpt,landscape,4.0755745430942625e-05
ai_landscape_gpt_image_1.5_landscape_10.png,true,Gpt,landscape,8.311305464303587e-06
ai_landscape_hunyuan_v3_landscape_05.png,true,Hunyuan v3,landscape,1.1257180631218944e-05
ai_landscape_sd_3.5_large_landscape_05.png,true,Sd,landscape,0.2291344851255417
ai_landscape_z_image_landscape_03.png,true,Z,landscape,0.394787460565567
ai_landscape_z_image_landscape_02.png,true,Z,landscape,0.37560877203941345
ai_landscape_sd_3.5_large_landscape_04.png,true,Sd,landscape,4.288825948606245e-06
ai_landscape_sd_3.5_large_landscape_10.png,true,Sd,landscape,1.826463994802907e-05
ai_landscape_hunyuan_v3_landscape_04.png,true,Hunyuan v3,landscape,4.861392517341301e-05
ai_landscape_hunyuan_v3_landscape_10.png,true,Hunyuan v3,landscape,0.0001511107839178294
ai_landscape_gpt_image_1.5_landscape_05.png,true,Gpt,landscape,0.00033320439979434013
ai_landscape_gpt_image_1.5_landscape_07.png,true,Gpt,landscape,5.153880920261145e-06
ai_landscape_hunyuan_v3_landscape_06.png,true,Hunyuan v3,landscape,6.911320087965578e-05
ai_landscape_sd_3.5_large_landscape_06.png,true,Sd,landscape,9.346498700324446e-05
ai_landscape_gemini_3_pro_landscape_08.png,true,Gemini 3 Pro,landscape,0.8134773969650269
ai_landscape_gemini_3_pro_landscape_09.png,true,Gemini 3 Pro,landscape,1.5174375221249647e-05
ai_landscape_z_image_landscape_01.png,true,Z,landscape,0.0004773703694809228
ai_landscape_sd_3.5_large_landscape_07.png,true,Sd,landscape,0.0002075557131320238
ai_landscape_hunyuan_v3_landscape_07.png,true,Hunyuan v3,landscape,0.00038851305725984275
ai_landscape_gpt_image_1.5_landscape_06.png,true,Gpt,landscape,9.04105618246831e-05
real_art_art_79_oil_painting_of_countryside_landscape_in_frame.jpg,false,,art,4.796266512130387e-05
real_art_art_163_tLQRMO33DeI.jpg,false,,art,0.005850795656442642
real_art_art_082_wzSfjeKGiLk.jpg,false,,art,0.0030460183043032885
real_art_art_114_11SmxL6FI1A.jpg,false,,art,1.4969569747336209e-05
real_art_art_58_watercolor_landscape_painting.jpg,false,,art,4.6500019379891455e-05
real_art_art_040_T2LEdBxpm54.jpg,false,,art,0.0002289395488332957
real_art_art_105_HzNNbeGmJko.jpg,false,,art,2.631160714372527e-05
real_art_art_68_vintage_botanical_illustration.jpg,false,,art,0.026425838470458984
real_art_art_164_GoJrwnPNPbg.jpg,false,,art,2.06880713449209e-06
real_art_art_73_colorful_street_art_graffiti_mural.jpg,false,,art,0.9937630295753479
real_art_art_112_zelgyeLINKc.jpg,false,,art,6.580735771422042e-06
real_art_art_034_bkY4pok-UM0.jpg,false,,art,2.0922592739225365e-05
real_art_art_132_xnyXLEyE8L0.jpg,false,,art,0.0009998360183089972
real_art_art_149_fnoCqGw7AMg.jpg,false,,art,0.00012637523468583822
real_art_art_166_vDZCV1akWss.jpg,false,,art,2.0649281395890284e-06
real_art_art_113_Cn2YpUFVkCo.jpg,false,,art,5.841656275151763e-06
real_art_art_78_mosaic_tile_artwork_pattern.jpg,false,,art,1.3645015314978082e-05
real_art_art_72_pastel_colors_watercolor_wash.jpg,false,,art,4.6500019379891455e-05
real_art_art_074_QTWm4dJ_Z2E.jpg,false,,art,0.00010747851774794981
real_art_art_65_abstract_geometric_modern_art.jpg,false,,art,1.4258745068218559e-05
real_art_art_056_riFTrh0K4pg.jpg,false,,art,0.0001490834983997047
real_art_art_096_gzXhH-RiydU.jpg,false,,art,0.0003383349976502359
real_art_art_094_JqpsJelnXb8.jpg,false,,art,0.005262601654976606
real_art_art_56_pencil_and_watercolor_art_supplies_on_table.jpg,false,,art,0.0016237236559391022
real_art_art_160_PDAzh1rSIa8.jpg,false,,art,6.370271876221523e-05
real_art_art_152_uH3wpt7gKnQ.jpg,false,,art,1.0113725693372544e-05
real_art_art_088_8qigdir-PfA.jpg,false,,art,0.00018317591457162052
real_art_art_070_AYYbqlo5af0.jpg,false,,art,1.739084837026894e-06
real_art_art_80_digital_art_printed_on_gallery_wall.jpg,false,,art,0.000158172202645801
real_art_art_120_NiV9YsPFhM8.jpg,false,,art,3.738308441825211e-05
real_art_art_093_3qoP52UWFiY.jpg,false,,art,9.259100806957576e-06
real_art_art_092_IhDDZyvwwC4.jpg,false,,art,1.7141148418886587e-05
real_art_art_108_XOyxignLq1E.jpg,false,,art,0.005059957504272461
real_art_art_127_P2LmtHXV2Wc.jpg,false,,art,3.5907814890379086e-06
real_art_art_104_gQxrO5kOABU.jpg,false,,art,0.0004973931354470551
real_art_art_097_hBhfEXkihOs.jpg,false,,art,5.439202141133137e-05
real_art_art_085_Zm74mm1xEDY.jpg,false,,art,8.946673005993944e-06
real_art_art_050_hyoJJZd_hhI.jpg,false,,art,1.4254800362323294e-06
real_art_art_053_jdhYNL0KrCA.jpg,false,,art,0.0013042886275798082
real_art_art_045_dFA5XycbhoQ.jpg,false,,art,0.00611904775723815
real_art_art_057_m-e3AFsfOs0.jpg,false,,art,0.0017306635854765773
real_art_art_033_cpAKc-G6lPg.jpg,false,,art,0.018371090292930603
real_art_art_159_U0_hlwXFLn0.jpg,false,,art,2.9297848413989414e-06
real_art_art_051_PHdLDymaV90.jpg,false,,art,6.536138812407444e-07
real_art_art_170_Vbbz9pZmn5o.jpg,false,,art,0.0003969971730839461
real_art_art_046_DQZl8fxpSp8.jpg,false,,art,9.176345884043258e-06
real_art_art_118_BsAzhHIIwxg.jpg,false,,art,4.241291753714904e-05
real_art_art_117_5MteLUU9FGI.jpg,false,,art,0.00027288575074635446
real_art_art_66_still_life_oil_painting_with_fruit.jpg,false,,art,3.712629040819593e-05
real_art_art_121_iKPxCjUU_bg.jpg,false,,art,0.0023412839509546757
real_art_art_157_8ezfg5oYHNY.jpg,false,,art,5.223199332249351e-05
real_art_art_081_w5bYMd9leus.jpg,false,,art,1.1023553270206321e-05
real_art_art_062_dP9U-tIfU3M.jpg,false,,art,0.0003025577461812645
real_art_art_032_puf8VwPLAug.jpg,false,,art,0.0006720222881995142
real_art_art_119_iplwfXCe8a4.jpg,false,,art,2.3795721517672064e-06
real_art_art_142_svOht0lwbyk.jpg,false,,art,3.652668237918988e-05
real_art_art_068_J7w12ShptC0.jpg,false,,art,1.2255206911504501e-06
real_art_art_147_oZKmdQlIVds.jpg,false,,art,0.03931429237127304
real_art_art_145_E_JDMtW_l0Y.jpg,false,,art,4.1566527215763927e-05
real_art_art_52_watercolor_painting_supplies_on_table.jpg,false,,art,0.0016237236559391022
real_art_art_144_8XIAf776Fqg.jpg,false,,art,0.000509725883603096
real_art_art_126_wpw8sHoBtSY.jpg,false,,art,0.15645813941955566
real_art_art_066_OnAwhivaqrU.jpg,false,,art,0.0003372881910763681
real_art_art_124_VHX-eIns4Wo.jpg,false,,art,0.0014344485243782401
real_art_art_158_I0QTg9ctFDY.jpg,false,,art,0.000567101058550179
real_art_art_128_XzG9XYwxgXc.jpg,false,,art,8.780871212366037e-06
real_art_art_62_impressionist_landscape_painting_in_ornate_frame.jpg,false,,art,6.311071047093719e-05
real_art_art_047_OfTVSQTuQ5Y.jpg,false,,art,1.479069283050194e-06
real_art_art_098_sKHf8VwwFdo.jpg,false,,art,2.5449130589549895e-06
real_art_art_130_D1IS5s5O9xo.jpg,false,,art,0.00010145573469344527
real_art_art_129_0RTmv1Kx9Qk.jpg,false,,art,1.1890216228493955e-05
real_art_art_136_rGu8w3QP48o.jpg,false,,art,1.5038466699479613e-05
real_art_art_060_BXkYKWKL7TA.jpg,false,,art,8.148593224177603e-06
real_art_art_123__yrdstGC_rg.jpg,false,,art,2.1207100871833973e-05
real_art_art_64_colorful_mural_on_building_exterior.jpg,false,,art,7.691017344768625e-06
real_art_art_071_n00dm9FBwrs.jpg,false,,art,0.0001579100062372163
real_art_art_064_1cVQMljvsnw.jpg,false,,art,0.00024356471840292215
real_art_art_107_7xemAmqHhLc.jpg,false,,art,1.9175728084519506e-05
real_art_art_091_IF9x9SGOh1w.jpg,false,,art,0.00082426454173401
real_art_art_058_TOcmDVAo2jo.jpg,false,,art,1.277428509638412e-05
real_art_art_150_1CcjT68gMRM.jpg,false,,art,3.227406750738737e-06
real_art_art_100_9pU5knbOtgY.jpg,false,,art,1.437098762835376e-05
real_art_art_083_jBV3_PRk1-U.jpg,false,,art,0.0001762609463185072
real_art_art_035_S0c_wsCmlXE.jpg,false,,art,3.2042531529441476e-05
real_art_art_122_nnIzqn6B6fA.jpg,false,,art,3.472997195785865e-05
real_art_art_099_3kIPqGmmgwI.jpg,false,,art,5.936311208643019e-05
real_art_art_141_vsYrMcvb5nQ.jpg,false,,art,7.61695946494001e-06
real_art_art_70_art_gallery_interior_with_paintings_on_walls.jpg,false,,art,9.735063940752298e-05
real_art_art_048__j6wbAlQ1ow.jpg,false,,art,0.00012921160669066012
real_art_art_079_93aN5XCAlJs.jpg,false,,art,1.7845104594016448e-05
real_art_art_135_lvqcncxBYqw.jpg,false,,art,0.0001338721631327644
real_art_art_111_DVauUHIJby0.jpg,false,,art,0.0001098304710467346
real_art_art_161_StV72L0DH4A.jpg,false,,art,0.00011995801469311118
real_art_art_087_U3NtClWLRd4.jpg,false,,art,2.8492536330304574e-07
real_art_art_055_e-XPbBr0NhU.jpg,false,,art,1.0305451723979786e-05
real_art_art_043_e6xd2HXuy0A.jpg,false,,art,8.722985285203322e-07
real_art_art_109_GY_YJtmwPas.jpg,false,,art,0.0001068290657713078
real_art_art_61_charcoal_drawing_on_paper.jpg,false,,art,0.046110495924949646
real_art_art_137_70l86REbjmk.jpg,false,,art,0.3928687870502472
real_art_art_154_kBzQNk9AgOg.jpg,false,,art,0.0010243270080536604
real_art_art_037_cuddQwqncLc.jpg,false,,art,7.904527592472732e-05
real_art_art_74_gallery_wall_with_multiple_framed_artworks.jpg,false,,art,0.953197717666626
real_art_art_116_tEbRUeGJDfw.jpg,false,,art,0.12653294205665588
real_art_art_125_ajAj3-55G2A.jpg,false,,art,2.495075648312195e-07
real_art_art_67_acrylic_pour_painting_abstract.jpg,false,,art,1.4319793990580365e-05
real_art_art_51_modern_art_gallery_with_paintings_on_white_walls.jpg,false,,art,9.735063940752298e-05
real_art_art_049_ZW8dIPP4S4U.jpg,false,,art,1.3373420415518922e-06
real_art_art_139_DD1fSz2HF1s.jpg,false,,art,4.217126843286678e-06
real_art_art_50_abstract_colorful_painting_on_canvas.jpg,false,,art,5.924940069235163e-06
real_art_art_165_yN5c71nvg6g.jpg,false,,art,3.423800762902829e-06
real_art_art_153_rleYWWVY4Pc.jpg,false,,art,6.129143730504438e-05
real_art_art_134_tClS6SPq8Zo.jpg,false,,art,1.2195455383334775e-06
real_art_art_090_yCWQevKzkkM.jpg,false,,art,0.00010392980766482651
real_art_art_101_YJCRjsg1LQw.jpg,false,,art,0.02203061617910862
real_art_art_042_eN6FkYAetF8.jpg,false,,art,0.09388241171836853
real_art_art_059_yjiZAbTDkik.jpg,false,,art,1.0703039151849225e-05
real_art_art_54_oil_painting_of_flowers_in_vase.jpg,false,,art,3.8690795918228105e-05
real_art_art_089_IMZ3bM611eA.jpg,false,,art,1.6019079112084e-06
real_art_art_146_n1mVt4pyFow.jpg,false,,art,1.3478719665727112e-05
real_art_art_169_Uo5MWyegjog.jpg,false,,art,4.730316504719667e-06
real_art_art_073_n3VWZXx5n9I.jpg,false,,art,0.00023600774875376374
real_art_art_076_I7BDP_5WPqE.jpg,false,,art,7.856612501200289e-05
real_art_art_53_colorful_abstract_oil_painting_closeup.jpg,false,,art,4.301564786146628e-06
real_art_art_080_nNqBDh_l3oE.jpg,false,,art,6.920326995896176e-07
real_art_art_061_XuHkodhmiyk.jpg,false,,art,0.00030528282513841987
real_art_art_60_colorful_paint_brushstrokes_close_up_texture.jpg,false,,art,4.301564786146628e-06
real_art_art_71_renaissance_painting_in_gilded_frame.jpg,false,,art,5.891875844099559e-05
real_art_art_69_mixed_media_collage_artwork.jpg,false,,art,0.0003414484963286668
real_art_art_168_u7zd4x6-dx8.jpg,false,,art,5.812775270896964e-06
real_art_art_095_9_vYkYnWn2w.jpg,false,,art,2.8800116069760406e-06
real_art_art_138_007R8JewpwU.jpg,false,,art,0.00012775723007507622
real_art_art_069_ziIJiGSkfR4.jpg,false,,art,1.587548013048945e-06
real_art_art_63_sculpture_in_art_museum_with_natural_light.jpg,false,,art,0.0045536598190665245
real_art_art_106_cqKG2s6WP6s.jpg,false,,art,5.637757112708641e-06
real_art_art_59_classical_oil_portrait_painting_in_museum.jpg,false,,art,1.3862851119483821e-05
real_art_art_039_izfOdN-3zw0.jpg,false,,art,3.906395431840792e-05
real_art_art_57_graffiti_street_art_on_brick_wall.jpg,false,,art,0.1897820085287094
real_art_art_084_JPFWudeuc54.jpg,false,,art,0.00022944413649383932
real_art_art_133_h1jyIBttST0.jpg,false,,art,2.9587268727482297e-05
real_art_art_038_UwKXPb7N9UY.jpg,false,,art,3.880234999087406e-06
real_art_art_054_Erf1Kz7ZE5Y.jpg,false,,art,1.707477895251941e-05
real_art_art_078_RYtFleIk_4U.jpg,false,,art,3.5032873711315915e-05
real_art_art_75_oil_painting_landscape_with_trees.jpg,false,,art,7.871263733250089e-06
real_art_art_041_4POG9GQo7Aw.jpg,false,,art,2.8163591196062043e-05
real_art_art_162_jrDzerLmfW0.jpg,false,,art,2.8263957574381493e-06
real_art_art_167_Jpjj_v1-5OM.jpg,false,,art,1.144015732279513e-05
real_art_art_102_rXtXA42Lgzs.jpg,false,,art,4.660516424337402e-06
real_art_art_140_Rq74Wkhffok.jpg,false,,art,1.2269894796190783e-05
real_art_art_086_OTP0nlljatI.jpg,false,,art,1.785142012522556e-05
real_art_art_036_KQBsTXCvGwM.jpg,false,,art,0.0010048059048131108
real_art_art_76_handwritten_calligraphy_on_white_paper.jpg,false,,art,0.05253918841481209
real_art_art_072_F2olcCyRQBw.jpg,false,,art,6.3082184169616085e-06
real_art_art_067_LOvJ2ECcUJY.jpg,false,,art,0.006282107438892126
real_art_art_052_OpqAtrUNJeI.jpg,false,,art,9.039504220709205e-05
real_art_art_044_hptNUC-iitA.jpg,false,,art,9.663435776019469e-06
real_art_art_151_tuU1puvTmWw.jpg,false,,art,2.0150794171058806e-06
real_art_art_103_cLRvJPVw69U.jpg,false,,art,1.5091351997398306e-05
real_art_art_065_akbHiqZy4Pg.jpg,false,,art,1.181785137305269e-06
real_art_art_148_-bA6TkrToiY.jpg,false,,art,0.0010735123651102185
real_art_art_77_street_art_portrait_on_concrete_wall.jpg,false,,art,0.021439550444483757
real_art_art_131_bPqJ9ssfjqs.jpg,false,,art,1.999688902287744e-05
real_art_art_55_art_museum_gallery_room_with_framed_paintings.jpg,false,,art,2.7981757284578634e-06
real_art_art_110_hY3KGFVG-i0.jpg,false,,art,4.383365194371436e-06
real_art_art_156_u2RlwQc1qiQ.jpg,false,,art,0.045362118631601334
real_art_art_075_ff0HoIx3PzU.jpg,false,,art,0.000372623122530058
real_art_art_143_TzAydhJ4QzE.jpg,false,,art,1.956954292836599e-05
real_art_art_077_IExOV9fFQBM.jpg,false,,art,0.00030964866164140403
real_art_art_155_KWpm9MmEo2s.jpg,false,,art,0.0005076222587376833
real_art_art_063_heeEKtHAYEg.jpg,false,,art,2.2551099391421303e-05
real_art_art_115_iMdsjoiftZo.jpg,false,,art,0.9956626296043396
real_portrait_portrait_76_a_group_of_people_standing_around_a_white_cake.jpg,false,,portrait,0.6109492182731628
real_portrait_portrait_55_a_woman_holding_a_smart_phone_next_to_a_group_of_people.jpg,false,,portrait,9.596785730536794e-07
real_portrait_portrait_118_iJGhIMWKz7w.jpg,false,,portrait,0.00016848703671712428
real_portrait_portrait_094_7A5eK3q9qUA.jpg,false,,portrait,3.409951659705257e-06
real_portrait_portrait_62_a_group_of_men_standing_and_sitting_next_to_each_other.jpg,false,,portrait,4.159094896749593e-05
real_portrait_portrait_51_a_woman_is_helping_a_child_put_on_skis.jpg,false,,portrait,0.0006586039089597762
real_portrait_portrait_065_6lWqkLIh5L8.jpg,false,,portrait,8.483522105962038e-05
real_portrait_portrait_039_ZW3dnRiZD9U.jpg,false,,portrait,0.0002213876723544672
real_portrait_portrait_135_BZzHWmQUszE.jpg,false,,portrait,1.9847864223265788e-06
real_portrait_portrait_83_a_tennis_player_who_has_just_made_a_shot.jpg,false,,portrait,0.017351703718304634
real_portrait_portrait_57_a_young_man_and_woman_holding_their_heads_close_to_each_othe.jpg,false,,portrait,1.113794405682711e-05
real_portrait_portrait_67_there_are_many_bike_riders_racing_in_a_street_race.jpg,false,,portrait,0.00202025449834764
real_portrait_portrait_058_dWiK1hrTl14.jpg,false,,portrait,1.6936661495492444e-06
real_portrait_portrait_086_kpR9Mwgkj8c.jpg,false,,portrait,1.2946254173584748e-05
real_portrait_portrait_075_VQRm94PV_20.jpg,false,,portrait,3.0405288271140307e-05
real_portrait_portrait_151_LlHgaeBwYVE.jpg,false,,portrait,0.0001370167447021231
real_portrait_portrait_077_IIWiU1QXmWY.jpg,false,,portrait,1.20424947454012e-05
real_portrait_portrait_100_2FM9g-vAkJg.jpg,false,,portrait,0.0030258549377322197
real_portrait_portrait_098_wX7NeTEXq_w.jpg,false,,portrait,0.0003894334367942065
real_portrait_portrait_071__lP2UOoZJKk.jpg,false,,portrait,0.0002247274824185297
real_portrait_portrait_81_two_men_next_to_each_other_holding_wine_glasses.jpg,false,,portrait,1.7293831433562445e-06
real_portrait_portrait_114_VcWRNg2ju7Y.jpg,false,,portrait,1.0888122687902069e-06
real_portrait_portrait_65_three_women_sitting_on_a_train_seat_on_cellphones.jpg,false,,portrait,1.0658100109139923e-05
real_portrait_portrait_054_cFgCc3PM-A0.jpg,false,,portrait,2.5819052098086104e-05
real_portrait_portrait_067_ua9Im1zPoGM.jpg,false,,portrait,0.0006253234460018575
real_portrait_portrait_63_a_man_sitting_at_a_table_eating_food_from_a_plate.jpg,false,,portrait,0.007348423823714256
real_portrait_portrait_119_lAAmMH2c2gU.jpg,false,,portrait,1.0611234756652266e-05
real_portrait_portrait_72_a_man_swinging_a_tennis_racket_at_a_tennis_ball.jpg,false,,portrait,4.032685865240637e-06
real_portrait_portrait_77_three_men_smiling_holding_a_wii_controller_in_their_hands.jpg,false,,portrait,0.2767076790332794
real_portrait_portrait_70_two_sets_of_hands_are_each_holding_a_cell_phone_while_anothe.jpg,false,,portrait,2.246394615212921e-06
real_portrait_portrait_168_ht1JkZ7tYmY.jpg,false,,portrait,7.592742349515902e-06
real_portrait_portrait_58_woman_listening_on_her_phone_while_smoking_a_cigarette.jpg,false,,portrait,0.09635738283395767
real_portrait_portrait_137_O5BSKKHYiEU.jpg,false,,portrait,0.00021522032329812646
real_portrait_portrait_59_a_woman_taking_a_selfie_with_a_mobile_phone.jpg,false,,portrait,2.5264741907449206e-06
real_portrait_portrait_060_wyCDQSzN8XE.jpg,false,,portrait,4.560347406368237e-06
real_portrait_portrait_081_2EmLMaTshko.jpg,false,,portrait,2.3264801711775362e-05
real_portrait_portrait_059_pFbJuxSwuhI.jpg,false,,portrait,4.8323427108698525e-06
real_portrait_portrait_048_8sbwihARadA.jpg,false,,portrait,0.0004004415823146701
real_portrait_portrait_167_guDkXldTxy8.jpg,false,,portrait,0.1255294382572174
real_portrait_portrait_095_E38Gb_nVPck.jpg,false,,portrait,1.8376034631728544e-06
real_portrait_portrait_043_aDvDvH428RQ.jpg,false,,portrait,7.3480186983942986e-06
real_portrait_portrait_133_iiQ-mmG2NxI.jpg,false,,portrait,6.794263754272833e-05
real_portrait_portrait_128_nE6EPBrM-EA.jpg,false,,portrait,0.0070555927231907845
real_portrait_portrait_050_eoAubhPm6H8.jpg,false,,portrait,1.838099524320569e-05
real_portrait_portrait_134_UY52j2uUvdU.jpg,false,,portrait,1.4263219782151282e-05
real_portrait_portrait_104_eq9FtP7XwJI.jpg,false,,portrait,5.584453901974484e-05
real_portrait_portrait_092_uTad53fcxss.jpg,false,,portrait,0.00026751699624583125
real_portrait_portrait_062_ILz31HBGEak.jpg,false,,portrait,0.002140288706868887
real_portrait_portrait_085_qV16cq3T420.jpg,false,,portrait,2.5843978619377594e-06
real_portrait_portrait_170_cQPUosG9dQE.jpg,false,,portrait,6.634531018789858e-05
real_portrait_portrait_147_RYNTlcn0e3k.jpg,false,,portrait,1.8802032855091966e-06
real_portrait_portrait_103_TsvawNBQ7k0.jpg,false,,portrait,3.5533599884729483e-07
real_portrait_portrait_047_kN_F83xqdiM.jpg,false,,portrait,0.0029727350920438766
real_portrait_portrait_105_Knvzw8_L_80.jpg,false,,portrait,1.1395418368920218e-06
real_portrait_portrait_101_WXp2BT0AgnE.jpg,false,,portrait,4.656340479414212e-06
real_portrait_portrait_153_k_NkqIaRhro.jpg,false,,portrait,2.961998870887328e-05
real_portrait_portrait_71_a_woman_brushes_her_teeth_with_foamy_toothpaste.jpg,false,,portrait,7.430050027323887e-05
real_portrait_portrait_142_mJaDIZr6eMY.jpg,false,,portrait,9.506916103418916e-05
real_portrait_portrait_083_LN8t4ZAGZFQ.jpg,false,,portrait,6.54183486403781e-06
real_portrait_portrait_115_82NWNb5AGWc.jpg,false,,portrait,2.4958615085779456e-06
real_portrait_portrait_64_a_woman_smiles_from_behind_the_book_she_has_been_reading.jpg,false,,portrait,2.011264541579294e-06
real_portrait_portrait_102_QGMWr63tKoo.jpg,false,,portrait,1.03308002508129e-05
real_portrait_portrait_037_M34IAftLLsY.jpg,false,,portrait,9.139162284554914e-05
real_portrait_portrait_79_a_copse_of_men_sitting_next_to_each_other_at_a_table.jpg,false,,portrait,7.392562224595167e-07
real_portrait_portrait_068_g_eJl04NKEY.jpg,false,,portrait,2.119784039678052e-05
real_portrait_portrait_53_two_men_wearing_suits_and_hats_are_walking_together.jpg,false,,portrait,1.0287580153089948e-05
real_portrait_portrait_055_ycF8akmJ_RU.jpg,false,,portrait,0.7346292734146118
real_portrait_portrait_129_jqsprpPrn9w.jpg,false,,portrait,1.8458813428878784e-06
real_portrait_portrait_138_NOcaza8sIBg.jpg,false,,portrait,0.008194522000849247
real_portrait_portrait_78_a_woman_holding_a_plate_of_cake_covered_in_frosting.jpg,false,,portrait,3.4372794743831037e-06
real_portrait_portrait_130_4wIY3oykWMo.jpg,false,,portrait,2.269989090564195e-05
real_portrait_portrait_099_dKH-4ml-5I4.jpg,false,,portrait,7.658294634893537e-06
real_portrait_portrait_093_8gRw4V0_XJA.jpg,false,,portrait,0.00010294227831764147
real_portrait_portrait_109_IOkL3ZqAapM.jpg,false,,portrait,0.002973486902192235
real_portrait_portrait_74_a_person_helping_a_woman_put_on_a_tie.jpg,false,,portrait,2.3863262867962476e-06
real_portrait_portrait_121_hQBQ1ATvH10.jpg,false,,portrait,6.329130997073662e-07
real_portrait_portrait_076_6fc0hcXapYU.jpg,false,,portrait,0.05512877181172371
real_portrait_portrait_155_3kWZ-gVZAG0.jpg,false,,portrait,3.047550853807479e-05
real_portrait_portrait_140_83BjY5qcPKg.jpg,false,,portrait,6.232708983588964e-05
real_portrait_portrait_087_gENx9JQeQWs.jpg,false,,portrait,0.005749319680035114
real_portrait_portrait_084_7BDP97v-tT8.jpg,false,,portrait,3.343295611557551e-05
real_portrait_portrait_040_kl22CsySpcw.jpg,false,,portrait,0.00027397595113143325
real_portrait_portrait_161_Tay3IMQpKHA.jpg,false,,portrait,0.00024158056476153433
real_portrait_portrait_045_3F6Jo667E4w.jpg,false,,portrait,0.00030675093876197934
real_portrait_portrait_116_L4CAMVlnRlg.jpg,false,,portrait,0.0013950505526736379
real_portrait_portrait_072_VlOrWGCFl_w.jpg,false,,portrait,1.700714165053796e-05
real_portrait_portrait_044_NljdMbT3s30.jpg,false,,portrait,0.0028457525186240673
real_portrait_portrait_122_LpIy3YxbDA4.jpg,false,,portrait,0.00036442241980694234
real_portrait_portrait_156_HC2t702jdGo.jpg,false,,portrait,5.219863305683248e-05
real_portrait_portrait_69_a_crowd_of_people_standing_around_each_other.jpg,false,,portrait,0.002216712338849902
real_portrait_portrait_73_a_baseball_player_talks_with_an_umpire.jpg,false,,portrait,0.00028668620507232845
real_portrait_portrait_096_Rur5fFIrWNY.jpg,false,,portrait,2.9822926080669276e-05
real_portrait_portrait_61_a_clown_talking_on_a_phone_next_to_a_building.jpg,false,,portrait,1.6558720972170704e-06
real_portrait_portrait_090_UNJ3hCbuHXA.jpg,false,,portrait,2.5752231636033684e-07
real_portrait_portrait_148_ofgYwK8j_cQ.jpg,false,,portrait,0.0012005787575617433
real_portrait_portrait_113_J_I5FfqShJw.jpg,false,,portrait,6.867147931188811e-06
real_portrait_portrait_152_P7ASbD-vHW8.jpg,false,,portrait,2.641284663695842e-05
real_portrait_portrait_56_a_woman_holding_her_cell_phone_tucked_in_a_wool_cover.jpg,false,,portrait,1.1708575584634673e-06
real_portrait_portrait_107_W80TTxhRRU4.jpg,false,,portrait,2.0746791051351465e-05
real_portrait_portrait_073_yAsJE9nFiFw.jpg,false,,portrait,1.8503404135117307e-05
real_portrait_portrait_091_xX9r2xULy7s.jpg,false,,portrait,0.00013680316624231637
real_portrait_portrait_082_QwsCqHTim98.jpg,false,,portrait,6.222417596291052e-06
real_portrait_portrait_132_shb8l1o-0Zk.jpg,false,,portrait,0.002399587305262685
real_portrait_portrait_078_cT4-8tBBJDA.jpg,false,,portrait,2.737333852564916e-05
real_portrait_portrait_160_PEgf72cgr-w.jpg,false,,portrait,9.599077202437911e-06
real_portrait_portrait_038_62Ims7pw_X8.jpg,false,,portrait,4.115459887543693e-06
real_portrait_portrait_75_a_man_wearing_a_suit_and_tie_and_red_hat_with_a_silver_buckl.jpg,false,,portrait,0.00017729928367771208
real_portrait_portrait_051_63KDwZUZQw8.jpg,false,,portrait,6.642520929744933e-06
real_portrait_portrait_82_a_man_wearing_a_tie_jacket_and_white_shirt.jpg,false,,portrait,0.004268899094313383
real_portrait_portrait_52_three_students_check_their_cell_phones_in_a_classroom.jpg,false,,portrait,6.194041361595737e-06
real_portrait_portrait_063_Qm4yrKLiawY.jpg,false,,portrait,0.6684586405754089
real_portrait_portrait_84_three_young_men_playing_wii_on_a_projection_television.jpg,false,,portrait,3.6650199035648257e-06
real_portrait_portrait_159_o47Lif2bfqI.jpg,false,,portrait,4.612211705534719e-05
real_portrait_portrait_041_vCZFKRZes_0.jpg,false,,portrait,3.1441973987966776e-05
real_portrait_portrait_064_KrLXXQSojYs.jpg,false,,portrait,0.0004302235320210457
real_portrait_portrait_112_OxPuMO3zQ9s.jpg,false,,portrait,0.00020865896658506244
real_portrait_portrait_145_DQ9dW9v65Fc.jpg,false,,portrait,0.008811387233436108
real_portrait_portrait_117_4XrEyN5sXhA.jpg,false,,portrait,5.72409271626384e-06
real_portrait_portrait_070_kNZd7qT8ASY.jpg,false,,portrait,2.4270017092931084e-05
real_portrait_portrait_146_I03ZQjTt4WI.jpg,false,,portrait,3.888858555001207e-05
real_portrait_portrait_163_6qRpAg4pPEU.jpg,false,,portrait,0.0020836004987359047
real_portrait_portrait_80_two_men_smiling_and_taking_a_picture_together.jpg,false,,portrait,0.00036306583206169307
real_portrait_portrait_150_itdkHUjTuIY.jpg,false,,portrait,0.3446076214313507
real_portrait_portrait_046_k1QqUSvRObc.jpg,false,,portrait,5.837101070937933e-06
real_portrait_portrait_056_JxbqicKm-ko.jpg,false,,portrait,3.3407177397748455e-06
real_portrait_portrait_042_2xf2beBy7Wo.jpg,false,,portrait,0.7854076623916626
real_portrait_portrait_126_jxltRrbjtdI.jpg,false,,portrait,4.6144024963723496e-05
real_portrait_portrait_061_IppB3SB9f6s.jpg,false,,portrait,3.8596672311541624e-06
real_portrait_portrait_68_a_photo_of_a_young_male_in_a_suit_jacket_and_tie.jpg,false,,portrait,0.00011510699550854042
real_portrait_portrait_124_Hd2T6EzW_2Q.jpg,false,,portrait,9.14432075660443e-06
real_portrait_portrait_50_a_man_wearing_a_top_hat_and_a_red_tie.jpg,false,,portrait,1.3663036952493712e-05
real_portrait_portrait_057_ZbvHaiUwVfo.jpg,false,,portrait,3.565805309335701e-05
real_portrait_portrait_079_fGfUJnZD3Mw.jpg,false,,portrait,0.00039585056947544217
real_portrait_portrait_127_ZhJsD9T_20Q.jpg,false,,portrait,9.507361028227024e-06
real_portrait_portrait_136_SwcnAmIRZYc.jpg,false,,portrait,1.0552532330621034e-05
real_portrait_portrait_110_9iAIfjrSFYw.jpg,false,,portrait,3.860572633129777e-06
real_portrait_portrait_139_5Uvy1WMaUHw.jpg,false,,portrait,1.5073760550876614e-05
real_portrait_portrait_097_JibO_kC6vh4.jpg,false,,portrait,1.8847644241759554e-05
real_portrait_portrait_157_jG4xhAmz-uQ.jpg,false,,portrait,6.512877007480711e-05
real_portrait_portrait_141_l7PnmcqTj5Q.jpg,false,,portrait,0.00020772578136529773
real_portrait_portrait_125_Oz7_usBqwuY.jpg,false,,portrait,0.0009127720259130001
real_portrait_portrait_143_peP3zrquunA.jpg,false,,portrait,4.320850712247193e-05
real_portrait_portrait_165_rEKKAV83i-8.jpg,false,,portrait,7.47724698157981e-06
real_portrait_portrait_069_Q7p9V_xHe08.jpg,false,,portrait,0.029474176466464996
real_portrait_portrait_144_WUhpW32kBek.jpg,false,,portrait,1.3369161024456844e-05
real_portrait_portrait_089_dgGWnapezLs.jpg,false,,portrait,2.7903419322683476e-05
real_portrait_portrait_074_P_pjzMeIbj8.jpg,false,,portrait,3.2109480798681034e-06
real_portrait_portrait_036_IHJtKBe9xNs.jpg,false,,portrait,0.0006562151829712093
real_portrait_portrait_049_-lb-Wob1TeQ.jpg,false,,portrait,3.2943803489615675e-06
real_portrait_portrait_66_a_woman_holding_a_child_wrapped_in_a_towel_brushing_her_teet.jpg,false,,portrait,1.008099479804514e-05
real_portrait_portrait_54_the_young_boy_just_finished_eating_the_banana.jpg,false,,portrait,0.019781608134508133
real_portrait_portrait_60_there_are_people_playing_a_soccer_game_on_the_field.jpg,false,,portrait,0.005736250896006823
real_portrait_portrait_166_w-pEeDGN1w0.jpg,false,,portrait,1.6574502296862192e-05
real_portrait_portrait_123_o1iV6Di2FX0.jpg,false,,portrait,6.723308615619317e-05
real_portrait_portrait_162_1kJy_HK3eGI.jpg,false,,portrait,0.0001749028597259894
real_portrait_portrait_108_xz-qq9KNgwk.jpg,false,,portrait,2.8846085115219466e-05
real_portrait_portrait_149_qj1vIzXOtYo.jpg,false,,portrait,6.095290700613987e-06
real_portrait_portrait_164_qk6CnpKNmVw.jpg,false,,portrait,5.021277047490003e-06
real_portrait_portrait_131_rcXU8Tezb_k.jpg,false,,portrait,2.976405630761292e-05
real_portrait_portrait_053_oKA8kDSZpCc.jpg,false,,portrait,7.789353730913717e-06
real_portrait_portrait_066_bSNJ6R5Qrt4.jpg,false,,portrait,7.256693152157823e-06
real_portrait_portrait_120_WSxluGgdlFQ.jpg,false,,portrait,9.74520207819296e-06
real_portrait_portrait_169_-7JAEi4PhTU.jpg,false,,portrait,0.0012194843729957938
real_portrait_portrait_158_8kDx62gZRzk.jpg,false,,portrait,2.5579306566214655e-06
real_portrait_portrait_052_FvrjfNKpITc.jpg,false,,portrait,4.267647454980761e-05
real_portrait_portrait_088_iMYRUK-oadw.jpg,false,,portrait,0.0001840765617089346
real_portrait_portrait_154_fXik2Do-bB4.jpg,false,,portrait,2.2894271751283668e-05
real_portrait_portrait_080_uOnxXwB3KNE.jpg,false,,portrait,9.306470019510016e-05
real_portrait_portrait_106_ZzNLsAPymuI.jpg,false,,portrait,7.778842700645328e-05
real_portrait_portrait_111_tEQV_wnx3U8.jpg,false,,portrait,3.282756370026618e-05
real_product_product_161_paw_7bdZ8Xg.jpg,false,,product,8.296362466353457e-06
real_product_product_118_0ON2rLuvo5c.jpg,false,,product,1.572079236211721e-05
real_product_product_035_s9TJ2ncyLcQ.jpg,false,,product,0.00010919596388703212
real_product_product_162_iCW61HY_vjg.jpg,false,,product,0.0002938078250735998
real_product_product_039_AaRflAurGmg.jpg,false,,product,0.0007833238341845572
real_product_product_140_xRyL63AwZFE.jpg,false,,product,0.0003364616713952273
real_product_product_067_IWOOT4ChLjM.jpg,false,,product,5.195070571062388e-06
real_product_product_066_-jXsYZeA7tQ.jpg,false,,product,6.599031621590257e-05
real_product_product_70_a_young_woman_sitting_cross_legged_on_an_apartment_sofa.jpg,false,,product,2.3340535335591994e-05
real_product_product_115_a0dGKKDQUQ8.jpg,false,,product,0.026600921526551247
real_product_product_130_BDFWZ3fLxrg.jpg,false,,product,0.00039418405503965914
real_product_product_094_oZzoDW61aoM.jpg,false,,product,0.0033849875908344984
real_product_product_077_oyr64kMIz98.jpg,false,,product,0.000709701853338629
real_product_product_50_a_living_room_filled_with_furniture_and_decor.jpg,false,,product,5.940380560787162e-07
real_product_product_168_qsYM_gFgliw.jpg,false,,product,2.4158903215720784e-06
real_product_product_125_Re8T5DwoMic.jpg,false,,product,0.0001457802572986111
real_product_product_166_P_fMqU34A3I.jpg,false,,product,2.5710818590596318e-05
real_product_product_046_G59UIKfHz6o.jpg,false,,product,0.9837105870246887
real_product_product_139_5JuLcub3dYg.jpg,false,,product,0.0003036946291103959
real_product_product_058_fX8leXj8Q4o.jpg,false,,product,0.00016119267093017697
real_product_product_087__vAuxGCAfjQ.jpg,false,,product,6.183743721521751e-07
real_product_product_078_1UFTd1eRamE.jpg,false,,product,3.543861112120794e-06
real_product_product_80_kitchen_area_with_counter_top_space_and_dining_room_table.jpg,false,,product,1.8772327621263685e-06
real_product_product_81_a_pizza_sitting_on_top_of_a_plate_next_to_a_foil_bag_of_food.jpg,false,,product,2.9938993861833296e-07
real_product_product_60_three_laptop_computers_and_a_desktop_computer_sit_next_to_ea.jpg,false,,product,5.810308039144729e-07
real_product_product_042_NydHbLFLoS8.jpg,false,,product,9.420851711183786e-06
real_product_product_050_udHDq62Dgpc.jpg,false,,product,0.0002531503268983215
real_product_product_145_F7FhTijeOG8.jpg,false,,product,2.755063724180218e-05
real_product_product_137_OmfMncXSshw.jpg,false,,product,0.00036392296897247434
real_product_product_041_iW1l64BMMR0.jpg,false,,product,8.68549759616144e-05
real_product_product_103_i4Tv0A_n4EQ.jpg,false,,product,0.0021877933759242296
real_product_product_073_m3MWJTeKGBg.jpg,false,,product,0.0005274261347949505
real_product_product_036_ww2S2eKgbKE.jpg,false,,product,0.004127563443034887
real_product_product_111_utu66oQU6vI.jpg,false,,product,0.0004079875070601702
real_product_product_68_a_woman_holding_a_cigarette_smiling_at_the_camera_on_a_sunny.jpg,false,,product,5.475531565934944e-07
real_product_product_045_00y8k1-0DlA.jpg,false,,product,0.0001804860366974026
real_product_product_63_a_picture_of_a_cluttered_home_office_desk.jpg,false,,product,5.970749725747737e-07
real_product_product_54_young_children_sharing_a_laptop_in_a_messy_room_with_several.jpg,false,,product,1.934635207589963e-07
real_product_product_079_8LotN6HsaT4.jpg,false,,product,0.15291628241539001
real_product_product_095_UaaqY7j09B8.jpg,false,,product,3.291921302661649e-06
real_product_product_71_the_child_smiles_brightly_while_being_handed_a_pink_umbrella.jpg,false,,product,8.152196824084967e-05
real_product_product_101_G6ntxf-QoSI.jpg,false,,product,0.003647130448371172
real_product_product_66_a_woman_holding_up_a_large_carrot_in_a_backyard.jpg,false,,product,1.3969338397146203e-05
real_product_product_099_s_IHISlORGo.jpg,false,,product,2.7055959890276426e-06
real_product_product_069_3dVjKoVYgD0.jpg,false,,product,3.0909777706256136e-05
real_product_product_061_nRVn-_k1uMI.jpg,false,,product,8.244590389949735e-06
real_product_product_64_a_cat_lying_down_in_a_sink_in_a_bathroom.jpg,false,,product,3.555024363777193e-07
real_product_product_049_9ouht2FSTDU.jpg,false,,product,0.19382362067699432
real_product_product_104_CoNkFbYZzBI.jpg,false,,product,6.558288077940233e-06
real_product_product_144_TE4vKu9w5lI.jpg,false,,product,3.608956376410788e-06
real_product_product_076_MhPJdWYWbWI.jpg,false,,product,7.921369251562282e-05
real_product_product_77_a_motorized_cart_fills_a_train_with_luggage.jpg,false,,product,0.002607123926281929
real_product_product_106_kF8pH4lMkyc.jpg,false,,product,0.0007640429539605975
real_product_product_068_fUd_0iyYFVg.jpg,false,,product,1.5067014373926213e-06
real_product_product_73_a_laptop_in_a_bright_yellow_coffee_house.jpg,false,,product,0.002344539389014244
real_product_product_127_EIH4dHgb6Tg.jpg,false,,product,0.016714073717594147
real_product_product_149_KBqiQ6coMcI.jpg,false,,product,5.72748876948026e-06
real_product_product_72_a_group_of_people_are_reading_a_menu_at_the_table.jpg,false,,product,0.006466920021921396
real_product_product_085_Si69OZ_9tg0.jpg,false,,product,7.605947303090943e-06
real_product_product_083_OAlYImdG1IQ.jpg,false,,product,0.00012710907321888953
real_product_product_141_92bRtruSyPU.jpg,false,,product,0.0001827246305765584
real_product_product_117_vnCxhLnaxS8.jpg,false,,product,0.011120995506644249
real_product_product_105_skF1azpN4rk.jpg,false,,product,4.8012534534791484e-06
real_product_product_072_9rWHrdJfZBw.jpg,false,,product,4.302808065403951e-06
real_product_product_132_aJm2XW384QA.jpg,false,,product,0.0679064393043518
real_product_product_057_AZiyMfuAum4.jpg,false,,product,1.3775127172266366e-06
real_product_product_097_g1MocwsEZhI.jpg,false,,product,2.1147229745110963e-06
real_product_product_74_two_computers_sitting_on_top_of_a_desk.jpg,false,,product,0.00042157890857197344
real_product_product_043_B8_YF4fjPwo.jpg,false,,product,0.0023368429392576218
real_product_product_047_BXlSfmhVEzE.jpg,false,,product,6.00402636337094e-05
real_product_product_062_4Q4LpNP-UAs.jpg,false,,product,0.0007665443699806929
real_product_product_69_a_desk_with_a_cup_plate_laptop_monitor_and_keyboard.jpg,false,,product,8.612920510131516e-07
real_product_product_133_5GibcyAX20Q.jpg,false,,product,0.0029120438266545534
real_product_product_170_z14hF-2ssM0.jpg,false,,product,1.3661147022503428e-05
real_product_product_120_63EhFafADqI.jpg,false,,product,0.18991485238075256
real_product_product_086_vWR6FDWA5hk.jpg,false,,product,0.18567438423633575
real_product_product_100_Pledx042HMI.jpg,false,,product,0.9997552037239075
real_product_product_053_AxdlcxaModc.jpg,false,,product,1.1882927537953947e-05
real_product_product_110_9yY6qj6N4Ek.jpg,false,,product,1.4190673027769662e-05
real_product_product_138_gR8QukPoAvQ.jpg,false,,product,4.8626789066474885e-06
real_product_product_090_xepikEyPgmI.jpg,false,,product,0.0006400106940418482
real_product_product_165_b2_pVdk4lGI.jpg,false,,product,5.790389423054876e-06
real_product_product_136_TH4Ug5gGgD8.jpg,false,,product,1.2576401786645874e-06
real_product_product_096_1CQjStL89kQ.jpg,false,,product,0.00655659195035696
real_product_product_52_a_room_with_a_desktop_computer_and_a_picture_of_a_mummy.jpg,false,,product,4.990880597688374e-07
real_product_product_044_P3BwhD8sa6M.jpg,false,,product,0.00011283611092949286
real_product_product_084__pA5RUGRPvg.jpg,false,,product,0.0013356450945138931
real_product_product_153_CjcqO587KRI.jpg,false,,product,3.5473814932629466e-05
real_product_product_071_XYq2hcSmakA.jpg,false,,product,6.2765279835730325e-06
real_product_product_129_bQjEEII7G5E.jpg,false,,product,1.314914584327198e-06
real_product_product_164_pNRLVLA1gNU.jpg,false,,product,0.15882794559001923
real_product_product_67_a_floor_filled_with_the_contents_of_a_womans_bag.jpg,false,,product,6.878486829009489e-07
real_product_product_158_Ow4X45p6mIw.jpg,false,,product,0.0003610050189308822
real_product_product_123_T4xh5oV8LuY.jpg,false,,product,5.0295828259550035e-05
real_product_product_147_Dx47EsVBnEo.jpg,false,,product,0.00013634371862281114
real_product_product_148_UlNDzqInCXk.jpg,false,,product,0.00016815608250908554
real_product_product_064_A_fBQe39A4k.jpg,false,,product,0.07598560303449631
real_product_product_169_en-RjVJurms.jpg,false,,product,0.00047086121048778296
real_product_product_088_XLnkWVCPuoU.jpg,false,,product,0.005094159860163927
real_product_product_61_a_marine_that_is_looking_at_his_cell_phone.jpg,false,,product,5.6514367315685377e-05
real_product_product_109_UuAs_sR4frs.jpg,false,,product,0.5050821304321289
real_product_product_056_ZQm_wg8jxhI.jpg,false,,product,0.00019997703202534467
real_product_product_052_Lwqv4tEIKOU.jpg,false,,product,2.576636006779154e-06
real_product_product_093_MzFclBeMwSo.jpg,false,,product,2.343436972296331e-05
real_product_product_082_gRPFfk_c0HE.jpg,false,,product,0.00522431218996644
real_product_product_055_PMhYnFuj1ls.jpg,false,,product,0.0014784911181777716
real_product_product_152_eORbhX0F4_4.jpg,false,,product,3.4324348234804347e-06
real_product_product_160_iwwMFnt1GTc.jpg,false,,product,4.16910152125638e-05
real_product_product_75_a_computer_mouse_is_beside_a_notebook_computer.jpg,false,,product,8.036412850742636e-07
real_product_product_122_TVWBH7UHQ7Y.jpg,false,,product,0.00041067408164963126
real_product_product_070_LDlC-35X2uU.jpg,false,,product,0.0004169376043137163
real_product_product_051_MdZFPwlWMYs.jpg,false,,product,1.0682522770366631e-05
real_product_product_060_RAmpnn20rmY.jpg,false,,product,1.5441242794622667e-05
real_product_product_143_kVuPfz-3HKw.jpg,false,,product,8.770173008088022e-05
real_product_product_034_VlgzxZZKQOQ.jpg,false,,product,0.002844461938366294
real_product_product_128_wk8ilTaXqw4.jpg,false,,product,0.00016992779274005443
real_product_product_82_a_crowd_of_people_with_umbrellas_on_a_street.jpg,false,,product,0.9933978319168091
real_product_product_119_0QP-0DUaCo4.jpg,false,,product,1.266556523660256e-06
real_product_product_159_AWWUNRA1KFw.jpg,false,,product,0.0025508746039122343
real_product_product_57_a_big_fancy_glass_chandelier_hanging_in_a_small_kitchen.jpg,false,,product,0.002058501588180661
real_product_product_124_yb3hsmz4utg.jpg,false,,product,3.66724343621172e-05
real_product_product_78_a_woman_with_suitcases_waiting_for_a_train.jpg,false,,product,4.785660507877765e-07
real_product_product_155_fSoJ_Kj59zs.jpg,false,,product,0.0002495613880455494
real_product_product_156_qiMmrWdYZfg.jpg,false,,product,8.647829417895991e-06
real_product_product_121_mFFATULxMBU.jpg,false,,product,5.457620864035562e-05
real_product_product_134_n1bbNrNSJH8.jpg,false,,product,0.00019946687098126858
real_product_product_074_y26NHYSTZRk.jpg,false,,product,1.3175105777918361e-05
real_product_product_135_YZIdz19jhqs.jpg,false,,product,7.514888125115249e-07
real_product_product_58_a_beautiful_woman_taking_a_picture_with_her_smart_phone.jpg,false,,product,1.8970184783029254e-06
real_product_product_51_a_group_of_people_walking_across_a_busy_city_street.jpg,false,,product,1.4099887266638689e-05
real_product_product_098_pkfwwofpNUw.jpg,false,,product,0.41026219725608826
real_product_product_081_e6z6DVc_JqQ.jpg,false,,product,1.607662852620706e-05
real_product_product_76_a_man_in_a_gray_shirt_holds_his_phone_as_he_sits_by_a_man_in.jpg,false,,product,2.5230136202480935e-07
real_product_product_037_sxh5dE2bD50.jpg,false,,product,0.0039065745659172535
real_product_product_091_kcy3tHgHpcs.jpg,false,,product,0.0008119335980154574
real_product_product_048__CSr-_ZICSY.jpg,false,,product,0.00015254999743774533
real_product_product_167_xWeSCy5BdfI.jpg,false,,product,6.827302422607318e-05
real_product_product_107_xVptEZzgVfo.jpg,false,,product,0.004789690021425486
real_product_product_151_ICAxsNRt_WM.jpg,false,,product,0.09519334137439728
real_product_product_038_3Cgmcux-cpY.jpg,false,,product,6.2195526879804675e-06
real_product_product_56_two_computer_monitors_are_turned_on_on_a_computer_desk.jpg,false,,product,3.4172765026596608e-06
real_product_product_054_eAaoUuAMb7M.jpg,false,,product,0.014727679081261158
real_product_product_163_r1BS0pzlr1M.jpg,false,,product,5.300178600009531e-05
real_product_product_108_5GKdpmo0wI8.jpg,false,,product,0.002043916843831539
real_product_product_112_aokIiOCtnXk.jpg,false,,product,3.5154760553268716e-05
real_product_product_62_a_few_different_computers_are_placed_on_the_desk.jpg,false,,product,1.9221897673560306e-06
real_product_product_102_kjfdacDML9M.jpg,false,,product,5.703136139345588e-06
real_product_product_150_kFDyajOyqTA.jpg,false,,product,0.00021925235341768712
real_product_product_59_a_refrigerator_next_to_a_red_wall_in_the_kitchen.jpg,false,,product,7.775828976264165e-07
real_product_product_059_Lcqz6UUKXRU.jpg,false,,product,0.00017645432671997696
real_product_product_089_IYvYz0j7zpA.jpg,false,,product,1.4271886357164476e-05
real_product_product_092_7QyUPe30vqU.jpg,false,,product,0.00015252482262440026
real_product_product_116_xUpbmUINv9o.jpg,false,,product,0.00020843921811319888
real_product_product_142_oNte8riFdX0.jpg,false,,product,0.000539692584425211
real_product_product_146_wW1raPiIJIU.jpg,false,,product,1.1141502000100445e-05
real_product_product_79_a_group_of_commuters_standing_around_a_train_station.jpg,false,,product,0.9994391798973083
real_product_product_126_MHBJeSSQfx8.jpg,false,,product,1.0094848221342545e-05
real_product_product_065_Yu-xv5OzGgo.jpg,false,,product,2.104763552779332e-06
real_product_product_113_pOCcShZwNcs.jpg,false,,product,0.00047806865768507123
real_product_product_075_MUv_7l-GRKU.jpg,false,,product,0.0001382054470013827
real_product_product_55_there_is_a_lap_top_computer_on_the_desk.jpg,false,,product,5.598002985607309e-07
real_product_product_157_fVIiTknYim8.jpg,false,,product,0.00019714930385816842
real_product_product_65_people_laying_in_chairs_walking_and_playing_in_the_water_on.jpg,false,,product,6.954671789571876e-07
real_product_product_154_nwhqGZ5DcOY.jpg,false,,product,9.69030152191408e-05
real_product_product_080_QESicPqs_XE.jpg,false,,product,7.526977242378052e-06
real_product_product_063_cD_obz7W774.jpg,false,,product,0.0008940387051552534
real_product_product_53_a_woman_walking_next_to_a_man_riding_a_pink_bike.jpg,false,,product,2.598026185296476e-05
real_product_product_131_F-e4-hd1-oA.jpg,false,,product,0.00011608249042183161
real_product_product_040_uWrLpDAT81g.jpg,false,,product,0.17949236929416656
real_product_product_114_vGhpfizChpY.jpg,false,,product,0.0001323166216025129
real_food_food_084_-BSvBlnCvUU.jpg,false,,food,4.704044840764254e-06
real_food_food_58_man_cutting_a_cake_on_the_table_in_the_kitchen.jpg,false,,food,7.2276989158126526e-06
real_food_food_035_91czTE5wmCg.jpg,false,,food,0.0006292576435953379
real_food_food_039_pGCwAAk04BU.jpg,false,,food,6.841360300313681e-05
real_food_food_157_-dm8WfhnQU4.jpg,false,,food,1.4330313433674746e-06
real_food_food_141_MUdGuohE-Mk.jpg,false,,food,0.0014752144925296307
real_food_food_159_K3q1KVUeGQY.jpg,false,,food,4.1782921471167356e-05
real_food_food_117_dv5SSMfXbs4.jpg,false,,food,8.651895041111857e-05
real_food_food_131_l8Y9fVgxrEE.jpg,false,,food,1.241942936758278e-05
real_food_food_170_rDLBArZUl1c.jpg,false,,food,3.601191929192282e-05
real_food_food_123_49EKj06dQCc.jpg,false,,food,3.305320569779724e-05
real_food_food_155_h5yMpgOI5nI.jpg,false,,food,0.007974060252308846
real_food_food_165_9PDBbyJc2eE.jpg,false,,food,1.976784460566705e-06
real_food_food_063_bgHJL294VVY.jpg,false,,food,0.00011286558583378792
real_food_food_118_xXIRSZmzvU8.jpg,false,,food,7.214119250420481e-06
real_food_food_037_dQIcaRtNZtQ.jpg,false,,food,1.2089465599274263e-05
real_food_food_110_o8PCoxDO8PQ.jpg,false,,food,6.0696933360304683e-05
real_food_food_59_a_white_plate_with_some_food_and_two_trays_of_sauce.jpg,false,,food,1.7920265236170962e-06
real_food_food_81_a_table_topped_with_plates_bowls_and_containers_of_food.jpg,false,,food,4.925420398649294e-06
real_food_food_056_qw6_11-Ob48.jpg,false,,food,0.0009170320117846131
real_food_food_169_T5Pm7ZId3sc.jpg,false,,food,9.7937612736132e-05
real_food_food_048_BxY-nv-RBsA.jpg,false,,food,0.0008472229237668216
real_food_food_036_HkaSi5Fvc0s.jpg,false,,food,4.845420789933996e-06
real_food_food_077_LOdAL10JejI.jpg,false,,food,0.0002203954936703667
real_food_food_069_av5GTf-KxcI.jpg,false,,food,6.585193204955431e-06
real_food_food_152_gDwonOrdh0Q.jpg,false,,food,1.1703327800205443e-06
real_food_food_68_a_bunch_of_oranges_are_sitting_in_a_clear_fruit_bowl.jpg,false,,food,0.007211084943264723
real_food_food_167_3Vr4qQvQn34.jpg,false,,food,0.00010274947999278083
real_food_food_163_vExD0Y0Aei0.jpg,false,,food,0.00021119494340382516
real_food_food_151_FyDHcvRi3QI.jpg,false,,food,0.00014295366418082267
real_food_food_135_jdcifvdsJZg.jpg,false,,food,2.0891768144792877e-05
real_food_food_57_the_meal_of_fish_has_a_side_of_broccoli.jpg,false,,food,0.19169187545776367
real_food_food_164_1Uqr_jqi3c4.jpg,false,,food,4.799614089279203e-06
real_food_food_072_t1_BuMsRRsI.jpg,false,,food,1.4679774267278844e-06
real_food_food_096_JVd2FchPjCg.jpg,false,,food,1.031181454891339e-06
real_food_food_114_ozVQrfENFOs.jpg,false,,food,0.0005494203069247305
real_food_food_78_three_round_plates_filled_with_artistically_presented_food.jpg,false,,food,2.266652359139698e-07
real_food_food_051_GCEK8Jo_vGM.jpg,false,,food,7.321031716855941e-06
real_food_food_130_QYU_U2wXxig.jpg,false,,food,2.374822770434548e-06
real_food_food_089_sp2lfKOUzAM.jpg,false,,food,0.00015404238365590572
real_food_food_52_a_kitchen_that_has_a_table_and_a_chair.jpg,false,,food,0.0007564220577478409
real_food_food_149_G8qVZEiyCJU.jpg,false,,food,3.582975114113651e-05
real_food_food_078_tz0moLxAMCc.jpg,false,,food,4.264090421202127e-06
real_food_food_080_zyLgpFi4Tvg.jpg,false,,food,0.00029164712759666145
real_food_food_068_aFa_Fu12bj8.jpg,false,,food,0.007307813037186861
real_food_food_050_M5kI-5OFviE.jpg,false,,food,1.5704714314779267e-05
real_food_food_034_dY7ONzZzoU8.jpg,false,,food,1.9696506114996737e-06
real_food_food_143_1fxcQYy5OXc.jpg,false,,food,1.7467407360527432e-06
real_food_food_148_6dC5tYPiD2s.jpg,false,,food,1.6624734371362138e-06
real_food_food_64_a_kitchen_with_a_bright_window_and_house_plants.jpg,false,,food,6.213009555722238e-07
real_food_food_046_YQPTf86GvpM.jpg,false,,food,0.003590655280277133
real_food_food_052_n5Wvn6wU1Xw.jpg,false,,food,5.665746130034677e-07
real_food_food_80_a_lot_of_food_that_are_in_some_baskets.jpg,false,,food,1.9587823771871626e-05
real_food_food_124_hhZDn50B17c.jpg,false,,food,2.41769685089821e-05
real_food_food_139_8v38azmFYr8.jpg,false,,food,2.50307894020807e-05
real_food_food_094_9oUL0x_puck.jpg,false,,food,1.2425838576746173e-05
real_food_food_075_SidputyP-eE.jpg,false,,food,4.738750067190267e-05
real_food_food_053_rf0XgpH-2ao.jpg,false,,food,0.00010386628855485469
real_food_food_67_a_person_adjusting_a_metal_object_hanging_from_a_ceiling.jpg,false,,food,5.824494451189821e-07
real_food_food_53_a_group_of_people_sitting_around_a_table_filled_with_food.jpg,false,,food,4.1155433905259997e-07
real_food_food_104_0byawXfQl5c.jpg,false,,food,1.5987965525710024e-05
real_food_food_125_NNddPCQDhyw.jpg,false,,food,0.00010524565004743636
real_food_food_128_GVxJRsudSIU.jpg,false,,food,0.00027666360256262124
real_food_food_079_POg3Z47YPkM.jpg,false,,food,2.1438587282318622e-05
real_food_food_72_a_newly_married_couple_sharing_a_piece_of_there_wedding_cake.jpg,false,,food,8.365502139895398e-07
real_food_food_055_dSZQC7vVf5M.jpg,false,,food,2.5922670374711743e-06
real_food_food_54_two_birds_preparing_to_eat_food_off_of_a_plate_that_was_left.jpg,false,,food,0.041321881115436554
real_food_food_138_E1ZwXiBD7LA.jpg,false,,food,1.5474484825972468e-05
real_food_food_147_cRPz6-ryzSg.jpg,false,,food,1.2810916132366401e-06
real_food_food_054_mV4oTSZR4eA.jpg,false,,food,0.00041758237057365477
real_food_food_62_a_man_that_is_sitting_down_on_a_bench_in_front_of_a_table.jpg,false,,food,3.473573428891541e-07
real_food_food_61_food_on_a_train_with_a_pie_and_some_vegetable.jpg,false,,food,7.444846801263338e-07
real_food_food_50_bride_and_grooms_arms_cutting_the_wedding_cake_with_fruit_on.jpg,false,,food,3.3325255799354636e-07
real_food_food_56_a_breakfast_plate_with_toast_vegetables_eggs_and_meat.jpg,false,,food,2.7639889594865963e-06
real_food_food_038_eD3gkNVlm94.jpg,false,,food,0.0006115783471614122
real_food_food_132_ONeUTPIkoEs.jpg,false,,food,4.220610662741819e-06
real_food_food_093_7DpEKohpOhQ.jpg,false,,food,3.698307045851834e-05
real_food_food_137_AELjKcCaNSk.jpg,false,,food,1.628090444683039e-06
real_food_food_070_4l5BlL6OX7A.jpg,false,,food,1.3049532753939275e-05
real_food_food_090_YwH212PJk0Q.jpg,false,,food,1.4505705621559173e-05
real_food_food_121_xd0g61tGBgc.jpg,false,,food,2.5286210075137205e-05
real_food_food_133_PMOAfRP_kLI.jpg,false,,food,6.067789945518598e-05
real_food_food_150_tIvWsbppj5k.jpg,false,,food,4.973795876139775e-05
real_food_food_059_ELISIYFi-ws.jpg,false,,food,1.8376262005403987e-06
real_food_food_140_PBXZSIQ0XTg.jpg,false,,food,6.571288508894213e-07
real_food_food_75_a_group_of_people_that_are_standing_in_front_of_a_island.jpg,false,,food,0.0036085236351937056
real_food_food_062_JZ5WREw9664.jpg,false,,food,5.305691229295917e-05
real_food_food_098__WuZ9cOPc6M.jpg,false,,food,1.7611961084185168e-05
real_food_food_044_s-4i34Z07To.jpg,false,,food,4.0151586290448904e-05
real_food_food_064_cuaxqIA_pk0.jpg,false,,food,1.9679813703987747e-05
real_food_food_074_v9MpHbQimqY.jpg,false,,food,0.0005027007427997887
real_food_food_156_XU1-sAMZFqc.jpg,false,,food,0.008345567621290684
real_food_food_120_raakZHcgWWw.jpg,false,,food,0.00023527038865722716
real_food_food_060_dUeD4im5YSQ.jpg,false,,food,2.3450709704775363e-05
real_food_food_145_aw47u5DHXEg.jpg,false,,food,0.00012380933912936598
real_food_food_058_ue4AfKGEQoA.jpg,false,,food,1.5641819572920213e-06
real_food_food_127_OKT6Ce9fwqI.jpg,false,,food,6.582110472663771e-06
real_food_food_067_3OSiYv09hhs.jpg,false,,food,1.650086687732255e-06
real_food_food_168_sFPxZsn8cwU.jpg,false,,food,1.3488081549439812e-06
real_food_food_091_nrfSpR3_4yE.jpg,false,,food,3.046453002752969e-06
real_food_food_144_YvEGiuPZ0Sg.jpg,false,,food,0.029612870886921883
real_food_food_107_f87RdAQSoJk.jpg,false,,food,0.000153976448928006
real_food_food_126_AgWVcQz1bOA.jpg,false,,food,4.2980220314348117e-05
real_food_food_158_j1KUsXahuXk.jpg,false,,food,8.901762157620396e-06
real_food_food_049_BPsqF6C_Ou8.jpg,false,,food,5.822243474540301e-05
real_food_food_042_pyFWN-TrXvk.jpg,false,,food,1.2035709914925974e-05
real_food_food_111_GlWOWrJXk5s.jpg,false,,food,0.00011054727656301111
real_food_food_71_belgium_waffle_loaded_with_bananas_topped_with_powdered_suga.jpg,false,,food,4.124913630221272e-06
real_food_food_092_69P8Y4ErG0Y.jpg,false,,food,0.0008175692637450993
real_food_food_73_a_plate_with_bacon_eggs_and_hamburger_topped_with_bananas.jpg,false,,food,1.6811929981486173e-06
real_food_food_076_IrM6Fvhmc9k.jpg,false,,food,2.9852426450815983e-06
real_food_food_136_ZHW1qo-VRXM.jpg,false,,food,3.708375879796222e-05
real_food_food_083_HgoEnDWOGrA.jpg,false,,food,0.00015352710033766925
real_food_food_109_HbQj2RAanTs.jpg,false,,food,0.00022904042270965874
real_food_food_043_siHk8IfK_Ec.jpg,false,,food,1.8151764606955112e-06
real_food_food_113_n2sQQ6XjqfE.jpg,false,,food,4.55122790299356e-06
real_food_food_82_a_kitchen_with_a_center_white_island_topped_with_a_bowl_of_g.jpg,false,,food,8.682470252097119e-06
real_food_food_51_a_bowl_of_some_broccoli_that_is_chopped.jpg,false,,food,1.0778486512208474e-06
real_food_food_154_VpjPHuFAI-4.jpg,false,,food,4.796060602529906e-05
real_food_food_162_f4GdYFpUyH8.jpg,false,,food,4.622669075615704e-05
real_food_food_045_iRVq6avVGDE.jpg,false,,food,2.411521018075291e-05
real_food_food_129_3P0BmvFk5rg.jpg,false,,food,3.5438438317214604e-07
real_food_food_74_a_sandwich_with_nachos_and_a_salad_on_a_plate.jpg,false,,food,3.0884234547556844e-07
real_food_food_071_9cH-uVU__0c.jpg,false,,food,2.2095284293754958e-05
real_food_food_79_a_tray_of_various_foods_next_to_drinks_on_a_table.jpg,false,,food,4.031328444398241e-06
real_food_food_115_YjJFJDai9zg.jpg,false,,food,4.2936302634188905e-05
real_food_food_100_OSwea3yxjT0.jpg,false,,food,3.1350418794318102e-06
real_food_food_088_QPKJZvqMaDs.jpg,false,,food,0.0015444409800693393
real_food_food_040_a7nzCe8FlT4.jpg,false,,food,2.3636835067009088e-06
real_food_food_108_ixC7gmLcKaQ.jpg,false,,food,0.00013831235992256552
real_food_food_63_a_man_preparing_food_in_a_restaurant_kitchen.jpg,false,,food,1.3674616639036685e-06
real_food_food_066_s0oNVwpU9NE.jpg,false,,food,0.00010048635886050761
real_food_food_134_T-tgZmKFRZU.jpg,false,,food,2.2847183572594076e-05
real_food_food_161_AX8z0xXzrUo.jpg,false,,food,0.00012945517664775252
real_food_food_69_a_scene_of_an_apartment_with_a_dining_table_and_a_couple_of.jpg,false,,food,0.38455450534820557
real_food_food_073_kswmO8BRzQQ.jpg,false,,food,0.00031278186361305416
real_food_food_66_a_plate_of_bananas_and_sliced_oranges_covered_in_butterflies.jpg,false,,food,0.0007685063756071031
real_food_food_102_DuObvMLmc8M.jpg,false,,food,3.7165348203416215e-06
real_food_food_097_jT86IpheR2w.jpg,false,,food,0.0001740585285006091
real_food_food_103_Fff5ve-rGVA.jpg,false,,food,0.017197128385305405
real_food_food_081_lgvvFFplBHw.jpg,false,,food,3.1229683372657746e-06
real_food_food_041_qDdv33C-BSw.jpg,false,,food,0.0002199827431468293
real_food_food_085_WT_nZUfAmBc.jpg,false,,food,7.129202458600048e-06
real_food_food_047_qpZlQ8IIghI.jpg,false,,food,0.17031195759773254
real_food_food_160_uRqMI5Nw4Yc.jpg,false,,food,8.743068610783666e-05
real_food_food_065_Q5QspluNZmM.jpg,false,,food,0.0001328622893197462
real_food_food_119_47urRDhCphA.jpg,false,,food,0.00019848092051688582
real_food_food_095_WY_EKY3taJE.jpg,false,,food,2.7679359845933504e-05
real_food_food_087_oYllk_NdgA0.jpg,false,,food,3.702417961903848e-05
real_food_food_061_DCZGNIZjz_Q.jpg,false,,food,0.001678534084931016
real_food_food_65_a_small_bowl_of_fruit_on_a_table.jpg,false,,food,0.000986167462542653
real_food_food_76_three_bowls_filled_with_vegetables_on_top_of_a_table.jpg,false,,food,8.240402280534909e-07
real_food_food_146_fv7ttjeTgyM.jpg,false,,food,3.5735978599404916e-05
real_food_food_70_a_sandwich_sitting_on_top_of_a_pile_of_fries.jpg,false,,food,2.0303014025557786e-07
real_food_food_099_gyaPIZZjV_A.jpg,false,,food,1.1880691772603313e-06
real_food_food_057_v8-cAH5cmTU.jpg,false,,food,7.324454600166064e-06
real_food_food_77_a_bowl_that_has_soup_and_a_spoon_in_it.jpg,false,,food,0.9873321652412415
real_food_food_166_lZ98dwbkTws.jpg,false,,food,1.8585996031106333e-06
real_food_food_082_w-LpijUp8yw.jpg,false,,food,1.4013503459864296e-05
real_food_food_101_OZhdQm_OjX4.jpg,false,,food,1.2656264516408555e-05
real_food_food_153_Rh8vxWHc5DA.jpg,false,,food,0.00013339966244529933
real_food_food_112_T8I3UuK-QXY.jpg,false,,food,6.147919521026779e-06
real_food_food_106_0b4sfNTqBLU.jpg,false,,food,6.436660623876378e-05
real_food_food_105_jCTo3MAtzjA.jpg,false,,food,1.0615775636324543e-06
real_food_food_122_4Y_bVu4j0cA.jpg,false,,food,7.182724220911041e-05
real_food_food_142_YY5uHzZV6Wo.jpg,false,,food,0.00010537558409851044
real_food_food_086_lz8rih2cNJQ.jpg,false,,food,2.490939095878275e-06
real_food_food_55_a_beautiful_dessert_waiting_to_be_shared_by_two_people.jpg,false,,food,1.968571297084054e-07
real_food_food_116_dpQqhZRyF7w.jpg,false,,food,3.7732505006715655e-05
real_food_food_60_two_computers_sitting_on_top_of_a_desk.jpg,false,,food,0.00042157890857197344
real_animal_animal_141_L79Jcm80Y3U.jpg,false,,animal,4.475903187994845e-05
real_animal_animal_050_CBK17BPteJE.jpg,false,,animal,2.1445330276037566e-06
real_animal_animal_044_7pMTQP_kIhg.jpg,false,,animal,4.80772314404021e-07
real_animal_animal_132_J4DL0onKVng.jpg,false,,animal,0.0037701944820582867
real_animal_animal_50_a_calico_cat_drinking_from_a_sink_faucet.jpg,false,,animal,1.5508495607718942e-06
real_animal_animal_142_ScLYGfuCqQg.jpg,false,,animal,1.1671389074763283e-05
real_animal_animal_061_KKK-mavLRIY.jpg,false,,animal,5.682066330336966e-06
real_animal_animal_131_NoNqa205O40.jpg,false,,animal,1.6355463230866008e-05
real_animal_animal_163_ujOHucbnC94.jpg,false,,animal,1.3156886780052446e-05
real_animal_animal_058_UsDyOmKQjzo.jpg,false,,animal,0.0007717791595496237
real_animal_animal_118_O-dnv951XTY.jpg,false,,animal,7.81143796757533e-07
real_animal_animal_124_idMSI66-1NQ.jpg,false,,animal,1.3642065823660232e-06
real_animal_animal_69_a_couple_of_people_that_are_biking_down_a_road.jpg,false,,animal,0.0030596896540373564
real_animal_animal_089_4KV3SKyHNjE.jpg,false,,animal,2.898951424867846e-05
real_animal_animal_61_a_dog_laying_down_licking_food_off_of_a_plate.jpg,false,,animal,1.505522163824935e-06
real_animal_animal_140_bj7ALDr6E-o.jpg,false,,animal,6.880769888084615e-06
real_animal_animal_097_sCgBFOArERk.jpg,false,,animal,2.925278522525332e-06
real_animal_animal_054_Qv8NgYRjSn4.jpg,false,,animal,0.0002053948846878484
real_animal_animal_082_hvkcofV0bvw.jpg,false,,animal,6.180204763950314e-06
real_animal_animal_107_4rezxlfTrGA.jpg,false,,animal,2.8491982448031195e-05
real_animal_animal_126_IOvOeZRGanM.jpg,false,,animal,5.993557806505123e-06
real_animal_animal_127_4sMVrh8-S1g.jpg,false,,animal,0.7255548238754272
real_animal_animal_078_YzfCevgzsPI.jpg,false,,animal,1.478702529311704e-06
real_animal_animal_062_J7X_npgVujU.jpg,false,,animal,4.0549180084781256e-06
real_animal_animal_53_bird_sits_atop_cattle_on_snow_covered_field.jpg,false,,animal,9.33092280774872e-07
real_animal_animal_096_nvDnfWuSyD8.jpg,false,,animal,0.00025159306824207306
real_animal_animal_048_YvYBOSiBJE8.jpg,false,,animal,1.258908105228329e-05
real_animal_animal_038_CiacXjCwb3g.jpg,false,,animal,2.968272156067542e-06
real_animal_animal_103__GQCzeh1oWk.jpg,false,,animal,3.017834751517512e-05
real_animal_animal_115_qvkA4FMTNKo.jpg,false,,animal,3.311896216473542e-05
real_animal_animal_150_eNi9DGpVYWk.jpg,false,,animal,1.1648199915725854e-06
real_animal_animal_037_j3JAI9KXJ-c.jpg,false,,animal,9.866232630884042e-07
real_animal_animal_071_zjKxb4xhBXc.jpg,false,,animal,0.011946168728172779
real_animal_animal_064_uLMM6TyPfGw.jpg,false,,animal,2.667967237357516e-05
real_animal_animal_152_JkVNRBpFSK8.jpg,false,,animal,1.1079621344833868e-06
real_animal_animal_145_Qtg_270Aa_I.jpg,false,,animal,0.00017936935182660818
real_animal_animal_060_lZts59erQVw.jpg,false,,animal,0.0006118605961091816
real_animal_animal_114_J0-ZaraetTE.jpg,false,,animal,2.61740387941245e-05
real_animal_animal_79_a_herd_of_cattle_and_zebra_standing_next_to_each_other_on_a.jpg,false,,animal,6.038970923327724e-07
real_animal_animal_047_uHHA_YklxMc.jpg,false,,animal,2.048057694992167e-06
real_animal_animal_036_xlTolOtNLZM.jpg,false,,animal,2.2043409444449935e-06
real_animal_animal_169_rxFkfMJL9tw.jpg,false,,animal,2.945076812466141e-05
real_animal_animal_074_TfakEsc83HU.jpg,false,,animal,7.965842087287456e-05
real_animal_animal_138_t5rBtxLiHj8.jpg,false,,animal,3.0334970233525382e-06
real_animal_animal_049_nwaiAiHAVEY.jpg,false,,animal,2.2274141883826815e-05
real_animal_animal_043_Dv45FbzLiik.jpg,false,,animal,5.229612725088373e-06
real_animal_animal_091_yRdK7ijQPNw.jpg,false,,animal,1.150364460045239e-05
real_animal_animal_053_CACQDEJknBs.jpg,false,,animal,2.427815161354374e-06
real_animal_animal_170_P6s8EbcSgmA.jpg,false,,animal,0.00048013703781180084
real_animal_animal_166_jh6YaoB0TBw.jpg,false,,animal,8.379583960049786e-06
real_animal_animal_144_ihivSSUOpno.jpg,false,,animal,8.636225538793951e-05
real_animal_animal_158_fkxUyu6F2L8.jpg,false,,animal,8.572327715228312e-06
real_animal_animal_046_88Kt5KHUe_8.jpg,false,,animal,2.8890657631563954e-05
real_animal_animal_73_a_small_motor_bike_outside_of_the_garage.jpg,false,,animal,2.3006897720279085e-07
real_animal_animal_108_JNHrBVfdT_A.jpg,false,,animal,5.531593615160091e-06
real_animal_animal_151_8LPgWfHgcMg.jpg,false,,animal,1.6079833585536107e-05
real_animal_animal_075_PA3F7YWHUPM.jpg,false,,animal,1.5444145446963375e-06
real_animal_animal_041_-96qBKyFefQ.jpg,false,,animal,0.001193079981021583
real_animal_animal_095_iuoIlOvTa6g.jpg,false,,animal,5.662710918841185e-06
real_animal_animal_139_i80SbIDgFf8.jpg,false,,animal,5.78232720727101e-06
real_animal_animal_092_mg-k04n58xY.jpg,false,,animal,3.878422376146773e-06
real_animal_animal_068_ZBR7NAYRR4M.jpg,false,,animal,2.384406434430275e-05
real_animal_animal_083_2QHHOAPI--I.jpg,false,,animal,0.00013889162801206112
real_animal_animal_143_7xYdOPDfNcE.jpg,false,,animal,3.2812513381941244e-05
real_animal_animal_094_bmwUCv0wMIU.jpg,false,,animal,0.00019545522809494287
real_animal_animal_70_a_street_scene_with_a_person_on_a_motorcycle.jpg,false,,animal,1.5328298559325049e-06
real_animal_animal_56_a_flock_of_goats_and_some_men_watching_them.jpg,false,,animal,0.00037129249540157616
real_animal_animal_123_o-c4UrB0WBA.jpg,false,,animal,7.372789241344435e-06
real_animal_animal_066_rh7KA6jVJFM.jpg,false,,animal,4.084897227585316e-06
real_animal_animal_134_GVe30cQ8CWU.jpg,false,,animal,8.044341484492179e-06
real_animal_animal_160_A_unG6e0Cug.jpg,false,,animal,2.2601172986469464e-06
real_animal_animal_070_iY8qBtToC0o.jpg,false,,animal,1.5204302144411486e-05
real_animal_animal_111_22_r4pgeL28.jpg,false,,animal,0.011925249360501766
real_animal_animal_113_knB89oNur0A.jpg,false,,animal,0.003993171267211437
real_animal_animal_78_a_giraffe_standing_in_a_field_next_to_a_fence.jpg,false,,animal,7.620573887834325e-05
real_animal_animal_063_oajraKUY0uQ.jpg,false,,animal,2.3141515157476533e-06
real_animal_animal_155_85YNg0KtSPw.jpg,false,,animal,1.0627951496644528e-06
real_animal_animal_056_Nzzk-pOcqvA.jpg,false,,animal,0.00025810408988036215
real_animal_animal_161_f3Os5oCc874.jpg,false,,animal,5.221399987931363e-06
real_animal_animal_067_KmmVj3LY4lA.jpg,false,,animal,8.179832207133586e-07
real_animal_animal_60_a_grouping_of_zebras_in_a_pen_next_to_a_giraffe.jpg,false,,animal,2.589470113889547e-06
real_animal_animal_133_nzPivGosPIQ.jpg,false,,animal,6.496381502074655e-06
real_animal_animal_122_t81H__wdxlc.jpg,false,,animal,2.0424949980224483e-06
real_animal_animal_098_RMj_T-DMgDA.jpg,false,,animal,1.4592606021324173e-06
real_animal_animal_077_vVh9BUJIizQ.jpg,false,,animal,3.9519356505479664e-05
real_animal_animal_087__qLFof8-Loo.jpg,false,,animal,1.3783418353341403e-06
real_animal_animal_088_1tXeMpkssik.jpg,false,,animal,1.3242269233160187e-05
real_animal_animal_164_wAP_IBPhn-4.jpg,false,,animal,8.391115443373565e-06
real_animal_animal_76_a_dog_is_tied_to_a_fire_hydrant.jpg,false,,animal,4.271204943506746e-06
real_animal_animal_080_49TMUrNQDQ0.jpg,false,,animal,0.0014738208847120404
real_animal_animal_75_a_family_of_giraffes_by_a_few_zebras_and_a_gazelle.jpg,false,,animal,7.580042620247696e-07
real_animal_animal_085_U9frYiUp1Qg.jpg,false,,animal,0.0006212566513568163
real_animal_animal_100_PJTfOzSo8fQ.jpg,false,,animal,0.00018192372226621956
real_animal_animal_51_a_bunch_of_sheep_in_the_snow_behind_a_barbed_wire_fence.jpg,false,,animal,1.2456557669793256e-06
real_animal_animal_072_eX45lve1DIo.jpg,false,,animal,1.7568630710229627e-06
real_animal_animal_105_DORi0W_afqk.jpg,false,,animal,1.3965803873361438e-06
real_animal_animal_148_Xr4TYgSEXqQ.jpg,false,,animal,2.8161689442640636e-06
real_animal_animal_65_a_cats_sits_on_the_table_with_a_dog_outside.jpg,false,,animal,4.61740892205853e-05
real_animal_animal_102_Cl8iDlk008c.jpg,false,,animal,7.884538604230329e-07
real_animal_animal_147_nlF8qaFWI0w.jpg,false,,animal,1.4942542293283623e-05
real_animal_animal_63_rear_view_mirror_reflection_showing_a_dog_in_the_back_seat.jpg,false,,animal,6.11224140811828e-06
real_animal_animal_045_eo93HAoalwQ.jpg,false,,animal,0.00028987773112021387
real_animal_animal_77_a_herd_of_sheep_standing_next_to_each_other_on_dirt_ground.jpg,false,,animal,3.16229318286787e-07
real_animal_animal_081_TNMOJYUteDU.jpg,false,,animal,1.6296688045258634e-05
real_animal_animal_64_a_dog_following_a_man_on_his_horse_in_a_field.jpg,false,,animal,5.420238721853821e-06
real_animal_animal_120_EdlNaRhg9ik.jpg,false,,animal,9.633853551349603e-06
real_animal_animal_052_tmrQPLJpBrk.jpg,false,,animal,4.169713520241203e-06
real_animal_animal_129_IwiaImVNcQU.jpg,false,,animal,8.961880666902289e-05
real_animal_animal_042_1qT-zMTRFp0.jpg,false,,animal,0.0004424685030244291
real_animal_animal_74_a_cat_standing_on_the_edge_of_a_sink_drink_water.jpg,false,,animal,4.327798706071917e-07
real_animal_animal_125_snhqHThkCRE.jpg,false,,animal,1.644241638132371e-05
real_animal_animal_153_FBOP5an6h74.jpg,false,,animal,2.376317979724263e-06
real_animal_animal_66_a_bunch_of_sheep_make_their_way_through_the_crowded_city_str.jpg,false,,animal,3.655821387837932e-07
real_animal_animal_168_g9M46POadWU.jpg,false,,animal,2.2240561520447955e-05
real_animal_animal_101_iQC6u4ejuGE.jpg,false,,animal,0.00019766049808822572
real_animal_animal_57_a_cat_walking_through_a_kitchen_by_a_eating_tray.jpg,false,,animal,2.522871795918036e-07
real_animal_animal_149_E12vXZq9AZA.jpg,false,,animal,6.6044758568750694e-06
real_animal_animal_156_yiwB58St4bE.jpg,false,,animal,6.494561966974288e-05
real_animal_animal_093_mYxtYpSJvbw.jpg,false,,animal,3.1290978768083733e-06
real_animal_animal_165_PChlguQgbCw.jpg,false,,animal,1.5686347978771664e-05
real_animal_animal_62_a_cat_eating_a_bird_it_has_caught.jpg,false,,animal,7.772685535201163e-07
real_animal_animal_084_QRzQlECEbsk.jpg,false,,animal,0.008809076622128487
real_animal_animal_109_P6InS7LxUS4.jpg,false,,animal,1.9973884263890795e-05
real_animal_animal_121_ZOGamuDrPJw.jpg,false,,animal,0.0001104849943658337
real_animal_animal_81_three_sheep_are_grazing_in_the_field_next_to_the_water.jpg,false,,animal,1.3063547044112056e-07
real_animal_animal_157_VSVcEzWsqyc.jpg,false,,animal,0.012875203043222427
real_animal_animal_80_many_woolly_sheep_standing_together_in_the_field.jpg,false,,animal,1.212303914144286e-06
real_animal_animal_090_fRJGUAQ6uNg.jpg,false,,animal,1.9003754232471692e-06
real_animal_animal_110_HPHtMOJvHDM.jpg,false,,animal,0.00015926336345728487
real_animal_animal_055_feos9QXjxJY.jpg,false,,animal,2.6001009700848954e-06
real_animal_animal_069_q0J6zQPO-zw.jpg,false,,animal,0.0073066153563559055
real_animal_animal_58_two_men_herding_a_pack_of_elephants_across_a_field.jpg,false,,animal,3.980488600063836e-06
real_animal_animal_104_1Ytzecs_XU4.jpg,false,,animal,4.9088357627624646e-05
real_animal_animal_55_a_horse_in_a_pasture_of_tall_grass_observing_an_energetic_do.jpg,false,,animal,6.793708848817914e-07
real_animal_animal_079_m_wgaQ-sQPQ.jpg,false,,animal,4.076328423252562e-06
real_animal_animal_112_cPyHO3eDlsE.jpg,false,,animal,7.175598966568941e-06
real_animal_animal_034_-Ylz_tc8NOk.jpg,false,,animal,8.207985047192778e-06
real_animal_animal_051_PpwK032gSao.jpg,false,,animal,0.00015528028598055243
real_animal_animal_099_m5Zy3Ulb3g0.jpg,false,,animal,3.3534117392264307e-05
real_animal_animal_059_2_3g53wNQk8.jpg,false,,animal,4.2091992327186745e-06
real_animal_animal_039_i_Z1o10BPPk.jpg,false,,animal,2.809401166814496e-06
real_animal_animal_136_fXqOgYJgNBk.jpg,false,,animal,7.853347051423043e-05
real_animal_animal_59_a_dog_standing_on_the_back_of_a_brown_car.jpg,false,,animal,5.030834699937259e-07
real_animal_animal_119_70s5ZKzNkac.jpg,false,,animal,1.6034047803259455e-05
real_animal_animal_52_a_cat_sitting_on_the_floor_watching_television.jpg,false,,animal,7.262580083988723e-07
real_animal_animal_82_a_couple_of_cows_and_some_birds_flying_in_the_sky.jpg,false,,animal,3.44602227642099e-07
real_animal_animal_154_IHHiw3VMZvc.jpg,false,,animal,9.27179917198373e-06
real_animal_animal_035_vQvq16ZQM60.jpg,false,,animal,5.283297923597274e-07
real_animal_animal_54_a_man_riding_a_horse_drawn_carriage_on_a_race_track.jpg,false,,animal,3.2295281471306225e-06
real_animal_animal_117_DmnOlnAWRdE.jpg,false,,animal,0.008247154764831066
real_animal_animal_040_7jXA55Tl4xU.jpg,false,,animal,7.394151180051267e-05
real_animal_animal_68_a_cat_outside_looking_through_a_window.jpg,false,,animal,5.370982307795202e-07
real_animal_animal_159_gjDKWxrKrgk.jpg,false,,animal,2.1885614842176437e-05
real_animal_animal_076_JHxFiw603QA.jpg,false,,animal,1.1602440281421877e-05
real_animal_animal_162_vLCMWwg5TAs.jpg,false,,animal,0.0015109882224351168
real_animal_animal_128_dtYCvr0r_X4.jpg,false,,animal,1.249483375431737e-06
real_animal_animal_057_n4tWGvk_gWY.jpg,false,,animal,3.967330485465936e-06
real_animal_animal_146_tvH8ECkyQKI.jpg,false,,animal,9.838474943535402e-05
real_animal_animal_67_a_sheepdog_runs_around_a_herd_of_cows_in_a_fencedin_field.jpg,false,,animal,7.378652071565739e-07
real_animal_animal_72_a_cat_sprawled_out_over_the_top_of_a_laptop_computer_keyboar.jpg,false,,animal,1.0556643701420398e-06
real_animal_animal_167_u3XMyl-4OSY.jpg,false,,animal,8.7221151261474e-06
real_animal_animal_106_ejAz1xfCyNM.jpg,false,,animal,7.414649007841945e-05
real_animal_animal_086_YSoqrTfEWcI.jpg,false,,animal,7.712852720942465e-07
real_animal_animal_116_dSAzIH5UtOI.jpg,false,,animal,2.683901220734697e-05
real_animal_animal_073_MVQPTvPYsJs.jpg,false,,animal,3.46522283507511e-05
real_animal_animal_065_M8uSC8OPXco.jpg,false,,animal,7.763484859424352e-07
real_animal_animal_137_lHeXOpxzok8.jpg,false,,animal,1.911557774292305e-06
real_animal_animal_71_a_black_ct_with_green_eyes_sitting_in_the_sun.jpg,false,,animal,2.0195260219679767e-07
real_animal_animal_135_Tu_lH5CFFZw.jpg,false,,animal,5.238797712081578e-06
real_animal_animal_130_vPyhiJjBlSM.jpg,false,,animal,0.0004369264643173665
real_landscape_landscape_80_this_highway_is_empty_this_early_on_the_morning.jpg,false,,landscape,2.193588989030104e-05
real_landscape_landscape_59_a_passenger_bus_that_is_parked_in_a_parking_lot.jpg,false,,landscape,0.9999605417251587
real_landscape_landscape_073_gtabImSzH-g.jpg,false,,landscape,0.0006488161161541939
real_landscape_landscape_160_yaj-SndYOb0.jpg,false,,landscape,2.5559418645570986e-05
real_landscape_landscape_140_pNMH4SDf8us.jpg,false,,landscape,4.2661093175411224e-05
real_landscape_landscape_117_KQX4AEXEV1g.jpg,false,,landscape,0.013060380704700947
real_landscape_landscape_056_TqfJUbdnCxM.jpg,false,,landscape,2.407833108009072e-06
real_landscape_landscape_05_foggy_forest_hills.jpg,false,,landscape,1.9380122466827743e-06
real_landscape_landscape_118_z7IW1w4C870.jpg,false,,landscape,3.437476698309183e-05
real_landscape_landscape_135_Bwkl85sszNM.jpg,false,,landscape,0.0005603490280918777
real_landscape_landscape_053_E9CrQou9K0Y.jpg,false,,landscape,8.790723768470343e-06
real_landscape_landscape_064_pnFNoPuilVI.jpg,false,,landscape,2.146997576346621e-05
real_landscape_landscape_154_VFjGgIGNWlI.jpg,false,,landscape,0.00010277347610099241
real_landscape_landscape_09_starry_night_mountains.jpg,false,,landscape,4.8347301344620064e-05
real_landscape_landscape_124__rsGm7nob3w.jpg,false,,landscape,8.066112059168518e-06
real_landscape_landscape_079_n6hzRDQ9CM8.jpg,false,,landscape,1.0373359145887662e-05
real_landscape_landscape_095_YzJlElq6Pc0.jpg,false,,landscape,8.787133265286684e-05
real_landscape_landscape_098_F4dGVi1g8rQ.jpg,false,,landscape,9.663113814895041e-06
real_landscape_landscape_062_oGrOhXJaHME.jpg,false,,landscape,0.0003128710377495736
real_landscape_landscape_68_a_wooden_bench_and_a_fire_hydrant_on_a_field.jpg,false,,landscape,1.162429498435813e-06
real_landscape_landscape_119_ENkQJj-7orc.jpg,false,,landscape,4.855869701714255e-05
real_landscape_landscape_81_a_dog_rests_his_head_on_the_edge_of_a_boat_at_sea.jpg,false,,landscape,5.678165280187386e-07
real_landscape_landscape_51_a_green_traffic_light_suspended_above_a_street.jpg,false,,landscape,0.0002441550313960761
real_landscape_landscape_085_cCthPLHmrzI.jpg,false,,landscape,4.222595634928439e-06
real_landscape_landscape_060_jdaigQmK-qA.jpg,false,,landscape,0.00012880061694886535
real_landscape_landscape_58_a_passenger_train_that_has_some_graffiti_on_it.jpg,false,,landscape,1.6580352166783996e-05
real_landscape_landscape_077_ID4OhGirKvg.jpg,false,,landscape,6.226311234058812e-05
real_landscape_landscape_133_-5eZ1-Ie68w.jpg,false,,landscape,2.2182912289281376e-06
real_landscape_landscape_086_ke-voL7t_I8.jpg,false,,landscape,2.066413617285434e-05
real_landscape_landscape_143_-hbbmFHQYiw.jpg,false,,landscape,0.0007596391369588673
real_landscape_landscape_080_1DPIP44atys.jpg,false,,landscape,1.8084419934893958e-05
real_landscape_landscape_110_02YdrfDb3UE.jpg,false,,landscape,1.3770844589089393e-06
real_landscape_landscape_116_sNKwtrVQ4hU.jpg,false,,landscape,2.4552459763071965e-06
real_landscape_landscape_157_nMhbF-YMdXE.jpg,false,,landscape,5.2425213652895764e-05
real_landscape_landscape_051_4k8UHZC1-6k.jpg,false,,landscape,2.6264000553055666e-05
real_landscape_landscape_161_CL665uHJb7c.jpg,false,,landscape,2.605648842290975e-05
real_landscape_landscape_093_UazfuoH2sRU.jpg,false,,landscape,1.8850043943530181e-06
real_landscape_landscape_55_a_green_traffic_light_a_street_some_buildings_and_some_other.jpg,false,,landscape,0.0008071654592640698
real_landscape_landscape_82_a_large_bus_on_the_side_of_the_road.jpg,false,,landscape,6.100805194364511e-07
real_landscape_landscape_045_W3wgy9tDgto.jpg,false,,landscape,8.155011164490134e-05
real_landscape_landscape_120_afwi-D9xmt4.jpg,false,,landscape,0.004235839005559683
real_landscape_landscape_099_kDrTt4sCC7I.jpg,false,,landscape,1.3569982911576517e-05
real_landscape_landscape_167_60cbKmNJ-ls.jpg,false,,landscape,5.38802260052762e-06
real_landscape_landscape_046_wgH3Lzgmm_c.jpg,false,,landscape,4.354472548584454e-05
real_landscape_landscape_072_jYkvecfWgx0.jpg,false,,landscape,0.0015980980824679136
real_landscape_landscape_048_PA0KerQ0lHg.jpg,false,,landscape,0.0001223729195771739
real_landscape_landscape_126_Cmjq13jc_2g.jpg,false,,landscape,3.266048224759288e-06
real_landscape_landscape_081_0PgC0jve7u4.jpg,false,,landscape,7.658478716621175e-05
real_landscape_landscape_06_waterfall_in_forest.jpg,false,,landscape,1.4344478586281184e-05
real_landscape_landscape_77_rear_view_mirror_reflection_showing_a_dog_in_the_back_seat.jpg,false,,landscape,6.11224140811828e-06
real_landscape_landscape_147_bUhzlj3gGso.jpg,false,,landscape,1.122202320402721e-05
real_landscape_landscape_69_a_yellow_bus_that_is_sitting_in_the_grass.jpg,false,,landscape,9.15395503398031e-07
real_landscape_landscape_067_LLD9FKRoqDc.jpg,false,,landscape,0.00014727847883477807
real_landscape_landscape_115_q2Cv_B3_AZI.jpg,false,,landscape,4.412110683915671e-06
real_landscape_landscape_125_4UfCRXv_tGM.jpg,false,,landscape,4.092290510016028e-06
real_landscape_landscape_092__XHphe2atWM.jpg,false,,landscape,7.708515113336034e-06
real_landscape_landscape_109_-UsvhirEIeI.jpg,false,,landscape,0.009487563744187355
real_landscape_landscape_129_5LyYqPEv8w0.jpg,false,,landscape,2.8286684027989395e-05
real_landscape_landscape_070_uQDRDqpYJHI.jpg,false,,landscape,5.219109880272299e-06
real_landscape_landscape_71_a_black_and_white_photo_of_a_train.jpg,false,,landscape,2.77050585282268e-05
real_landscape_landscape_057_C69YOsY9lYg.jpg,false,,landscape,1.9722990600712365e-06
real_landscape_landscape_089_zjOv1yyUzQg.jpg,false,,landscape,0.00013160918024368584
real_landscape_landscape_130_qOxQEA8obSg.jpg,false,,landscape,0.0027326007839292288
real_landscape_landscape_163_Bz4dHv-9PFQ.jpg,false,,landscape,1.8456245015840977e-05
real_landscape_landscape_071_zjqqKVQZoNg.jpg,false,,landscape,4.668132078222698e-06
real_landscape_landscape_76_a_blue_rusted_train_engine_sitting_on_top_of_rail_tracks.jpg,false,,landscape,2.6009936391346855e-06
real_landscape_landscape_114_FCPJn1NeFdI.jpg,false,,landscape,0.00018362901755608618
real_landscape_landscape_156_pcgo3E7vJr4.jpg,false,,landscape,7.363984423136571e-06
real_landscape_landscape_075_G86MS2ZsiJA.jpg,false,,landscape,6.649357828791835e-07
real_landscape_landscape_059_i7OiHRQkJHY.jpg,false,,landscape,4.1975137719418854e-05
real_landscape_landscape_164_tMYDgAySy9w.jpg,false,,landscape,9.783749419511878e-07
real_landscape_landscape_84_part_of_train_car_with_a_door_to_the_rear_connected_to_the_c.jpg,false,,landscape,2.760332904472307e-07
real_landscape_landscape_083_DlCr9IujpJI.jpg,false,,landscape,8.49449061206542e-05
real_landscape_landscape_04_dramatic_mountain_valley.jpg,false,,landscape,1.0870673577301204e-05
real_landscape_landscape_02_sunset_over_mountains.jpg,false,,landscape,2.3789596525602974e-05
real_landscape_landscape_53_a_train_of_many_colors_is_coming_down_the_track.jpg,false,,landscape,9.381126801599748e-06
real_landscape_landscape_100_xpLNPVL3IJA.jpg,false,,landscape,0.0001162699336418882
real_landscape_landscape_153_6SGsL73EbKM.jpg,false,,landscape,3.931009359803284e-06
real_landscape_landscape_107_cssvEZacHvQ.jpg,false,,landscape,1.4344478586281184e-05
real_landscape_landscape_79_an_orange_train_traveling_along_train_tracks_near_a_train_ya.jpg,false,,landscape,4.950954007654218e-06
real_landscape_landscape_090_tZaA8VqJG3g.jpg,false,,landscape,0.001798143028281629
real_landscape_landscape_73_a_tall_church_tower_sitting_on_the_side_of_a_road.jpg,false,,landscape,1.9324888853589073e-05
real_landscape_landscape_61_a_wooden_bench_sitting_outside_of_a_home.jpg,false,,landscape,7.924143687887408e-07
real_landscape_landscape_03_lake_reflection.jpg,false,,landscape,5.6698878324823454e-05
real_landscape_landscape_155_DqIyKlJa-2s.jpg,false,,landscape,1.1002957762684673e-05
real_landscape_landscape_105_ur4NB1f3kQ8.jpg,false,,landscape,2.480780722180498e-06
real_landscape_landscape_128_MasnAA5KqDY.jpg,false,,landscape,0.00010984168329741806
real_landscape_landscape_134_1pFIPoOa--Y.jpg,false,,landscape,4.505408924160292e-06
real_landscape_landscape_097_1U6EOU8hiTM.jpg,false,,landscape,1.6807232441351516e-06
real_landscape_landscape_047_58Mkqady7lE.jpg,false,,landscape,0.00010859773465199396
real_landscape_landscape_102_T-AOFf2B8Zw.jpg,false,,landscape,1.1729944162652828e-06
real_landscape_landscape_83_a_small_bus_parked_in_front_of_a_bus_stop.jpg,false,,landscape,9.716532076708972e-07
real_landscape_landscape_162_3m4lH961q20.jpg,false,,landscape,4.562261437968118e-06
real_landscape_landscape_122_K5eIMIz8kaI.jpg,false,,landscape,2.541392677812837e-05
real_landscape_landscape_069_TdoxXD7aGv8.jpg,false,,landscape,9.871715883491561e-05
real_landscape_landscape_165_C2YORgsJqXs.jpg,false,,landscape,0.0006286471034400165
real_landscape_landscape_152_ayzzI9nOjWY.jpg,false,,landscape,2.7588392185862176e-05
real_landscape_landscape_54_white_birds_are_gathered_around_a_water_puddle.jpg,false,,landscape,4.228422767482698e-06
real_landscape_landscape_078_TnLdd0LMfwk.jpg,false,,landscape,0.0005267717060633004
real_landscape_landscape_068_aqS6bCynDv8.jpg,false,,landscape,0.00010505593672860414
real_landscape_landscape_07_desert_dunes.jpg,false,,landscape,2.685255640244577e-05
real_landscape_landscape_166_ioAK4HESn6k.jpg,false,,landscape,7.840427315386478e-06
real_landscape_landscape_111_62_2KGyX13E.jpg,false,,landscape,3.9786250454199035e-06
real_landscape_landscape_60_a_red_and_silver_fire_hydrant_sitting_on_top_of_a_sidewalk.jpg,false,,landscape,3.722401515915408e-07
real_landscape_landscape_158_QAXDmkU60OU.jpg,false,,landscape,2.11387341551017e-05
real_landscape_landscape_138_78wDBw9ajUk.jpg,false,,landscape,6.73220056341961e-05
real_landscape_landscape_142_3bsVcAbqS7Q.jpg,false,,landscape,2.924455657193903e-06
real_landscape_landscape_131_hoAFrPJlbT0.jpg,false,,landscape,1.0807536455104128e-05
real_landscape_landscape_106_hu8Mp-XTksA.jpg,false,,landscape,3.926374574803049e-06
real_landscape_landscape_082_ercx7zE_Mzo.jpg,false,,landscape,7.850273505027872e-06
real_landscape_landscape_132_zUEjNDEEca8.jpg,false,,landscape,0.000148065882967785
real_landscape_landscape_78_a_yellow_bus_is_on_a_street_near_a_black_guard_rail.jpg,false,,landscape,4.151615485170623e-06
real_landscape_landscape_159_G4su92tyImI.jpg,false,,landscape,0.0001197074307128787
real_landscape_landscape_088_N22iRE8u3MU.jpg,false,,landscape,1.3739676205659634e-06
real_landscape_landscape_168_r-PPOX0QQ1g.jpg,false,,landscape,1.910920582304243e-05
real_landscape_landscape_074_r2Ug9sXPEHA.jpg,false,,landscape,1.7842703528003767e-05
real_landscape_landscape_57_a_yellow_and_green_train_at_stop_lights.jpg,false,,landscape,6.239022809495509e-07
real_landscape_landscape_146__MCLUFQlZ_c.jpg,false,,landscape,3.277630412412691e-06
real_landscape_landscape_096_3eC5n6gHwe8.jpg,false,,landscape,2.92748591164127e-05
real_landscape_landscape_063_Lm6mqM_KqQY.jpg,false,,landscape,3.930175080313347e-05
real_landscape_landscape_145_xZX3pXjQQSw.jpg,false,,landscape,0.0010687388712540269
real_landscape_landscape_74_a_bathroom_with_some_orange_walls_and_a_black_and_white_coun.jpg,false,,landscape,2.670033154572593e-06
real_landscape_landscape_136_awNpFWNTGFY.jpg,false,,landscape,0.00020409452554304153
real_landscape_landscape_061_bk4hN4Jvnac.jpg,false,,landscape,1.714020072540734e-05
real_landscape_landscape_121_JtVkmKQ1FQI.jpg,false,,landscape,4.810282007383648e-06
real_landscape_landscape_104_6gt7AoSk5pQ.jpg,false,,landscape,0.00030174569110386074
real_landscape_landscape_139_aoWukdAWJno.jpg,false,,landscape,5.302279078023275e-06
real_landscape_landscape_75_a_city_traffic_signal_and_street_at_night.jpg,false,,landscape,5.2103441703366116e-05
real_landscape_landscape_055_ixbSaWYYOwY.jpg,false,,landscape,0.0003344746364746243
real_landscape_landscape_137_9CkGNheiEFQ.jpg,false,,landscape,6.0822781051683705e-06
real_landscape_landscape_066_7AKHr2kdmAc.jpg,false,,landscape,1.939554749696981e-05
real_landscape_landscape_08_ocean_waves_beach.jpg,false,,landscape,8.056080332607962e-06
real_landscape_landscape_076_OrkbCipJriw.jpg,false,,landscape,5.000384589948226e-06
real_landscape_landscape_113_etJBEUW4ZDg.jpg,false,,landscape,2.8333745376585284e-06
real_landscape_landscape_123_ac9BZlaKuG4.jpg,false,,landscape,3.880938038491877e-06
real_landscape_landscape_049_yFCXHHLEZA0.jpg,false,,landscape,4.980176981916884e-06
real_landscape_landscape_151_OueojWSe66o.jpg,false,,landscape,0.0004541598609648645
real_landscape_landscape_087_NW-WPrJoyzc.jpg,false,,landscape,1.398078211423126e-06
real_landscape_landscape_62_two_large_jets_sitting_on_top_of_an_airport_runway.jpg,false,,landscape,5.040386167820543e-05
real_landscape_landscape_67_an_image_of_a_subway_bus_going_thru_the_subway_station.jpg,false,,landscape,1.1362136547177215e-06
real_landscape_landscape_64_a_bird_sitting_on_top_of_a_park_bench.jpg,false,,landscape,2.1114806258992758e-06
real_landscape_landscape_141_F0_qeY5OWJE.jpg,false,,landscape,5.397519271355122e-05
real_landscape_landscape_149_zMhnN9FpDBE.jpg,false,,landscape,7.456844286934938e-06
real_landscape_landscape_56_a_train_on_the_tracks_out_in_the_country.jpg,false,,landscape,1.3942021723778453e-06
real_landscape_landscape_103_Yd6TC3qee6M.jpg,false,,landscape,0.0007839600439183414
real_landscape_landscape_052_Xaje8s7H9Cw.jpg,false,,landscape,2.1099165223859018e-06
real_landscape_landscape_01_mountain_peaks_with_snow.jpg,false,,landscape,9.328269925390487e-07
real_landscape_landscape_058_CPIQfMbSjmM.jpg,false,,landscape,5.9674082876881585e-05
real_landscape_landscape_065_xMMh-VFGL9M.jpg,false,,landscape,0.0002314333978574723
real_landscape_landscape_72_a_street_corner_with_a_brown_and_white_building_on_it.jpg,false,,landscape,8.202001140489301e-07
real_landscape_landscape_094_8v_1afZJpg4.jpg,false,,landscape,9.544526619720273e-06
real_landscape_landscape_150_NoSRqbXJY68.jpg,false,,landscape,0.0003740150132216513
real_landscape_landscape_144_MZxQoMVN518.jpg,false,,landscape,4.406274456414394e-06
real_landscape_landscape_63_a_pole_with_a_street_light_and_signs_next_to_a_bare_tree.jpg,false,,landscape,1.3474710840455373e-06
real_landscape_landscape_127_uFdsMOjWX58.jpg,false,,landscape,6.801413837820292e-05
real_landscape_landscape_101_C27Jip4jz4k.jpg,false,,landscape,1.272523036277562e-06
real_landscape_landscape_050_nlllZxwRoLM.jpg,false,,landscape,2.577525719971163e-06
real_landscape_landscape_054_R0hVu1Mqo7A.jpg,false,,landscape,0.00023509570746682584
real_landscape_landscape_170_rGmCuOfPwnk.jpg,false,,landscape,7.807930160197429e-07
real_landscape_landscape_52_the_train_engine_is_followed_by_a_line_of_open_cars.jpg,false,,landscape,9.344554200652055e-06
real_landscape_landscape_50_a_green_bench_sitting_on_the_side_of_a_sidewalk.jpg,false,,landscape,1.0103295835506287e-06
real_landscape_landscape_65_these_toilets_are_being_used_outside_as_decor.jpg,false,,landscape,6.322730428109935e-07
real_landscape_landscape_148_qgfiux6vEmc.jpg,false,,landscape,9.072901434592495e-07
real_landscape_landscape_169_TWvnc-oToE4.jpg,false,,landscape,3.954117346438579e-06
real_landscape_landscape_112_hfxvkEzd_I0.jpg,false,,landscape,0.00014782704238314182
real_landscape_landscape_70_a_semi_truck_is_driving_down_a_street.jpg,false,,landscape,7.694677037761721e-07
real_landscape_landscape_084_uzWLhB7n3m8.jpg,false,,landscape,3.9583101170137525e-05
real_landscape_landscape_091_Bch-Zl9ZUc8.jpg,false,,landscape,1.8110317796526942e-06
real_landscape_landscape_66_a_few_meters_are_sitting_near_an_air_plane.jpg,false,,landscape,7.944710205265437e-07
real_landscape_landscape_108_LpryxGvyY-8.jpg,false,,landscape,2.71542612608755e-05
