id,is_ai,generator,category,score
ai_art_qwen_2512_art_08.png,true,Qwen 2512,art,0.9999985694885254
ai_art_flux_2_flex_art_03.png,true,Flux,art,0.9999560117721558
ai_art_seedream_v3_art_07.png,true,Seedream,art,0.9999533891677856
ai_art_seedream_v3_art_06.png,true,Seedream,art,0.9999651908874512
ai_art_flux_2_flex_art_02.png,true,Flux,art,0.991409957408905
ai_art_glm_image_art_01.png,true,GLM Image,art,0.2066585123538971
ai_art_qwen_2512_art_09.png,true,Qwen 2512,art,0.9999904632568359
ai_art_wan_v2.6_art_09.png,true,Wan v2.6,art,0.07232849299907684
ai_art_flux_schnell_art_08.png,true,Flux Schnell,art,0.9999223947525024
ai_art_glm_image_art_03.png,true,GLM Image,art,0.9999774694442749
ai_art_seedream_v3_art_10.png,true,Seedream,art,0.06560453772544861
ai_art_seedream_v3_art_04.png,true,Seedream,art,0.00966703426092863
ai_art_seedream_v3_art_05.png,true,Seedream,art,0.00022729072952643037
ai_art_flux_2_flex_art_01.png,true,Flux,art,0.9996379613876343
ai_art_glm_image_art_02.png,true,GLM Image,art,0.9999942779541016
ai_art_flux_schnell_art_09.png,true,Flux Schnell,art,0.9995102882385254
ai_art_wan_v2.6_art_08.png,true,Wan v2.6,art,0.9998394250869751
ai_art_z_image_art_09.png,true,Z,art,0.8846050500869751
ai_art_glm_image_art_06.png,true,GLM Image,art,0.9999971389770508
ai_art_flux_2_flex_art_05.png,true,Flux,art,0.8197371363639832
ai_art_seedream_v3_art_01.png,true,Seedream,art,0.23206791281700134
ai_art_flux_2_flex_art_10.png,true,Flux,art,0.9999978542327881
ai_art_flux_2_flex_art_04.png,true,Flux,art,0.8831992745399475
ai_art_glm_image_art_07.png,true,GLM Image,art,0.9999988079071045
ai_art_z_image_art_08.png,true,Z,art,0.9999679327011108
ai_art_glm_image_art_05.png,true,GLM Image,art,0.00014162658771965653
ai_art_flux_2_flex_art_06.png,true,Flux,art,0.9999964237213135
ai_art_seedream_v3_art_02.png,true,Seedream,art,0.9986585378646851
ai_art_seedream_v3_art_03.png,true,Seedream,art,0.0004182867705821991
ai_art_flux_2_flex_art_07.png,true,Flux,art,0.9999985694885254
ai_art_glm_image_art_10.png,true,GLM Image,art,0.9991207718849182
ai_art_glm_image_art_04.png,true,GLM Image,art,0.9993785619735718
ai_art_hunyuan_v3_art_07.png,true,Hunyuan v3,art,0.7347263097763062
ai_art_ideogram_v3_art_04.png,true,Ideogram v3,art,0.005780736915767193
ai_art_ideogram_v3_art_10.png,true,Ideogram v3,art,0.9748801589012146
ai_art_sd_3.5_large_art_08.png,true,Sd,art,0.999981164932251
ai_art_seedream_v4_art_03.png,true,Seedream,art,0.0003042931202799082
ai_art_leonardo_phoenix_art_06.png,true,Leonardo Phoenix,art,0.9984596967697144
ai_art_leonardo_phoenix_art_07.png,true,Leonardo Phoenix,art,0.9999042749404907
ai_art_grok_aurora_art_01.png,true,Grok Aurora,art,0.9989575147628784
ai_art_seedream_v4_art_02.png,true,Seedream,art,0.0011168400524184108
ai_art_sd_3.5_large_art_09.png,true,Sd,art,0.00931673962622881
ai_art_ideogram_v3_art_05.png,true,Ideogram v3,art,0.9994537234306335
ai_art_hunyuan_v3_art_06.png,true,Hunyuan v3,art,0.9948738217353821
ai_art_hunyuan_v3_art_04.png,true,Hunyuan v3,art,0.25647974014282227
ai_art_hunyuan_v3_art_10.png,true,Hunyuan v3,art,0.937292754650116
ai_art_recraft_v3_art_09.png,true,Recraft v3,art,0.999666690826416
ai_art_ideogram_v3_art_07.png,true,Ideogram v3,art,0.11877939850091934
ai_art_grok_aurora_art_03.png,true,Grok Aurora,art,0.9997747540473938
ai_art_leonardo_phoenix_art_05.png,true,Leonardo Phoenix,art,0.9693909287452698
ai_art_leonardo_phoenix_art_10.png,true,Leonardo Phoenix,art,0.9999784231185913
ai_art_leonardo_phoenix_art_04.png,true,Leonardo Phoenix,art,0.9619193077087402
ai_art_grok_aurora_art_02.png,true,Grok Aurora,art,0.9995414018630981
ai_art_seedream_v4_art_01.png,true,Seedream,art,0.4158574342727661
ai_art_ideogram_v3_art_06.png,true,Ideogram v3,art,0.8766878843307495
ai_art_recraft_v3_art_08.png,true,Recraft v3,art,0.9729931354522705
ai_art_hunyuan_v3_art_05.png,true,Hunyuan v3,art,0.05037234351038933
ai_art_hunyuan_v3_art_01.png,true,Hunyuan v3,art,0.07088157534599304
ai_art_ideogram_v3_art_02.png,true,Ideogram v3,art,0.3523150086402893
ai_art_flux_pro_v1.1_art_09.png,true,Flux Pro v1.1,art,0.0902310386300087
ai_art_seedream_v4_art_05.png,true,Seedream,art,0.0018175712320953608
ai_art_grok_aurora_art_06.png,true,Grok Aurora,art,0.9999699592590332
ai_art_grok_aurora_art_07.png,true,Grok Aurora,art,0.8102443218231201
ai_art_leonardo_phoenix_art_01.png,true,Leonardo Phoenix,art,0.04866605997085571
ai_art_seedream_v4_art_04.png,true,Seedream,art,0.002406662330031395
ai_art_seedream_v4_art_10.png,true,Seedream,art,0.0032582285348325968
ai_art_flux_pro_v1.1_art_08.png,true,Flux Pro v1.1,art,0.9999299049377441
ai_art_ideogram_v3_art_03.png,true,Ideogram v3,art,0.4576430320739746
ai_art_hunyuan_v3_art_02.png,true,Hunyuan v3,art,0.0827282965183258
ai_art_gpt_image_1.5_art_08.png,true,Gpt,art,0.9985634684562683
ai_art_ideogram_v3_art_01.png,true,Ideogram v3,art,0.6950998306274414
ai_art_gemini_3_pro_art_09.png,true,Gemini 3 Pro,art,0.8271123170852661
ai_art_seedream_v4_art_06.png,true,Seedream,art,0.8021091818809509
ai_art_leonardo_phoenix_art_03.png,true,Leonardo Phoenix,art,0.999157190322876
ai_art_grok_aurora_art_05.png,true,Grok Aurora,art,0.9544643759727478
ai_art_grok_aurora_art_10.png,true,Grok Aurora,art,0.9044791460037231
ai_art_grok_aurora_art_04.png,true,Grok Aurora,art,0.45685604214668274
ai_art_leonardo_phoenix_art_02.png,true,Leonardo Phoenix,art,0.35175782442092896
ai_art_seedream_v4_art_07.png,true,Seedream,art,0.06855793297290802
ai_art_gemini_3_pro_art_08.png,true,Gemini 3 Pro,art,0.9987940788269043
ai_art_gpt_image_1.5_art_09.png,true,Gpt,art,5.309218249749392e-05
ai_art_hunyuan_v3_art_03.png,true,Hunyuan v3,art,0.048543427139520645
ai_art_gpt_image_1.5_art_10.png,true,Gpt,art,0.004272358492016792
ai_art_recraft_v3_art_03.png,true,Recraft v3,art,0.9854364991188049
ai_art_gpt_image_1.5_art_04.png,true,Gpt,art,0.005805462133139372
ai_art_sd_3.5_large_art_01.png,true,Sd,art,0.01295526884496212
ai_art_gemini_3_pro_art_05.png,true,Gemini 3 Pro,art,0.0011434495681896806
ai_art_flux_pro_v1.1_art_06.png,true,Flux Pro v1.1,art,0.4632645845413208
ai_art_grok_aurora_art_09.png,true,Grok Aurora,art,0.1716155707836151
ai_art_grok_aurora_art_08.png,true,Grok Aurora,art,0.999809205532074
ai_art_flux_pro_v1.1_art_07.png,true,Flux Pro v1.1,art,0.15517781674861908
ai_art_gemini_3_pro_art_10.png,true,Gemini 3 Pro,art,0.999369204044342
ai_art_gemini_3_pro_art_04.png,true,Gemini 3 Pro,art,0.41044968366622925
ai_art_gpt_image_1.5_art_05.png,true,Gpt,art,5.465688809636049e-05
ai_art_recraft_v3_art_02.png,true,Recraft v3,art,0.9079325199127197
ai_art_gpt_image_1.5_art_07.png,true,Gpt,art,0.9998373985290527
ai_art_gemini_3_pro_art_06.png,true,Gemini 3 Pro,art,0.999845027923584
ai_art_sd_3.5_large_art_02.png,true,Sd,art,0.999749481678009
ai_art_flux_pro_v1.1_art_05.png,true,Flux Pro v1.1,art,0.5121652483940125
ai_art_seedream_v4_art_09.png,true,Seedream,art,0.0451618954539299
ai_art_seedream_v4_art_08.png,true,Seedream,art,0.015734577551484108
ai_art_flux_pro_v1.1_art_10.png,true,Flux Pro v1.1,art,0.9322534799575806
ai_art_flux_pro_v1.1_art_04.png,true,Flux Pro v1.1,art,0.9001490473747253
ai_art_gemini_3_pro_art_07.png,true,Gemini 3 Pro,art,0.9866313338279724
ai_art_sd_3.5_large_art_03.png,true,Sd,art,0.9943118095397949
ai_art_recraft_v3_art_01.png,true,Recraft v3,art,0.045068252831697464
ai_art_gpt_image_1.5_art_06.png,true,Gpt,art,0.99997878074646
ai_art_hunyuan_v3_art_08.png,true,Hunyuan v3,art,0.5406304597854614
ai_art_gpt_image_1.5_art_02.png,true,Gpt,art,0.5255821347236633
ai_art_recraft_v3_art_05.png,true,Recraft v3,art,0.6731958389282227
ai_art_sd_3.5_large_art_07.png,true,Sd,art,0.9999994039535522
ai_art_gemini_3_pro_art_03.png,true,Gemini 3 Pro,art,0.9571317434310913
ai_art_leonardo_phoenix_art_09.png,true,Leonardo Phoenix,art,0.8840700387954712
ai_art_leonardo_phoenix_art_08.png,true,Leonardo Phoenix,art,0.8173090815544128
ai_art_flux_pro_v1.1_art_01.png,true,Flux Pro v1.1,art,0.9136952757835388
ai_art_sd_3.5_large_art_06.png,true,Sd,art,0.9999380111694336
ai_art_gemini_3_pro_art_02.png,true,Gemini 3 Pro,art,0.7277522683143616
ai_art_recraft_v3_art_10.png,true,Recraft v3,art,0.9745561480522156
ai_art_recraft_v3_art_04.png,true,Recraft v3,art,0.4280673563480377
ai_art_gpt_image_1.5_art_03.png,true,Gpt,art,0.0037652975879609585
ai_art_hunyuan_v3_art_09.png,true,Hunyuan v3,art,0.014102350920438766
ai_art_recraft_v3_art_06.png,true,Recraft v3,art,0.9999594688415527
ai_art_gpt_image_1.5_art_01.png,true,Gpt,art,0.013968984596431255
ai_art_sd_3.5_large_art_04.png,true,Sd,art,0.9807031154632568
ai_art_sd_3.5_large_art_10.png,true,Sd,art,0.006199382245540619
ai_art_ideogram_v3_art_08.png,true,Ideogram v3,art,0.9947472214698792
ai_art_flux_pro_v1.1_art_03.png,true,Flux Pro v1.1,art,0.9857527613639832
ai_art_flux_pro_v1.1_art_02.png,true,Flux Pro v1.1,art,0.651299238204956
ai_art_ideogram_v3_art_09.png,true,Ideogram v3,art,0.9983763694763184
ai_art_gemini_3_pro_art_01.png,true,Gemini 3 Pro,art,0.9953497052192688
ai_art_sd_3.5_large_art_05.png,true,Sd,art,0.0038335323333740234
ai_art_recraft_v3_art_07.png,true,Recraft v3,art,0.9723559617996216
ai_art_wan_v2.6_art_03.png,true,Wan v2.6,art,0.709825336933136
ai_art_flux_schnell_art_02.png,true,Flux Schnell,art,0.695624828338623
ai_art_qwen_2512_art_01.png,true,Qwen 2512,art,0.9997183680534363
ai_art_z_image_art_06.png,true,Z,art,0.9999982118606567
ai_art_glm_image_art_09.png,true,GLM Image,art,0.14805029332637787
ai_art_glm_image_art_08.png,true,GLM Image,art,0.9999644756317139
ai_art_z_image_art_07.png,true,Z,art,0.9999945163726807
ai_art_flux_schnell_art_03.png,true,Flux Schnell,art,0.999998927116394
ai_art_wan_v2.6_art_02.png,true,Wan v2.6,art,0.9266263842582703
ai_art_qwen_2512_art_02.png,true,Qwen 2512,art,0.9994693398475647
ai_art_flux_schnell_art_01.png,true,Flux Schnell,art,0.9882259964942932
ai_art_z_image_art_05.png,true,Z,art,0.9999740123748779
ai_art_flux_2_flex_art_09.png,true,Flux,art,0.01008667703717947
ai_art_flux_2_flex_art_08.png,true,Flux,art,0.16063565015792847
ai_art_z_image_art_04.png,true,Z,art,0.025008674710989
ai_art_z_image_art_10.png,true,Z,art,0.9996155500411987
ai_art_qwen_2512_art_03.png,true,Qwen 2512,art,0.9995748400688171
ai_art_wan_v2.6_art_01.png,true,Wan v2.6,art,0.9999533891677856
ai_art_flux_schnell_art_10.png,true,Flux Schnell,art,0.9843366146087646
ai_art_wan_v2.6_art_05.png,true,Wan v2.6,art,0.49718308448791504
ai_art_flux_schnell_art_04.png,true,Flux Schnell,art,0.9933043122291565
ai_art_qwen_2512_art_07.png,true,Qwen 2512,art,0.9973057508468628
ai_art_seedream_v3_art_08.png,true,Seedream,art,0.999915361404419
ai_art_seedream_v3_art_09.png,true,Seedream,art,0.08444278687238693
ai_art_z_image_art_01.png,true,Z,art,0.05853386968374252
ai_art_flux_schnell_art_05.png,true,Flux Schnell,art,0.9982221722602844
ai_art_wan_v2.6_art_04.png,true,Wan v2.6,art,0.9970610737800598
ai_art_qwen_2512_art_06.png,true,Qwen 2512,art,0.9999868869781494
ai_art_wan_v2.6_art_10.png,true,Wan v2.6,art,0.9165170192718506
ai_art_qwen_2512_art_04.png,true,Qwen 2512,art,0.9997441172599792
ai_art_wan_v2.6_art_06.png,true,Wan v2.6,art,0.9999774694442749
ai_art_flux_schnell_art_07.png,true,Flux Schnell,art,0.8958740234375
ai_art_qwen_2512_art_10.png,true,Qwen 2512,art,0.9992725253105164
ai_art_z_image_art_03.png,true,Z,art,0.011668316088616848
ai_art_z_image_art_02.png,true,Z,art,0.9926027655601501
ai_art_qwen_2512_art_05.png,true,Qwen 2512,art,0.9999744892120361
ai_art_flux_schnell_art_06.png,true,Flux Schnell,art,0.9989598989486694
ai_art_wan_v2.6_art_07.png,true,Wan v2.6,art,0.9999698400497437
ai_portrait_seedream_v3_portrait_10.png,true,Seedream,portrait,0.9982959628105164
ai_portrait_seedream_v3_portrait_04.png,true,Seedream,portrait,0.8592281937599182
ai_portrait_recraft_v3_portrait_05.png,true,Recraft v3,portrait,0.9998339414596558
ai_portrait_flux_pro_v1.1_portrait_09.png,true,Flux Pro v1.1,portrait,0.9997920393943787
ai_portrait_flux_pro_v1.1_portrait_08.png,true,Flux Pro v1.1,portrait,0.9807058572769165
ai_portrait_wan_v2.6_portrait_01.png,true,Wan v2.6,portrait,0.9943231344223022
ai_portrait_recraft_v3_portrait_04.png,true,Recraft v3,portrait,0.9998314380645752
ai_portrait_recraft_v3_portrait_10.png,true,Recraft v3,portrait,0.9896228313446045
ai_portrait_seedream_v3_portrait_05.png,true,Seedream,portrait,0.9999452829360962
ai_portrait_seedream_v4_portrait_01.png,true,Seedream,portrait,0.18828405439853668
ai_portrait_seedream_v4_portrait_03.png,true,Seedream,portrait,0.4929860830307007
ai_portrait_seedream_v3_portrait_07.png,true,Seedream,portrait,0.7352625131607056
ai_portrait_hunyuan_v3_portrait_09.png,true,Hunyuan v3,portrait,0.9896430969238281
ai_portrait_recraft_v3_portrait_06.png,true,Recraft v3,portrait,0.7893473505973816
ai_portrait_wan_v2.6_portrait_03.png,true,Wan v2.6,portrait,0.9999939203262329
ai_portrait_wan_v2.6_portrait_02.png,true,Wan v2.6,portrait,0.99998939037323
ai_portrait_recraft_v3_portrait_07.png,true,Recraft v3,portrait,0.8820717334747314
ai_portrait_hunyuan_v3_portrait_08.png,true,Hunyuan v3,portrait,0.002188632730394602
ai_portrait_seedream_v3_portrait_06.png,true,Seedream,portrait,0.999739944934845
ai_portrait_seedream_v4_portrait_02.png,true,Seedream,portrait,0.7864885330200195
ai_portrait_seedream_v3_portrait_02.png,true,Seedream,portrait,0.16169260442256927
ai_portrait_seedream_v4_portrait_06.png,true,Seedream,portrait,0.05715811252593994
ai_portrait_recraft_v3_portrait_03.png,true,Recraft v3,portrait,0.8251964449882507
ai_portrait_grok_aurora_portrait_09.png,true,Grok Aurora,portrait,0.030256327241659164
ai_portrait_qwen_2512_portrait_08.png,true,Qwen 2512,portrait,0.9648171067237854
ai_portrait_wan_v2.6_portrait_06.png,true,Wan v2.6,portrait,0.9995874762535095
ai_portrait_wan_v2.6_portrait_07.png,true,Wan v2.6,portrait,0.9999707937240601
ai_portrait_qwen_2512_portrait_09.png,true,Qwen 2512,portrait,0.9986635446548462
ai_portrait_recraft_v3_portrait_02.png,true,Recraft v3,portrait,0.7923879027366638
ai_portrait_grok_aurora_portrait_08.png,true,Grok Aurora,portrait,0.9999721050262451
ai_portrait_seedream_v4_portrait_07.png,true,Seedream,portrait,0.35515233874320984
ai_portrait_seedream_v3_portrait_03.png,true,Seedream,portrait,0.9994876384735107
ai_portrait_seedream_v3_portrait_01.png,true,Seedream,portrait,0.999855637550354
ai_portrait_seedream_v4_portrait_05.png,true,Seedream,portrait,0.18317221105098724
ai_portrait_wan_v2.6_portrait_05.png,true,Wan v2.6,portrait,0.9887883067131042
ai_portrait_flux_schnell_portrait_08.png,true,Flux Schnell,portrait,0.9987050294876099
ai_portrait_flux_schnell_portrait_09.png,true,Flux Schnell,portrait,0.9999827146530151
ai_portrait_wan_v2.6_portrait_10.png,true,Wan v2.6,portrait,0.9970692992210388
ai_portrait_wan_v2.6_portrait_04.png,true,Wan v2.6,portrait,0.9853311777114868
ai_portrait_recraft_v3_portrait_01.png,true,Recraft v3,portrait,0.1504252552986145
ai_portrait_seedream_v4_portrait_04.png,true,Seedream,portrait,0.9763819575309753
ai_portrait_seedream_v4_portrait_10.png,true,Seedream,portrait,0.0010074048768728971
ai_portrait_z_image_portrait_01.png,true,Z,portrait,0.9999077320098877
ai_portrait_ideogram_v3_portrait_01.png,true,Ideogram v3,portrait,0.999808132648468
ai_portrait_leonardo_phoenix_portrait_07.png,true,Leonardo Phoenix,portrait,0.9961906671524048
ai_portrait_sd_3.5_large_portrait_05.png,true,Sd,portrait,0.9993670582771301
ai_portrait_gpt_image_1.5_portrait_01.png,true,Gpt,portrait,0.9900141954421997
ai_portrait_flux_2_flex_portrait_03.png,true,Flux,portrait,0.9999979734420776
ai_portrait_gemini_3_pro_portrait_10.png,true,Gemini 3 Pro,portrait,0.029417071491479874
ai_portrait_gemini_3_pro_portrait_04.png,true,Gemini 3 Pro,portrait,0.009243661537766457
ai_portrait_gemini_3_pro_portrait_05.png,true,Gemini 3 Pro,portrait,0.15110790729522705
ai_portrait_flux_2_flex_portrait_02.png,true,Flux,portrait,0.999995231628418
ai_portrait_sd_3.5_large_portrait_04.png,true,Sd,portrait,0.9997742772102356
ai_portrait_leonardo_phoenix_portrait_06.png,true,Leonardo Phoenix,portrait,0.9961601495742798
ai_portrait_sd_3.5_large_portrait_10.png,true,Sd,portrait,0.9321485757827759
ai_portrait_glm_image_portrait_01.png,true,GLM Image,portrait,0.9997926354408264
ai_portrait_z_image_portrait_02.png,true,Z,portrait,0.9999425411224365
ai_portrait_glm_image_portrait_03.png,true,GLM Image,portrait,0.9999979734420776
ai_portrait_ideogram_v3_portrait_02.png,true,Ideogram v3,portrait,0.9817373752593994
ai_portrait_leonardo_phoenix_portrait_10.png,true,Leonardo Phoenix,portrait,0.9999949932098389
ai_portrait_sd_3.5_large_portrait_06.png,true,Sd,portrait,0.9998536109924316
ai_portrait_leonardo_phoenix_portrait_04.png,true,Leonardo Phoenix,portrait,0.992195725440979
ai_portrait_gpt_image_1.5_portrait_02.png,true,Gpt,portrait,0.15997520089149475
ai_portrait_gemini_3_pro_portrait_07.png,true,Gemini 3 Pro,portrait,0.9941535592079163
ai_portrait_gemini_3_pro_portrait_06.png,true,Gemini 3 Pro,portrait,0.9760611057281494
ai_portrait_flux_2_flex_portrait_01.png,true,Flux,portrait,0.9999370574951172
ai_portrait_gpt_image_1.5_portrait_03.png,true,Gpt,portrait,0.9932225942611694
ai_portrait_leonardo_phoenix_portrait_05.png,true,Leonardo Phoenix,portrait,0.9999188184738159
ai_portrait_sd_3.5_large_portrait_07.png,true,Sd,portrait,0.9998266100883484
ai_portrait_ideogram_v3_portrait_03.png,true,Ideogram v3,portrait,0.9965603947639465
ai_portrait_glm_image_portrait_02.png,true,GLM Image,portrait,0.999962568283081
ai_portrait_z_image_portrait_03.png,true,Z,portrait,0.9999984502792358
ai_portrait_z_image_portrait_07.png,true,Z,portrait,0.9999487400054932
ai_portrait_glm_image_portrait_06.png,true,GLM Image,portrait,0.9999983310699463
ai_portrait_ideogram_v3_portrait_07.png,true,Ideogram v3,portrait,0.9980236291885376
ai_portrait_gpt_image_1.5_portrait_07.png,true,Gpt,portrait,0.9505969882011414
ai_portrait_sd_3.5_large_portrait_03.png,true,Sd,portrait,0.9999688863754272
ai_portrait_leonardo_phoenix_portrait_01.png,true,Leonardo Phoenix,portrait,0.014940928667783737
ai_portrait_gemini_3_pro_portrait_02.png,true,Gemini 3 Pro,portrait,0.8021163940429688
ai_portrait_flux_2_flex_portrait_05.png,true,Flux,portrait,0.9999699592590332
ai_portrait_flux_2_flex_portrait_10.png,true,Flux,portrait,0.9999959468841553
ai_portrait_flux_2_flex_portrait_04.png,true,Flux,portrait,0.9998698234558105
ai_portrait_gemini_3_pro_portrait_03.png,true,Gemini 3 Pro,portrait,0.9990295171737671
ai_portrait_sd_3.5_large_portrait_02.png,true,Sd,portrait,0.9999666213989258
ai_portrait_gpt_image_1.5_portrait_06.png,true,Gpt,portrait,0.01935892552137375
ai_portrait_ideogram_v3_portrait_06.png,true,Ideogram v3,portrait,0.1332903951406479
ai_portrait_glm_image_portrait_07.png,true,GLM Image,portrait,0.9999926090240479
ai_portrait_z_image_portrait_06.png,true,Z,portrait,0.999984622001648
ai_portrait_z_image_portrait_10.png,true,Z,portrait,0.9967982172966003
ai_portrait_z_image_portrait_04.png,true,Z,portrait,0.999982476234436
ai_portrait_glm_image_portrait_05.png,true,GLM Image,portrait,0.9999555349349976
ai_portrait_ideogram_v3_portrait_10.png,true,Ideogram v3,portrait,0.9952722191810608
ai_portrait_ideogram_v3_portrait_04.png,true,Ideogram v3,portrait,0.9639104604721069
ai_portrait_gpt_image_1.5_portrait_10.png,true,Gpt,portrait,0.910580575466156
ai_portrait_gpt_image_1.5_portrait_04.png,true,Gpt,portrait,0.0020005477126687765
ai_portrait_leonardo_phoenix_portrait_02.png,true,Leonardo Phoenix,portrait,0.8031413555145264
ai_portrait_gemini_3_pro_portrait_01.png,true,Gemini 3 Pro,portrait,0.009437773376703262
ai_portrait_flux_2_flex_portrait_06.png,true,Flux,portrait,0.9999974966049194
ai_portrait_flux_2_flex_portrait_07.png,true,Flux,portrait,0.9999891519546509
ai_portrait_sd_3.5_large_portrait_01.png,true,Sd,portrait,0.9749249219894409
ai_portrait_leonardo_phoenix_portrait_03.png,true,Leonardo Phoenix,portrait,0.9612513780593872
ai_portrait_gpt_image_1.5_portrait_05.png,true,Gpt,portrait,0.999860405921936
ai_portrait_ideogram_v3_portrait_05.png,true,Ideogram v3,portrait,0.9907577037811279
ai_portrait_glm_image_portrait_10.png,true,GLM Image,portrait,0.999995231628418
ai_portrait_glm_image_portrait_04.png,true,GLM Image,portrait,0.999995231628418
ai_portrait_z_image_portrait_05.png,true,Z,portrait,0.9286913275718689
ai_portrait_z_image_portrait_08.png,true,Z,portrait,0.9999979734420776
ai_portrait_glm_image_portrait_09.png,true,GLM Image,portrait,0.9999880790710449
ai_portrait_ideogram_v3_portrait_08.png,true,Ideogram v3,portrait,0.9973059892654419
ai_portrait_gpt_image_1.5_portrait_08.png,true,Gpt,portrait,0.0003429370408412069
ai_portrait_gpt_image_1.5_portrait_09.png,true,Gpt,portrait,0.0834956169128418
ai_portrait_ideogram_v3_portrait_09.png,true,Ideogram v3,portrait,0.8852391242980957
ai_portrait_glm_image_portrait_08.png,true,GLM Image,portrait,0.9998487234115601
ai_portrait_z_image_portrait_09.png,true,Z,portrait,0.9999788999557495
ai_portrait_flux_2_flex_portrait_09.png,true,Flux,portrait,0.9999082088470459
ai_portrait_flux_2_flex_portrait_08.png,true,Flux,portrait,0.9993485808372498
ai_portrait_leonardo_phoenix_portrait_08.png,true,Leonardo Phoenix,portrait,0.08005025237798691
ai_portrait_leonardo_phoenix_portrait_09.png,true,Leonardo Phoenix,portrait,0.8479151129722595
ai_portrait_sd_3.5_large_portrait_09.png,true,Sd,portrait,0.9767125248908997
ai_portrait_gemini_3_pro_portrait_08.png,true,Gemini 3 Pro,portrait,0.9293133020401001
ai_portrait_gemini_3_pro_portrait_09.png,true,Gemini 3 Pro,portrait,0.7334747910499573
ai_portrait_sd_3.5_large_portrait_08.png,true,Sd,portrait,0.9999967813491821
ai_portrait_seedream_v4_portrait_09.png,true,Seedream,portrait,0.6382118463516235
ai_portrait_hunyuan_v3_portrait_03.png,true,Hunyuan v3,portrait,0.6578978896141052
ai_portrait_grok_aurora_portrait_06.png,true,Grok Aurora,portrait,0.9963032007217407
ai_portrait_qwen_2512_portrait_07.png,true,Qwen 2512,portrait,0.9999908208847046
ai_portrait_wan_v2.6_portrait_09.png,true,Wan v2.6,portrait,0.9999979734420776
ai_portrait_flux_schnell_portrait_04.png,true,Flux Schnell,portrait,0.9999616146087646
ai_portrait_flux_schnell_portrait_10.png,true,Flux Schnell,portrait,0.9999622106552124
ai_portrait_flux_pro_v1.1_portrait_01.png,true,Flux Pro v1.1,portrait,0.007799321785569191
ai_portrait_flux_schnell_portrait_05.png,true,Flux Schnell,portrait,0.9999731779098511
ai_portrait_wan_v2.6_portrait_08.png,true,Wan v2.6,portrait,0.9987851977348328
ai_portrait_qwen_2512_portrait_06.png,true,Qwen 2512,portrait,0.9999860525131226
ai_portrait_grok_aurora_portrait_07.png,true,Grok Aurora,portrait,0.9999516010284424
ai_portrait_hunyuan_v3_portrait_02.png,true,Hunyuan v3,portrait,0.816929817199707
ai_portrait_seedream_v4_portrait_08.png,true,Seedream,portrait,0.7565745711326599
ai_portrait_grok_aurora_portrait_05.png,true,Grok Aurora,portrait,0.9901015758514404
ai_portrait_qwen_2512_portrait_04.png,true,Qwen 2512,portrait,0.8982363939285278
ai_portrait_qwen_2512_portrait_10.png,true,Qwen 2512,portrait,0.9967362284660339
ai_portrait_flux_schnell_portrait_07.png,true,Flux Schnell,portrait,0.9999659061431885
ai_portrait_flux_pro_v1.1_portrait_03.png,true,Flux Pro v1.1,portrait,0.9981492757797241
ai_portrait_flux_pro_v1.1_portrait_02.png,true,Flux Pro v1.1,portrait,0.9999667406082153
ai_portrait_flux_schnell_portrait_06.png,true,Flux Schnell,portrait,0.9999940395355225
ai_portrait_qwen_2512_portrait_05.png,true,Qwen 2512,portrait,0.9975455403327942
ai_portrait_grok_aurora_portrait_04.png,true,Grok Aurora,portrait,0.9837766885757446
ai_portrait_grok_aurora_portrait_10.png,true,Grok Aurora,portrait,0.999996542930603
ai_portrait_hunyuan_v3_portrait_01.png,true,Hunyuan v3,portrait,0.4632645845413208
ai_portrait_hunyuan_v3_portrait_05.png,true,Hunyuan v3,portrait,0.2100587785243988
ai_portrait_qwen_2512_portrait_01.png,true,Qwen 2512,portrait,0.9998260140419006
ai_portrait_flux_schnell_portrait_02.png,true,Flux Schnell,portrait,0.9996961355209351
ai_portrait_flux_pro_v1.1_portrait_06.png,true,Flux Pro v1.1,portrait,0.9997796416282654
ai_portrait_flux_pro_v1.1_portrait_07.png,true,Flux Pro v1.1,portrait,0.9997960925102234
ai_portrait_flux_schnell_portrait_03.png,true,Flux Schnell,portrait,0.999992847442627
ai_portrait_grok_aurora_portrait_01.png,true,Grok Aurora,portrait,0.07968510687351227
ai_portrait_hunyuan_v3_portrait_10.png,true,Hunyuan v3,portrait,0.9635589122772217
ai_portrait_hunyuan_v3_portrait_04.png,true,Hunyuan v3,portrait,0.9913493394851685
ai_portrait_seedream_v3_portrait_08.png,true,Seedream,portrait,0.9921993613243103
ai_portrait_hunyuan_v3_portrait_06.png,true,Hunyuan v3,portrait,0.9083330035209656
ai_portrait_recraft_v3_portrait_09.png,true,Recraft v3,portrait,0.6046117544174194
ai_portrait_grok_aurora_portrait_03.png,true,Grok Aurora,portrait,0.9988954067230225
ai_portrait_qwen_2512_portrait_02.png,true,Qwen 2512,portrait,0.9999891519546509
ai_portrait_flux_schnell_portrait_01.png,true,Flux Schnell,portrait,0.9999721050262451
ai_portrait_flux_pro_v1.1_portrait_05.png,true,Flux Pro v1.1,portrait,0.976477861404419
ai_portrait_flux_pro_v1.1_portrait_10.png,true,Flux Pro v1.1,portrait,0.9999597072601318
ai_portrait_flux_pro_v1.1_portrait_04.png,true,Flux Pro v1.1,portrait,0.9343544244766235
ai_portrait_qwen_2512_portrait_03.png,true,Qwen 2512,portrait,0.9793130159378052
ai_portrait_recraft_v3_portrait_08.png,true,Recraft v3,portrait,0.9992258548736572
ai_portrait_grok_aurora_portrait_02.png,true,Grok Aurora,portrait,0.9999722242355347
ai_portrait_hunyuan_v3_portrait_07.png,true,Hunyuan v3,portrait,0.12560883164405823
ai_portrait_seedream_v3_portrait_09.png,true,Seedream,portrait,0.981920063495636
ai_product_flux_pro_v1.1_product_03.png,true,Flux Pro v1.1,product,0.0563158355653286
ai_product_flux_2_flex_product_03.png,true,Flux,product,0.9996970891952515
ai_product_gpt_image_1.5_product_03.png,true,Gpt,product,0.016283005475997925
ai_product_gpt_image_1.5_product_02.png,true,Gpt,product,0.8997254967689514
ai_product_flux_2_flex_product_02.png,true,Flux,product,0.9629607200622559
ai_product_flux_pro_v1.1_product_02.png,true,Flux Pro v1.1,product,0.9967043995857239
ai_product_grok_aurora_product_01.png,true,Grok Aurora,product,0.11922156810760498
ai_product_glm_image_product_08.png,true,GLM Image,product,0.9993525147438049
ai_product_grok_aurora_product_03.png,true,Grok Aurora,product,0.9929057359695435
ai_product_hunyuan_v3_product_09.png,true,Hunyuan v3,product,0.01204471942037344
ai_product_gpt_image_1.5_product_01.png,true,Gpt,product,0.9350852966308594
ai_product_hunyuan_v3_product_08.png,true,Hunyuan v3,product,0.6654556393623352
ai_product_flux_2_flex_product_01.png,true,Flux,product,0.9996570348739624
ai_product_flux_pro_v1.1_product_01.png,true,Flux Pro v1.1,product,0.9701007008552551
ai_product_grok_aurora_product_02.png,true,Grok Aurora,product,0.9775806665420532
ai_product_glm_image_product_09.png,true,GLM Image,product,0.9917118549346924
ai_product_grok_aurora_product_06.png,true,Grok Aurora,product,0.5663086771965027
ai_product_seedream_v4_product_08.png,true,Seedream,product,0.9960018992424011
ai_product_flux_pro_v1.1_product_05.png,true,Flux Pro v1.1,product,0.8319351077079773
ai_product_flux_2_flex_product_05.png,true,Flux,product,0.9978306889533997
ai_product_gpt_image_1.5_product_05.png,true,Gpt,product,7.989341975189745e-05
ai_product_gpt_image_1.5_product_10.png,true,Gpt,product,0.9839922785758972
ai_product_gpt_image_1.5_product_04.png,true,Gpt,product,0.07902345061302185
ai_product_flux_2_flex_product_04.png,true,Flux,product,0.999863862991333
ai_product_flux_2_flex_product_10.png,true,Flux,product,0.19430136680603027
ai_product_flux_pro_v1.1_product_10.png,true,Flux Pro v1.1,product,0.9721851944923401
ai_product_flux_pro_v1.1_product_04.png,true,Flux Pro v1.1,product,0.90643310546875
ai_product_seedream_v4_product_09.png,true,Seedream,product,8.033391350181773e-05
ai_product_grok_aurora_product_07.png,true,Grok Aurora,product,0.19610156118869781
ai_product_grok_aurora_product_05.png,true,Grok Aurora,product,0.9991160035133362
ai_product_flux_schnell_product_08.png,true,Flux Schnell,product,0.9996380805969238
ai_product_flux_pro_v1.1_product_06.png,true,Flux Pro v1.1,product,0.9925249814987183
ai_product_seedream_v3_product_08.png,true,Seedream,product,0.346977174282074
ai_product_flux_2_flex_product_06.png,true,Flux,product,0.2370142638683319
ai_product_gpt_image_1.5_product_06.png,true,Gpt,product,0.9815776944160461
ai_product_gemini_3_pro_product_09.png,true,Gemini 3 Pro,product,0.00027287015109322965
ai_product_gemini_3_pro_product_08.png,true,Gemini 3 Pro,product,0.05716727674007416
ai_product_gpt_image_1.5_product_07.png,true,Gpt,product,0.9989157915115356
ai_product_flux_2_flex_product_07.png,true,Flux,product,0.7688014507293701
ai_product_seedream_v3_product_09.png,true,Seedream,product,0.5045661330223083
ai_product_flux_pro_v1.1_product_07.png,true,Flux Pro v1.1,product,0.7955410480499268
ai_product_flux_schnell_product_09.png,true,Flux Schnell,product,0.9792327284812927
ai_product_grok_aurora_product_10.png,true,Grok Aurora,product,0.9885157346725464
ai_product_grok_aurora_product_04.png,true,Grok Aurora,product,0.006711754947900772
ai_product_recraft_v3_product_06.png,true,Recraft v3,product,0.6931448578834534
ai_product_ideogram_v3_product_01.png,true,Ideogram v3,product,0.003206871682778001
ai_product_recraft_v3_product_07.png,true,Recraft v3,product,0.9987912774085999
ai_product_recraft_v3_product_05.png,true,Recraft v3,product,0.8312547206878662
ai_product_ideogram_v3_product_02.png,true,Ideogram v3,product,0.03983698785305023
ai_product_z_image_product_08.png,true,Z,product,0.9996263980865479
ai_product_qwen_2512_product_09.png,true,Qwen 2512,product,0.3821107745170593
ai_product_qwen_2512_product_08.png,true,Qwen 2512,product,0.9994829893112183
ai_product_z_image_product_09.png,true,Z,product,0.9999545812606812
ai_product_ideogram_v3_product_03.png,true,Ideogram v3,product,0.5519397854804993
ai_product_recraft_v3_product_04.png,true,Recraft v3,product,0.9821534752845764
ai_product_recraft_v3_product_10.png,true,Recraft v3,product,0.9747421145439148
ai_product_sd_3.5_large_product_09.png,true,Sd,product,0.7792297005653381
ai_product_ideogram_v3_product_07.png,true,Ideogram v3,product,0.7638307213783264
ai_product_wan_v2.6_product_08.png,true,Wan v2.6,product,0.9990102052688599
ai_product_leonardo_phoenix_product_09.png,true,Leonardo Phoenix,product,0.9862821698188782
ai_product_leonardo_phoenix_product_08.png,true,Leonardo Phoenix,product,0.9918074011802673
ai_product_wan_v2.6_product_09.png,true,Wan v2.6,product,0.9503957033157349
ai_product_ideogram_v3_product_06.png,true,Ideogram v3,product,0.9870945811271667
ai_product_sd_3.5_large_product_08.png,true,Sd,product,0.3374655544757843
ai_product_recraft_v3_product_01.png,true,Recraft v3,product,0.9843766689300537
ai_product_recraft_v3_product_03.png,true,Recraft v3,product,0.8694047927856445
ai_product_ideogram_v3_product_04.png,true,Ideogram v3,product,0.7147619128227234
ai_product_ideogram_v3_product_10.png,true,Ideogram v3,product,0.0005447753355838358
ai_product_ideogram_v3_product_05.png,true,Ideogram v3,product,0.005997807718813419
ai_product_recraft_v3_product_02.png,true,Recraft v3,product,0.6446120738983154
ai_product_z_image_product_02.png,true,Z,product,0.9625314474105835
ai_product_sd_3.5_large_product_06.png,true,Sd,product,0.35979822278022766
ai_product_ideogram_v3_product_08.png,true,Ideogram v3,product,0.8392504453659058
ai_product_wan_v2.6_product_07.png,true,Wan v2.6,product,0.9975464940071106
ai_product_leonardo_phoenix_product_06.png,true,Leonardo Phoenix,product,0.6536871790885925
ai_product_qwen_2512_product_03.png,true,Qwen 2512,product,0.9902114272117615
ai_product_qwen_2512_product_02.png,true,Qwen 2512,product,0.9999840259552002
ai_product_leonardo_phoenix_product_07.png,true,Leonardo Phoenix,product,0.9999836683273315
ai_product_wan_v2.6_product_06.png,true,Wan v2.6,product,0.999971866607666
ai_product_ideogram_v3_product_09.png,true,Ideogram v3,product,0.0034347986802458763
ai_product_sd_3.5_large_product_07.png,true,Sd,product,0.05630270019173622
ai_product_z_image_product_03.png,true,Z,product,0.8850126266479492
ai_product_z_image_product_01.png,true,Z,product,0.9181297421455383
ai_product_sd_3.5_large_product_05.png,true,Sd,product,0.9936303496360779
ai_product_wan_v2.6_product_10.png,true,Wan v2.6,product,0.9976056814193726
ai_product_wan_v2.6_product_04.png,true,Wan v2.6,product,0.9903662204742432
ai_product_leonardo_phoenix_product_05.png,true,Leonardo Phoenix,product,0.999998927116394
ai_product_qwen_2512_product_01.png,true,Qwen 2512,product,0.9995447993278503
ai_product_leonardo_phoenix_product_04.png,true,Leonardo Phoenix,product,0.7472527623176575
ai_product_leonardo_phoenix_product_10.png,true,Leonardo Phoenix,product,0.9999861717224121
ai_product_wan_v2.6_product_05.png,true,Wan v2.6,product,0.07648394256830215
ai_product_sd_3.5_large_product_04.png,true,Sd,product,0.9995377063751221
ai_product_sd_3.5_large_product_10.png,true,Sd,product,0.9488911032676697
ai_product_recraft_v3_product_09.png,true,Recraft v3,product,0.8845024704933167
ai_product_z_image_product_10.png,true,Z,product,0.9999966621398926
ai_product_z_image_product_04.png,true,Z,product,0.5533754229545593
ai_product_wan_v2.6_product_01.png,true,Wan v2.6,product,0.9999912977218628
ai_product_qwen_2512_product_05.png,true,Qwen 2512,product,0.9915034770965576
ai_product_qwen_2512_product_04.png,true,Qwen 2512,product,0.45780953764915466
ai_product_qwen_2512_product_10.png,true,Qwen 2512,product,0.9998773336410522
ai_product_leonardo_phoenix_product_01.png,true,Leonardo Phoenix,product,0.9988486766815186
ai_product_z_image_product_05.png,true,Z,product,0.05287342146039009
ai_product_sd_3.5_large_product_01.png,true,Sd,product,0.9999356269836426
ai_product_recraft_v3_product_08.png,true,Recraft v3,product,0.9994422793388367
ai_product_sd_3.5_large_product_03.png,true,Sd,product,0.9944091439247131
ai_product_z_image_product_07.png,true,Z,product,0.9502883553504944
ai_product_wan_v2.6_product_02.png,true,Wan v2.6,product,0.9986957907676697
ai_product_leonardo_phoenix_product_03.png,true,Leonardo Phoenix,product,0.22188161313533783
ai_product_qwen_2512_product_06.png,true,Qwen 2512,product,0.9995259046554565
ai_product_qwen_2512_product_07.png,true,Qwen 2512,product,0.9982775449752808
ai_product_leonardo_phoenix_product_02.png,true,Leonardo Phoenix,product,0.9938541650772095
ai_product_wan_v2.6_product_03.png,true,Wan v2.6,product,0.9976134300231934
ai_product_z_image_product_06.png,true,Z,product,0.9999977350234985
ai_product_sd_3.5_large_product_02.png,true,Sd,product,0.08013695478439331
ai_product_glm_image_product_02.png,true,GLM Image,product,0.997217059135437
ai_product_grok_aurora_product_09.png,true,Grok Aurora,product,0.3234635591506958
ai_product_flux_schnell_product_10.png,true,Flux Schnell,product,0.9999908208847046
ai_product_seedream_v4_product_07.png,true,Seedream,product,0.4261896014213562
ai_product_flux_schnell_product_04.png,true,Flux Schnell,product,0.9655416011810303
ai_product_seedream_v3_product_04.png,true,Seedream,product,0.06584643572568893
ai_product_seedream_v3_product_10.png,true,Seedream,product,0.9640010595321655
ai_product_hunyuan_v3_product_03.png,true,Hunyuan v3,product,0.8591594696044922
ai_product_gemini_3_pro_product_05.png,true,Gemini 3 Pro,product,0.00010464191291248426
ai_product_gemini_3_pro_product_04.png,true,Gemini 3 Pro,product,0.04810421168804169
ai_product_gemini_3_pro_product_10.png,true,Gemini 3 Pro,product,0.7151817679405212
ai_product_hunyuan_v3_product_02.png,true,Hunyuan v3,product,0.7061261534690857
ai_product_seedream_v3_product_05.png,true,Seedream,product,0.006581984926015139
ai_product_flux_schnell_product_05.png,true,Flux Schnell,product,0.9577152729034424
ai_product_seedream_v4_product_06.png,true,Seedream,product,0.7059148550033569
ai_product_grok_aurora_product_08.png,true,Grok Aurora,product,0.9997863173484802
ai_product_glm_image_product_03.png,true,GLM Image,product,0.9984585046768188
ai_product_glm_image_product_01.png,true,GLM Image,product,0.9963101744651794
ai_product_flux_schnell_product_07.png,true,Flux Schnell,product,0.5847362279891968
ai_product_seedream_v4_product_10.png,true,Seedream,product,0.46111583709716797
ai_product_flux_pro_v1.1_product_09.png,true,Flux Pro v1.1,product,0.0002950431953649968
ai_product_seedream_v4_product_04.png,true,Seedream,product,0.000794072519056499
ai_product_seedream_v3_product_07.png,true,Seedream,product,0.9457799792289734
ai_product_flux_2_flex_product_09.png,true,Flux,product,0.3311747610569
ai_product_gpt_image_1.5_product_09.png,true,Gpt,product,6.884554022690281e-05
ai_product_gemini_3_pro_product_06.png,true,Gemini 3 Pro,product,0.9776563048362732
ai_product_gemini_3_pro_product_07.png,true,Gemini 3 Pro,product,0.840960681438446
ai_product_gpt_image_1.5_product_08.png,true,Gpt,product,0.983350932598114
ai_product_hunyuan_v3_product_01.png,true,Hunyuan v3,product,0.9990097284317017
ai_product_flux_2_flex_product_08.png,true,Flux,product,0.9999401569366455
ai_product_seedream_v3_product_06.png,true,Seedream,product,0.869895339012146
ai_product_seedream_v4_product_05.png,true,Seedream,product,0.00043073444976471364
ai_product_flux_pro_v1.1_product_08.png,true,Flux Pro v1.1,product,0.9759173393249512
ai_product_flux_schnell_product_06.png,true,Flux Schnell,product,0.9999454021453857
ai_product_glm_image_product_10.png,true,GLM Image,product,0.9982346296310425
ai_product_glm_image_product_04.png,true,GLM Image,product,0.9975010752677917
ai_product_flux_schnell_product_02.png,true,Flux Schnell,product,0.8055415749549866
ai_product_seedream_v4_product_01.png,true,Seedream,product,0.9999909400939941
ai_product_seedream_v3_product_02.png,true,Seedream,product,0.00134559185244143
ai_product_hunyuan_v3_product_05.png,true,Hunyuan v3,product,9.325551218353212e-05
ai_product_gemini_3_pro_product_03.png,true,Gemini 3 Pro,product,0.0024474358651787043
ai_product_gemini_3_pro_product_02.png,true,Gemini 3 Pro,product,0.007458867039531469
ai_product_hunyuan_v3_product_10.png,true,Hunyuan v3,product,0.6298760771751404
ai_product_hunyuan_v3_product_04.png,true,Hunyuan v3,product,0.02231413871049881
ai_product_seedream_v3_product_03.png,true,Seedream,product,0.0012525365455076098
ai_product_flux_schnell_product_03.png,true,Flux Schnell,product,0.9553835988044739
ai_product_glm_image_product_05.png,true,GLM Image,product,0.9998883008956909
ai_product_glm_image_product_07.png,true,GLM Image,product,0.9992061257362366
ai_product_seedream_v4_product_02.png,true,Seedream,product,0.009347187355160713
ai_product_flux_schnell_product_01.png,true,Flux Schnell,product,0.8945192098617554
ai_product_seedream_v3_product_01.png,true,Seedream,product,0.004112100228667259
ai_product_hunyuan_v3_product_06.png,true,Hunyuan v3,product,0.9296512603759766
ai_product_gemini_3_pro_product_01.png,true,Gemini 3 Pro,product,7.984047988429666e-05
ai_product_hunyuan_v3_product_07.png,true,Hunyuan v3,product,0.06670764833688736
ai_product_seedream_v4_product_03.png,true,Seedream,product,0.019780999049544334
ai_product_glm_image_product_06.png,true,GLM Image,product,0.999782145023346
ai_food_seedream_v3_food_02.png,true,Seedream,food,0.9974117875099182
ai_food_gemini_3_pro_food_04.png,true,Gemini 3 Pro,food,0.8075817823410034
ai_food_gemini_3_pro_food_10.png,true,Gemini 3 Pro,food,0.00013283062435220927
ai_food_flux_schnell_food_03.png,true,Flux Schnell,food,0.28096601366996765
ai_food_glm_image_food_08.png,true,GLM Image,food,0.3830193281173706
ai_food_leonardo_phoenix_food_05.png,true,Leonardo Phoenix,food,0.9999624490737915
ai_food_gpt_image_1.5_food_01.png,true,Gpt,food,0.01181984692811966
ai_food_flux_pro_v1.1_food_05.png,true,Flux Pro v1.1,food,0.8966590166091919
ai_food_flux_pro_v1.1_food_04.png,true,Flux Pro v1.1,food,0.16283740103244781
ai_food_flux_pro_v1.1_food_10.png,true,Flux Pro v1.1,food,0.00019278365653008223
ai_food_leonardo_phoenix_food_04.png,true,Leonardo Phoenix,food,0.8444835543632507
ai_food_glm_image_food_09.png,true,GLM Image,food,0.9996076226234436
ai_food_leonardo_phoenix_food_10.png,true,Leonardo Phoenix,food,0.992067813873291
ai_food_flux_schnell_food_02.png,true,Flux Schnell,food,0.9850457310676575
ai_food_gemini_3_pro_food_05.png,true,Gemini 3 Pro,food,0.09366203844547272
ai_food_seedream_v3_food_03.png,true,Seedream,food,0.005060610361397266
ai_food_seedream_v3_food_01.png,true,Seedream,food,0.9802083373069763
ai_food_gemini_3_pro_food_07.png,true,Gemini 3 Pro,food,0.7899245619773865
ai_food_leonardo_phoenix_food_06.png,true,Leonardo Phoenix,food,0.13149772584438324
ai_food_gpt_image_1.5_food_02.png,true,Gpt,food,0.0012073491234332323
ai_food_flux_pro_v1.1_food_06.png,true,Flux Pro v1.1,food,0.9999617338180542
ai_food_flux_pro_v1.1_food_07.png,true,Flux Pro v1.1,food,0.9990984201431274
ai_food_gpt_image_1.5_food_03.png,true,Gpt,food,0.00024734935141168535
ai_food_leonardo_phoenix_food_07.png,true,Leonardo Phoenix,food,0.9999144077301025
ai_food_flux_schnell_food_01.png,true,Flux Schnell,food,0.9989069700241089
ai_food_gemini_3_pro_food_06.png,true,Gemini 3 Pro,food,0.009425411932170391
ai_food_seedream_v3_food_10.png,true,Seedream,food,0.0009458516142331064
ai_food_seedream_v3_food_04.png,true,Seedream,food,0.31675058603286743
ai_food_seedream_v4_food_08.png,true,Seedream,food,0.0009689853759482503
ai_food_gemini_3_pro_food_02.png,true,Gemini 3 Pro,food,0.8483791947364807
ai_food_flux_schnell_food_05.png,true,Flux Schnell,food,0.9998860359191895
ai_food_leonardo_phoenix_food_03.png,true,Leonardo Phoenix,food,0.9398961663246155
ai_food_gpt_image_1.5_food_07.png,true,Gpt,food,0.5589746832847595
ai_food_flux_pro_v1.1_food_03.png,true,Flux Pro v1.1,food,0.989538848400116
ai_food_flux_pro_v1.1_food_02.png,true,Flux Pro v1.1,food,0.9992161989212036
ai_food_gpt_image_1.5_food_06.png,true,Gpt,food,0.6822148561477661
ai_food_leonardo_phoenix_food_02.png,true,Leonardo Phoenix,food,0.32833102345466614
ai_food_flux_schnell_food_04.png,true,Flux Schnell,food,0.9969488978385925
ai_food_flux_schnell_food_10.png,true,Flux Schnell,food,0.9066948890686035
ai_food_gemini_3_pro_food_03.png,true,Gemini 3 Pro,food,0.0026062363758683205
ai_food_seedream_v4_food_09.png,true,Seedream,food,0.9139223098754883
ai_food_seedream_v3_food_05.png,true,Seedream,food,0.0007625151774846017
ai_food_seedream_v3_food_07.png,true,Seedream,food,0.008723164908587933
ai_food_ideogram_v3_food_09.png,true,Ideogram v3,food,0.5688084363937378
ai_food_gemini_3_pro_food_01.png,true,Gemini 3 Pro,food,0.031683292239904404
ai_food_flux_schnell_food_06.png,true,Flux Schnell,food,0.9998973608016968
ai_food_gpt_image_1.5_food_04.png,true,Gpt,food,0.005434821825474501
ai_food_grok_aurora_food_09.png,true,Grok Aurora,food,0.9983141422271729
ai_food_gpt_image_1.5_food_10.png,true,Gpt,food,1.933556268340908e-05
ai_food_flux_pro_v1.1_food_01.png,true,Flux Pro v1.1,food,0.2664641737937927
ai_food_grok_aurora_food_08.png,true,Grok Aurora,food,0.9998047947883606
ai_food_gpt_image_1.5_food_05.png,true,Gpt,food,1.615414657862857e-05
ai_food_leonardo_phoenix_food_01.png,true,Leonardo Phoenix,food,0.9998724460601807
ai_food_flux_schnell_food_07.png,true,Flux Schnell,food,0.9843019247055054
ai_food_ideogram_v3_food_08.png,true,Ideogram v3,food,0.6551879048347473
ai_food_seedream_v3_food_06.png,true,Seedream,food,0.972674548625946
ai_food_sd_3.5_large_food_01.png,true,Sd,food,0.8470280766487122
ai_food_flux_2_flex_food_06.png,true,Flux,food,0.0799311175942421
ai_food_hunyuan_v3_food_08.png,true,Hunyuan v3,food,0.0019086902029812336
ai_food_hunyuan_v3_food_09.png,true,Hunyuan v3,food,0.8967673778533936
ai_food_flux_2_flex_food_07.png,true,Flux,food,0.9999920129776001
ai_food_sd_3.5_large_food_02.png,true,Sd,food,0.9960522651672363
ai_food_flux_2_flex_food_05.png,true,Flux,food,0.03457093611359596
ai_food_qwen_2512_food_08.png,true,Qwen 2512,food,0.0036270685959607363
ai_food_z_image_food_09.png,true,Z,food,0.9998836517333984
ai_food_z_image_food_08.png,true,Z,food,0.013009212911128998
ai_food_flux_2_flex_food_10.png,true,Flux,food,0.16406288743019104
ai_food_flux_2_flex_food_04.png,true,Flux,food,0.9940009713172913
ai_food_qwen_2512_food_09.png,true,Qwen 2512,food,0.9999887943267822
ai_food_sd_3.5_large_food_03.png,true,Sd,food,0.017273493111133575
ai_food_sd_3.5_large_food_07.png,true,Sd,food,0.9998074173927307
ai_food_wan_v2.6_food_08.png,true,Wan v2.6,food,0.9760663509368896
ai_food_wan_v2.6_food_09.png,true,Wan v2.6,food,0.9998176693916321
ai_food_flux_2_flex_food_01.png,true,Flux,food,0.9987327456474304
ai_food_sd_3.5_large_food_06.png,true,Sd,food,0.4423040747642517
ai_food_sd_3.5_large_food_10.png,true,Sd,food,0.0002916596713475883
ai_food_sd_3.5_large_food_04.png,true,Sd,food,0.021589824929833412
ai_food_recraft_v3_food_09.png,true,Recraft v3,food,0.9988240599632263
ai_food_flux_2_flex_food_03.png,true,Flux,food,0.5010563135147095
ai_food_flux_2_flex_food_02.png,true,Flux,food,0.9999850988388062
ai_food_sd_3.5_large_food_05.png,true,Sd,food,0.9997923970222473
ai_food_recraft_v3_food_08.png,true,Recraft v3,food,0.8249399662017822
ai_food_sd_3.5_large_food_08.png,true,Sd,food,0.002302466193214059
ai_food_recraft_v3_food_05.png,true,Recraft v3,food,0.9997753500938416
ai_food_qwen_2512_food_02.png,true,Qwen 2512,food,0.9999375343322754
ai_food_wan_v2.6_food_07.png,true,Wan v2.6,food,0.9992944002151489
ai_food_hunyuan_v3_food_01.png,true,Hunyuan v3,food,0.40772494673728943
ai_food_z_image_food_03.png,true,Z,food,0.4711216688156128
ai_food_z_image_food_02.png,true,Z,food,0.9955396056175232
ai_food_wan_v2.6_food_06.png,true,Wan v2.6,food,0.9995046854019165
ai_food_qwen_2512_food_03.png,true,Qwen 2512,food,0.7490801215171814
ai_food_recraft_v3_food_10.png,true,Recraft v3,food,0.9992400407791138
ai_food_sd_3.5_large_food_09.png,true,Sd,food,0.9998966455459595
ai_food_recraft_v3_food_04.png,true,Recraft v3,food,0.007746376097202301
ai_food_recraft_v3_food_06.png,true,Recraft v3,food,0.00816015712916851
ai_food_qwen_2512_food_01.png,true,Qwen 2512,food,0.9999879598617554
ai_food_wan_v2.6_food_04.png,true,Wan v2.6,food,0.9986026883125305
ai_food_wan_v2.6_food_10.png,true,Wan v2.6,food,0.0009666188270784914
ai_food_hunyuan_v3_food_02.png,true,Hunyuan v3,food,0.01648651994764805
ai_food_z_image_food_01.png,true,Z,food,0.0007285268511623144
ai_food_hunyuan_v3_food_03.png,true,Hunyuan v3,food,0.15257102251052856
ai_food_wan_v2.6_food_05.png,true,Wan v2.6,food,0.9964908957481384
ai_food_recraft_v3_food_07.png,true,Recraft v3,food,0.44354549050331116
ai_food_recraft_v3_food_03.png,true,Recraft v3,food,0.06862208992242813
ai_food_wan_v2.6_food_01.png,true,Wan v2.6,food,0.1777799129486084
ai_food_qwen_2512_food_10.png,true,Qwen 2512,food,0.000359757716068998
ai_food_flux_2_flex_food_09.png,true,Flux,food,0.9993826150894165
ai_food_qwen_2512_food_04.png,true,Qwen 2512,food,0.999681830406189
ai_food_hunyuan_v3_food_07.png,true,Hunyuan v3,food,0.7549769878387451
ai_food_z_image_food_05.png,true,Z,food,0.6991544365882874
ai_food_z_image_food_04.png,true,Z,food,0.9718003869056702
ai_food_hunyuan_v3_food_06.png,true,Hunyuan v3,food,0.0019423317862674594
ai_food_z_image_food_10.png,true,Z,food,0.5120188593864441
ai_food_flux_2_flex_food_08.png,true,Flux,food,0.9148803353309631
ai_food_qwen_2512_food_05.png,true,Qwen 2512,food,0.3122633993625641
ai_food_recraft_v3_food_02.png,true,Recraft v3,food,0.928641676902771
ai_food_wan_v2.6_food_02.png,true,Wan v2.6,food,0.9963521957397461
ai_food_qwen_2512_food_07.png,true,Qwen 2512,food,0.9999740123748779
ai_food_hunyuan_v3_food_04.png,true,Hunyuan v3,food,0.013693294487893581
ai_food_z_image_food_06.png,true,Z,food,0.9865635633468628
ai_food_hunyuan_v3_food_10.png,true,Hunyuan v3,food,0.0009064244804903865
ai_food_z_image_food_07.png,true,Z,food,0.8524168729782104
ai_food_hunyuan_v3_food_05.png,true,Hunyuan v3,food,0.00043692003237083554
ai_food_qwen_2512_food_06.png,true,Qwen 2512,food,0.9998264908790588
ai_food_wan_v2.6_food_03.png,true,Wan v2.6,food,0.8606142997741699
ai_food_recraft_v3_food_01.png,true,Recraft v3,food,0.913713812828064
ai_food_ideogram_v3_food_05.png,true,Ideogram v3,food,0.609358012676239
ai_food_seedream_v4_food_07.png,true,Seedream,food,0.7009822130203247
ai_food_glm_image_food_01.png,true,GLM Image,food,0.9999581575393677
ai_food_grok_aurora_food_05.png,true,Grok Aurora,food,0.8342472314834595
ai_food_gpt_image_1.5_food_08.png,true,Gpt,food,0.003342126961797476
ai_food_gpt_image_1.5_food_09.png,true,Gpt,food,0.008236452005803585
ai_food_grok_aurora_food_04.png,true,Grok Aurora,food,0.9916331768035889
ai_food_grok_aurora_food_10.png,true,Grok Aurora,food,0.4003543257713318
ai_food_seedream_v4_food_06.png,true,Seedream,food,0.28316470980644226
ai_food_ideogram_v3_food_10.png,true,Ideogram v3,food,0.00101510901004076
ai_food_ideogram_v3_food_04.png,true,Ideogram v3,food,0.9930093288421631
ai_food_seedream_v3_food_08.png,true,Seedream,food,0.0006090248352847993
ai_food_seedream_v4_food_04.png,true,Seedream,food,0.002033989178016782
ai_food_seedream_v4_food_10.png,true,Seedream,food,8.186208287952468e-05
ai_food_ideogram_v3_food_06.png,true,Ideogram v3,food,0.042524904012680054
ai_food_flux_schnell_food_09.png,true,Flux Schnell,food,0.9914811849594116
ai_food_glm_image_food_02.png,true,GLM Image,food,0.9141461253166199
ai_food_grok_aurora_food_06.png,true,Grok Aurora,food,0.9945900440216064
ai_food_grok_aurora_food_07.png,true,Grok Aurora,food,0.999196469783783
ai_food_glm_image_food_03.png,true,GLM Image,food,0.996887743473053
ai_food_flux_schnell_food_08.png,true,Flux Schnell,food,0.061305347830057144
ai_food_ideogram_v3_food_07.png,true,Ideogram v3,food,0.3579413592815399
ai_food_seedream_v4_food_05.png,true,Seedream,food,0.25660860538482666
ai_food_seedream_v3_food_09.png,true,Seedream,food,0.050413887947797775
ai_food_seedream_v4_food_01.png,true,Seedream,food,9.9630793556571e-05
ai_food_ideogram_v3_food_03.png,true,Ideogram v3,food,0.491615355014801
ai_food_glm_image_food_07.png,true,GLM Image,food,0.9978103041648865
ai_food_grok_aurora_food_03.png,true,Grok Aurora,food,0.8924630880355835
ai_food_grok_aurora_food_02.png,true,Grok Aurora,food,0.0026413272134959698
ai_food_glm_image_food_06.png,true,GLM Image,food,0.9997991919517517
ai_food_ideogram_v3_food_02.png,true,Ideogram v3,food,0.04998568817973137
ai_food_gemini_3_pro_food_08.png,true,Gemini 3 Pro,food,0.0005486572626978159
ai_food_seedream_v4_food_02.png,true,Seedream,food,0.09074915200471878
ai_food_leonardo_phoenix_food_09.png,true,Leonardo Phoenix,food,0.9999943971633911
ai_food_glm_image_food_10.png,true,GLM Image,food,0.9997209906578064
ai_food_glm_image_food_04.png,true,GLM Image,food,0.9984970092773438
ai_food_flux_pro_v1.1_food_09.png,true,Flux Pro v1.1,food,0.9754531979560852
ai_food_flux_pro_v1.1_food_08.png,true,Flux Pro v1.1,food,0.0116145433858037
ai_food_grok_aurora_food_01.png,true,Grok Aurora,food,0.7795414328575134
ai_food_glm_image_food_05.png,true,GLM Image,food,0.994495689868927
ai_food_leonardo_phoenix_food_08.png,true,Leonardo Phoenix,food,0.2561053931713104
ai_food_seedream_v4_food_03.png,true,Seedream,food,0.0020011847373098135
ai_food_ideogram_v3_food_01.png,true,Ideogram v3,food,0.07593956589698792
ai_food_gemini_3_pro_food_09.png,true,Gemini 3 Pro,food,0.9382940530776978
ai_animal_flux_pro_v1.1_animal_07.png,true,Flux Pro v1.1,animal,0.9978249073028564
ai_animal_seedream_v3_animal_10.png,true,Seedream,animal,0.9961203336715698
ai_animal_seedream_v3_animal_04.png,true,Seedream,animal,0.010687236674129963
ai_animal_ideogram_v3_animal_03.png,true,Ideogram v3,animal,0.9968177080154419
ai_animal_flux_2_flex_animal_07.png,true,Flux,animal,0.020835787057876587
ai_animal_seedream_v4_animal_01.png,true,Seedream,animal,0.00678686797618866
ai_animal_flux_2_flex_animal_06.png,true,Flux,animal,0.9999713897705078
ai_animal_gemini_3_pro_animal_01.png,true,Gemini 3 Pro,animal,0.18587543070316315
ai_animal_ideogram_v3_animal_02.png,true,Ideogram v3,animal,0.9999102354049683
ai_animal_seedream_v3_animal_05.png,true,Seedream,animal,0.004086862318217754
ai_animal_flux_pro_v1.1_animal_06.png,true,Flux Pro v1.1,animal,0.815384030342102
ai_animal_flux_pro_v1.1_animal_04.png,true,Flux Pro v1.1,animal,0.9999881982803345
ai_animal_flux_pro_v1.1_animal_10.png,true,Flux Pro v1.1,animal,0.9995019435882568
ai_animal_seedream_v3_animal_07.png,true,Seedream,animal,0.9599197506904602
ai_animal_sd_3.5_large_animal_09.png,true,Sd,animal,0.9936271905899048
ai_animal_gemini_3_pro_animal_03.png,true,Gemini 3 Pro,animal,0.0005566533654928207
ai_animal_flux_2_flex_animal_04.png,true,Flux,animal,0.9996660947799683
ai_animal_flux_2_flex_animal_10.png,true,Flux,animal,0.9999852180480957
ai_animal_seedream_v4_animal_03.png,true,Seedream,animal,0.010704468004405499
ai_animal_seedream_v4_animal_02.png,true,Seedream,animal,0.9886797070503235
ai_animal_flux_2_flex_animal_05.png,true,Flux,animal,0.8870612382888794
ai_animal_gemini_3_pro_animal_02.png,true,Gemini 3 Pro,animal,0.20838168263435364
ai_animal_ideogram_v3_animal_01.png,true,Ideogram v3,animal,0.0034740481059998274
ai_animal_sd_3.5_large_animal_08.png,true,Sd,animal,0.9999328851699829
ai_animal_seedream_v3_animal_06.png,true,Seedream,animal,0.9984108209609985
ai_animal_flux_pro_v1.1_animal_05.png,true,Flux Pro v1.1,animal,0.05539330467581749
ai_animal_seedream_v3_animal_02.png,true,Seedream,animal,0.9995701909065247
ai_animal_flux_pro_v1.1_animal_01.png,true,Flux Pro v1.1,animal,0.9999866485595703
ai_animal_gemini_3_pro_animal_06.png,true,Gemini 3 Pro,animal,0.8620945811271667
ai_animal_ideogram_v3_animal_05.png,true,Ideogram v3,animal,0.846432626247406
ai_animal_flux_2_flex_animal_01.png,true,Flux,animal,0.9999957084655762
ai_animal_seedream_v4_animal_06.png,true,Seedream,animal,0.9995033740997314
ai_animal_seedream_v4_animal_07.png,true,Seedream,animal,0.0003875014081131667
ai_animal_ideogram_v3_animal_10.png,true,Ideogram v3,animal,0.8503161072731018
ai_animal_ideogram_v3_animal_04.png,true,Ideogram v3,animal,0.9678930640220642
ai_animal_gemini_3_pro_animal_07.png,true,Gemini 3 Pro,animal,0.0011571655049920082
ai_animal_seedream_v3_animal_03.png,true,Seedream,animal,0.9974051117897034
ai_animal_seedream_v3_animal_01.png,true,Seedream,animal,0.9915037751197815
ai_animal_flux_pro_v1.1_animal_02.png,true,Flux Pro v1.1,animal,0.9999291896820068
ai_animal_gemini_3_pro_animal_05.png,true,Gemini 3 Pro,animal,0.009964114986360073
ai_animal_ideogram_v3_animal_06.png,true,Ideogram v3,animal,0.9999710321426392
ai_animal_flux_2_flex_animal_02.png,true,Flux,animal,0.9998990297317505
ai_animal_seedream_v4_animal_05.png,true,Seedream,animal,0.0008522376883774996
ai_animal_qwen_2512_animal_08.png,true,Qwen 2512,animal,0.99918133020401
ai_animal_qwen_2512_animal_09.png,true,Qwen 2512,animal,0.9735846519470215
ai_animal_seedream_v4_animal_10.png,true,Seedream,animal,0.0057517243549227715
ai_animal_seedream_v4_animal_04.png,true,Seedream,animal,0.48045632243156433
ai_animal_flux_2_flex_animal_03.png,true,Flux,animal,0.9999771118164062
ai_animal_ideogram_v3_animal_07.png,true,Ideogram v3,animal,0.002971711801365018
ai_animal_gemini_3_pro_animal_04.png,true,Gemini 3 Pro,animal,0.0004994500777684152
ai_animal_gemini_3_pro_animal_10.png,true,Gemini 3 Pro,animal,0.0785888135433197
ai_animal_flux_pro_v1.1_animal_03.png,true,Flux Pro v1.1,animal,0.9999797344207764
ai_animal_flux_schnell_animal_01.png,true,Flux Schnell,animal,0.9999960660934448
ai_animal_z_image_animal_06.png,true,Z,animal,0.9999469518661499
ai_animal_grok_aurora_animal_10.png,true,Grok Aurora,animal,0.9994179010391235
ai_animal_grok_aurora_animal_04.png,true,Grok Aurora,animal,0.9961821436882019
ai_animal_glm_image_animal_06.png,true,GLM Image,animal,0.9999657869338989
ai_animal_recraft_v3_animal_02.png,true,Recraft v3,animal,0.9997425675392151
ai_animal_glm_image_animal_07.png,true,GLM Image,animal,0.9992374181747437
ai_animal_recraft_v3_animal_03.png,true,Recraft v3,animal,0.9843623638153076
ai_animal_grok_aurora_animal_05.png,true,Grok Aurora,animal,0.9994320273399353
ai_animal_z_image_animal_07.png,true,Z,animal,0.5426666140556335
ai_animal_flux_schnell_animal_02.png,true,Flux Schnell,animal,0.9999886751174927
ai_animal_z_image_animal_05.png,true,Z,animal,0.9970234036445618
ai_animal_grok_aurora_animal_07.png,true,Grok Aurora,animal,0.003071689512580633
ai_animal_recraft_v3_animal_01.png,true,Recraft v3,animal,0.9985449314117432
ai_animal_glm_image_animal_05.png,true,GLM Image,animal,0.9999955892562866
ai_animal_glm_image_animal_10.png,true,GLM Image,animal,0.9977516531944275
ai_animal_glm_image_animal_04.png,true,GLM Image,animal,0.35210224986076355
ai_animal_grok_aurora_animal_06.png,true,Grok Aurora,animal,0.9986931681632996
ai_animal_z_image_animal_10.png,true,Z,animal,0.9999990463256836
ai_animal_z_image_animal_04.png,true,Z,animal,0.17807868123054504
ai_animal_flux_schnell_animal_03.png,true,Flux Schnell,animal,0.9999548196792603
ai_animal_flux_schnell_animal_07.png,true,Flux Schnell,animal,0.9796241521835327
ai_animal_wan_v2.6_animal_09.png,true,Wan v2.6,animal,0.9564195871353149
ai_animal_hunyuan_v3_animal_09.png,true,Hunyuan v3,animal,0.0168757326900959
ai_animal_grok_aurora_animal_02.png,true,Grok Aurora,animal,0.9992474317550659
ai_animal_recraft_v3_animal_04.png,true,Recraft v3,animal,0.8054960370063782
ai_animal_recraft_v3_animal_10.png,true,Recraft v3,animal,0.998473584651947
ai_animal_gpt_image_1.5_animal_08.png,true,Gpt,animal,0.0013217523228377104
ai_animal_gpt_image_1.5_animal_09.png,true,Gpt,animal,0.00018565822392702103
ai_animal_glm_image_animal_01.png,true,GLM Image,animal,0.9999672174453735
ai_animal_recraft_v3_animal_05.png,true,Recraft v3,animal,0.9825432300567627
ai_animal_grok_aurora_animal_03.png,true,Grok Aurora,animal,0.9999176263809204
ai_animal_hunyuan_v3_animal_08.png,true,Hunyuan v3,animal,0.6278672218322754
ai_animal_flux_schnell_animal_06.png,true,Flux Schnell,animal,0.9996557235717773
ai_animal_wan_v2.6_animal_08.png,true,Wan v2.6,animal,0.9828867316246033
ai_animal_z_image_animal_01.png,true,Z,animal,0.9999926090240479
ai_animal_z_image_animal_03.png,true,Z,animal,0.9829720854759216
ai_animal_flux_schnell_animal_04.png,true,Flux Schnell,animal,0.9993289709091187
ai_animal_flux_schnell_animal_10.png,true,Flux Schnell,animal,0.999984860420227
ai_animal_grok_aurora_animal_01.png,true,Grok Aurora,animal,0.8257977366447449
ai_animal_leonardo_phoenix_animal_08.png,true,Leonardo Phoenix,animal,0.007894213311374187
ai_animal_recraft_v3_animal_07.png,true,Recraft v3,animal,0.07217208296060562
ai_animal_glm_image_animal_03.png,true,GLM Image,animal,0.9999215602874756
ai_animal_recraft_v3_animal_06.png,true,Recraft v3,animal,0.9991268515586853
ai_animal_glm_image_animal_02.png,true,GLM Image,animal,0.9999891519546509
ai_animal_leonardo_phoenix_animal_09.png,true,Leonardo Phoenix,animal,0.9701675176620483
ai_animal_flux_schnell_animal_05.png,true,Flux Schnell,animal,0.9999524354934692
ai_animal_z_image_animal_02.png,true,Z,animal,0.9790579676628113
ai_animal_wan_v2.6_animal_06.png,true,Wan v2.6,animal,0.999818742275238
ai_animal_flux_schnell_animal_08.png,true,Flux Schnell,animal,0.9999819993972778
ai_animal_hunyuan_v3_animal_06.png,true,Hunyuan v3,animal,0.018622107803821564
ai_animal_leonardo_phoenix_animal_10.png,true,Leonardo Phoenix,animal,0.9999344348907471
ai_animal_leonardo_phoenix_animal_04.png,true,Leonardo Phoenix,animal,0.18030574917793274
ai_animal_gpt_image_1.5_animal_07.png,true,Gpt,animal,0.0001871926215244457
ai_animal_gpt_image_1.5_animal_06.png,true,Gpt,animal,0.0004523775423876941
ai_animal_leonardo_phoenix_animal_05.png,true,Leonardo Phoenix,animal,0.02846883237361908
ai_animal_hunyuan_v3_animal_07.png,true,Hunyuan v3,animal,0.001549853477627039
ai_animal_wan_v2.6_animal_07.png,true,Wan v2.6,animal,0.8525556325912476
ai_animal_flux_schnell_animal_09.png,true,Flux Schnell,animal,0.06626658141613007
ai_animal_wan_v2.6_animal_05.png,true,Wan v2.6,animal,0.6943317651748657
ai_animal_hunyuan_v3_animal_05.png,true,Hunyuan v3,animal,0.9867175817489624
ai_animal_leonardo_phoenix_animal_07.png,true,Leonardo Phoenix,animal,0.8066318035125732
ai_animal_recraft_v3_animal_08.png,true,Recraft v3,animal,0.9584280252456665
ai_animal_gpt_image_1.5_animal_04.png,true,Gpt,animal,0.007481813430786133
ai_animal_gpt_image_1.5_animal_10.png,true,Gpt,animal,0.9763016104698181
ai_animal_gpt_image_1.5_animal_05.png,true,Gpt,animal,8.628831892565358e-06
ai_animal_recraft_v3_animal_09.png,true,Recraft v3,animal,0.9999890327453613
ai_animal_leonardo_phoenix_animal_06.png,true,Leonardo Phoenix,animal,0.13580083847045898
ai_animal_hunyuan_v3_animal_10.png,true,Hunyuan v3,animal,0.9897437691688538
ai_animal_hunyuan_v3_animal_04.png,true,Hunyuan v3,animal,0.000139822339406237
ai_animal_wan_v2.6_animal_10.png,true,Wan v2.6,animal,0.014108007773756981
ai_animal_wan_v2.6_animal_04.png,true,Wan v2.6,animal,0.015875333920121193
ai_animal_z_image_animal_09.png,true,Z,animal,0.9857150912284851
ai_animal_leonardo_phoenix_animal_02.png,true,Leonardo Phoenix,animal,0.9999698400497437
ai_animal_gpt_image_1.5_animal_01.png,true,Gpt,animal,0.006770213134586811
ai_animal_glm_image_animal_09.png,true,GLM Image,animal,0.9926884174346924
ai_animal_glm_image_animal_08.png,true,GLM Image,animal,0.9970165491104126
ai_animal_leonardo_phoenix_animal_03.png,true,Leonardo Phoenix,animal,0.556493878364563
ai_animal_hunyuan_v3_animal_01.png,true,Hunyuan v3,animal,0.011513477191329002
ai_animal_z_image_animal_08.png,true,Z,animal,0.9998964071273804
ai_animal_wan_v2.6_animal_01.png,true,Wan v2.6,animal,0.9552565217018127
ai_animal_wan_v2.6_animal_03.png,true,Wan v2.6,animal,0.018211212009191513
ai_animal_grok_aurora_animal_08.png,true,Grok Aurora,animal,0.0024566242936998606
ai_animal_hunyuan_v3_animal_03.png,true,Hunyuan v3,animal,0.9994707703590393
ai_animal_leonardo_phoenix_animal_01.png,true,Leonardo Phoenix,animal,0.9987302422523499
ai_animal_gpt_image_1.5_animal_02.png,true,Gpt,animal,0.009084616787731647
ai_animal_gpt_image_1.5_animal_03.png,true,Gpt,animal,0.1137506514787674
ai_animal_hunyuan_v3_animal_02.png,true,Hunyuan v3,animal,0.9999717473983765
ai_animal_grok_aurora_animal_09.png,true,Grok Aurora,animal,0.006383745931088924
ai_animal_wan_v2.6_animal_02.png,true,Wan v2.6,animal,0.001285919570364058
ai_animal_sd_3.5_large_animal_03.png,true,Sd,animal,0.9655340313911438
ai_animal_gemini_3_pro_animal_09.png,true,Gemini 3 Pro,animal,0.9779585003852844
ai_animal_qwen_2512_animal_04.png,true,Qwen 2512,animal,0.03510313853621483
ai_animal_seedream_v4_animal_09.png,true,Seedream,animal,0.00010407946683699265
ai_animal_qwen_2512_animal_10.png,true,Qwen 2512,animal,0.9998865127563477
ai_animal_seedream_v4_animal_08.png,true,Seedream,animal,0.0008486611186526716
ai_animal_qwen_2512_animal_05.png,true,Qwen 2512,animal,0.7266559600830078
ai_animal_gemini_3_pro_animal_08.png,true,Gemini 3 Pro,animal,0.0005347759579308331
ai_animal_sd_3.5_large_animal_02.png,true,Sd,animal,0.9999873638153076
ai_animal_ideogram_v3_animal_09.png,true,Ideogram v3,animal,0.9977273344993591
ai_animal_qwen_2512_animal_07.png,true,Qwen 2512,animal,0.16700370609760284
ai_animal_qwen_2512_animal_06.png,true,Qwen 2512,animal,0.9999593496322632
ai_animal_ideogram_v3_animal_08.png,true,Ideogram v3,animal,0.006451038643717766
ai_animal_sd_3.5_large_animal_01.png,true,Sd,animal,0.6313247680664062
ai_animal_flux_pro_v1.1_animal_08.png,true,Flux Pro v1.1,animal,0.8137624859809875
ai_animal_sd_3.5_large_animal_05.png,true,Sd,animal,0.5752292275428772
ai_animal_flux_2_flex_animal_08.png,true,Flux,animal,0.9131361246109009
ai_animal_qwen_2512_animal_02.png,true,Qwen 2512,animal,0.9692038893699646
ai_animal_qwen_2512_animal_03.png,true,Qwen 2512,animal,0.9999053478240967
ai_animal_flux_2_flex_animal_09.png,true,Flux,animal,0.9978321194648743
ai_animal_sd_3.5_large_animal_10.png,true,Sd,animal,0.9982958436012268
ai_animal_sd_3.5_large_animal_04.png,true,Sd,animal,0.0007194993086159229
ai_animal_flux_pro_v1.1_animal_09.png,true,Flux Pro v1.1,animal,0.5069822669029236
ai_animal_seedream_v3_animal_08.png,true,Seedream,animal,0.004497230984270573
ai_animal_sd_3.5_large_animal_06.png,true,Sd,animal,0.9973132014274597
ai_animal_qwen_2512_animal_01.png,true,Qwen 2512,animal,0.9999980926513672
ai_animal_sd_3.5_large_animal_07.png,true,Sd,animal,0.9435133337974548
ai_animal_seedream_v3_animal_09.png,true,Seedream,animal,0.13134953379631042
ai_landscape_gemini_3_pro_landscape_04.png,true,Gemini 3 Pro,landscape,0.0002262705675093457
ai_landscape_gemini_3_pro_landscape_10.png,true,Gemini 3 Pro,landscape,0.39446821808815
ai_landscape_flux_schnell_landscape_01.png,true,Flux Schnell,landscape,0.5533879995346069
ai_landscape_gemini_3_pro_landscape_05.png,true,Gemini 3 Pro,landscape,0.12475146353244781
ai_landscape_gpt_image_1.5_landscape_08.png,true,Gpt,landscape,0.9999929666519165
ai_landscape_hunyuan_v3_landscape_09.png,true,Hunyuan v3,landscape,0.00013011875853408128
ai_landscape_sd_3.5_large_landscape_09.png,true,Sd,landscape,0.00383522966876626
ai_landscape_gemini_3_pro_landscape_07.png,true,Gemini 3 Pro,landscape,0.029879797250032425
ai_landscape_flux_schnell_landscape_02.png,true,Flux Schnell,landscape,0.035465072840452194
ai_landscape_flux_schnell_landscape_03.png,true,Flux Schnell,landscape,0.5360596776008606
ai_landscape_gemini_3_pro_landscape_06.png,true,Gemini 3 Pro,landscape,0.03162442520260811
ai_landscape_sd_3.5_large_landscape_08.png,true,Sd,landscape,0.9994138479232788
ai_landscape_hunyuan_v3_landscape_08.png,true,Hunyuan v3,landscape,0.06380994617938995
ai_landscape_gpt_image_1.5_landscape_09.png,true,Gpt,landscape,0.001709518488496542
ai_landscape_gemini_3_pro_landscape_02.png,true,Gemini 3 Pro,landscape,0.001443676883354783
ai_landscape_flux_schnell_landscape_07.png,true,Flux Schnell,landscape,0.20153746008872986
ai_landscape_flux_schnell_landscape_06.png,true,Flux Schnell,landscape,0.6237946152687073
ai_landscape_gemini_3_pro_landscape_03.png,true,Gemini 3 Pro,landscape,0.8938750624656677
ai_landscape_gemini_3_pro_landscape_01.png,true,Gemini 3 Pro,landscape,0.022008830681443214
ai_landscape_z_image_landscape_09.png,true,Z,landscape,0.9986059069633484
ai_landscape_flux_schnell_landscape_04.png,true,Flux Schnell,landscape,0.06428767740726471
ai_landscape_flux_schnell_landscape_10.png,true,Flux Schnell,landscape,0.05564573034644127
ai_landscape_flux_schnell_landscape_05.png,true,Flux Schnell,landscape,0.7447149753570557
ai_landscape_z_image_landscape_08.png,true,Z,landscape,0.9996291399002075
ai_landscape_leonardo_phoenix_landscape_04.png,true,Leonardo Phoenix,landscape,0.0016043703071773052
ai_landscape_flux_pro_v1.1_landscape_04.png,true,Flux Pro v1.1,landscape,0.015623219311237335
ai_landscape_flux_pro_v1.1_landscape_10.png,true,Flux Pro v1.1,landscape,0.23291327059268951
ai_landscape_ideogram_v3_landscape_08.png,true,Ideogram v3,landscape,0.0017016803612932563
ai_landscape_qwen_2512_landscape_08.png,true,Qwen 2512,landscape,0.9999923706054688
ai_landscape_grok_aurora_landscape_03.png,true,Grok Aurora,landscape,0.6785435676574707
ai_landscape_wan_v2.6_landscape_05.png,true,Wan v2.6,landscape,0.588646411895752
ai_landscape_recraft_v3_landscape_09.png,true,Recraft v3,landscape,0.99940025806427
ai_landscape_seedream_v4_landscape_05.png,true,Seedream,landscape,0.992672860622406
ai_landscape_seedream_v4_landscape_04.png,true,Seedream,landscape,0.0010412693955004215
ai_landscape_seedream_v4_landscape_10.png,true,Seedream,landscape,0.023239636793732643
ai_landscape_recraft_v3_landscape_08.png,true,Recraft v3,landscape,0.9993756413459778
ai_landscape_wan_v2.6_landscape_04.png,true,Wan v2.6,landscape,0.17457740008831024
ai_landscape_wan_v2.6_landscape_10.png,true,Wan v2.6,landscape,0.8924828767776489
ai_landscape_grok_aurora_landscape_02.png,true,Grok Aurora,landscape,0.8451343178749084
ai_landscape_qwen_2512_landscape_09.png,true,Qwen 2512,landscape,0.374848335981369
ai_landscape_ideogram_v3_landscape_09.png,true,Ideogram v3,landscape,0.0026870151050388813
ai_landscape_flux_pro_v1.1_landscape_05.png,true,Flux Pro v1.1,landscape,0.8293944001197815
ai_landscape_leonardo_phoenix_landscape_07.png,true,Leonardo Phoenix,landscape,0.5631417036056519
ai_landscape_flux_2_flex_landscape_08.png,true,Flux,landscape,0.9992808699607849
ai_landscape_seedream_v3_landscape_08.png,true,Seedream,landscape,0.5690072178840637
ai_landscape_glm_image_landscape_09.png,true,GLM Image,landscape,0.7742055058479309
ai_landscape_flux_pro_v1.1_landscape_07.png,true,Flux Pro v1.1,landscape,0.12330685555934906
ai_landscape_wan_v2.6_landscape_06.png,true,Wan v2.6,landscape,0.9973796606063843
ai_landscape_seedream_v4_landscape_06.png,true,Seedream,landscape,0.003283809870481491
ai_landscape_seedream_v4_landscape_07.png,true,Seedream,landscape,0.02102464623749256
ai_landscape_wan_v2.6_landscape_07.png,true,Wan v2.6,landscape,0.8343062996864319
ai_landscape_grok_aurora_landscape_01.png,true,Grok Aurora,landscape,0.9203284382820129
ai_landscape_flux_pro_v1.1_landscape_06.png,true,Flux Pro v1.1,landscape,0.035766296088695526
ai_landscape_glm_image_landscape_08.png,true,GLM Image,landscape,0.999995231628418
ai_landscape_seedream_v3_landscape_09.png,true,Seedream,landscape,0.34461718797683716
ai_landscape_flux_2_flex_landscape_09.png,true,Flux,landscape,0.04614347964525223
ai_landscape_leonardo_phoenix_landscape_06.png,true,Leonardo Phoenix,landscape,0.9999369382858276
ai_landscape_leonardo_phoenix_landscape_02.png,true,Leonardo Phoenix,landscape,0.6325744986534119
ai_landscape_flux_pro_v1.1_landscape_02.png,true,Flux Pro v1.1,landscape,0.05691075697541237
ai_landscape_grok_aurora_landscape_05.png,true,Grok Aurora,landscape,0.0013139660004526377
ai_landscape_wan_v2.6_landscape_03.png,true,Wan v2.6,landscape,0.9950496554374695
ai_landscape_seedream_v4_landscape_03.png,true,Seedream,landscape,0.0031510137487202883
ai_landscape_seedream_v4_landscape_02.png,true,Seedream,landscape,0.0008404888212680817
ai_landscape_wan_v2.6_landscape_02.png,true,Wan v2.6,landscape,0.9558277130126953
ai_landscape_grok_aurora_landscape_04.png,true,Grok Aurora,landscape,0.9991015195846558
ai_landscape_grok_aurora_landscape_10.png,true,Grok Aurora,landscape,0.0016358646098524332
ai_landscape_flux_pro_v1.1_landscape_03.png,true,Flux Pro v1.1,landscape,0.9896112680435181
ai_landscape_leonardo_phoenix_landscape_03.png,true,Leonardo Phoenix,landscape,0.5915776491165161
ai_landscape_leonardo_phoenix_landscape_01.png,true,Leonardo Phoenix,landscape,0.004831986501812935
ai_landscape_flux_pro_v1.1_landscape_01.png,true,Flux Pro v1.1,landscape,0.16485005617141724
ai_landscape_grok_aurora_landscape_06.png,true,Grok Aurora,landscape,0.998974084854126
ai_landscape_seedream_v4_landscape_01.png,true,Seedream,landscape,0.0004997274372726679
ai_landscape_wan_v2.6_landscape_01.png,true,Wan v2.6,landscape,0.7256114482879639
ai_landscape_grok_aurora_landscape_07.png,true,Grok Aurora,landscape,0.9999812841415405
ai_landscape_flux_2_flex_landscape_02.png,true,Flux,landscape,0.42892682552337646
ai_landscape_glm_image_landscape_03.png,true,GLM Image,landscape,0.9940288066864014
ai_landscape_seedream_v3_landscape_02.png,true,Seedream,landscape,0.0005977933178655803
ai_landscape_ideogram_v3_landscape_01.png,true,Ideogram v3,landscape,0.01075010560452938
ai_landscape_qwen_2512_landscape_01.png,true,Qwen 2512,landscape,0.9342308044433594
ai_landscape_recraft_v3_landscape_01.png,true,Recraft v3,landscape,0.9109423756599426
ai_landscape_seedream_v3_landscape_03.png,true,Seedream,landscape,0.02726437896490097
ai_landscape_glm_image_landscape_02.png,true,GLM Image,landscape,0.9940531849861145
ai_landscape_flux_2_flex_landscape_03.png,true,Flux,landscape,0.9978474378585815
ai_landscape_flux_2_flex_landscape_01.png,true,Flux,landscape,0.9666363000869751
ai_landscape_seedream_v3_landscape_01.png,true,Seedream,landscape,0.7292194366455078
ai_landscape_ideogram_v3_landscape_02.png,true,Ideogram v3,landscape,0.000290577212581411
ai_landscape_qwen_2512_landscape_02.png,true,Qwen 2512,landscape,0.8478078842163086
ai_landscape_grok_aurora_landscape_09.png,true,Grok Aurora,landscape,0.015028118155896664
ai_landscape_recraft_v3_landscape_03.png,true,Recraft v3,landscape,0.8634379506111145
ai_landscape_recraft_v3_landscape_02.png,true,Recraft v3,landscape,0.5744269490242004
ai_landscape_grok_aurora_landscape_08.png,true,Grok Aurora,landscape,0.995969295501709
ai_landscape_qwen_2512_landscape_03.png,true,Qwen 2512,landscape,0.24395959079265594
ai_landscape_ideogram_v3_landscape_03.png,true,Ideogram v3,landscape,0.010644444264471531
ai_landscape_glm_image_landscape_01.png,true,GLM Image,landscape,0.9995391368865967
ai_landscape_flux_2_flex_landscape_10.png,true,Flux,landscape,0.005496390629559755
ai_landscape_flux_2_flex_landscape_04.png,true,Flux,landscape,0.5819910764694214
ai_landscape_seedream_v3_landscape_10.png,true,Seedream,landscape,0.00014183687744662166
ai_landscape_seedream_v3_landscape_04.png,true,Seedream,landscape,0.0004234322113916278
ai_landscape_glm_image_landscape_05.png,true,GLM Image,landscape,0.998119056224823
ai_landscape_ideogram_v3_landscape_07.png,true,Ideogram v3,landscape,0.9824478030204773
ai_landscape_qwen_2512_landscape_07.png,true,Qwen 2512,landscape,0.8454100489616394
ai_landscape_recraft_v3_landscape_06.png,true,Recraft v3,landscape,0.87535160779953
ai_landscape_recraft_v3_landscape_07.png,true,Recraft v3,landscape,0.9914847016334534
ai_landscape_qwen_2512_landscape_06.png,true,Qwen 2512,landscape,0.9957554340362549
ai_landscape_ideogram_v3_landscape_06.png,true,Ideogram v3,landscape,0.010817698203027248
ai_landscape_glm_image_landscape_10.png,true,GLM Image,landscape,0.9999600648880005
ai_landscape_glm_image_landscape_04.png,true,GLM Image,landscape,0.24875253438949585
ai_landscape_seedream_v3_landscape_05.png,true,Seedream,landscape,0.10976351052522659
ai_landscape_flux_2_flex_landscape_05.png,true,Flux,landscape,0.013612471520900726
ai_landscape_flux_2_flex_landscape_07.png,true,Flux,landscape,0.9952654838562012
ai_landscape_leonardo_phoenix_landscape_08.png,true,Leonardo Phoenix,landscape,0.16789261996746063
ai_landscape_seedream_v3_landscape_07.png,true,Seedream,landscape,0.006285334937274456
ai_landscape_glm_image_landscape_06.png,true,GLM Image,landscape,0.9999661445617676
ai_landscape_flux_pro_v1.1_landscape_08.png,true,Flux Pro v1.1,landscape,0.13316549360752106
ai_landscape_ideogram_v3_landscape_10.png,true,Ideogram v3,landscape,0.00019908421381842345
ai_landscape_ideogram_v3_landscape_04.png,true,Ideogram v3,landscape,0.0029342053458094597
ai_landscape_qwen_2512_landscape_10.png,true,Qwen 2512,landscape,0.008744494989514351
ai_landscape_qwen_2512_landscape_04.png,true,Qwen 2512,landscape,0.053597137331962585
ai_landscape_wan_v2.6_landscape_09.png,true,Wan v2.6,landscape,0.001188088790513575
ai_landscape_recraft_v3_landscape_05.png,true,Recraft v3,landscape,0.9937610030174255
ai_landscape_seedream_v4_landscape_09.png,true,Seedream,landscape,0.0022944172378629446
ai_landscape_seedream_v4_landscape_08.png,true,Seedream,landscape,0.6805575489997864
ai_landscape_recraft_v3_landscape_10.png,true,Recraft v3,landscape,0.9999735355377197
ai_landscape_recraft_v3_landscape_04.png,true,Recraft v3,landscape,0.0006588902324438095
ai_landscape_wan_v2.6_landscape_08.png,true,Wan v2.6,landscape,0.9999982118606567
ai_landscape_qwen_2512_landscape_05.png,true,Qwen 2512,landscape,0.9836410880088806
ai_landscape_ideogram_v3_landscape_05.png,true,Ideogram v3,landscape,0.00403623515740037
ai_landscape_flux_pro_v1.1_landscape_09.png,true,Flux Pro v1.1,landscape,0.9056423306465149
ai_landscape_glm_image_landscape_07.png,true,GLM Image,landscape,0.998863697052002
ai_landscape_seedream_v3_landscape_06.png,true,Seedream,landscape,0.0006432728259824216
ai_landscape_leonardo_phoenix_landscape_09.png,true,Leonardo Phoenix,landscape,0.99992835521698
ai_landscape_flux_2_flex_landscape_06.png,true,Flux,landscape,0.9362442493438721
ai_landscape_gpt_image_1.5_landscape_02.png,true,Gpt,landscape,0.0007418239256367087
ai_landscape_hunyuan_v3_landscape_03.png,true,Hunyuan v3,landscape,0.0005314883892424405
ai_landscape_z_image_landscape_05.png,true,Z,landscape,0.9997958540916443
ai_landscape_sd_3.5_large_landscape_03.png,true,Sd,landscape,0.9879533052444458
ai_landscape_flux_schnell_landscape_08.png,true,Flux Schnell,landscape,0.9997257590293884
ai_landscape_flux_schnell_landscape_09.png,true,Flux Schnell,landscape,0.9931265115737915
ai_landscape_z_image_landscape_10.png,true,Z,landscape,0.9999960660934448
ai_landscape_sd_3.5_large_landscape_02.png,true,Sd,landscape,0.0036402614787220955
ai_landscape_z_image_landscape_04.png,true,Z,landscape,0.9996040463447571
ai_landscape_hunyuan_v3_landscape_02.png,true,Hunyuan v3,landscape,0.00207226793281734
ai_landscape_gpt_image_1.5_landscape_03.png,true,Gpt,landscape,0.004528073128312826
ai_landscape_gpt_image_1.5_landscape_01.png,true,Gpt,landscape,0.004397648852318525
ai_landscape_z_image_landscape_06.png,true,Z,landscape,0.949448823928833
ai_landscape_sd_3.5_large_landscape_01.png,true,Sd,landscape,0.3453464210033417
ai_landscape_z_image_landscape_07.png,true,Z,landscape,0.3957975506782532
ai_landscape_hunyuan_v3_landscape_01.png,true,Hunyuan v3,landscape,0.007085788995027542
ai_landscape_gpt_image_1.5_landscape_04.png,true,Gpt,landscape,0.0034957791212946177
ai_landscape_gpt_image_1.5_landscape_10.png,true,Gpt,landscape,0.0003377439279574901
ai_landscape_hunyuan_v3_landscape_05.png,true,Hunyuan v3,landscape,0.00012637246982194483
ai_landscape_sd_3.5_large_landscape_05.png,true,Sd,landscape,0.9986878037452698
ai_landscape_z_image_landscape_03.png,true,Z,landscape,0.9960953593254089
ai_landscape_z_image_landscape_02.png,true,Z,landscape,0.9664891958236694
ai_landscape_sd_3.5_large_landscape_04.png,true,Sd,landscape,0.0018855364760383964
ai_landscape_sd_3.5_large_landscape_10.png,true,Sd,landscape,0.0014221076853573322
ai_landscape_hunyuan_v3_landscape_04.png,true,Hunyuan v3,landscape,0.004965165629982948
ai_landscape_hunyuan_v3_landscape_10.png,true,Hunyuan v3,landscape,0.005004712846130133
ai_landscape_gpt_image_1.5_landscape_05.png,true,Gpt,landscape,0.22666801512241364
ai_landscape_gpt_image_1.5_landscape_07.png,true,Gpt,landscape,0.00010183492122450843
ai_landscape_hunyuan_v3_landscape_06.png,true,Hunyuan v3,landscape,0.0012729670852422714
ai_landscape_sd_3.5_large_landscape_06.png,true,Sd,landscape,0.06503894925117493
ai_landscape_gemini_3_pro_landscape_08.png,true,Gemini 3 Pro,landscape,0.9853179454803467
ai_landscape_gemini_3_pro_landscape_09.png,true,Gemini 3 Pro,landscape,0.0038467715494334698
ai_landscape_z_image_landscape_01.png,true,Z,landscape,0.0498405322432518
ai_landscape_sd_3.5_large_landscape_07.png,true,Sd,landscape,0.09828195720911026
ai_landscape_hunyuan_v3_landscape_07.png,true,Hunyuan v3,landscape,0.059576068073511124
ai_landscape_gpt_image_1.5_landscape_06.png,true,Gpt,landscape,0.0037029862869530916
real_art_art_79_oil_painting_of_countryside_landscape_in_frame.jpg,false,,art,0.001447585062123835
real_art_art_163_tLQRMO33DeI.jpg,false,,art,0.04323083162307739
real_art_art_082_wzSfjeKGiLk.jpg,false,,art,0.029694899916648865
real_art_art_114_11SmxL6FI1A.jpg,false,,art,0.001251996261999011
real_art_art_58_watercolor_landscape_painting.jpg,false,,art,0.00016348699864465743
real_art_art_040_T2LEdBxpm54.jpg,false,,art,0.0015406043967232108
real_art_art_105_HzNNbeGmJko.jpg,false,,art,0.00013213089550845325
real_art_art_68_vintage_botanical_illustration.jpg,false,,art,0.15972916781902313
real_art_art_164_GoJrwnPNPbg.jpg,false,,art,4.7931112931109965e-05
real_art_art_73_colorful_street_art_graffiti_mural.jpg,false,,art,0.906600832939148
real_art_art_112_zelgyeLINKc.jpg,false,,art,0.0003554942086338997
real_art_art_034_bkY4pok-UM0.jpg,false,,art,0.008740813471376896
real_art_art_132_xnyXLEyE8L0.jpg,false,,art,0.006787247024476528
real_art_art_149_fnoCqGw7AMg.jpg,false,,art,0.0004449420084711164
real_art_art_166_vDZCV1akWss.jpg,false,,art,1.2271931154828053e-05
real_art_art_113_Cn2YpUFVkCo.jpg,false,,art,0.00018466073379386216
real_art_art_78_mosaic_tile_artwork_pattern.jpg,false,,art,6.546582153532654e-05
real_art_art_72_pastel_colors_watercolor_wash.jpg,false,,art,0.00016348699864465743
real_art_art_074_QTWm4dJ_Z2E.jpg,false,,art,0.003990066237747669
real_art_art_65_abstract_geometric_modern_art.jpg,false,,art,7.951437873998657e-05
real_art_art_056_riFTrh0K4pg.jpg,false,,art,0.0004312148957978934
real_art_art_096_gzXhH-RiydU.jpg,false,,art,0.0054827528074383736
real_art_art_094_JqpsJelnXb8.jpg,false,,art,0.1603698581457138
real_art_art_56_pencil_and_watercolor_art_supplies_on_table.jpg,false,,art,0.0027540435548871756
real_art_art_160_PDAzh1rSIa8.jpg,false,,art,0.002592954318970442
real_art_art_152_uH3wpt7gKnQ.jpg,false,,art,0.0013913089642301202
real_art_art_088_8qigdir-PfA.jpg,false,,art,0.00023869093274697661
real_art_art_070_AYYbqlo5af0.jpg,false,,art,1.2584471733134706e-05
real_art_art_80_digital_art_printed_on_gallery_wall.jpg,false,,art,0.002429467625916004
real_art_art_120_NiV9YsPFhM8.jpg,false,,art,0.00011644336336757988
real_art_art_093_3qoP52UWFiY.jpg,false,,art,0.000481253897305578
real_art_art_092_IhDDZyvwwC4.jpg,false,,art,0.00021273596212267876
real_art_art_108_XOyxignLq1E.jpg,false,,art,0.08297449350357056
real_art_art_127_P2LmtHXV2Wc.jpg,false,,art,3.952647966798395e-05
real_art_art_104_gQxrO5kOABU.jpg,false,,art,0.0005514262011274695
real_art_art_097_hBhfEXkihOs.jpg,false,,art,0.008507730439305305
real_art_art_085_Zm74mm1xEDY.jpg,false,,art,9.426447650184855e-05
real_art_art_050_hyoJJZd_hhI.jpg,false,,art,1.700691609585192e-05
real_art_art_053_jdhYNL0KrCA.jpg,false,,art,0.0517195500433445
real_art_art_045_dFA5XycbhoQ.jpg,false,,art,0.1754162311553955
real_art_art_057_m-e3AFsfOs0.jpg,false,,art,0.004191538318991661
real_art_art_033_cpAKc-G6lPg.jpg,false,,art,0.02598218247294426
real_art_art_159_U0_hlwXFLn0.jpg,false,,art,8.555078238714486e-05
real_art_art_051_PHdLDymaV90.jpg,false,,art,7.991123311512638e-06
real_art_art_170_Vbbz9pZmn5o.jpg,false,,art,0.0016296525718644261
real_art_art_046_DQZl8fxpSp8.jpg,false,,art,9.589498222339898e-05
real_art_art_118_BsAzhHIIwxg.jpg,false,,art,0.0003858674899674952
real_art_art_117_5MteLUU9FGI.jpg,false,,art,0.0009109969832934439
real_art_art_66_still_life_oil_painting_with_fruit.jpg,false,,art,0.00024145621864590794
real_art_art_121_iKPxCjUU_bg.jpg,false,,art,0.008732038550078869
real_art_art_157_8ezfg5oYHNY.jpg,false,,art,5.93169970670715e-05
real_art_art_081_w5bYMd9leus.jpg,false,,art,0.00017430185107514262
real_art_art_062_dP9U-tIfU3M.jpg,false,,art,0.0013830397510901093
real_art_art_032_puf8VwPLAug.jpg,false,,art,0.004962129984050989
real_art_art_119_iplwfXCe8a4.jpg,false,,art,5.556438190978952e-05
real_art_art_142_svOht0lwbyk.jpg,false,,art,0.007512988522648811
real_art_art_068_J7w12ShptC0.jpg,false,,art,9.297680662712082e-06
real_art_art_147_oZKmdQlIVds.jpg,false,,art,0.9550483822822571
real_art_art_145_E_JDMtW_l0Y.jpg,false,,art,0.003935298882424831
real_art_art_52_watercolor_painting_supplies_on_table.jpg,false,,art,0.0027540435548871756
real_art_art_144_8XIAf776Fqg.jpg,false,,art,0.000714069523382932
real_art_art_126_wpw8sHoBtSY.jpg,false,,art,0.6563582420349121
real_art_art_066_OnAwhivaqrU.jpg,false,,art,0.0008562681032344699
real_art_art_124_VHX-eIns4Wo.jpg,false,,art,0.0032771725673228502
real_art_art_158_I0QTg9ctFDY.jpg,false,,art,0.003416351741179824
real_art_art_128_XzG9XYwxgXc.jpg,false,,art,0.00019373209215700626
real_art_art_62_impressionist_landscape_painting_in_ornate_frame.jpg,false,,art,0.031320616602897644
real_art_art_047_OfTVSQTuQ5Y.jpg,false,,art,3.429349817452021e-05
real_art_art_098_sKHf8VwwFdo.jpg,false,,art,1.8440252461005002e-05
real_art_art_130_D1IS5s5O9xo.jpg,false,,art,0.004144731909036636
real_art_art_129_0RTmv1Kx9Qk.jpg,false,,art,0.0007902258657850325
real_art_art_136_rGu8w3QP48o.jpg,false,,art,0.00028197813662700355
real_art_art_060_BXkYKWKL7TA.jpg,false,,art,4.431085108080879e-05
real_art_art_123__yrdstGC_rg.jpg,false,,art,0.0004864517250098288
real_art_art_64_colorful_mural_on_building_exterior.jpg,false,,art,0.056280069053173065
real_art_art_071_n00dm9FBwrs.jpg,false,,art,0.01075516827404499
real_art_art_064_1cVQMljvsnw.jpg,false,,art,0.0033908903133124113
real_art_art_107_7xemAmqHhLc.jpg,false,,art,7.771694799885154e-05
real_art_art_091_IF9x9SGOh1w.jpg,false,,art,0.003557933261618018
real_art_art_058_TOcmDVAo2jo.jpg,false,,art,5.109898847877048e-05
real_art_art_150_1CcjT68gMRM.jpg,false,,art,0.00011398209608159959
real_art_art_100_9pU5knbOtgY.jpg,false,,art,5.838266224600375e-05
real_art_art_083_jBV3_PRk1-U.jpg,false,,art,0.0039438907988369465
real_art_art_035_S0c_wsCmlXE.jpg,false,,art,0.00036881075357086957
real_art_art_122_nnIzqn6B6fA.jpg,false,,art,0.0009389445185661316
real_art_art_099_3kIPqGmmgwI.jpg,false,,art,0.0010417710291221738
real_art_art_141_vsYrMcvb5nQ.jpg,false,,art,0.00013777005369774997
real_art_art_70_art_gallery_interior_with_paintings_on_walls.jpg,false,,art,0.008066381327807903
real_art_art_048__j6wbAlQ1ow.jpg,false,,art,0.0003185451205354184
real_art_art_079_93aN5XCAlJs.jpg,false,,art,0.0005872652982361615
real_art_art_135_lvqcncxBYqw.jpg,false,,art,0.00038665824104100466
real_art_art_111_DVauUHIJby0.jpg,false,,art,0.014866860583424568
real_art_art_161_StV72L0DH4A.jpg,false,,art,0.00290461303666234
real_art_art_087_U3NtClWLRd4.jpg,false,,art,8.873298611433711e-07
real_art_art_055_e-XPbBr0NhU.jpg,false,,art,0.00022302007710095495
real_art_art_043_e6xd2HXuy0A.jpg,false,,art,9.312117981608026e-06
real_art_art_109_GY_YJtmwPas.jpg,false,,art,0.010289423167705536
real_art_art_61_charcoal_drawing_on_paper.jpg,false,,art,0.032465264201164246
real_art_art_137_70l86REbjmk.jpg,false,,art,0.5658637285232544
real_art_art_154_kBzQNk9AgOg.jpg,false,,art,0.01065833680331707
real_art_art_037_cuddQwqncLc.jpg,false,,art,0.0024705962277948856
real_art_art_74_gallery_wall_with_multiple_framed_artworks.jpg,false,,art,0.9904882907867432
real_art_art_116_tEbRUeGJDfw.jpg,false,,art,0.3191787004470825
real_art_art_125_ajAj3-55G2A.jpg,false,,art,5.9364047046983615e-06
real_art_art_67_acrylic_pour_painting_abstract.jpg,false,,art,0.000501075410284102
real_art_art_51_modern_art_gallery_with_paintings_on_white_walls.jpg,false,,art,0.008066381327807903
real_art_art_049_ZW8dIPP4S4U.jpg,false,,art,0.00011676124995574355
real_art_art_139_DD1fSz2HF1s.jpg,false,,art,0.00019893354328814894
real_art_art_50_abstract_colorful_painting_on_canvas.jpg,false,,art,8.353417797479779e-05
real_art_art_165_yN5c71nvg6g.jpg,false,,art,3.1437895813724026e-05
real_art_art_153_rleYWWVY4Pc.jpg,false,,art,0.0006466928170993924
real_art_art_134_tClS6SPq8Zo.jpg,false,,art,1.216896725964034e-05
real_art_art_090_yCWQevKzkkM.jpg,false,,art,0.0020298257004469633
real_art_art_101_YJCRjsg1LQw.jpg,false,,art,0.01896781660616398
real_art_art_042_eN6FkYAetF8.jpg,false,,art,0.03154090419411659
real_art_art_059_yjiZAbTDkik.jpg,false,,art,5.119439083500765e-05
real_art_art_54_oil_painting_of_flowers_in_vase.jpg,false,,art,0.0006402169237844646
real_art_art_089_IMZ3bM611eA.jpg,false,,art,2.7940963263972662e-05
real_art_art_146_n1mVt4pyFow.jpg,false,,art,0.0002713765134103596
real_art_art_169_Uo5MWyegjog.jpg,false,,art,7.621679833391681e-05
real_art_art_073_n3VWZXx5n9I.jpg,false,,art,0.0011528872419148684
real_art_art_076_I7BDP_5WPqE.jpg,false,,art,0.00011359331256244332
real_art_art_53_colorful_abstract_oil_painting_closeup.jpg,false,,art,5.3849187679588795e-05
real_art_art_080_nNqBDh_l3oE.jpg,false,,art,8.404361324210186e-06
real_art_art_061_XuHkodhmiyk.jpg,false,,art,0.0020989987533539534
real_art_art_60_colorful_paint_brushstrokes_close_up_texture.jpg,false,,art,5.3849187679588795e-05
real_art_art_71_renaissance_painting_in_gilded_frame.jpg,false,,art,0.000751666200812906
real_art_art_69_mixed_media_collage_artwork.jpg,false,,art,0.0010402555344626307
real_art_art_168_u7zd4x6-dx8.jpg,false,,art,0.00010463932267157361
real_art_art_095_9_vYkYnWn2w.jpg,false,,art,0.00012756270007230341
real_art_art_138_007R8JewpwU.jpg,false,,art,0.01015907060354948
real_art_art_069_ziIJiGSkfR4.jpg,false,,art,1.7879548977361992e-05
real_art_art_63_sculpture_in_art_museum_with_natural_light.jpg,false,,art,0.005006532184779644
real_art_art_106_cqKG2s6WP6s.jpg,false,,art,1.5111685570445843e-05
real_art_art_59_classical_oil_portrait_painting_in_museum.jpg,false,,art,8.897956286091357e-05
real_art_art_039_izfOdN-3zw0.jpg,false,,art,9.264489926863462e-05
real_art_art_57_graffiti_street_art_on_brick_wall.jpg,false,,art,0.1441332995891571
real_art_art_084_JPFWudeuc54.jpg,false,,art,0.0009169770055450499
real_art_art_133_h1jyIBttST0.jpg,false,,art,0.00936651136726141
real_art_art_038_UwKXPb7N9UY.jpg,false,,art,0.00039142355672083795
real_art_art_054_Erf1Kz7ZE5Y.jpg,false,,art,0.0001701831934042275
real_art_art_078_RYtFleIk_4U.jpg,false,,art,0.0002632260147947818
real_art_art_75_oil_painting_landscape_with_trees.jpg,false,,art,4.396394069772214e-05
real_art_art_041_4POG9GQo7Aw.jpg,false,,art,0.00015915968106128275
real_art_art_162_jrDzerLmfW0.jpg,false,,art,1.1375307622074615e-05
real_art_art_167_Jpjj_v1-5OM.jpg,false,,art,0.0005486588343046606
real_art_art_102_rXtXA42Lgzs.jpg,false,,art,7.269049092428759e-05
real_art_art_140_Rq74Wkhffok.jpg,false,,art,0.00011380734213162214
real_art_art_086_OTP0nlljatI.jpg,false,,art,0.0012016315013170242
real_art_art_036_KQBsTXCvGwM.jpg,false,,art,0.010270033031702042
real_art_art_76_handwritten_calligraphy_on_white_paper.jpg,false,,art,0.03941817581653595
real_art_art_072_F2olcCyRQBw.jpg,false,,art,0.0005184790934436023
real_art_art_067_LOvJ2ECcUJY.jpg,false,,art,0.0015447770711034536
real_art_art_052_OpqAtrUNJeI.jpg,false,,art,0.0003912972752004862
real_art_art_044_hptNUC-iitA.jpg,false,,art,4.9168178520631045e-05
real_art_art_151_tuU1puvTmWw.jpg,false,,art,1.2967248039785773e-05
real_art_art_103_cLRvJPVw69U.jpg,false,,art,0.0004324226756580174
real_art_art_065_akbHiqZy4Pg.jpg,false,,art,3.121506597381085e-05
real_art_art_148_-bA6TkrToiY.jpg,false,,art,0.02194378711283207
real_art_art_77_street_art_portrait_on_concrete_wall.jpg,false,,art,0.16178080439567566
real_art_art_131_bPqJ9ssfjqs.jpg,false,,art,0.00012164798681624234
real_art_art_55_art_museum_gallery_room_with_framed_paintings.jpg,false,,art,5.8639223425416276e-05
real_art_art_110_hY3KGFVG-i0.jpg,false,,art,0.00041826683445833623
real_art_art_156_u2RlwQc1qiQ.jpg,false,,art,0.15651178359985352
real_art_art_075_ff0HoIx3PzU.jpg,false,,art,0.0013810752425342798
real_art_art_143_TzAydhJ4QzE.jpg,false,,art,0.00012991308176424354
real_art_art_077_IExOV9fFQBM.jpg,false,,art,0.0014353845035657287
real_art_art_155_KWpm9MmEo2s.jpg,false,,art,0.02400928921997547
real_art_art_063_heeEKtHAYEg.jpg,false,,art,0.0006848080665804446
real_art_art_115_iMdsjoiftZo.jpg,false,,art,0.958111584186554
real_portrait_portrait_76_a_group_of_people_standing_around_a_white_cake.jpg,false,,portrait,0.312877357006073
real_portrait_portrait_55_a_woman_holding_a_smart_phone_next_to_a_group_of_people.jpg,false,,portrait,3.660349830170162e-05
real_portrait_portrait_118_iJGhIMWKz7w.jpg,false,,portrait,0.001020594616420567
real_portrait_portrait_094_7A5eK3q9qUA.jpg,false,,portrait,8.607737254351377e-05
real_portrait_portrait_62_a_group_of_men_standing_and_sitting_next_to_each_other.jpg,false,,portrait,0.041011955589056015
real_portrait_portrait_51_a_woman_is_helping_a_child_put_on_skis.jpg,false,,portrait,0.43818360567092896
real_portrait_portrait_065_6lWqkLIh5L8.jpg,false,,portrait,0.00014733057469129562
real_portrait_portrait_039_ZW3dnRiZD9U.jpg,false,,portrait,0.000313995813485235
real_portrait_portrait_135_BZzHWmQUszE.jpg,false,,portrait,1.5251791410264559e-05
real_portrait_portrait_83_a_tennis_player_who_has_just_made_a_shot.jpg,false,,portrait,0.06302081048488617
real_portrait_portrait_57_a_young_man_and_woman_holding_their_heads_close_to_each_othe.jpg,false,,portrait,9.359850810142234e-05
real_portrait_portrait_67_there_are_many_bike_riders_racing_in_a_street_race.jpg,false,,portrait,0.004825778771191835
real_portrait_portrait_058_dWiK1hrTl14.jpg,false,,portrait,0.0002750130952335894
real_portrait_portrait_086_kpR9Mwgkj8c.jpg,false,,portrait,0.00019534696184564382
real_portrait_portrait_075_VQRm94PV_20.jpg,false,,portrait,0.0018176117446273565
real_portrait_portrait_151_LlHgaeBwYVE.jpg,false,,portrait,0.0015565428184345365
real_portrait_portrait_077_IIWiU1QXmWY.jpg,false,,portrait,2.810041041811928e-05
real_portrait_portrait_100_2FM9g-vAkJg.jpg,false,,portrait,0.004724044818431139
real_portrait_portrait_098_wX7NeTEXq_w.jpg,false,,portrait,0.001329586491920054
real_portrait_portrait_071__lP2UOoZJKk.jpg,false,,portrait,0.0069441539235413074
real_portrait_portrait_81_two_men_next_to_each_other_holding_wine_glasses.jpg,false,,portrait,6.246158591238782e-06
real_portrait_portrait_114_VcWRNg2ju7Y.jpg,false,,portrait,5.8001273828267585e-06
real_portrait_portrait_65_three_women_sitting_on_a_train_seat_on_cellphones.jpg,false,,portrait,0.0009369298350065947
real_portrait_portrait_054_cFgCc3PM-A0.jpg,false,,portrait,0.00010820030729519203
real_portrait_portrait_067_ua9Im1zPoGM.jpg,false,,portrait,0.0025210946332663298
real_portrait_portrait_63_a_man_sitting_at_a_table_eating_food_from_a_plate.jpg,false,,portrait,0.024414053186774254
real_portrait_portrait_119_lAAmMH2c2gU.jpg,false,,portrait,4.9510574172018096e-05
real_portrait_portrait_72_a_man_swinging_a_tennis_racket_at_a_tennis_ball.jpg,false,,portrait,7.758181891404092e-05
real_portrait_portrait_77_three_men_smiling_holding_a_wii_controller_in_their_hands.jpg,false,,portrait,0.6029213070869446
real_portrait_portrait_70_two_sets_of_hands_are_each_holding_a_cell_phone_while_anothe.jpg,false,,portrait,0.00017233131802640855
real_portrait_portrait_168_ht1JkZ7tYmY.jpg,false,,portrait,0.0003603207878768444
real_portrait_portrait_58_woman_listening_on_her_phone_while_smoking_a_cigarette.jpg,false,,portrait,0.19909612834453583
real_portrait_portrait_137_O5BSKKHYiEU.jpg,false,,portrait,0.00044729618821293116
real_portrait_portrait_59_a_woman_taking_a_selfie_with_a_mobile_phone.jpg,false,,portrait,1.025634992402047e-05
real_portrait_portrait_060_wyCDQSzN8XE.jpg,false,,portrait,0.0007150398450903594
real_portrait_portrait_081_2EmLMaTshko.jpg,false,,portrait,4.170267129666172e-05
real_portrait_portrait_059_pFbJuxSwuhI.jpg,false,,portrait,0.00021426026069093496
real_portrait_portrait_048_8sbwihARadA.jpg,false,,portrait,0.0011103515280410647
real_portrait_portrait_167_guDkXldTxy8.jpg,false,,portrait,0.9266694188117981
real_portrait_portrait_095_E38Gb_nVPck.jpg,false,,portrait,8.338042243849486e-05
real_portrait_portrait_043_aDvDvH428RQ.jpg,false,,portrait,0.0009473721729591489
real_portrait_portrait_133_iiQ-mmG2NxI.jpg,false,,portrait,0.0003262515820097178
real_portrait_portrait_128_nE6EPBrM-EA.jpg,false,,portrait,0.002633129945024848
real_portrait_portrait_050_eoAubhPm6H8.jpg,false,,portrait,0.0002507766184862703
real_portrait_portrait_134_UY52j2uUvdU.jpg,false,,portrait,0.00021731926244683564
real_portrait_portrait_104_eq9FtP7XwJI.jpg,false,,portrait,0.001693123602308333
real_portrait_portrait_092_uTad53fcxss.jpg,false,,portrait,0.00659047719091177
real_portrait_portrait_062_ILz31HBGEak.jpg,false,,portrait,0.08790948987007141
real_portrait_portrait_085_qV16cq3T420.jpg,false,,portrait,1.9413071640883572e-05
real_portrait_portrait_170_cQPUosG9dQE.jpg,false,,portrait,0.0007726681651547551
real_portrait_portrait_147_RYNTlcn0e3k.jpg,false,,portrait,8.645866728329565e-06
real_portrait_portrait_103_TsvawNBQ7k0.jpg,false,,portrait,2.3963950752659002e-06
real_portrait_portrait_047_kN_F83xqdiM.jpg,false,,portrait,0.016585905104875565
real_portrait_portrait_105_Knvzw8_L_80.jpg,false,,portrait,4.637133679352701e-05
real_portrait_portrait_101_WXp2BT0AgnE.jpg,false,,portrait,6.601222412427887e-05
real_portrait_portrait_153_k_NkqIaRhro.jpg,false,,portrait,0.0036700794007629156
real_portrait_portrait_71_a_woman_brushes_her_teeth_with_foamy_toothpaste.jpg,false,,portrait,0.0006658079801127315
real_portrait_portrait_142_mJaDIZr6eMY.jpg,false,,portrait,0.0016706754686310887
real_portrait_portrait_083_LN8t4ZAGZFQ.jpg,false,,portrait,0.0005310260457918048
real_portrait_portrait_115_82NWNb5AGWc.jpg,false,,portrait,3.5572837077779695e-05
real_portrait_portrait_64_a_woman_smiles_from_behind_the_book_she_has_been_reading.jpg,false,,portrait,3.862443463731324e-06
real_portrait_portrait_102_QGMWr63tKoo.jpg,false,,portrait,0.00038854495505802333
real_portrait_portrait_037_M34IAftLLsY.jpg,false,,portrait,0.004404522944241762
real_portrait_portrait_79_a_copse_of_men_sitting_next_to_each_other_at_a_table.jpg,false,,portrait,1.2654115380428266e-05
real_portrait_portrait_068_g_eJl04NKEY.jpg,false,,portrait,0.000315784738631919
real_portrait_portrait_53_two_men_wearing_suits_and_hats_are_walking_together.jpg,false,,portrait,0.08767084032297134
real_portrait_portrait_055_ycF8akmJ_RU.jpg,false,,portrait,0.6486750245094299
real_portrait_portrait_129_jqsprpPrn9w.jpg,false,,portrait,0.00010655448568286374
real_portrait_portrait_138_NOcaza8sIBg.jpg,false,,portrait,0.026529839262366295
real_portrait_portrait_78_a_woman_holding_a_plate_of_cake_covered_in_frosting.jpg,false,,portrait,9.249139111489058e-05
real_portrait_portrait_130_4wIY3oykWMo.jpg,false,,portrait,0.001502334140241146
real_portrait_portrait_099_dKH-4ml-5I4.jpg,false,,portrait,1.760957638907712e-05
real_portrait_portrait_093_8gRw4V0_XJA.jpg,false,,portrait,0.0004866441886406392
real_portrait_portrait_109_IOkL3ZqAapM.jpg,false,,portrait,0.04358260706067085
real_portrait_portrait_74_a_person_helping_a_woman_put_on_a_tie.jpg,false,,portrait,2.743218828982208e-05
real_portrait_portrait_121_hQBQ1ATvH10.jpg,false,,portrait,1.3161152310203761e-05
real_portrait_portrait_076_6fc0hcXapYU.jpg,false,,portrait,0.6203333735466003
real_portrait_portrait_155_3kWZ-gVZAG0.jpg,false,,portrait,0.00019939539197366685
real_portrait_portrait_140_83BjY5qcPKg.jpg,false,,portrait,0.0003454815305303782
real_portrait_portrait_087_gENx9JQeQWs.jpg,false,,portrait,0.00937703438103199
real_portrait_portrait_084_7BDP97v-tT8.jpg,false,,portrait,0.0013459392357617617
real_portrait_portrait_040_kl22CsySpcw.jpg,false,,portrait,0.002762587508186698
real_portrait_portrait_161_Tay3IMQpKHA.jpg,false,,portrait,0.002616921439766884
real_portrait_portrait_045_3F6Jo667E4w.jpg,false,,portrait,0.016166716814041138
real_portrait_portrait_116_L4CAMVlnRlg.jpg,false,,portrait,0.011697125621140003
real_portrait_portrait_072_VlOrWGCFl_w.jpg,false,,portrait,2.5195991838700138e-05
real_portrait_portrait_044_NljdMbT3s30.jpg,false,,portrait,0.004412307869642973
real_portrait_portrait_122_LpIy3YxbDA4.jpg,false,,portrait,0.005321502685546875
real_portrait_portrait_156_HC2t702jdGo.jpg,false,,portrait,0.00032788582029752433
real_portrait_portrait_69_a_crowd_of_people_standing_around_each_other.jpg,false,,portrait,0.003936850465834141
real_portrait_portrait_73_a_baseball_player_talks_with_an_umpire.jpg,false,,portrait,0.01715136133134365
real_portrait_portrait_096_Rur5fFIrWNY.jpg,false,,portrait,0.00039262635982595384
real_portrait_portrait_61_a_clown_talking_on_a_phone_next_to_a_building.jpg,false,,portrait,1.8293647372047417e-05
real_portrait_portrait_090_UNJ3hCbuHXA.jpg,false,,portrait,2.023016122620902e-06
real_portrait_portrait_148_ofgYwK8j_cQ.jpg,false,,portrait,0.004889545030891895
real_portrait_portrait_113_J_I5FfqShJw.jpg,false,,portrait,0.00019213074119761586
real_portrait_portrait_152_P7ASbD-vHW8.jpg,false,,portrait,0.00018045850447379053
real_portrait_portrait_56_a_woman_holding_her_cell_phone_tucked_in_a_wool_cover.jpg,false,,portrait,2.3664693799219094e-05
real_portrait_portrait_107_W80TTxhRRU4.jpg,false,,portrait,0.00025785667821764946
real_portrait_portrait_073_yAsJE9nFiFw.jpg,false,,portrait,0.00020147081522736698
real_portrait_portrait_091_xX9r2xULy7s.jpg,false,,portrait,0.00047227489994838834
real_portrait_portrait_082_QwsCqHTim98.jpg,false,,portrait,9.629652049625292e-05
real_portrait_portrait_132_shb8l1o-0Zk.jpg,false,,portrait,0.018508220091462135
real_portrait_portrait_078_cT4-8tBBJDA.jpg,false,,portrait,8.687527588335797e-05
real_portrait_portrait_160_PEgf72cgr-w.jpg,false,,portrait,5.098177643958479e-05
real_portrait_portrait_038_62Ims7pw_X8.jpg,false,,portrait,3.8711685192538425e-05
real_portrait_portrait_75_a_man_wearing_a_suit_and_tie_and_red_hat_with_a_silver_buckl.jpg,false,,portrait,0.0015522334724664688
real_portrait_portrait_051_63KDwZUZQw8.jpg,false,,portrait,0.00014646760246250778
real_portrait_portrait_82_a_man_wearing_a_tie_jacket_and_white_shirt.jpg,false,,portrait,0.844382107257843
real_portrait_portrait_52_three_students_check_their_cell_phones_in_a_classroom.jpg,false,,portrait,3.270950401201844e-05
real_portrait_portrait_063_Qm4yrKLiawY.jpg,false,,portrait,0.8696901798248291
real_portrait_portrait_84_three_young_men_playing_wii_on_a_projection_television.jpg,false,,portrait,2.5902632842189632e-05
real_portrait_portrait_159_o47Lif2bfqI.jpg,false,,portrait,0.00014290159742813557
real_portrait_portrait_041_vCZFKRZes_0.jpg,false,,portrait,0.00027536600828170776
real_portrait_portrait_064_KrLXXQSojYs.jpg,false,,portrait,0.07625585794448853
real_portrait_portrait_112_OxPuMO3zQ9s.jpg,false,,portrait,0.001960775814950466
real_portrait_portrait_145_DQ9dW9v65Fc.jpg,false,,portrait,0.005186892580240965
real_portrait_portrait_117_4XrEyN5sXhA.jpg,false,,portrait,1.869357583927922e-05
real_portrait_portrait_070_kNZd7qT8ASY.jpg,false,,portrait,0.00028519335319288075
real_portrait_portrait_146_I03ZQjTt4WI.jpg,false,,portrait,0.000677790492773056
real_portrait_portrait_163_6qRpAg4pPEU.jpg,false,,portrait,0.01551612839102745
real_portrait_portrait_80_two_men_smiling_and_taking_a_picture_together.jpg,false,,portrait,0.035212356597185135
real_portrait_portrait_150_itdkHUjTuIY.jpg,false,,portrait,0.048874568194150925
real_portrait_portrait_046_k1QqUSvRObc.jpg,false,,portrait,3.4592067095218226e-05
real_portrait_portrait_056_JxbqicKm-ko.jpg,false,,portrait,0.00011395079491194338
real_portrait_portrait_042_2xf2beBy7Wo.jpg,false,,portrait,0.9477787017822266
real_portrait_portrait_126_jxltRrbjtdI.jpg,false,,portrait,0.0037549196276813745
real_portrait_portrait_061_IppB3SB9f6s.jpg,false,,portrait,8.784964302321896e-05
real_portrait_portrait_68_a_photo_of_a_young_male_in_a_suit_jacket_and_tie.jpg,false,,portrait,0.03746602684259415
real_portrait_portrait_124_Hd2T6EzW_2Q.jpg,false,,portrait,0.00016492778377141804
real_portrait_portrait_50_a_man_wearing_a_top_hat_and_a_red_tie.jpg,false,,portrait,0.00018515334522817284
real_portrait_portrait_057_ZbvHaiUwVfo.jpg,false,,portrait,0.00013269389455672354
real_portrait_portrait_079_fGfUJnZD3Mw.jpg,false,,portrait,0.07421906292438507
real_portrait_portrait_127_ZhJsD9T_20Q.jpg,false,,portrait,7.759972504572943e-05
real_portrait_portrait_136_SwcnAmIRZYc.jpg,false,,portrait,0.00021927765919826925
real_portrait_portrait_110_9iAIfjrSFYw.jpg,false,,portrait,5.257656084722839e-05
real_portrait_portrait_139_5Uvy1WMaUHw.jpg,false,,portrait,6.0153677623020485e-05
real_portrait_portrait_097_JibO_kC6vh4.jpg,false,,portrait,0.00011788863048423082
real_portrait_portrait_157_jG4xhAmz-uQ.jpg,false,,portrait,0.005072662606835365
real_portrait_portrait_141_l7PnmcqTj5Q.jpg,false,,portrait,0.0016172881005331874
real_portrait_portrait_125_Oz7_usBqwuY.jpg,false,,portrait,0.0029550958424806595
real_portrait_portrait_143_peP3zrquunA.jpg,false,,portrait,0.0008011974859982729
real_portrait_portrait_165_rEKKAV83i-8.jpg,false,,portrait,0.0003593976143747568
real_portrait_portrait_069_Q7p9V_xHe08.jpg,false,,portrait,0.09023387730121613
real_portrait_portrait_144_WUhpW32kBek.jpg,false,,portrait,6.331408803816885e-05
real_portrait_portrait_089_dgGWnapezLs.jpg,false,,portrait,0.00027972678071819246
real_portrait_portrait_074_P_pjzMeIbj8.jpg,false,,portrait,0.00017561943968757987
real_portrait_portrait_036_IHJtKBe9xNs.jpg,false,,portrait,0.0019011672120541334
real_portrait_portrait_049_-lb-Wob1TeQ.jpg,false,,portrait,0.0002585937618277967
real_portrait_portrait_66_a_woman_holding_a_child_wrapped_in_a_towel_brushing_her_teet.jpg,false,,portrait,0.0004998925141990185
real_portrait_portrait_54_the_young_boy_just_finished_eating_the_banana.jpg,false,,portrait,0.6659753322601318
real_portrait_portrait_60_there_are_people_playing_a_soccer_game_on_the_field.jpg,false,,portrait,0.9989244341850281
real_portrait_portrait_166_w-pEeDGN1w0.jpg,false,,portrait,0.000976275943685323
real_portrait_portrait_123_o1iV6Di2FX0.jpg,false,,portrait,0.0005855628987774253
real_portrait_portrait_162_1kJy_HK3eGI.jpg,false,,portrait,0.004249537829309702
real_portrait_portrait_108_xz-qq9KNgwk.jpg,false,,portrait,0.0007414549472741783
real_portrait_portrait_149_qj1vIzXOtYo.jpg,false,,portrait,7.690570055274293e-05
real_portrait_portrait_164_qk6CnpKNmVw.jpg,false,,portrait,0.00024244263477157801
real_portrait_portrait_131_rcXU8Tezb_k.jpg,false,,portrait,8.018719381652772e-05
real_portrait_portrait_053_oKA8kDSZpCc.jpg,false,,portrait,4.6487824874930084e-05
real_portrait_portrait_066_bSNJ6R5Qrt4.jpg,false,,portrait,0.00010951213334919885
real_portrait_portrait_120_WSxluGgdlFQ.jpg,false,,portrait,7.886570529080927e-05
real_portrait_portrait_169_-7JAEi4PhTU.jpg,false,,portrait,0.0780089795589447
real_portrait_portrait_158_8kDx62gZRzk.jpg,false,,portrait,4.1351049731019884e-05
real_portrait_portrait_052_FvrjfNKpITc.jpg,false,,portrait,8.194557449314743e-05
real_portrait_portrait_088_iMYRUK-oadw.jpg,false,,portrait,0.004591670352965593
real_portrait_portrait_154_fXik2Do-bB4.jpg,false,,portrait,0.00040983324288390577
real_portrait_portrait_080_uOnxXwB3KNE.jpg,false,,portrait,0.000795467640273273
real_portrait_portrait_106_ZzNLsAPymuI.jpg,false,,portrait,0.0022854360286146402
real_portrait_portrait_111_tEQV_wnx3U8.jpg,false,,portrait,0.0007905290112830698
real_product_product_161_paw_7bdZ8Xg.jpg,false,,product,0.00034085751394741237
real_product_product_118_0ON2rLuvo5c.jpg,false,,product,0.00033266545506194234
real_product_product_035_s9TJ2ncyLcQ.jpg,false,,product,0.0006693396717309952
real_product_product_162_iCW61HY_vjg.jpg,false,,product,0.0003048910584766418
real_product_product_039_AaRflAurGmg.jpg,false,,product,0.0003707737778313458
real_product_product_140_xRyL63AwZFE.jpg,false,,product,0.0005137897096574306
real_product_product_067_IWOOT4ChLjM.jpg,false,,product,0.0003481515741441399
real_product_product_066_-jXsYZeA7tQ.jpg,false,,product,0.00043822432053275406
real_product_product_70_a_young_woman_sitting_cross_legged_on_an_apartment_sofa.jpg,false,,product,0.0001714944955892861
real_product_product_115_a0dGKKDQUQ8.jpg,false,,product,0.07969929277896881
real_product_product_130_BDFWZ3fLxrg.jpg,false,,product,0.14310023188591003
real_product_product_094_oZzoDW61aoM.jpg,false,,product,0.2844313085079193
real_product_product_077_oyr64kMIz98.jpg,false,,product,0.03541282191872597
real_product_product_50_a_living_room_filled_with_furniture_and_decor.jpg,false,,product,3.40019346367626e-06
real_product_product_168_qsYM_gFgliw.jpg,false,,product,1.2569910722959321e-05
real_product_product_125_Re8T5DwoMic.jpg,false,,product,0.004431955050677061
real_product_product_166_P_fMqU34A3I.jpg,false,,product,0.000437654962297529
real_product_product_046_G59UIKfHz6o.jpg,false,,product,0.9482223987579346
real_product_product_139_5JuLcub3dYg.jpg,false,,product,0.009504266083240509
real_product_product_058_fX8leXj8Q4o.jpg,false,,product,0.001233181799761951
real_product_product_087__vAuxGCAfjQ.jpg,false,,product,2.0412232970556943e-06
real_product_product_078_1UFTd1eRamE.jpg,false,,product,3.1833682442083955e-05
real_product_product_80_kitchen_area_with_counter_top_space_and_dining_room_table.jpg,false,,product,2.7720666366803925e-06
real_product_product_81_a_pizza_sitting_on_top_of_a_plate_next_to_a_foil_bag_of_food.jpg,false,,product,2.7101075374957873e-06
real_product_product_60_three_laptop_computers_and_a_desktop_computer_sit_next_to_ea.jpg,false,,product,1.5078197748152888e-06
real_product_product_042_NydHbLFLoS8.jpg,false,,product,0.00018942062160931528
real_product_product_050_udHDq62Dgpc.jpg,false,,product,0.003869111416861415
real_product_product_145_F7FhTijeOG8.jpg,false,,product,0.009355350397527218
real_product_product_137_OmfMncXSshw.jpg,false,,product,0.004312670323997736
real_product_product_041_iW1l64BMMR0.jpg,false,,product,0.0002189087390433997
real_product_product_103_i4Tv0A_n4EQ.jpg,false,,product,0.001652288599871099
real_product_product_073_m3MWJTeKGBg.jpg,false,,product,0.007054109591990709
real_product_product_036_ww2S2eKgbKE.jpg,false,,product,0.012844501994550228
real_product_product_111_utu66oQU6vI.jpg,false,,product,0.0003972532576881349
real_product_product_68_a_woman_holding_a_cigarette_smiling_at_the_camera_on_a_sunny.jpg,false,,product,6.827145625720732e-06
real_product_product_045_00y8k1-0DlA.jpg,false,,product,0.003037300892174244
real_product_product_63_a_picture_of_a_cluttered_home_office_desk.jpg,false,,product,9.023414122566464e-07
real_product_product_54_young_children_sharing_a_laptop_in_a_messy_room_with_several.jpg,false,,product,4.732089280423679e-07
real_product_product_079_8LotN6HsaT4.jpg,false,,product,0.3955320417881012
real_product_product_095_UaaqY7j09B8.jpg,false,,product,2.1273235688568093e-05
real_product_product_71_the_child_smiles_brightly_while_being_handed_a_pink_umbrella.jpg,false,,product,0.001694239443168044
real_product_product_101_G6ntxf-QoSI.jpg,false,,product,0.020238539204001427
real_product_product_66_a_woman_holding_up_a_large_carrot_in_a_backyard.jpg,false,,product,0.0001314364926656708
real_product_product_099_s_IHISlORGo.jpg,false,,product,1.8568172890809365e-05
real_product_product_069_3dVjKoVYgD0.jpg,false,,product,0.00036154576810076833
real_product_product_061_nRVn-_k1uMI.jpg,false,,product,6.128331733634695e-05
real_product_product_64_a_cat_lying_down_in_a_sink_in_a_bathroom.jpg,false,,product,1.75541765656817e-06
real_product_product_049_9ouht2FSTDU.jpg,false,,product,0.9696178436279297
real_product_product_104_CoNkFbYZzBI.jpg,false,,product,1.3794720871374011e-05
real_product_product_144_TE4vKu9w5lI.jpg,false,,product,1.2305413292779122e-05
real_product_product_076_MhPJdWYWbWI.jpg,false,,product,0.0003443462774157524
real_product_product_77_a_motorized_cart_fills_a_train_with_luggage.jpg,false,,product,0.004383737221360207
real_product_product_106_kF8pH4lMkyc.jpg,false,,product,0.006446212064474821
real_product_product_068_fUd_0iyYFVg.jpg,false,,product,3.0577077268389985e-05
real_product_product_73_a_laptop_in_a_bright_yellow_coffee_house.jpg,false,,product,0.0003777185920625925
real_product_product_127_EIH4dHgb6Tg.jpg,false,,product,0.0537240207195282
real_product_product_149_KBqiQ6coMcI.jpg,false,,product,3.5294735425850376e-05
real_product_product_72_a_group_of_people_are_reading_a_menu_at_the_table.jpg,false,,product,0.004673448856920004
real_product_product_085_Si69OZ_9tg0.jpg,false,,product,2.1164532881812192e-05
real_product_product_083_OAlYImdG1IQ.jpg,false,,product,0.0028560326900333166
real_product_product_141_92bRtruSyPU.jpg,false,,product,0.000369599147234112
real_product_product_117_vnCxhLnaxS8.jpg,false,,product,0.056158408522605896
real_product_product_105_skF1azpN4rk.jpg,false,,product,9.305957064498216e-06
real_product_product_072_9rWHrdJfZBw.jpg,false,,product,5.151388540980406e-05
real_product_product_132_aJm2XW384QA.jpg,false,,product,0.01831577718257904
real_product_product_057_AZiyMfuAum4.jpg,false,,product,1.9437300579738803e-05
real_product_product_097_g1MocwsEZhI.jpg,false,,product,3.2625703170197085e-05
real_product_product_74_two_computers_sitting_on_top_of_a_desk.jpg,false,,product,0.00836228858679533
real_product_product_043_B8_YF4fjPwo.jpg,false,,product,0.00011237020225962624
real_product_product_047_BXlSfmhVEzE.jpg,false,,product,0.006360255181789398
real_product_product_062_4Q4LpNP-UAs.jpg,false,,product,0.012375004589557648
real_product_product_69_a_desk_with_a_cup_plate_laptop_monitor_and_keyboard.jpg,false,,product,1.2783895044776727e-06
real_product_product_133_5GibcyAX20Q.jpg,false,,product,0.013529634103178978
real_product_product_170_z14hF-2ssM0.jpg,false,,product,0.0001287646300625056
real_product_product_120_63EhFafADqI.jpg,false,,product,0.8814803957939148
real_product_product_086_vWR6FDWA5hk.jpg,false,,product,0.008315742947161198
real_product_product_100_Pledx042HMI.jpg,false,,product,0.9978469610214233
real_product_product_053_AxdlcxaModc.jpg,false,,product,9.928064537234604e-05
real_product_product_110_9yY6qj6N4Ek.jpg,false,,product,5.6390603276668116e-05
real_product_product_138_gR8QukPoAvQ.jpg,false,,product,8.434204937657341e-05
real_product_product_090_xepikEyPgmI.jpg,false,,product,0.001796332886442542
real_product_product_165_b2_pVdk4lGI.jpg,false,,product,5.532718569156714e-05
real_product_product_136_TH4Ug5gGgD8.jpg,false,,product,5.971085101919016e-06
real_product_product_096_1CQjStL89kQ.jpg,false,,product,0.7322195172309875
real_product_product_52_a_room_with_a_desktop_computer_and_a_picture_of_a_mummy.jpg,false,,product,1.6109222542581847e-06
real_product_product_044_P3BwhD8sa6M.jpg,false,,product,0.0008039936074055731
real_product_product_084__pA5RUGRPvg.jpg,false,,product,0.01799655519425869
real_product_product_153_CjcqO587KRI.jpg,false,,product,0.0009597894968464971
real_product_product_071_XYq2hcSmakA.jpg,false,,product,0.00034212556784041226
real_product_product_129_bQjEEII7G5E.jpg,false,,product,1.9435263311606832e-05
real_product_product_164_pNRLVLA1gNU.jpg,false,,product,0.7092821002006531
real_product_product_67_a_floor_filled_with_the_contents_of_a_womans_bag.jpg,false,,product,2.9634072689077584e-06
real_product_product_158_Ow4X45p6mIw.jpg,false,,product,0.001034618471749127
real_product_product_123_T4xh5oV8LuY.jpg,false,,product,0.0007887610699981451
real_product_product_147_Dx47EsVBnEo.jpg,false,,product,0.0009751910693012178
real_product_product_148_UlNDzqInCXk.jpg,false,,product,0.004241284914314747
real_product_product_064_A_fBQe39A4k.jpg,false,,product,0.03125275671482086
real_product_product_169_en-RjVJurms.jpg,false,,product,0.05261874943971634
real_product_product_088_XLnkWVCPuoU.jpg,false,,product,0.004158004652708769
real_product_product_61_a_marine_that_is_looking_at_his_cell_phone.jpg,false,,product,0.0013307901099324226
real_product_product_109_UuAs_sR4frs.jpg,false,,product,0.4352095425128937
real_product_product_056_ZQm_wg8jxhI.jpg,false,,product,4.234454172546975e-05
real_product_product_052_Lwqv4tEIKOU.jpg,false,,product,4.261616413714364e-05
real_product_product_093_MzFclBeMwSo.jpg,false,,product,0.0019364873878657818
real_product_product_082_gRPFfk_c0HE.jpg,false,,product,0.005861494690179825
real_product_product_055_PMhYnFuj1ls.jpg,false,,product,0.00039737275801599026
real_product_product_152_eORbhX0F4_4.jpg,false,,product,0.00019714029622264206
real_product_product_160_iwwMFnt1GTc.jpg,false,,product,0.0011628478532657027
real_product_product_75_a_computer_mouse_is_beside_a_notebook_computer.jpg,false,,product,1.3929411579738371e-06
real_product_product_122_TVWBH7UHQ7Y.jpg,false,,product,0.0034387886989861727
real_product_product_070_LDlC-35X2uU.jpg,false,,product,0.00019161081581842154
real_product_product_051_MdZFPwlWMYs.jpg,false,,product,2.6142979550058953e-05
real_product_product_060_RAmpnn20rmY.jpg,false,,product,0.0001770301751093939
real_product_product_143_kVuPfz-3HKw.jpg,false,,product,0.00012073019752278924
real_product_product_034_VlgzxZZKQOQ.jpg,false,,product,0.001482796622440219
real_product_product_128_wk8ilTaXqw4.jpg,false,,product,0.003602264216169715
real_product_product_82_a_crowd_of_people_with_umbrellas_on_a_street.jpg,false,,product,0.9634073972702026
real_product_product_119_0QP-0DUaCo4.jpg,false,,product,0.00011366201943019405
real_product_product_159_AWWUNRA1KFw.jpg,false,,product,0.14525249600410461
real_product_product_57_a_big_fancy_glass_chandelier_hanging_in_a_small_kitchen.jpg,false,,product,0.035626571625471115
real_product_product_124_yb3hsmz4utg.jpg,false,,product,0.00695073651149869
real_product_product_78_a_woman_with_suitcases_waiting_for_a_train.jpg,false,,product,1.0679415936465375e-05
real_product_product_155_fSoJ_Kj59zs.jpg,false,,product,0.023242181167006493
real_product_product_156_qiMmrWdYZfg.jpg,false,,product,2.0278652300476097e-05
real_product_product_121_mFFATULxMBU.jpg,false,,product,4.470886415219866e-05
real_product_product_134_n1bbNrNSJH8.jpg,false,,product,0.00090399308828637
real_product_product_074_y26NHYSTZRk.jpg,false,,product,0.0002150359214283526
real_product_product_135_YZIdz19jhqs.jpg,false,,product,8.574151252105366e-06
real_product_product_58_a_beautiful_woman_taking_a_picture_with_her_smart_phone.jpg,false,,product,3.751661643036641e-05
real_product_product_51_a_group_of_people_walking_across_a_busy_city_street.jpg,false,,product,0.0001980648230528459
real_product_product_098_pkfwwofpNUw.jpg,false,,product,0.678790271282196
real_product_product_081_e6z6DVc_JqQ.jpg,false,,product,0.0019456862937659025
real_product_product_76_a_man_in_a_gray_shirt_holds_his_phone_as_he_sits_by_a_man_in.jpg,false,,product,1.39772623697354e-06
real_product_product_037_sxh5dE2bD50.jpg,false,,product,0.0007093749009072781
real_product_product_091_kcy3tHgHpcs.jpg,false,,product,0.005405415315181017
real_product_product_048__CSr-_ZICSY.jpg,false,,product,0.0007959495414979756
real_product_product_167_xWeSCy5BdfI.jpg,false,,product,0.001177305355668068
real_product_product_107_xVptEZzgVfo.jpg,false,,product,0.9065245985984802
real_product_product_151_ICAxsNRt_WM.jpg,false,,product,0.22553174197673798
real_product_product_038_3Cgmcux-cpY.jpg,false,,product,4.584436464938335e-05
real_product_product_56_two_computer_monitors_are_turned_on_on_a_computer_desk.jpg,false,,product,2.4157816369552165e-05
real_product_product_054_eAaoUuAMb7M.jpg,false,,product,0.2076079398393631
real_product_product_163_r1BS0pzlr1M.jpg,false,,product,0.0011837707133963704
real_product_product_108_5GKdpmo0wI8.jpg,false,,product,0.000498722423799336
real_product_product_112_aokIiOCtnXk.jpg,false,,product,0.00011442858522059396
real_product_product_62_a_few_different_computers_are_placed_on_the_desk.jpg,false,,product,2.144214704458136e-05
real_product_product_102_kjfdacDML9M.jpg,false,,product,5.610246444121003e-05
real_product_product_150_kFDyajOyqTA.jpg,false,,product,0.0009208284318447113
real_product_product_59_a_refrigerator_next_to_a_red_wall_in_the_kitchen.jpg,false,,product,3.4097697607649025e-06
real_product_product_059_Lcqz6UUKXRU.jpg,false,,product,0.0001896036701509729
real_product_product_089_IYvYz0j7zpA.jpg,false,,product,8.768025145400316e-05
real_product_product_092_7QyUPe30vqU.jpg,false,,product,0.0009812546195462346
real_product_product_116_xUpbmUINv9o.jpg,false,,product,0.0011607396882027388
real_product_product_142_oNte8riFdX0.jpg,false,,product,0.0012113163247704506
real_product_product_146_wW1raPiIJIU.jpg,false,,product,0.00020166551985312253
real_product_product_79_a_group_of_commuters_standing_around_a_train_station.jpg,false,,product,0.9776322841644287
real_product_product_126_MHBJeSSQfx8.jpg,false,,product,0.00020280337776057422
real_product_product_065_Yu-xv5OzGgo.jpg,false,,product,8.276996231870726e-05
real_product_product_113_pOCcShZwNcs.jpg,false,,product,0.2861747741699219
real_product_product_075_MUv_7l-GRKU.jpg,false,,product,0.00023620270076207817
real_product_product_55_there_is_a_lap_top_computer_on_the_desk.jpg,false,,product,1.4500479892376461e-06
real_product_product_157_fVIiTknYim8.jpg,false,,product,0.0033693748991936445
real_product_product_65_people_laying_in_chairs_walking_and_playing_in_the_water_on.jpg,false,,product,3.4729946492007002e-06
real_product_product_154_nwhqGZ5DcOY.jpg,false,,product,0.000576952297706157
real_product_product_080_QESicPqs_XE.jpg,false,,product,0.0017459406517446041
real_product_product_063_cD_obz7W774.jpg,false,,product,0.021868320181965828
real_product_product_53_a_woman_walking_next_to_a_man_riding_a_pink_bike.jpg,false,,product,0.005895278416574001
real_product_product_131_F-e4-hd1-oA.jpg,false,,product,0.350113183259964
real_product_product_040_uWrLpDAT81g.jpg,false,,product,0.530320405960083
real_product_product_114_vGhpfizChpY.jpg,false,,product,0.0009755869978107512
real_food_food_084_-BSvBlnCvUU.jpg,false,,food,2.6598101612762548e-05
real_food_food_58_man_cutting_a_cake_on_the_table_in_the_kitchen.jpg,false,,food,0.00011041347897844389
real_food_food_035_91czTE5wmCg.jpg,false,,food,0.00612888066098094
real_food_food_039_pGCwAAk04BU.jpg,false,,food,0.001134258694946766
real_food_food_157_-dm8WfhnQU4.jpg,false,,food,2.540622153901495e-05
real_food_food_141_MUdGuohE-Mk.jpg,false,,food,0.03901828080415726
real_food_food_159_K3q1KVUeGQY.jpg,false,,food,0.0020156106911599636
real_food_food_117_dv5SSMfXbs4.jpg,false,,food,0.00032919758814387023
real_food_food_131_l8Y9fVgxrEE.jpg,false,,food,2.1670928617822938e-05
real_food_food_170_rDLBArZUl1c.jpg,false,,food,5.831028101965785e-05
real_food_food_123_49EKj06dQCc.jpg,false,,food,6.199230119818822e-05
real_food_food_155_h5yMpgOI5nI.jpg,false,,food,0.0016817699652165174
real_food_food_165_9PDBbyJc2eE.jpg,false,,food,1.799499659682624e-05
real_food_food_063_bgHJL294VVY.jpg,false,,food,0.00032190605998039246
real_food_food_118_xXIRSZmzvU8.jpg,false,,food,8.912842167774215e-05
real_food_food_037_dQIcaRtNZtQ.jpg,false,,food,0.00028905089129693806
real_food_food_110_o8PCoxDO8PQ.jpg,false,,food,0.0010113419266417623
real_food_food_59_a_white_plate_with_some_food_and_two_trays_of_sauce.jpg,false,,food,1.656639506109059e-05
real_food_food_81_a_table_topped_with_plates_bowls_and_containers_of_food.jpg,false,,food,4.403560524224304e-05
real_food_food_056_qw6_11-Ob48.jpg,false,,food,0.0059677064418792725
real_food_food_169_T5Pm7ZId3sc.jpg,false,,food,0.003094773506745696
real_food_food_048_BxY-nv-RBsA.jpg,false,,food,0.0019826896023005247
real_food_food_036_HkaSi5Fvc0s.jpg,false,,food,0.00012183395301690325
real_food_food_077_LOdAL10JejI.jpg,false,,food,0.0010988858994096518
real_food_food_069_av5GTf-KxcI.jpg,false,,food,5.4047617595642805e-05
real_food_food_152_gDwonOrdh0Q.jpg,false,,food,3.0085186153883114e-05
real_food_food_68_a_bunch_of_oranges_are_sitting_in_a_clear_fruit_bowl.jpg,false,,food,0.5138526558876038
real_food_food_167_3Vr4qQvQn34.jpg,false,,food,0.003863269928842783
real_food_food_163_vExD0Y0Aei0.jpg,false,,food,0.0014505769358947873
real_food_food_151_FyDHcvRi3QI.jpg,false,,food,0.0004089808790013194
real_food_food_135_jdcifvdsJZg.jpg,false,,food,0.0002932707720901817
real_food_food_57_the_meal_of_fish_has_a_side_of_broccoli.jpg,false,,food,0.12110449373722076
real_food_food_164_1Uqr_jqi3c4.jpg,false,,food,3.45297776220832e-05
real_food_food_072_t1_BuMsRRsI.jpg,false,,food,2.0098064851481467e-05
real_food_food_096_JVd2FchPjCg.jpg,false,,food,1.4382846529770177e-05
real_food_food_114_ozVQrfENFOs.jpg,false,,food,0.008802338503301144
real_food_food_78_three_round_plates_filled_with_artistically_presented_food.jpg,false,,food,2.5418059976800578e-06
real_food_food_051_GCEK8Jo_vGM.jpg,false,,food,3.850965003948659e-05
real_food_food_130_QYU_U2wXxig.jpg,false,,food,2.470716026437003e-05
real_food_food_089_sp2lfKOUzAM.jpg,false,,food,0.008783661760389805
real_food_food_52_a_kitchen_that_has_a_table_and_a_chair.jpg,false,,food,0.0008180805598385632
real_food_food_149_G8qVZEiyCJU.jpg,false,,food,0.0004796130524482578
real_food_food_078_tz0moLxAMCc.jpg,false,,food,1.298826373385964e-05
real_food_food_080_zyLgpFi4Tvg.jpg,false,,food,0.00024802074767649174
real_food_food_068_aFa_Fu12bj8.jpg,false,,food,0.2341299206018448
real_food_food_050_M5kI-5OFviE.jpg,false,,food,7.228315371321514e-05
real_food_food_034_dY7ONzZzoU8.jpg,false,,food,5.712998245144263e-05
real_food_food_143_1fxcQYy5OXc.jpg,false,,food,0.0004914138116873801
real_food_food_148_6dC5tYPiD2s.jpg,false,,food,6.9002403506601695e-06
real_food_food_64_a_kitchen_with_a_bright_window_and_house_plants.jpg,false,,food,1.471551740905852e-06
real_food_food_046_YQPTf86GvpM.jpg,false,,food,0.002863925416022539
real_food_food_052_n5Wvn6wU1Xw.jpg,false,,food,1.130029068008298e-05
real_food_food_80_a_lot_of_food_that_are_in_some_baskets.jpg,false,,food,0.0002467287122271955
real_food_food_124_hhZDn50B17c.jpg,false,,food,0.0003750411851797253
real_food_food_139_8v38azmFYr8.jpg,false,,food,0.00024271622532978654
real_food_food_094_9oUL0x_puck.jpg,false,,food,3.818673940259032e-05
real_food_food_075_SidputyP-eE.jpg,false,,food,0.001110152225010097
real_food_food_053_rf0XgpH-2ao.jpg,false,,food,0.0003552221751306206
real_food_food_67_a_person_adjusting_a_metal_object_hanging_from_a_ceiling.jpg,false,,food,9.438648703508079e-06
real_food_food_53_a_group_of_people_sitting_around_a_table_filled_with_food.jpg,false,,food,1.1076295777456835e-05
real_food_food_104_0byawXfQl5c.jpg,false,,food,0.0003150257689412683
real_food_food_125_NNddPCQDhyw.jpg,false,,food,0.00048331182915717363
real_food_food_128_GVxJRsudSIU.jpg,false,,food,0.0024689293932169676
real_food_food_079_POg3Z47YPkM.jpg,false,,food,0.0001183289714390412
real_food_food_72_a_newly_married_couple_sharing_a_piece_of_there_wedding_cake.jpg,false,,food,1.0439454854349606e-05
real_food_food_055_dSZQC7vVf5M.jpg,false,,food,1.6781792510300875e-05
real_food_food_54_two_birds_preparing_to_eat_food_off_of_a_plate_that_was_left.jpg,false,,food,0.03448547050356865
real_food_food_138_E1ZwXiBD7LA.jpg,false,,food,0.00021717094932682812
real_food_food_147_cRPz6-ryzSg.jpg,false,,food,4.654191798181273e-06
real_food_food_054_mV4oTSZR4eA.jpg,false,,food,0.004068038892000914
real_food_food_62_a_man_that_is_sitting_down_on_a_bench_in_front_of_a_table.jpg,false,,food,1.3439032954920549e-05
real_food_food_61_food_on_a_train_with_a_pie_and_some_vegetable.jpg,false,,food,4.049046037835069e-05
real_food_food_50_bride_and_grooms_arms_cutting_the_wedding_cake_with_fruit_on.jpg,false,,food,1.374339831272664e-06
real_food_food_56_a_breakfast_plate_with_toast_vegetables_eggs_and_meat.jpg,false,,food,4.7160421672742814e-05
real_food_food_038_eD3gkNVlm94.jpg,false,,food,0.0002825286937877536
real_food_food_132_ONeUTPIkoEs.jpg,false,,food,0.00019354101095814258
real_food_food_093_7DpEKohpOhQ.jpg,false,,food,0.0003406986652407795
real_food_food_137_AELjKcCaNSk.jpg,false,,food,2.2653892301605083e-05
real_food_food_070_4l5BlL6OX7A.jpg,false,,food,0.07832428812980652
real_food_food_090_YwH212PJk0Q.jpg,false,,food,0.00027780787786468863
real_food_food_121_xd0g61tGBgc.jpg,false,,food,0.00011527713650139049
real_food_food_133_PMOAfRP_kLI.jpg,false,,food,0.0002035752113442868
real_food_food_150_tIvWsbppj5k.jpg,false,,food,0.00010003405623137951
real_food_food_059_ELISIYFi-ws.jpg,false,,food,1.103009344660677e-05
real_food_food_140_PBXZSIQ0XTg.jpg,false,,food,1.874981535365805e-05
real_food_food_75_a_group_of_people_that_are_standing_in_front_of_a_island.jpg,false,,food,0.05980781838297844
real_food_food_062_JZ5WREw9664.jpg,false,,food,0.00031243645935319364
real_food_food_098__WuZ9cOPc6M.jpg,false,,food,1.9327690097270533e-05
real_food_food_044_s-4i34Z07To.jpg,false,,food,0.0009931197855621576
real_food_food_064_cuaxqIA_pk0.jpg,false,,food,0.00017746113007888198
real_food_food_074_v9MpHbQimqY.jpg,false,,food,0.001972668105736375
real_food_food_156_XU1-sAMZFqc.jpg,false,,food,0.026181770488619804
real_food_food_120_raakZHcgWWw.jpg,false,,food,0.035395678132772446
real_food_food_060_dUeD4im5YSQ.jpg,false,,food,0.00012578362657222897
real_food_food_145_aw47u5DHXEg.jpg,false,,food,0.0009514223202131689
real_food_food_058_ue4AfKGEQoA.jpg,false,,food,1.0525696779950522e-05
real_food_food_127_OKT6Ce9fwqI.jpg,false,,food,0.00015838019317016006
real_food_food_067_3OSiYv09hhs.jpg,false,,food,0.0005934530054219067
real_food_food_168_sFPxZsn8cwU.jpg,false,,food,1.2218271876918152e-05
real_food_food_091_nrfSpR3_4yE.jpg,false,,food,1.5701403754064813e-05
real_food_food_144_YvEGiuPZ0Sg.jpg,false,,food,0.011243379674851894
real_food_food_107_f87RdAQSoJk.jpg,false,,food,0.00021554500563070178
real_food_food_126_AgWVcQz1bOA.jpg,false,,food,5.085359589429572e-05
real_food_food_158_j1KUsXahuXk.jpg,false,,food,0.0002579874999355525
real_food_food_049_BPsqF6C_Ou8.jpg,false,,food,0.008554046973586082
real_food_food_042_pyFWN-TrXvk.jpg,false,,food,4.759501462103799e-05
real_food_food_111_GlWOWrJXk5s.jpg,false,,food,0.00035492697497829795
real_food_food_71_belgium_waffle_loaded_with_bananas_topped_with_powdered_suga.jpg,false,,food,8.847266144584864e-06
real_food_food_092_69P8Y4ErG0Y.jpg,false,,food,0.0034546214155852795
real_food_food_73_a_plate_with_bacon_eggs_and_hamburger_topped_with_bananas.jpg,false,,food,1.1779025953728706e-05
real_food_food_076_IrM6Fvhmc9k.jpg,false,,food,3.39009020535741e-05
real_food_food_136_ZHW1qo-VRXM.jpg,false,,food,0.00015125106438063085
real_food_food_083_HgoEnDWOGrA.jpg,false,,food,0.028034033253788948
real_food_food_109_HbQj2RAanTs.jpg,false,,food,0.0019145691767334938
real_food_food_043_siHk8IfK_Ec.jpg,false,,food,8.350153075298294e-05
real_food_food_113_n2sQQ6XjqfE.jpg,false,,food,0.0019536844920367002
real_food_food_82_a_kitchen_with_a_center_white_island_topped_with_a_bowl_of_g.jpg,false,,food,4.6590572310378775e-05
real_food_food_51_a_bowl_of_some_broccoli_that_is_chopped.jpg,false,,food,1.2971973774256185e-05
real_food_food_154_VpjPHuFAI-4.jpg,false,,food,0.0006038417341187596
real_food_food_162_f4GdYFpUyH8.jpg,false,,food,9.179121116176248e-05
real_food_food_045_iRVq6avVGDE.jpg,false,,food,0.0002599436847958714
real_food_food_129_3P0BmvFk5rg.jpg,false,,food,5.049065293860622e-06
real_food_food_74_a_sandwich_with_nachos_and_a_salad_on_a_plate.jpg,false,,food,1.769891127878509e-06
real_food_food_071_9cH-uVU__0c.jpg,false,,food,0.0005097800167277455
real_food_food_79_a_tray_of_various_foods_next_to_drinks_on_a_table.jpg,false,,food,2.5381134037161246e-05
real_food_food_115_YjJFJDai9zg.jpg,false,,food,0.0009784194407984614
real_food_food_100_OSwea3yxjT0.jpg,false,,food,8.557052933610976e-05
real_food_food_088_QPKJZvqMaDs.jpg,false,,food,0.022516710683703423
real_food_food_040_a7nzCe8FlT4.jpg,false,,food,5.217880698182853e-06
real_food_food_108_ixC7gmLcKaQ.jpg,false,,food,0.019860172644257545
real_food_food_63_a_man_preparing_food_in_a_restaurant_kitchen.jpg,false,,food,9.166279596684035e-06
real_food_food_066_s0oNVwpU9NE.jpg,false,,food,0.0006489593652077019
real_food_food_134_T-tgZmKFRZU.jpg,false,,food,6.633227894781157e-05
real_food_food_161_AX8z0xXzrUo.jpg,false,,food,0.0005255109281279147
real_food_food_69_a_scene_of_an_apartment_with_a_dining_table_and_a_couple_of.jpg,false,,food,0.011583802290260792
real_food_food_073_kswmO8BRzQQ.jpg,false,,food,0.0019662403501570225
real_food_food_66_a_plate_of_bananas_and_sliced_oranges_covered_in_butterflies.jpg,false,,food,0.011018391698598862
real_food_food_102_DuObvMLmc8M.jpg,false,,food,5.293465801514685e-05
real_food_food_097_jT86IpheR2w.jpg,false,,food,0.006138138938695192
real_food_food_103_Fff5ve-rGVA.jpg,false,,food,0.04454822093248367
real_food_food_081_lgvvFFplBHw.jpg,false,,food,1.952929414983373e-05
real_food_food_041_qDdv33C-BSw.jpg,false,,food,0.0001849331456469372
real_food_food_085_WT_nZUfAmBc.jpg,false,,food,0.00012191134737804532
real_food_food_047_qpZlQ8IIghI.jpg,false,,food,0.3617858588695526
real_food_food_160_uRqMI5Nw4Yc.jpg,false,,food,0.000505273521412164
real_food_food_065_Q5QspluNZmM.jpg,false,,food,0.001474233460612595
real_food_food_119_47urRDhCphA.jpg,false,,food,0.00019667109881993383
real_food_food_095_WY_EKY3taJE.jpg,false,,food,0.00013686514284927398
real_food_food_087_oYllk_NdgA0.jpg,false,,food,0.002228699391707778
real_food_food_061_DCZGNIZjz_Q.jpg,false,,food,0.0964992418885231
real_food_food_65_a_small_bowl_of_fruit_on_a_table.jpg,false,,food,0.035341065376996994
real_food_food_76_three_bowls_filled_with_vegetables_on_top_of_a_table.jpg,false,,food,4.2773524910444394e-05
real_food_food_146_fv7ttjeTgyM.jpg,false,,food,0.0005243936320766807
real_food_food_70_a_sandwich_sitting_on_top_of_a_pile_of_fries.jpg,false,,food,5.353605843083642e-07
real_food_food_099_gyaPIZZjV_A.jpg,false,,food,3.3720157261996064e-06
real_food_food_057_v8-cAH5cmTU.jpg,false,,food,3.198034755769186e-05
real_food_food_77_a_bowl_that_has_soup_and_a_spoon_in_it.jpg,false,,food,0.9886534810066223
real_food_food_166_lZ98dwbkTws.jpg,false,,food,2.9201442885096185e-05
real_food_food_082_w-LpijUp8yw.jpg,false,,food,0.00013494206359609962
real_food_food_101_OZhdQm_OjX4.jpg,false,,food,5.24048664374277e-05
real_food_food_153_Rh8vxWHc5DA.jpg,false,,food,0.004185655154287815
real_food_food_112_T8I3UuK-QXY.jpg,false,,food,8.276585867861286e-05
real_food_food_106_0b4sfNTqBLU.jpg,false,,food,0.018657060340046883
real_food_food_105_jCTo3MAtzjA.jpg,false,,food,1.0988109352183528e-05
real_food_food_122_4Y_bVu4j0cA.jpg,false,,food,0.000674524053465575
real_food_food_142_YY5uHzZV6Wo.jpg,false,,food,0.00711979391053319
real_food_food_086_lz8rih2cNJQ.jpg,false,,food,0.00019981007790192962
real_food_food_55_a_beautiful_dessert_waiting_to_be_shared_by_two_people.jpg,false,,food,3.756605337912333e-07
real_food_food_116_dpQqhZRyF7w.jpg,false,,food,0.0005733600119128823
real_food_food_60_two_computers_sitting_on_top_of_a_desk.jpg,false,,food,0.00836228858679533
real_animal_animal_141_L79Jcm80Y3U.jpg,false,,animal,0.0019585757981985807
real_animal_animal_050_CBK17BPteJE.jpg,false,,animal,4.1507937567075714e-05
real_animal_animal_044_7pMTQP_kIhg.jpg,false,,animal,8.398552381549962e-06
real_animal_animal_132_J4DL0onKVng.jpg,false,,animal,0.013273567892611027
real_animal_animal_50_a_calico_cat_drinking_from_a_sink_faucet.jpg,false,,animal,1.2718109019260737e-06
real_animal_animal_142_ScLYGfuCqQg.jpg,false,,animal,0.000655673851724714
real_animal_animal_061_KKK-mavLRIY.jpg,false,,animal,0.00032428433769382536
real_animal_animal_131_NoNqa205O40.jpg,false,,animal,0.00015091696695890278
real_animal_animal_163_ujOHucbnC94.jpg,false,,animal,6.940009188838303e-05
real_animal_animal_058_UsDyOmKQjzo.jpg,false,,animal,0.003865164238959551
real_animal_animal_118_O-dnv951XTY.jpg,false,,animal,1.2195246199553367e-05
real_animal_animal_124_idMSI66-1NQ.jpg,false,,animal,8.886180694389623e-06
real_animal_animal_69_a_couple_of_people_that_are_biking_down_a_road.jpg,false,,animal,0.4077692925930023
real_animal_animal_089_4KV3SKyHNjE.jpg,false,,animal,0.0003881365992128849
real_animal_animal_61_a_dog_laying_down_licking_food_off_of_a_plate.jpg,false,,animal,4.573605565383332e-06
real_animal_animal_140_bj7ALDr6E-o.jpg,false,,animal,0.00013546057743951678
real_animal_animal_097_sCgBFOArERk.jpg,false,,animal,0.00012828875333070755
real_animal_animal_054_Qv8NgYRjSn4.jpg,false,,animal,0.014332563616335392
real_animal_animal_082_hvkcofV0bvw.jpg,false,,animal,0.00010275867680320516
real_animal_animal_107_4rezxlfTrGA.jpg,false,,animal,0.0003187255351804197
real_animal_animal_126_IOvOeZRGanM.jpg,false,,animal,0.00026166014140471816
real_animal_animal_127_4sMVrh8-S1g.jpg,false,,animal,0.9957370758056641
real_animal_animal_078_YzfCevgzsPI.jpg,false,,animal,2.963340921269264e-05
real_animal_animal_062_J7X_npgVujU.jpg,false,,animal,0.00027045776369050145
real_animal_animal_53_bird_sits_atop_cattle_on_snow_covered_field.jpg,false,,animal,1.292602246394381e-05
real_animal_animal_096_nvDnfWuSyD8.jpg,false,,animal,0.008183391764760017
real_animal_animal_048_YvYBOSiBJE8.jpg,false,,animal,8.274044375866652e-05
real_animal_animal_038_CiacXjCwb3g.jpg,false,,animal,4.7303925384767354e-05
real_animal_animal_103__GQCzeh1oWk.jpg,false,,animal,0.0008369997958652675
real_animal_animal_115_qvkA4FMTNKo.jpg,false,,animal,0.0005199745064601302
real_animal_animal_150_eNi9DGpVYWk.jpg,false,,animal,2.642169056343846e-05
real_animal_animal_037_j3JAI9KXJ-c.jpg,false,,animal,5.169677024241537e-06
real_animal_animal_071_zjKxb4xhBXc.jpg,false,,animal,0.2048751413822174
real_animal_animal_064_uLMM6TyPfGw.jpg,false,,animal,0.001636895234696567
real_animal_animal_152_JkVNRBpFSK8.jpg,false,,animal,9.971201507141814e-06
real_animal_animal_145_Qtg_270Aa_I.jpg,false,,animal,0.0003789361799135804
real_animal_animal_060_lZts59erQVw.jpg,false,,animal,0.004325129557400942
real_animal_animal_114_J0-ZaraetTE.jpg,false,,animal,0.0006347255548462272
real_animal_animal_79_a_herd_of_cattle_and_zebra_standing_next_to_each_other_on_a.jpg,false,,animal,4.276825620763702e-06
real_animal_animal_047_uHHA_YklxMc.jpg,false,,animal,8.427396096521989e-05
real_animal_animal_036_xlTolOtNLZM.jpg,false,,animal,7.620413816766813e-05
real_animal_animal_169_rxFkfMJL9tw.jpg,false,,animal,0.0005357093177735806
real_animal_animal_074_TfakEsc83HU.jpg,false,,animal,0.0013644087594002485
real_animal_animal_138_t5rBtxLiHj8.jpg,false,,animal,0.001106091309338808
real_animal_animal_049_nwaiAiHAVEY.jpg,false,,animal,0.0003091157122980803
real_animal_animal_043_Dv45FbzLiik.jpg,false,,animal,5.911624612053856e-05
real_animal_animal_091_yRdK7ijQPNw.jpg,false,,animal,0.00017985831073019654
real_animal_animal_053_CACQDEJknBs.jpg,false,,animal,2.3334861907642335e-05
real_animal_animal_170_P6s8EbcSgmA.jpg,false,,animal,0.002987408544868231
real_animal_animal_166_jh6YaoB0TBw.jpg,false,,animal,0.00027124022017233074
real_animal_animal_144_ihivSSUOpno.jpg,false,,animal,0.0005896363290958107
real_animal_animal_158_fkxUyu6F2L8.jpg,false,,animal,0.0001917049230542034
real_animal_animal_046_88Kt5KHUe_8.jpg,false,,animal,0.0007831201073713601
real_animal_animal_73_a_small_motor_bike_outside_of_the_garage.jpg,false,,animal,1.5736786735942587e-06
real_animal_animal_108_JNHrBVfdT_A.jpg,false,,animal,0.0004807891964446753
real_animal_animal_151_8LPgWfHgcMg.jpg,false,,animal,0.00016907733515836298
real_animal_animal_075_PA3F7YWHUPM.jpg,false,,animal,1.075549971574219e-05
real_animal_animal_041_-96qBKyFefQ.jpg,false,,animal,0.0009758063824847341
real_animal_animal_095_iuoIlOvTa6g.jpg,false,,animal,0.00014000324881635606
real_animal_animal_139_i80SbIDgFf8.jpg,false,,animal,2.4992408725665882e-05
real_animal_animal_092_mg-k04n58xY.jpg,false,,animal,0.0011009338777512312
real_animal_animal_068_ZBR7NAYRR4M.jpg,false,,animal,0.00028112370637245476
real_animal_animal_083_2QHHOAPI--I.jpg,false,,animal,0.002252450678497553
real_animal_animal_143_7xYdOPDfNcE.jpg,false,,animal,0.0005553237278945744
real_animal_animal_094_bmwUCv0wMIU.jpg,false,,animal,0.0016049762489274144
real_animal_animal_70_a_street_scene_with_a_person_on_a_motorcycle.jpg,false,,animal,6.045996997272596e-05
real_animal_animal_56_a_flock_of_goats_and_some_men_watching_them.jpg,false,,animal,0.0037060927134007215
real_animal_animal_123_o-c4UrB0WBA.jpg,false,,animal,6.0942795244045556e-05
real_animal_animal_066_rh7KA6jVJFM.jpg,false,,animal,8.632248500362039e-05
real_animal_animal_134_GVe30cQ8CWU.jpg,false,,animal,0.00021069894137326628
real_animal_animal_160_A_unG6e0Cug.jpg,false,,animal,1.966326635738369e-05
real_animal_animal_070_iY8qBtToC0o.jpg,false,,animal,0.0028742931317538023
real_animal_animal_111_22_r4pgeL28.jpg,false,,animal,0.020826026797294617
real_animal_animal_113_knB89oNur0A.jpg,false,,animal,0.02259881980717182
real_animal_animal_78_a_giraffe_standing_in_a_field_next_to_a_fence.jpg,false,,animal,0.00027946685440838337
real_animal_animal_063_oajraKUY0uQ.jpg,false,,animal,0.0005372479208745062
real_animal_animal_155_85YNg0KtSPw.jpg,false,,animal,4.9478625442134216e-05
real_animal_animal_056_Nzzk-pOcqvA.jpg,false,,animal,8.519866241840646e-05
real_animal_animal_161_f3Os5oCc874.jpg,false,,animal,0.00021139519230928272
real_animal_animal_067_KmmVj3LY4lA.jpg,false,,animal,1.0356516213505529e-05
real_animal_animal_60_a_grouping_of_zebras_in_a_pen_next_to_a_giraffe.jpg,false,,animal,0.00010461537749506533
real_animal_animal_133_nzPivGosPIQ.jpg,false,,animal,0.0001264870079467073
real_animal_animal_122_t81H__wdxlc.jpg,false,,animal,6.980090984143317e-05
real_animal_animal_098_RMj_T-DMgDA.jpg,false,,animal,2.3698301447439007e-05
real_animal_animal_077_vVh9BUJIizQ.jpg,false,,animal,0.0008803595555946231
real_animal_animal_087__qLFof8-Loo.jpg,false,,animal,4.8528607294429094e-05
real_animal_animal_088_1tXeMpkssik.jpg,false,,animal,0.00010035162995336577
real_animal_animal_164_wAP_IBPhn-4.jpg,false,,animal,5.1148028433090076e-05
real_animal_animal_76_a_dog_is_tied_to_a_fire_hydrant.jpg,false,,animal,6.909982766956091e-05
real_animal_animal_080_49TMUrNQDQ0.jpg,false,,animal,0.02312251180410385
real_animal_animal_75_a_family_of_giraffes_by_a_few_zebras_and_a_gazelle.jpg,false,,animal,1.4045975149201695e-05
real_animal_animal_085_U9frYiUp1Qg.jpg,false,,animal,0.002244173316285014
real_animal_animal_100_PJTfOzSo8fQ.jpg,false,,animal,0.0004266086616553366
real_animal_animal_51_a_bunch_of_sheep_in_the_snow_behind_a_barbed_wire_fence.jpg,false,,animal,4.8260703806590755e-06
real_animal_animal_072_eX45lve1DIo.jpg,false,,animal,1.0703355656005442e-05
real_animal_animal_105_DORi0W_afqk.jpg,false,,animal,1.1777059626183473e-05
real_animal_animal_148_Xr4TYgSEXqQ.jpg,false,,animal,0.00011073888163082302
real_animal_animal_65_a_cats_sits_on_the_table_with_a_dog_outside.jpg,false,,animal,0.0003300237003713846
real_animal_animal_102_Cl8iDlk008c.jpg,false,,animal,1.336639434157405e-05
real_animal_animal_147_nlF8qaFWI0w.jpg,false,,animal,0.0005789666320197284
real_animal_animal_63_rear_view_mirror_reflection_showing_a_dog_in_the_back_seat.jpg,false,,animal,6.70079025439918e-05
real_animal_animal_045_eo93HAoalwQ.jpg,false,,animal,0.14757736027240753
real_animal_animal_77_a_herd_of_sheep_standing_next_to_each_other_on_dirt_ground.jpg,false,,animal,1.0192766239924822e-05
real_animal_animal_081_TNMOJYUteDU.jpg,false,,animal,0.0006880524451844394
real_animal_animal_64_a_dog_following_a_man_on_his_horse_in_a_field.jpg,false,,animal,0.00032282681786455214
real_animal_animal_120_EdlNaRhg9ik.jpg,false,,animal,0.0004995745257474482
real_animal_animal_052_tmrQPLJpBrk.jpg,false,,animal,0.0001844231883296743
real_animal_animal_129_IwiaImVNcQU.jpg,false,,animal,0.0004874938749708235
real_animal_animal_042_1qT-zMTRFp0.jpg,false,,animal,0.002009117044508457
real_animal_animal_74_a_cat_standing_on_the_edge_of_a_sink_drink_water.jpg,false,,animal,5.003294063499197e-06
real_animal_animal_125_snhqHThkCRE.jpg,false,,animal,5.154385871719569e-05
real_animal_animal_153_FBOP5an6h74.jpg,false,,animal,1.970806079043541e-05
real_animal_animal_66_a_bunch_of_sheep_make_their_way_through_the_crowded_city_str.jpg,false,,animal,1.937189836098696e-06
real_animal_animal_168_g9M46POadWU.jpg,false,,animal,0.000852175522595644
real_animal_animal_101_iQC6u4ejuGE.jpg,false,,animal,0.0001811581023503095
real_animal_animal_57_a_cat_walking_through_a_kitchen_by_a_eating_tray.jpg,false,,animal,7.856780825932219e-07
real_animal_animal_149_E12vXZq9AZA.jpg,false,,animal,9.001175931189209e-05
real_animal_animal_156_yiwB58St4bE.jpg,false,,animal,0.00021424758597277105
real_animal_animal_093_mYxtYpSJvbw.jpg,false,,animal,3.5057302739005536e-05
real_animal_animal_165_PChlguQgbCw.jpg,false,,animal,3.221561564714648e-05
real_animal_animal_62_a_cat_eating_a_bird_it_has_caught.jpg,false,,animal,1.4870468476146925e-05
real_animal_animal_084_QRzQlECEbsk.jpg,false,,animal,0.01701315864920616
real_animal_animal_109_P6InS7LxUS4.jpg,false,,animal,4.5279917685547844e-05
real_animal_animal_121_ZOGamuDrPJw.jpg,false,,animal,0.0005940956179983914
real_animal_animal_81_three_sheep_are_grazing_in_the_field_next_to_the_water.jpg,false,,animal,7.118463258848351e-07
real_animal_animal_157_VSVcEzWsqyc.jpg,false,,animal,0.012008928693830967
real_animal_animal_80_many_woolly_sheep_standing_together_in_the_field.jpg,false,,animal,2.5758134142961353e-05
real_animal_animal_090_fRJGUAQ6uNg.jpg,false,,animal,9.710142876429018e-06
real_animal_animal_110_HPHtMOJvHDM.jpg,false,,animal,0.0010578607907518744
real_animal_animal_055_feos9QXjxJY.jpg,false,,animal,6.095249773352407e-05
real_animal_animal_069_q0J6zQPO-zw.jpg,false,,animal,0.20730814337730408
real_animal_animal_58_two_men_herding_a_pack_of_elephants_across_a_field.jpg,false,,animal,0.00031030800892040133
real_animal_animal_104_1Ytzecs_XU4.jpg,false,,animal,0.0004822630435228348
real_animal_animal_55_a_horse_in_a_pasture_of_tall_grass_observing_an_energetic_do.jpg,false,,animal,1.0986788765876554e-05
real_animal_animal_079_m_wgaQ-sQPQ.jpg,false,,animal,0.0033294681925326586
real_animal_animal_112_cPyHO3eDlsE.jpg,false,,animal,1.1699974493240006e-05
real_animal_animal_034_-Ylz_tc8NOk.jpg,false,,animal,0.00024479159037582576
real_animal_animal_051_PpwK032gSao.jpg,false,,animal,0.005844663362950087
real_animal_animal_099_m5Zy3Ulb3g0.jpg,false,,animal,0.00016818159201648086
real_animal_animal_059_2_3g53wNQk8.jpg,false,,animal,1.1788521078415215e-05
real_animal_animal_039_i_Z1o10BPPk.jpg,false,,animal,6.234891043277457e-05
real_animal_animal_136_fXqOgYJgNBk.jpg,false,,animal,0.0009508061339147389
real_animal_animal_59_a_dog_standing_on_the_back_of_a_brown_car.jpg,false,,animal,1.4672633369627874e-05
real_animal_animal_119_70s5ZKzNkac.jpg,false,,animal,0.0021724561229348183
real_animal_animal_52_a_cat_sitting_on_the_floor_watching_television.jpg,false,,animal,3.768896021938417e-06
real_animal_animal_82_a_couple_of_cows_and_some_birds_flying_in_the_sky.jpg,false,,animal,2.5196086426149122e-05
real_animal_animal_154_IHHiw3VMZvc.jpg,false,,animal,0.00013382862380240113
real_animal_animal_035_vQvq16ZQM60.jpg,false,,animal,2.539063189033186e-06
real_animal_animal_54_a_man_riding_a_horse_drawn_carriage_on_a_race_track.jpg,false,,animal,9.705300908535719e-05
real_animal_animal_117_DmnOlnAWRdE.jpg,false,,animal,0.0003901844611391425
real_animal_animal_040_7jXA55Tl4xU.jpg,false,,animal,0.0005244921194389462
real_animal_animal_68_a_cat_outside_looking_through_a_window.jpg,false,,animal,1.30602156787063e-05
real_animal_animal_159_gjDKWxrKrgk.jpg,false,,animal,0.0011719241738319397
real_animal_animal_076_JHxFiw603QA.jpg,false,,animal,0.00034194867475889623
real_animal_animal_162_vLCMWwg5TAs.jpg,false,,animal,0.020490486174821854
real_animal_animal_128_dtYCvr0r_X4.jpg,false,,animal,3.5044668038608506e-05
real_animal_animal_057_n4tWGvk_gWY.jpg,false,,animal,3.80874153051991e-05
real_animal_animal_146_tvH8ECkyQKI.jpg,false,,animal,0.002239676658064127
real_animal_animal_67_a_sheepdog_runs_around_a_herd_of_cows_in_a_fencedin_field.jpg,false,,animal,3.62592727469746e-05
real_animal_animal_72_a_cat_sprawled_out_over_the_top_of_a_laptop_computer_keyboar.jpg,false,,animal,9.138419954979327e-06
real_animal_animal_167_u3XMyl-4OSY.jpg,false,,animal,0.0005450804601423442
real_animal_animal_106_ejAz1xfCyNM.jpg,false,,animal,0.0007453407743014395
real_animal_animal_086_YSoqrTfEWcI.jpg,false,,animal,6.464560101449024e-06
real_animal_animal_116_dSAzIH5UtOI.jpg,false,,animal,0.00012546821380965412
real_animal_animal_073_MVQPTvPYsJs.jpg,false,,animal,0.0004788967489730567
real_animal_animal_065_M8uSC8OPXco.jpg,false,,animal,5.376175977289677e-06
real_animal_animal_137_lHeXOpxzok8.jpg,false,,animal,6.091298928367905e-05
real_animal_animal_71_a_black_ct_with_green_eyes_sitting_in_the_sun.jpg,false,,animal,1.4589211332349805e-06
real_animal_animal_135_Tu_lH5CFFZw.jpg,false,,animal,3.702513640746474e-05
real_animal_animal_130_vPyhiJjBlSM.jpg,false,,animal,0.060540150851011276
real_landscape_landscape_80_this_highway_is_empty_this_early_on_the_morning.jpg,false,,landscape,0.004292446654289961
real_landscape_landscape_59_a_passenger_bus_that_is_parked_in_a_parking_lot.jpg,false,,landscape,0.997342050075531
real_landscape_landscape_073_gtabImSzH-g.jpg,false,,landscape,0.004583524540066719
real_landscape_landscape_160_yaj-SndYOb0.jpg,false,,landscape,0.000867214985191822
real_landscape_landscape_140_pNMH4SDf8us.jpg,false,,landscape,0.0014370627468451858
real_landscape_landscape_117_KQX4AEXEV1g.jpg,false,,landscape,0.06037082150578499
real_landscape_landscape_056_TqfJUbdnCxM.jpg,false,,landscape,7.789851224515587e-05
real_landscape_landscape_05_foggy_forest_hills.jpg,false,,landscape,1.1335822819091845e-05
real_landscape_landscape_118_z7IW1w4C870.jpg,false,,landscape,0.00010943676170427352
real_landscape_landscape_135_Bwkl85sszNM.jpg,false,,landscape,0.0012833146611228585
real_landscape_landscape_053_E9CrQou9K0Y.jpg,false,,landscape,0.0003008221974596381
real_landscape_landscape_064_pnFNoPuilVI.jpg,false,,landscape,0.0012433839729055762
real_landscape_landscape_154_VFjGgIGNWlI.jpg,false,,landscape,0.0004449763800948858
real_landscape_landscape_09_starry_night_mountains.jpg,false,,landscape,0.004127741791307926
real_landscape_landscape_124__rsGm7nob3w.jpg,false,,landscape,0.00019729991618078202
real_landscape_landscape_079_n6hzRDQ9CM8.jpg,false,,landscape,0.00024486606707796454
real_landscape_landscape_095_YzJlElq6Pc0.jpg,false,,landscape,0.0004009238036815077
real_landscape_landscape_098_F4dGVi1g8rQ.jpg,false,,landscape,0.0006823621224611998
real_landscape_landscape_062_oGrOhXJaHME.jpg,false,,landscape,0.00041800038889050484
real_landscape_landscape_68_a_wooden_bench_and_a_fire_hydrant_on_a_field.jpg,false,,landscape,1.4088582247495651e-05
real_landscape_landscape_119_ENkQJj-7orc.jpg,false,,landscape,8.665676432428882e-05
real_landscape_landscape_81_a_dog_rests_his_head_on_the_edge_of_a_boat_at_sea.jpg,false,,landscape,4.362933850643458e-06
real_landscape_landscape_51_a_green_traffic_light_suspended_above_a_street.jpg,false,,landscape,0.0005085021839477122
real_landscape_landscape_085_cCthPLHmrzI.jpg,false,,landscape,0.00016996118938550353
real_landscape_landscape_060_jdaigQmK-qA.jpg,false,,landscape,0.3783804774284363
real_landscape_landscape_58_a_passenger_train_that_has_some_graffiti_on_it.jpg,false,,landscape,3.406624455237761e-05
real_landscape_landscape_077_ID4OhGirKvg.jpg,false,,landscape,0.004747059661895037
real_landscape_landscape_133_-5eZ1-Ie68w.jpg,false,,landscape,2.5954062948585488e-05
real_landscape_landscape_086_ke-voL7t_I8.jpg,false,,landscape,0.00013086847320664674
real_landscape_landscape_143_-hbbmFHQYiw.jpg,false,,landscape,0.0015058718854561448
real_landscape_landscape_080_1DPIP44atys.jpg,false,,landscape,0.0010263811564072967
real_landscape_landscape_110_02YdrfDb3UE.jpg,false,,landscape,2.573392521298956e-05
real_landscape_landscape_116_sNKwtrVQ4hU.jpg,false,,landscape,3.8122041587485e-05
real_landscape_landscape_157_nMhbF-YMdXE.jpg,false,,landscape,0.0006510929088108242
real_landscape_landscape_051_4k8UHZC1-6k.jpg,false,,landscape,7.454535079887137e-05
real_landscape_landscape_161_CL665uHJb7c.jpg,false,,landscape,8.680653263581917e-05
real_landscape_landscape_093_UazfuoH2sRU.jpg,false,,landscape,1.320016963290982e-05
real_landscape_landscape_55_a_green_traffic_light_a_street_some_buildings_and_some_other.jpg,false,,landscape,0.10548613965511322
real_landscape_landscape_82_a_large_bus_on_the_side_of_the_road.jpg,false,,landscape,9.36339347390458e-06
real_landscape_landscape_045_W3wgy9tDgto.jpg,false,,landscape,0.008379071019589901
real_landscape_landscape_120_afwi-D9xmt4.jpg,false,,landscape,0.02748705819249153
real_landscape_landscape_099_kDrTt4sCC7I.jpg,false,,landscape,0.00023614639940205961
real_landscape_landscape_167_60cbKmNJ-ls.jpg,false,,landscape,4.4241180148674175e-05
real_landscape_landscape_046_wgH3Lzgmm_c.jpg,false,,landscape,0.00025934609584510326
real_landscape_landscape_072_jYkvecfWgx0.jpg,false,,landscape,0.044127944856882095
real_landscape_landscape_048_PA0KerQ0lHg.jpg,false,,landscape,0.04972746968269348
real_landscape_landscape_126_Cmjq13jc_2g.jpg,false,,landscape,0.0005622772732749581
real_landscape_landscape_081_0PgC0jve7u4.jpg,false,,landscape,0.0007950636791065335
real_landscape_landscape_06_waterfall_in_forest.jpg,false,,landscape,0.00047623051796108484
real_landscape_landscape_77_rear_view_mirror_reflection_showing_a_dog_in_the_back_seat.jpg,false,,landscape,6.70079025439918e-05
real_landscape_landscape_147_bUhzlj3gGso.jpg,false,,landscape,7.875267328927293e-05
real_landscape_landscape_69_a_yellow_bus_that_is_sitting_in_the_grass.jpg,false,,landscape,1.4660031411040109e-05
real_landscape_landscape_067_LLD9FKRoqDc.jpg,false,,landscape,0.0044029210694134235
real_landscape_landscape_115_q2Cv_B3_AZI.jpg,false,,landscape,6.869588833069429e-05
real_landscape_landscape_125_4UfCRXv_tGM.jpg,false,,landscape,7.652214844711125e-05
real_landscape_landscape_092__XHphe2atWM.jpg,false,,landscape,7.189226744230837e-05
real_landscape_landscape_109_-UsvhirEIeI.jpg,false,,landscape,0.033113013952970505
real_landscape_landscape_129_5LyYqPEv8w0.jpg,false,,landscape,0.0004299371794331819
real_landscape_landscape_070_uQDRDqpYJHI.jpg,false,,landscape,2.7099496946902946e-05
real_landscape_landscape_71_a_black_and_white_photo_of_a_train.jpg,false,,landscape,2.034786666627042e-05
real_landscape_landscape_057_C69YOsY9lYg.jpg,false,,landscape,3.848964115604758e-05
real_landscape_landscape_089_zjOv1yyUzQg.jpg,false,,landscape,0.0018350728787481785
real_landscape_landscape_130_qOxQEA8obSg.jpg,false,,landscape,0.0002805815020110458
real_landscape_landscape_163_Bz4dHv-9PFQ.jpg,false,,landscape,0.000200866415980272
real_landscape_landscape_071_zjqqKVQZoNg.jpg,false,,landscape,0.00021045238827355206
real_landscape_landscape_76_a_blue_rusted_train_engine_sitting_on_top_of_rail_tracks.jpg,false,,landscape,0.000312574120471254
real_landscape_landscape_114_FCPJn1NeFdI.jpg,false,,landscape,0.000565913156606257
real_landscape_landscape_156_pcgo3E7vJr4.jpg,false,,landscape,0.00013263925211504102
real_landscape_landscape_075_G86MS2ZsiJA.jpg,false,,landscape,2.464554427206167e-06
real_landscape_landscape_059_i7OiHRQkJHY.jpg,false,,landscape,0.005303101614117622
real_landscape_landscape_164_tMYDgAySy9w.jpg,false,,landscape,7.022243607934797e-06
real_landscape_landscape_84_part_of_train_car_with_a_door_to_the_rear_connected_to_the_c.jpg,false,,landscape,3.223826070097857e-06
real_landscape_landscape_083_DlCr9IujpJI.jpg,false,,landscape,0.00021679216297343373
real_landscape_landscape_04_dramatic_mountain_valley.jpg,false,,landscape,7.418573659379035e-05
real_landscape_landscape_02_sunset_over_mountains.jpg,false,,landscape,0.00023371449788101017
real_landscape_landscape_53_a_train_of_many_colors_is_coming_down_the_track.jpg,false,,landscape,0.00016120604414027184
real_landscape_landscape_100_xpLNPVL3IJA.jpg,false,,landscape,0.003083334304392338
real_landscape_landscape_153_6SGsL73EbKM.jpg,false,,landscape,0.00023354499717243016
real_landscape_landscape_107_cssvEZacHvQ.jpg,false,,landscape,0.00047623051796108484
real_landscape_landscape_79_an_orange_train_traveling_along_train_tracks_near_a_train_ya.jpg,false,,landscape,0.0018978402949869633
real_landscape_landscape_090_tZaA8VqJG3g.jpg,false,,landscape,0.025046056136488914
real_landscape_landscape_73_a_tall_church_tower_sitting_on_the_side_of_a_road.jpg,false,,landscape,7.925622776383534e-05
real_landscape_landscape_61_a_wooden_bench_sitting_outside_of_a_home.jpg,false,,landscape,8.009221346583217e-06
real_landscape_landscape_03_lake_reflection.jpg,false,,landscape,0.002053205156698823
real_landscape_landscape_155_DqIyKlJa-2s.jpg,false,,landscape,0.00012347049778327346
real_landscape_landscape_105_ur4NB1f3kQ8.jpg,false,,landscape,3.388774348422885e-05
real_landscape_landscape_128_MasnAA5KqDY.jpg,false,,landscape,0.00030420845723710954
real_landscape_landscape_134_1pFIPoOa--Y.jpg,false,,landscape,0.0013101870426908135
real_landscape_landscape_097_1U6EOU8hiTM.jpg,false,,landscape,1.3620430763694458e-05
real_landscape_landscape_047_58Mkqady7lE.jpg,false,,landscape,0.029346223920583725
real_landscape_landscape_102_T-AOFf2B8Zw.jpg,false,,landscape,3.406374162295833e-05
real_landscape_landscape_83_a_small_bus_parked_in_front_of_a_bus_stop.jpg,false,,landscape,1.9417921066633426e-06
real_landscape_landscape_162_3m4lH961q20.jpg,false,,landscape,2.586022856121417e-05
real_landscape_landscape_122_K5eIMIz8kaI.jpg,false,,landscape,0.00038726915954612195
real_landscape_landscape_069_TdoxXD7aGv8.jpg,false,,landscape,0.0012960619060322642
real_landscape_landscape_165_C2YORgsJqXs.jpg,false,,landscape,0.07522667199373245
real_landscape_landscape_152_ayzzI9nOjWY.jpg,false,,landscape,0.0010480043711140752
real_landscape_landscape_54_white_birds_are_gathered_around_a_water_puddle.jpg,false,,landscape,3.516820652293973e-05
real_landscape_landscape_078_TnLdd0LMfwk.jpg,false,,landscape,0.010047771967947483
real_landscape_landscape_068_aqS6bCynDv8.jpg,false,,landscape,0.011059882119297981
real_landscape_landscape_07_desert_dunes.jpg,false,,landscape,0.002768605249002576
real_landscape_landscape_166_ioAK4HESn6k.jpg,false,,landscape,4.180815085419454e-05
real_landscape_landscape_111_62_2KGyX13E.jpg,false,,landscape,0.00034517503809183836
real_landscape_landscape_60_a_red_and_silver_fire_hydrant_sitting_on_top_of_a_sidewalk.jpg,false,,landscape,3.224241027055541e-06
real_landscape_landscape_158_QAXDmkU60OU.jpg,false,,landscape,0.00034924858482554555
real_landscape_landscape_138_78wDBw9ajUk.jpg,false,,landscape,0.00022801307204645127
real_landscape_landscape_142_3bsVcAbqS7Q.jpg,false,,landscape,3.561010453267954e-05
real_landscape_landscape_131_hoAFrPJlbT0.jpg,false,,landscape,0.00012696212797891349
real_landscape_landscape_106_hu8Mp-XTksA.jpg,false,,landscape,5.555686220759526e-05
real_landscape_landscape_082_ercx7zE_Mzo.jpg,false,,landscape,3.5892604500986636e-05
real_landscape_landscape_132_zUEjNDEEca8.jpg,false,,landscape,0.0005592565867118537
real_landscape_landscape_78_a_yellow_bus_is_on_a_street_near_a_black_guard_rail.jpg,false,,landscape,2.75898401014274e-05
real_landscape_landscape_159_G4su92tyImI.jpg,false,,landscape,0.0021007454488426447
real_landscape_landscape_088_N22iRE8u3MU.jpg,false,,landscape,3.939375892514363e-05
real_landscape_landscape_168_r-PPOX0QQ1g.jpg,false,,landscape,0.0001274318783544004
real_landscape_landscape_074_r2Ug9sXPEHA.jpg,false,,landscape,0.0037217210046947002
real_landscape_landscape_57_a_yellow_and_green_train_at_stop_lights.jpg,false,,landscape,1.1005465239577461e-05
real_landscape_landscape_146__MCLUFQlZ_c.jpg,false,,landscape,3.454061152297072e-05
real_landscape_landscape_096_3eC5n6gHwe8.jpg,false,,landscape,0.001321786898188293
real_landscape_landscape_063_Lm6mqM_KqQY.jpg,false,,landscape,0.0017051706090569496
real_landscape_landscape_145_xZX3pXjQQSw.jpg,false,,landscape,0.0009068992221727967
real_landscape_landscape_74_a_bathroom_with_some_orange_walls_and_a_black_and_white_coun.jpg,false,,landscape,3.645172546384856e-05
real_landscape_landscape_136_awNpFWNTGFY.jpg,false,,landscape,0.006048611365258694
real_landscape_landscape_061_bk4hN4Jvnac.jpg,false,,landscape,0.0003661150694824755
real_landscape_landscape_121_JtVkmKQ1FQI.jpg,false,,landscape,0.00011505574366310611
real_landscape_landscape_104_6gt7AoSk5pQ.jpg,false,,landscape,0.001712023513391614
real_landscape_landscape_139_aoWukdAWJno.jpg,false,,landscape,0.000150078340084292
real_landscape_landscape_75_a_city_traffic_signal_and_street_at_night.jpg,false,,landscape,0.0008219832088798285
real_landscape_landscape_055_ixbSaWYYOwY.jpg,false,,landscape,0.00034302924177609384
real_landscape_landscape_137_9CkGNheiEFQ.jpg,false,,landscape,5.831962334923446e-05
real_landscape_landscape_066_7AKHr2kdmAc.jpg,false,,landscape,0.00013957270130049437
real_landscape_landscape_08_ocean_waves_beach.jpg,false,,landscape,0.0002468082238920033
real_landscape_landscape_076_OrkbCipJriw.jpg,false,,landscape,2.666654654603917e-05
real_landscape_landscape_113_etJBEUW4ZDg.jpg,false,,landscape,4.819461173610762e-05
real_landscape_landscape_123_ac9BZlaKuG4.jpg,false,,landscape,3.875438414979726e-05
real_landscape_landscape_049_yFCXHHLEZA0.jpg,false,,landscape,2.6787389288074337e-05
real_landscape_landscape_151_OueojWSe66o.jpg,false,,landscape,0.0035192903596907854
real_landscape_landscape_087_NW-WPrJoyzc.jpg,false,,landscape,6.6789948505174834e-06
real_landscape_landscape_62_two_large_jets_sitting_on_top_of_an_airport_runway.jpg,false,,landscape,3.629515049397014e-05
real_landscape_landscape_67_an_image_of_a_subway_bus_going_thru_the_subway_station.jpg,false,,landscape,1.7542530258651823e-05
real_landscape_landscape_64_a_bird_sitting_on_top_of_a_park_bench.jpg,false,,landscape,2.9989314498379827e-05
real_landscape_landscape_141_F0_qeY5OWJE.jpg,false,,landscape,0.00016305000463034958
real_landscape_landscape_149_zMhnN9FpDBE.jpg,false,,landscape,0.00028756604297086596
real_landscape_landscape_56_a_train_on_the_tracks_out_in_the_country.jpg,false,,landscape,2.3345277440967038e-05
real_landscape_landscape_103_Yd6TC3qee6M.jpg,false,,landscape,0.017125088721513748
real_landscape_landscape_052_Xaje8s7H9Cw.jpg,false,,landscape,1.209178299177438e-05
real_landscape_landscape_01_mountain_peaks_with_snow.jpg,false,,landscape,3.1604518881067634e-05
real_landscape_landscape_058_CPIQfMbSjmM.jpg,false,,landscape,0.000531132856849581
real_landscape_landscape_065_xMMh-VFGL9M.jpg,false,,landscape,0.0023382240906357765
real_landscape_landscape_72_a_street_corner_with_a_brown_and_white_building_on_it.jpg,false,,landscape,5.910351774218725e-06
real_landscape_landscape_094_8v_1afZJpg4.jpg,false,,landscape,0.0008076075464487076
real_landscape_landscape_150_NoSRqbXJY68.jpg,false,,landscape,0.004841343965381384
real_landscape_landscape_144_MZxQoMVN518.jpg,false,,landscape,0.00010292314982507378
real_landscape_landscape_63_a_pole_with_a_street_light_and_signs_next_to_a_bare_tree.jpg,false,,landscape,1.1775902748922817e-05
real_landscape_landscape_127_uFdsMOjWX58.jpg,false,,landscape,0.000481683062389493
real_landscape_landscape_101_C27Jip4jz4k.jpg,false,,landscape,2.097307333315257e-05
real_landscape_landscape_050_nlllZxwRoLM.jpg,false,,landscape,1.3340745681489352e-05
real_landscape_landscape_054_R0hVu1Mqo7A.jpg,false,,landscape,0.007588037755340338
real_landscape_landscape_170_rGmCuOfPwnk.jpg,false,,landscape,0.00040543521754443645
real_landscape_landscape_52_the_train_engine_is_followed_by_a_line_of_open_cars.jpg,false,,landscape,0.0007812193944118917
real_landscape_landscape_50_a_green_bench_sitting_on_the_side_of_a_sidewalk.jpg,false,,landscape,1.3087432307656854e-05
real_landscape_landscape_65_these_toilets_are_being_used_outside_as_decor.jpg,false,,landscape,8.577283551858272e-06
real_landscape_landscape_148_qgfiux6vEmc.jpg,false,,landscape,1.0263287549605593e-05
real_landscape_landscape_169_TWvnc-oToE4.jpg,false,,landscape,8.694323332747445e-05
real_landscape_landscape_112_hfxvkEzd_I0.jpg,false,,landscape,0.0023459128569811583
real_landscape_landscape_70_a_semi_truck_is_driving_down_a_street.jpg,false,,landscape,5.348051490727812e-05
real_landscape_landscape_084_uzWLhB7n3m8.jpg,false,,landscape,9.99865515041165e-05
real_landscape_landscape_091_Bch-Zl9ZUc8.jpg,false,,landscape,2.8089372790418565e-05
real_landscape_landscape_66_a_few_meters_are_sitting_near_an_air_plane.jpg,false,,landscape,2.6584166334941983e-06
real_landscape_landscape_108_LpryxGvyY-8.jpg,false,,landscape,0.0005582920275628567
