id,is_ai,generator,category,score
ai_art_qwen_2512_art_08.png,true,Qwen 2512,art,0.9999486207962036
ai_art_flux_2_flex_art_03.png,true,Flux,art,0.9999560117721558
ai_art_seedream_v3_art_07.png,true,Seedream,art,0.9924342632293701
ai_art_seedream_v3_art_06.png,true,Seedream,art,0.9999780654907227
ai_art_flux_2_flex_art_02.png,true,Flux,art,0.9820513725280762
ai_art_glm_image_art_01.png,true,GLM Image,art,5.804646934848279e-05
ai_art_qwen_2512_art_09.png,true,Qwen 2512,art,0.8557862639427185
ai_art_wan_v2.6_art_09.png,true,Wan v2.6,art,2.5985416414187057e-06
ai_art_flux_schnell_art_08.png,true,Flux Schnell,art,0.9962847232818604
ai_art_glm_image_art_03.png,true,GLM Image,art,0.9793999791145325
ai_art_seedream_v3_art_10.png,true,Seedream,art,3.0915558454580605e-05
ai_art_seedream_v3_art_04.png,true,Seedream,art,1.4865619050397072e-05
ai_art_seedream_v3_art_05.png,true,Seedream,art,1.6928103150348761e-06
ai_art_flux_2_flex_art_01.png,true,Flux,art,0.9962950348854065
ai_art_glm_image_art_02.png,true,GLM Image,art,0.9999734163284302
ai_art_flux_schnell_art_09.png,true,Flux Schnell,art,4.706289109890349e-05
ai_art_wan_v2.6_art_08.png,true,Wan v2.6,art,0.9242808818817139
ai_art_z_image_art_09.png,true,Z,art,1.1747983990062494e-05
ai_art_glm_image_art_06.png,true,GLM Image,art,0.9999734163284302
ai_art_flux_2_flex_art_05.png,true,Flux,art,2.035239049291704e-05
ai_art_seedream_v3_art_01.png,true,Seedream,art,1.796743890736252e-05
ai_art_flux_2_flex_art_10.png,true,Flux,art,0.9999995231628418
ai_art_flux_2_flex_art_04.png,true,Flux,art,0.05877688527107239
ai_art_glm_image_art_07.png,true,GLM Image,art,0.9997318387031555
ai_art_z_image_art_08.png,true,Z,art,0.9998655319213867
ai_art_glm_image_art_05.png,true,GLM Image,art,2.002065997430691e-07
ai_art_flux_2_flex_art_06.png,true,Flux,art,0.9999045133590698
ai_art_seedream_v3_art_02.png,true,Seedream,art,0.9988296627998352
ai_art_seedream_v3_art_03.png,true,Seedream,art,4.883885139861377e-06
ai_art_flux_2_flex_art_07.png,true,Flux,art,0.9999029636383057
ai_art_glm_image_art_10.png,true,GLM Image,art,0.9811455607414246
ai_art_glm_image_art_04.png,true,GLM Image,art,0.9969384670257568
ai_art_hunyuan_v3_art_07.png,true,Hunyuan v3,art,0.0036666688974946737
ai_art_ideogram_v3_art_04.png,true,Ideogram v3,art,0.00012757000513374805
ai_art_ideogram_v3_art_10.png,true,Ideogram v3,art,0.8559233546257019
ai_art_sd_3.5_large_art_08.png,true,Sd,art,0.9944936633110046
ai_art_seedream_v4_art_03.png,true,Seedream,art,9.126461577579903e-07
ai_art_leonardo_phoenix_art_06.png,true,Leonardo Phoenix,art,0.2578521966934204
ai_art_leonardo_phoenix_art_07.png,true,Leonardo Phoenix,art,0.9660497307777405
ai_art_grok_aurora_art_01.png,true,Grok Aurora,art,0.9942421317100525
ai_art_seedream_v4_art_02.png,true,Seedream,art,7.861721314839087e-06
ai_art_sd_3.5_large_art_09.png,true,Sd,art,8.844633043736394e-07
ai_art_ideogram_v3_art_05.png,true,Ideogram v3,art,0.9780187010765076
ai_art_hunyuan_v3_art_06.png,true,Hunyuan v3,art,0.9991503953933716
ai_art_hunyuan_v3_art_04.png,true,Hunyuan v3,art,0.00028161678346805274
ai_art_hunyuan_v3_art_10.png,true,Hunyuan v3,art,0.8564482927322388
ai_art_recraft_v3_art_09.png,true,Recraft v3,art,0.05911148339509964
ai_art_ideogram_v3_art_07.png,true,Ideogram v3,art,0.07515066117048264
ai_art_grok_aurora_art_03.png,true,Grok Aurora,art,0.4521099925041199
ai_art_leonardo_phoenix_art_05.png,true,Leonardo Phoenix,art,0.08250204473733902
ai_art_leonardo_phoenix_art_10.png,true,Leonardo Phoenix,art,0.9999055862426758
ai_art_leonardo_phoenix_art_04.png,true,Leonardo Phoenix,art,0.004424042999744415
ai_art_grok_aurora_art_02.png,true,Grok Aurora,art,0.997904896736145
ai_art_seedream_v4_art_01.png,true,Seedream,art,0.0008374585304409266
ai_art_ideogram_v3_art_06.png,true,Ideogram v3,art,0.9843392372131348
ai_art_recraft_v3_art_08.png,true,Recraft v3,art,0.06621815264225006
ai_art_hunyuan_v3_art_05.png,true,Hunyuan v3,art,2.586661366876797e-06
ai_art_hunyuan_v3_art_01.png,true,Hunyuan v3,art,0.0002010051248362288
ai_art_ideogram_v3_art_02.png,true,Ideogram v3,art,0.5519956350326538
ai_art_flux_pro_v1.1_art_09.png,true,Flux Pro v1.1,art,1.3487656360666733e-06
ai_art_seedream_v4_art_05.png,true,Seedream,art,6.744357960997149e-07
ai_art_grok_aurora_art_06.png,true,Grok Aurora,art,0.9998229146003723
ai_art_grok_aurora_art_07.png,true,Grok Aurora,art,0.0005886946455575526
ai_art_leonardo_phoenix_art_01.png,true,Leonardo Phoenix,art,2.41565012402134e-05
ai_art_seedream_v4_art_04.png,true,Seedream,art,3.848761025437852e-06
ai_art_seedream_v4_art_10.png,true,Seedream,art,4.280665507394588e-06
ai_art_flux_pro_v1.1_art_08.png,true,Flux Pro v1.1,art,0.9982995390892029
ai_art_ideogram_v3_art_03.png,true,Ideogram v3,art,0.4178873896598816
ai_art_hunyuan_v3_art_02.png,true,Hunyuan v3,art,0.0016969594871625304
ai_art_gpt_image_1.5_art_08.png,true,Gpt,art,0.44270098209381104
ai_art_ideogram_v3_art_01.png,true,Ideogram v3,art,0.8843873143196106
ai_art_gemini_3_pro_art_09.png,true,Gemini 3 Pro,art,1.0569387995928992e-06
ai_art_seedream_v4_art_06.png,true,Seedream,art,0.06348885595798492
ai_art_leonardo_phoenix_art_03.png,true,Leonardo Phoenix,art,0.3483436107635498
ai_art_grok_aurora_art_05.png,true,Grok Aurora,art,5.0474041017878335e-06
ai_art_grok_aurora_art_10.png,true,Grok Aurora,art,9.076068636204582e-06
ai_art_grok_aurora_art_04.png,true,Grok Aurora,art,5.908862658543512e-05
ai_art_leonardo_phoenix_art_02.png,true,Leonardo Phoenix,art,0.000542249355930835
ai_art_seedream_v4_art_07.png,true,Seedream,art,2.787506855383981e-05
ai_art_gemini_3_pro_art_08.png,true,Gemini 3 Pro,art,0.030569223687052727
ai_art_gpt_image_1.5_art_09.png,true,Gpt,art,2.6080451220877876e-07
ai_art_hunyuan_v3_art_03.png,true,Hunyuan v3,art,9.124772986979224e-06
ai_art_gpt_image_1.5_art_10.png,true,Gpt,art,4.937728135701036e-06
ai_art_recraft_v3_art_03.png,true,Recraft v3,art,0.28373390436172485
ai_art_gpt_image_1.5_art_04.png,true,Gpt,art,4.959487705491483e-05
ai_art_sd_3.5_large_art_01.png,true,Sd,art,2.7800097086583264e-05
ai_art_gemini_3_pro_art_05.png,true,Gemini 3 Pro,art,1.5134571640373906e-06
ai_art_flux_pro_v1.1_art_06.png,true,Flux Pro v1.1,art,0.21607676148414612
ai_art_grok_aurora_art_09.png,true,Grok Aurora,art,3.467083331543108e-07
ai_art_grok_aurora_art_08.png,true,Grok Aurora,art,0.24596981704235077
ai_art_flux_pro_v1.1_art_07.png,true,Flux Pro v1.1,art,0.0016140867955982685
ai_art_gemini_3_pro_art_10.png,true,Gemini 3 Pro,art,0.6578975319862366
ai_art_gemini_3_pro_art_04.png,true,Gemini 3 Pro,art,3.8234327803365886e-05
ai_art_gpt_image_1.5_art_05.png,true,Gpt,art,2.96658868137456e-07
ai_art_recraft_v3_art_02.png,true,Recraft v3,art,0.7996507883071899
ai_art_gpt_image_1.5_art_07.png,true,Gpt,art,0.9808672070503235
ai_art_gemini_3_pro_art_06.png,true,Gemini 3 Pro,art,0.9622695446014404
ai_art_sd_3.5_large_art_02.png,true,Sd,art,0.3662237226963043
ai_art_flux_pro_v1.1_art_05.png,true,Flux Pro v1.1,art,2.239812374682515e-06
ai_art_seedream_v4_art_09.png,true,Seedream,art,1.3778528682450997e-06
ai_art_seedream_v4_art_08.png,true,Seedream,art,2.42472997342702e-05
ai_art_flux_pro_v1.1_art_10.png,true,Flux Pro v1.1,art,0.3068641722202301
ai_art_flux_pro_v1.1_art_04.png,true,Flux Pro v1.1,art,0.00013312327791936696
ai_art_gemini_3_pro_art_07.png,true,Gemini 3 Pro,art,0.005611491855233908
ai_art_sd_3.5_large_art_03.png,true,Sd,art,1.4043338524061255e-05
ai_art_recraft_v3_art_01.png,true,Recraft v3,art,8.659728337079287e-05
ai_art_gpt_image_1.5_art_06.png,true,Gpt,art,0.9999285936355591
ai_art_hunyuan_v3_art_08.png,true,Hunyuan v3,art,0.0033638442400842905
ai_art_gpt_image_1.5_art_02.png,true,Gpt,art,0.872090756893158
ai_art_recraft_v3_art_05.png,true,Recraft v3,art,1.53067539940821e-05
ai_art_sd_3.5_large_art_07.png,true,Sd,art,0.9999958276748657
ai_art_gemini_3_pro_art_03.png,true,Gemini 3 Pro,art,0.03113909810781479
ai_art_leonardo_phoenix_art_09.png,true,Leonardo Phoenix,art,0.002332699950784445
ai_art_leonardo_phoenix_art_08.png,true,Leonardo Phoenix,art,0.002828295575454831
ai_art_flux_pro_v1.1_art_01.png,true,Flux Pro v1.1,art,0.00020795981981791556
ai_art_sd_3.5_large_art_06.png,true,Sd,art,0.9999322891235352
ai_art_gemini_3_pro_art_02.png,true,Gemini 3 Pro,art,0.07590626925230026
ai_art_recraft_v3_art_10.png,true,Recraft v3,art,0.009204802103340626
ai_art_recraft_v3_art_04.png,true,Recraft v3,art,0.00021772099717054516
ai_art_gpt_image_1.5_art_03.png,true,Gpt,art,0.00010169061715714633
ai_art_hunyuan_v3_art_09.png,true,Hunyuan v3,art,8.990634796646191e-07
ai_art_recraft_v3_art_06.png,true,Recraft v3,art,0.9995737671852112
ai_art_gpt_image_1.5_art_01.png,true,Gpt,art,0.0008001190726645291
ai_art_sd_3.5_large_art_04.png,true,Sd,art,7.658996764803305e-05
ai_art_sd_3.5_large_art_10.png,true,Sd,art,2.7304118702886626e-05
ai_art_ideogram_v3_art_08.png,true,Ideogram v3,art,0.9889199137687683
ai_art_flux_pro_v1.1_art_03.png,true,Flux Pro v1.1,art,0.005301902536302805
ai_art_flux_pro_v1.1_art_02.png,true,Flux Pro v1.1,art,0.3323807120323181
ai_art_ideogram_v3_art_09.png,true,Ideogram v3,art,0.9900522828102112
ai_art_gemini_3_pro_art_01.png,true,Gemini 3 Pro,art,0.8513238430023193
ai_art_sd_3.5_large_art_05.png,true,Sd,art,2.277701725006409e-07
ai_art_recraft_v3_art_07.png,true,Recraft v3,art,0.014999566599726677
ai_art_wan_v2.6_art_03.png,true,Wan v2.6,art,0.0012493892572820187
ai_art_flux_schnell_art_02.png,true,Flux Schnell,art,0.7031782865524292
ai_art_qwen_2512_art_01.png,true,Qwen 2512,art,0.9948979020118713
ai_art_z_image_art_06.png,true,Z,art,0.9999904632568359
ai_art_glm_image_art_09.png,true,GLM Image,art,4.7543770165248134e-07
ai_art_glm_image_art_08.png,true,GLM Image,art,0.9998284578323364
ai_art_z_image_art_07.png,true,Z,art,0.9228140115737915
ai_art_flux_schnell_art_03.png,true,Flux Schnell,art,0.9998893737792969
ai_art_wan_v2.6_art_02.png,true,Wan v2.6,art,0.9441912770271301
ai_art_qwen_2512_art_02.png,true,Qwen 2512,art,0.9986796975135803
ai_art_flux_schnell_art_01.png,true,Flux Schnell,art,0.0036037194076925516
ai_art_z_image_art_05.png,true,Z,art,0.9984423518180847
ai_art_flux_2_flex_art_09.png,true,Flux,art,8.164977316482691e-07
ai_art_flux_2_flex_art_08.png,true,Flux,art,0.00042042587301693857
ai_art_z_image_art_04.png,true,Z,art,0.003918019589036703
ai_art_z_image_art_10.png,true,Z,art,0.9996199607849121
ai_art_qwen_2512_art_03.png,true,Qwen 2512,art,0.9991663694381714
ai_art_wan_v2.6_art_01.png,true,Wan v2.6,art,0.995882511138916
ai_art_flux_schnell_art_10.png,true,Flux Schnell,art,0.9853829145431519
ai_art_wan_v2.6_art_05.png,true,Wan v2.6,art,9.027600026456639e-05
ai_art_flux_schnell_art_04.png,true,Flux Schnell,art,0.11368536949157715
ai_art_qwen_2512_art_07.png,true,Qwen 2512,art,0.13842153549194336
ai_art_seedream_v3_art_08.png,true,Seedream,art,0.9793787598609924
ai_art_seedream_v3_art_09.png,true,Seedream,art,1.0900662346102763e-06
ai_art_z_image_art_01.png,true,Z,art,0.0005781956133432686
ai_art_flux_schnell_art_05.png,true,Flux Schnell,art,0.0032949880696833134
ai_art_wan_v2.6_art_04.png,true,Wan v2.6,art,0.030003681778907776
ai_art_qwen_2512_art_06.png,true,Qwen 2512,art,0.9999163150787354
ai_art_wan_v2.6_art_10.png,true,Wan v2.6,art,0.12056877464056015
ai_art_qwen_2512_art_04.png,true,Qwen 2512,art,0.9727005958557129
ai_art_wan_v2.6_art_06.png,true,Wan v2.6,art,0.9999327659606934
ai_art_flux_schnell_art_07.png,true,Flux Schnell,art,0.00010960647341562435
ai_art_qwen_2512_art_10.png,true,Qwen 2512,art,0.010150572285056114
ai_art_z_image_art_03.png,true,Z,art,3.975237996201031e-05
ai_art_z_image_art_02.png,true,Z,art,0.8335229158401489
ai_art_qwen_2512_art_05.png,true,Qwen 2512,art,0.9981599450111389
ai_art_flux_schnell_art_06.png,true,Flux Schnell,art,0.9985968470573425
ai_art_wan_v2.6_art_07.png,true,Wan v2.6,art,0.9987657070159912
ai_portrait_seedream_v3_portrait_10.png,true,Seedream,portrait,0.9896451234817505
ai_portrait_seedream_v3_portrait_04.png,true,Seedream,portrait,0.024539295583963394
ai_portrait_recraft_v3_portrait_05.png,true,Recraft v3,portrait,0.9997921586036682
ai_portrait_flux_pro_v1.1_portrait_09.png,true,Flux Pro v1.1,portrait,0.991218626499176
ai_portrait_flux_pro_v1.1_portrait_08.png,true,Flux Pro v1.1,portrait,0.014262908138334751
ai_portrait_wan_v2.6_portrait_01.png,true,Wan v2.6,portrait,0.04745465889573097
ai_portrait_recraft_v3_portrait_04.png,true,Recraft v3,portrait,0.9961611032485962
ai_portrait_recraft_v3_portrait_10.png,true,Recraft v3,portrait,0.024647729471325874
ai_portrait_seedream_v3_portrait_05.png,true,Seedream,portrait,0.9157423377037048
ai_portrait_seedream_v4_portrait_01.png,true,Seedream,portrait,4.4354437704896554e-05
ai_portrait_seedream_v4_portrait_03.png,true,Seedream,portrait,5.708468506782083e-06
ai_portrait_seedream_v3_portrait_07.png,true,Seedream,portrait,0.1314699947834015
ai_portrait_hunyuan_v3_portrait_09.png,true,Hunyuan v3,portrait,0.8917702436447144
ai_portrait_recraft_v3_portrait_06.png,true,Recraft v3,portrait,0.7370127439498901
ai_portrait_wan_v2.6_portrait_03.png,true,Wan v2.6,portrait,0.9991938471794128
ai_portrait_wan_v2.6_portrait_02.png,true,Wan v2.6,portrait,0.9999915361404419
ai_portrait_recraft_v3_portrait_07.png,true,Recraft v3,portrait,0.818038821220398
ai_portrait_hunyuan_v3_portrait_08.png,true,Hunyuan v3,portrait,5.990238491904165e-07
ai_portrait_seedream_v3_portrait_06.png,true,Seedream,portrait,0.999345600605011
ai_portrait_seedream_v4_portrait_02.png,true,Seedream,portrait,0.0005222046747803688
ai_portrait_seedream_v3_portrait_02.png,true,Seedream,portrait,0.0001674637314863503
ai_portrait_seedream_v4_portrait_06.png,true,Seedream,portrait,6.635187901338213e-07
ai_portrait_recraft_v3_portrait_03.png,true,Recraft v3,portrait,0.000301583728287369
ai_portrait_grok_aurora_portrait_09.png,true,Grok Aurora,portrait,3.273830486705265e-07
ai_portrait_qwen_2512_portrait_08.png,true,Qwen 2512,portrait,0.21072092652320862
ai_portrait_wan_v2.6_portrait_06.png,true,Wan v2.6,portrait,0.9123297929763794
ai_portrait_wan_v2.6_portrait_07.png,true,Wan v2.6,portrait,0.9998863935470581
ai_portrait_qwen_2512_portrait_09.png,true,Qwen 2512,portrait,0.8776593208312988
ai_portrait_recraft_v3_portrait_02.png,true,Recraft v3,portrait,0.003027427475899458
ai_portrait_grok_aurora_portrait_08.png,true,Grok Aurora,portrait,0.01089387759566307
ai_portrait_seedream_v4_portrait_07.png,true,Seedream,portrait,0.004586477763950825
ai_portrait_seedream_v3_portrait_03.png,true,Seedream,portrait,0.9975047707557678
ai_portrait_seedream_v3_portrait_01.png,true,Seedream,portrait,0.999661922454834
ai_portrait_seedream_v4_portrait_05.png,true,Seedream,portrait,6.004564056638628e-05
ai_portrait_wan_v2.6_portrait_05.png,true,Wan v2.6,portrait,0.010730382986366749
ai_portrait_flux_schnell_portrait_08.png,true,Flux Schnell,portrait,0.9940515160560608
ai_portrait_flux_schnell_portrait_09.png,true,Flux Schnell,portrait,0.9998568296432495
ai_portrait_wan_v2.6_portrait_10.png,true,Wan v2.6,portrait,0.9990752935409546
ai_portrait_wan_v2.6_portrait_04.png,true,Wan v2.6,portrait,0.0037948773242533207
ai_portrait_recraft_v3_portrait_01.png,true,Recraft v3,portrait,1.4417344573303126e-05
ai_portrait_seedream_v4_portrait_04.png,true,Seedream,portrait,0.009634047746658325
ai_portrait_seedream_v4_portrait_10.png,true,Seedream,portrait,2.8560928058141144e-06
ai_portrait_z_image_portrait_01.png,true,Z,portrait,0.9969624876976013
ai_portrait_ideogram_v3_portrait_01.png,true,Ideogram v3,portrait,0.9990599751472473
ai_portrait_leonardo_phoenix_portrait_07.png,true,Leonardo Phoenix,portrait,0.008524253964424133
ai_portrait_sd_3.5_large_portrait_05.png,true,Sd,portrait,0.06620816141366959
ai_portrait_gpt_image_1.5_portrait_01.png,true,Gpt,portrait,0.7548230886459351
ai_portrait_flux_2_flex_portrait_03.png,true,Flux,portrait,0.9999982118606567
ai_portrait_gemini_3_pro_portrait_10.png,true,Gemini 3 Pro,portrait,0.0009425139869563282
ai_portrait_gemini_3_pro_portrait_04.png,true,Gemini 3 Pro,portrait,1.929183099491638e-06
ai_portrait_gemini_3_pro_portrait_05.png,true,Gemini 3 Pro,portrait,3.179742634529248e-05
ai_portrait_flux_2_flex_portrait_02.png,true,Flux,portrait,0.999398946762085
ai_portrait_sd_3.5_large_portrait_04.png,true,Sd,portrait,0.9992223978042603
ai_portrait_leonardo_phoenix_portrait_06.png,true,Leonardo Phoenix,portrait,0.1302192658185959
ai_portrait_sd_3.5_large_portrait_10.png,true,Sd,portrait,0.017191076651215553
ai_portrait_glm_image_portrait_01.png,true,GLM Image,portrait,0.9985626339912415
ai_portrait_z_image_portrait_02.png,true,Z,portrait,0.5520387887954712
ai_portrait_glm_image_portrait_03.png,true,GLM Image,portrait,0.9999229907989502
ai_portrait_ideogram_v3_portrait_02.png,true,Ideogram v3,portrait,0.805454671382904
ai_portrait_leonardo_phoenix_portrait_10.png,true,Leonardo Phoenix,portrait,0.9999750852584839
ai_portrait_sd_3.5_large_portrait_06.png,true,Sd,portrait,0.9994895458221436
ai_portrait_leonardo_phoenix_portrait_04.png,true,Leonardo Phoenix,portrait,0.6132532954216003
ai_portrait_gpt_image_1.5_portrait_02.png,true,Gpt,portrait,0.00020870233129244298
ai_portrait_gemini_3_pro_portrait_07.png,true,Gemini 3 Pro,portrait,0.020413443446159363
ai_portrait_gemini_3_pro_portrait_06.png,true,Gemini 3 Pro,portrait,0.18478195369243622
ai_portrait_flux_2_flex_portrait_01.png,true,Flux,portrait,0.9997952580451965
ai_portrait_gpt_image_1.5_portrait_03.png,true,Gpt,portrait,0.018914097920060158
ai_portrait_leonardo_phoenix_portrait_05.png,true,Leonardo Phoenix,portrait,0.6419543027877808
ai_portrait_sd_3.5_large_portrait_07.png,true,Sd,portrait,0.985800564289093
ai_portrait_ideogram_v3_portrait_03.png,true,Ideogram v3,portrait,0.9960959553718567
ai_portrait_glm_image_portrait_02.png,true,GLM Image,portrait,0.8421720266342163
ai_portrait_z_image_portrait_03.png,true,Z,portrait,0.9999241828918457
ai_portrait_z_image_portrait_07.png,true,Z,portrait,0.01418850477784872
ai_portrait_glm_image_portrait_06.png,true,GLM Image,portrait,0.9998546838760376
ai_portrait_ideogram_v3_portrait_07.png,true,Ideogram v3,portrait,0.9421936273574829
ai_portrait_gpt_image_1.5_portrait_07.png,true,Gpt,portrait,0.0994783416390419
ai_portrait_sd_3.5_large_portrait_03.png,true,Sd,portrait,0.006905315909534693
ai_portrait_leonardo_phoenix_portrait_01.png,true,Leonardo Phoenix,portrait,0.0002795521286316216
ai_portrait_gemini_3_pro_portrait_02.png,true,Gemini 3 Pro,portrait,0.00103462440893054
ai_portrait_flux_2_flex_portrait_05.png,true,Flux,portrait,0.9997791647911072
ai_portrait_flux_2_flex_portrait_10.png,true,Flux,portrait,0.9999589920043945
ai_portrait_flux_2_flex_portrait_04.png,true,Flux,portrait,0.9967477321624756
ai_portrait_gemini_3_pro_portrait_03.png,true,Gemini 3 Pro,portrait,0.6611917018890381
ai_portrait_sd_3.5_large_portrait_02.png,true,Sd,portrait,0.8935378789901733
ai_portrait_gpt_image_1.5_portrait_06.png,true,Gpt,portrait,3.3347905628033914e-06
ai_portrait_ideogram_v3_portrait_06.png,true,Ideogram v3,portrait,0.11960520595312119
ai_portrait_glm_image_portrait_07.png,true,GLM Image,portrait,0.9992367029190063
ai_portrait_z_image_portrait_06.png,true,Z,portrait,0.9998088479042053
ai_portrait_z_image_portrait_10.png,true,Z,portrait,0.9801445007324219
ai_portrait_z_image_portrait_04.png,true,Z,portrait,0.9989890456199646
ai_portrait_glm_image_portrait_05.png,true,GLM Image,portrait,0.9843520522117615
ai_portrait_ideogram_v3_portrait_10.png,true,Ideogram v3,portrait,0.9986312985420227
ai_portrait_ideogram_v3_portrait_04.png,true,Ideogram v3,portrait,0.05180543661117554
ai_portrait_gpt_image_1.5_portrait_10.png,true,Gpt,portrait,0.8163106441497803
ai_portrait_gpt_image_1.5_portrait_04.png,true,Gpt,portrait,1.9971985238953494e-06
ai_portrait_leonardo_phoenix_portrait_02.png,true,Leonardo Phoenix,portrait,0.0009441885631531477
ai_portrait_gemini_3_pro_portrait_01.png,true,Gemini 3 Pro,portrait,1.1655532716758898e-06
ai_portrait_flux_2_flex_portrait_06.png,true,Flux,portrait,0.9999990463256836
ai_portrait_flux_2_flex_portrait_07.png,true,Flux,portrait,0.999994158744812
ai_portrait_sd_3.5_large_portrait_01.png,true,Sd,portrait,0.09061688929796219
ai_portrait_leonardo_phoenix_portrait_03.png,true,Leonardo Phoenix,portrait,0.01188949029892683
ai_portrait_gpt_image_1.5_portrait_05.png,true,Gpt,portrait,0.1062641441822052
ai_portrait_ideogram_v3_portrait_05.png,true,Ideogram v3,portrait,0.9958339929580688
ai_portrait_glm_image_portrait_10.png,true,GLM Image,portrait,0.9999769926071167
ai_portrait_glm_image_portrait_04.png,true,GLM Image,portrait,0.9991010427474976
ai_portrait_z_image_portrait_05.png,true,Z,portrait,0.0007639828254468739
ai_portrait_z_image_portrait_08.png,true,Z,portrait,0.9999674558639526
ai_portrait_glm_image_portrait_09.png,true,GLM Image,portrait,0.9994947910308838
ai_portrait_ideogram_v3_portrait_08.png,true,Ideogram v3,portrait,0.9989909529685974
ai_portrait_gpt_image_1.5_portrait_08.png,true,Gpt,portrait,1.3030330592300743e-06
ai_portrait_gpt_image_1.5_portrait_09.png,true,Gpt,portrait,1.8527509382693097e-05
ai_portrait_ideogram_v3_portrait_09.png,true,Ideogram v3,portrait,0.019100161269307137
ai_portrait_glm_image_portrait_08.png,true,GLM Image,portrait,0.9942041039466858
ai_portrait_z_image_portrait_09.png,true,Z,portrait,0.9996926784515381
ai_portrait_flux_2_flex_portrait_09.png,true,Flux,portrait,0.9998807907104492
ai_portrait_flux_2_flex_portrait_08.png,true,Flux,portrait,0.9988980293273926
ai_portrait_leonardo_phoenix_portrait_08.png,true,Leonardo Phoenix,portrait,3.0003102438058704e-05
ai_portrait_leonardo_phoenix_portrait_09.png,true,Leonardo Phoenix,portrait,0.04438677430152893
ai_portrait_sd_3.5_large_portrait_09.png,true,Sd,portrait,3.218754500267096e-05
ai_portrait_gemini_3_pro_portrait_08.png,true,Gemini 3 Pro,portrait,2.123292324540671e-05
ai_portrait_gemini_3_pro_portrait_09.png,true,Gemini 3 Pro,portrait,0.0002959432895295322
ai_portrait_sd_3.5_large_portrait_08.png,true,Sd,portrait,0.9952340722084045
ai_portrait_seedream_v4_portrait_09.png,true,Seedream,portrait,0.028093449771404266
ai_portrait_hunyuan_v3_portrait_03.png,true,Hunyuan v3,portrait,1.3740796930505894e-05
ai_portrait_grok_aurora_portrait_06.png,true,Grok Aurora,portrait,0.023290419951081276
ai_portrait_qwen_2512_portrait_07.png,true,Qwen 2512,portrait,0.9997915625572205
ai_portrait_wan_v2.6_portrait_09.png,true,Wan v2.6,portrait,0.9999966621398926
ai_portrait_flux_schnell_portrait_04.png,true,Flux Schnell,portrait,0.9998278617858887
ai_portrait_flux_schnell_portrait_10.png,true,Flux Schnell,portrait,0.9999157190322876
ai_portrait_flux_pro_v1.1_portrait_01.png,true,Flux Pro v1.1,portrait,5.339886683941586e-06
ai_portrait_flux_schnell_portrait_05.png,true,Flux Schnell,portrait,0.9995216131210327
ai_portrait_wan_v2.6_portrait_08.png,true,Wan v2.6,portrait,0.9695408344268799
ai_portrait_qwen_2512_portrait_06.png,true,Qwen 2512,portrait,0.9998602867126465
ai_portrait_grok_aurora_portrait_07.png,true,Grok Aurora,portrait,0.7897247076034546
ai_portrait_hunyuan_v3_portrait_02.png,true,Hunyuan v3,portrait,0.012150065042078495
ai_portrait_seedream_v4_portrait_08.png,true,Seedream,portrait,0.00019009278912562877
ai_portrait_grok_aurora_portrait_05.png,true,Grok Aurora,portrait,0.0001711365912342444
ai_portrait_qwen_2512_portrait_04.png,true,Qwen 2512,portrait,4.016958337160759e-05
ai_portrait_qwen_2512_portrait_10.png,true,Qwen 2512,portrait,0.9852081537246704
ai_portrait_flux_schnell_portrait_07.png,true,Flux Schnell,portrait,0.9998059868812561
ai_portrait_flux_pro_v1.1_portrait_03.png,true,Flux Pro v1.1,portrait,0.0048485188744962215
ai_portrait_flux_pro_v1.1_portrait_02.png,true,Flux Pro v1.1,portrait,0.9992601275444031
ai_portrait_flux_schnell_portrait_06.png,true,Flux Schnell,portrait,0.9994767308235168
ai_portrait_qwen_2512_portrait_05.png,true,Qwen 2512,portrait,0.005724400747567415
ai_portrait_grok_aurora_portrait_04.png,true,Grok Aurora,portrait,0.00036393615300767124
ai_portrait_grok_aurora_portrait_10.png,true,Grok Aurora,portrait,0.9981623291969299
ai_portrait_hunyuan_v3_portrait_01.png,true,Hunyuan v3,portrait,0.21607676148414612
ai_portrait_hunyuan_v3_portrait_05.png,true,Hunyuan v3,portrait,2.691837289603427e-05
ai_portrait_qwen_2512_portrait_01.png,true,Qwen 2512,portrait,0.34619390964508057
ai_portrait_flux_schnell_portrait_02.png,true,Flux Schnell,portrait,0.9911515116691589
ai_portrait_flux_pro_v1.1_portrait_06.png,true,Flux Pro v1.1,portrait,0.9869057536125183
ai_portrait_flux_pro_v1.1_portrait_07.png,true,Flux Pro v1.1,portrait,0.02337734028697014
ai_portrait_flux_schnell_portrait_03.png,true,Flux Schnell,portrait,0.9999668598175049
ai_portrait_grok_aurora_portrait_01.png,true,Grok Aurora,portrait,8.211023668991402e-06
ai_portrait_hunyuan_v3_portrait_10.png,true,Hunyuan v3,portrait,0.9858668446540833
ai_portrait_hunyuan_v3_portrait_04.png,true,Hunyuan v3,portrait,0.1535283625125885
ai_portrait_seedream_v3_portrait_08.png,true,Seedream,portrait,0.9290327429771423
ai_portrait_hunyuan_v3_portrait_06.png,true,Hunyuan v3,portrait,0.09192083775997162
ai_portrait_recraft_v3_portrait_09.png,true,Recraft v3,portrait,0.005075081717222929
ai_portrait_grok_aurora_portrait_03.png,true,Grok Aurora,portrait,9.70255205174908e-05
ai_portrait_qwen_2512_portrait_02.png,true,Qwen 2512,portrait,0.9999072551727295
ai_portrait_flux_schnell_portrait_01.png,true,Flux Schnell,portrait,0.9998747110366821
ai_portrait_flux_pro_v1.1_portrait_05.png,true,Flux Pro v1.1,portrait,0.004362162668257952
ai_portrait_flux_pro_v1.1_portrait_10.png,true,Flux Pro v1.1,portrait,0.9896025061607361
ai_portrait_flux_pro_v1.1_portrait_04.png,true,Flux Pro v1.1,portrait,0.00034310040064156055
ai_portrait_qwen_2512_portrait_03.png,true,Qwen 2512,portrait,0.005201453808695078
ai_portrait_recraft_v3_portrait_08.png,true,Recraft v3,portrait,0.5419096350669861
ai_portrait_grok_aurora_portrait_02.png,true,Grok Aurora,portrait,0.9861773252487183
ai_portrait_hunyuan_v3_portrait_07.png,true,Hunyuan v3,portrait,0.0032844655215740204
ai_portrait_seedream_v3_portrait_09.png,true,Seedream,portrait,0.9926915764808655
ai_product_flux_pro_v1.1_product_03.png,true,Flux Pro v1.1,product,1.213885479955934e-05
ai_product_flux_2_flex_product_03.png,true,Flux,product,0.9989258646965027
ai_product_gpt_image_1.5_product_03.png,true,Gpt,product,6.06645198786282e-06
ai_product_gpt_image_1.5_product_02.png,true,Gpt,product,0.0270228311419487
ai_product_flux_2_flex_product_02.png,true,Flux,product,0.07363041490316391
ai_product_flux_pro_v1.1_product_02.png,true,Flux Pro v1.1,product,0.7442940473556519
ai_product_grok_aurora_product_01.png,true,Grok Aurora,product,4.984710358257871e-06
ai_product_glm_image_product_08.png,true,GLM Image,product,0.3162774443626404
ai_product_grok_aurora_product_03.png,true,Grok Aurora,product,0.0019156530033797026
ai_product_hunyuan_v3_product_09.png,true,Hunyuan v3,product,8.554979285690933e-05
ai_product_gpt_image_1.5_product_01.png,true,Gpt,product,0.04405968636274338
ai_product_hunyuan_v3_product_08.png,true,Hunyuan v3,product,0.11575695127248764
ai_product_flux_2_flex_product_01.png,true,Flux,product,0.9991088509559631
ai_product_flux_pro_v1.1_product_01.png,true,Flux Pro v1.1,product,9.461812442168593e-05
ai_product_grok_aurora_product_02.png,true,Grok Aurora,product,0.00015199737390503287
ai_product_glm_image_product_09.png,true,GLM Image,product,0.0001221870625158772
ai_product_grok_aurora_product_06.png,true,Grok Aurora,product,0.002456046175211668
ai_product_seedream_v4_product_08.png,true,Seedream,product,0.27263888716697693
ai_product_flux_pro_v1.1_product_05.png,true,Flux Pro v1.1,product,1.0268947789882077e-06
ai_product_flux_2_flex_product_05.png,true,Flux,product,0.0033693413715809584
ai_product_gpt_image_1.5_product_05.png,true,Gpt,product,2.449041289764864e-07
ai_product_gpt_image_1.5_product_10.png,true,Gpt,product,0.0002565158356446773
ai_product_gpt_image_1.5_product_04.png,true,Gpt,product,4.327553142502438e-06
ai_product_flux_2_flex_product_04.png,true,Flux,product,0.999457061290741
ai_product_flux_2_flex_product_10.png,true,Flux,product,1.3189876881369855e-05
ai_product_flux_pro_v1.1_product_10.png,true,Flux Pro v1.1,product,6.221853254828602e-05
ai_product_flux_pro_v1.1_product_04.png,true,Flux Pro v1.1,product,8.610460099589545e-06
ai_product_seedream_v4_product_09.png,true,Seedream,product,5.253468202681688e-07
ai_product_grok_aurora_product_07.png,true,Grok Aurora,product,1.9548149793990888e-05
ai_product_grok_aurora_product_05.png,true,Grok Aurora,product,3.981342524639331e-05
ai_product_flux_schnell_product_08.png,true,Flux Schnell,product,0.8570153117179871
ai_product_flux_pro_v1.1_product_06.png,true,Flux Pro v1.1,product,0.01136893592774868
ai_product_seedream_v3_product_08.png,true,Seedream,product,0.0005902720149606466
ai_product_flux_2_flex_product_06.png,true,Flux,product,0.00043153506703674793
ai_product_gpt_image_1.5_product_06.png,true,Gpt,product,0.011596284806728363
ai_product_gemini_3_pro_product_09.png,true,Gemini 3 Pro,product,8.767120220909419e-07
ai_product_gemini_3_pro_product_08.png,true,Gemini 3 Pro,product,3.462187351033208e-06
ai_product_gpt_image_1.5_product_07.png,true,Gpt,product,0.9515764713287354
ai_product_flux_2_flex_product_07.png,true,Flux,product,0.981952965259552
ai_product_seedream_v3_product_09.png,true,Seedream,product,0.0026325753424316645
ai_product_flux_pro_v1.1_product_07.png,true,Flux Pro v1.1,product,0.013692555017769337
ai_product_flux_schnell_product_09.png,true,Flux Schnell,product,0.019689984619617462
ai_product_grok_aurora_product_10.png,true,Grok Aurora,product,2.5686254048196133e-06
ai_product_grok_aurora_product_04.png,true,Grok Aurora,product,2.171137936102241e-07
ai_product_recraft_v3_product_06.png,true,Recraft v3,product,0.011889987625181675
ai_product_ideogram_v3_product_01.png,true,Ideogram v3,product,5.115998646942899e-07
ai_product_recraft_v3_product_07.png,true,Recraft v3,product,0.950268030166626
ai_product_recraft_v3_product_05.png,true,Recraft v3,product,3.48602443409618e-05
ai_product_ideogram_v3_product_02.png,true,Ideogram v3,product,0.003389200195670128
ai_product_z_image_product_08.png,true,Z,product,0.9974338412284851
ai_product_qwen_2512_product_09.png,true,Qwen 2512,product,0.0030882118735462427
ai_product_qwen_2512_product_08.png,true,Qwen 2512,product,0.9578625559806824
ai_product_z_image_product_09.png,true,Z,product,0.9966692328453064
ai_product_ideogram_v3_product_03.png,true,Ideogram v3,product,0.020425433292984962
ai_product_recraft_v3_product_04.png,true,Recraft v3,product,0.0019872901029884815
ai_product_recraft_v3_product_10.png,true,Recraft v3,product,0.0006222949014045298
ai_product_sd_3.5_large_product_09.png,true,Sd,product,1.0604346243781038e-05
ai_product_ideogram_v3_product_07.png,true,Ideogram v3,product,0.061063796281814575
ai_product_wan_v2.6_product_08.png,true,Wan v2.6,product,0.9667099118232727
ai_product_leonardo_phoenix_product_09.png,true,Leonardo Phoenix,product,0.0015534963458776474
ai_product_leonardo_phoenix_product_08.png,true,Leonardo Phoenix,product,0.9481603503227234
ai_product_wan_v2.6_product_09.png,true,Wan v2.6,product,0.28092139959335327
ai_product_ideogram_v3_product_06.png,true,Ideogram v3,product,0.9997386336326599
ai_product_sd_3.5_large_product_08.png,true,Sd,product,0.0011923073325306177
ai_product_recraft_v3_product_01.png,true,Recraft v3,product,0.3729701638221741
ai_product_recraft_v3_product_03.png,true,Recraft v3,product,0.006754678674042225
ai_product_ideogram_v3_product_04.png,true,Ideogram v3,product,0.11484178155660629
ai_product_ideogram_v3_product_10.png,true,Ideogram v3,product,5.415010036813328e-06
ai_product_ideogram_v3_product_05.png,true,Ideogram v3,product,6.970015419938136e-06
ai_product_recraft_v3_product_02.png,true,Recraft v3,product,0.0013397115981206298
ai_product_z_image_product_02.png,true,Z,product,0.9603907465934753
ai_product_sd_3.5_large_product_06.png,true,Sd,product,0.002052315277978778
ai_product_ideogram_v3_product_08.png,true,Ideogram v3,product,0.5197939872741699
ai_product_wan_v2.6_product_07.png,true,Wan v2.6,product,0.9471303820610046
ai_product_leonardo_phoenix_product_06.png,true,Leonardo Phoenix,product,0.03898012638092041
ai_product_qwen_2512_product_03.png,true,Qwen 2512,product,0.060033660382032394
ai_product_qwen_2512_product_02.png,true,Qwen 2512,product,0.9998906850814819
ai_product_leonardo_phoenix_product_07.png,true,Leonardo Phoenix,product,0.9999480247497559
ai_product_wan_v2.6_product_06.png,true,Wan v2.6,product,0.9994478821754456
ai_product_ideogram_v3_product_09.png,true,Ideogram v3,product,2.9754025945294416e-06
ai_product_sd_3.5_large_product_07.png,true,Sd,product,0.00022467842791229486
ai_product_z_image_product_03.png,true,Z,product,0.4017116129398346
ai_product_z_image_product_01.png,true,Z,product,1.7684988051769324e-05
ai_product_sd_3.5_large_product_05.png,true,Sd,product,0.0006745989667251706
ai_product_wan_v2.6_product_10.png,true,Wan v2.6,product,0.002954518422484398
ai_product_wan_v2.6_product_04.png,true,Wan v2.6,product,0.31990480422973633
ai_product_leonardo_phoenix_product_05.png,true,Leonardo Phoenix,product,0.9999809265136719
ai_product_qwen_2512_product_01.png,true,Qwen 2512,product,0.016156548634171486
ai_product_leonardo_phoenix_product_04.png,true,Leonardo Phoenix,product,0.004336106590926647
ai_product_leonardo_phoenix_product_10.png,true,Leonardo Phoenix,product,0.9995833039283752
ai_product_wan_v2.6_product_05.png,true,Wan v2.6,product,9.610381312086247e-06
ai_product_sd_3.5_large_product_04.png,true,Sd,product,0.0004989977460354567
ai_product_sd_3.5_large_product_10.png,true,Sd,product,0.0005987132899463177
ai_product_recraft_v3_product_09.png,true,Recraft v3,product,0.011847352609038353
ai_product_z_image_product_10.png,true,Z,product,0.9999914169311523
ai_product_z_image_product_04.png,true,Z,product,0.00020528306777123362
ai_product_wan_v2.6_product_01.png,true,Wan v2.6,product,0.997399091720581
ai_product_qwen_2512_product_05.png,true,Qwen 2512,product,0.000988734420388937
ai_product_qwen_2512_product_04.png,true,Qwen 2512,product,2.0494117052294314e-06
ai_product_qwen_2512_product_10.png,true,Qwen 2512,product,0.4542745351791382
ai_product_leonardo_phoenix_product_01.png,true,Leonardo Phoenix,product,0.02323370985686779
ai_product_z_image_product_05.png,true,Z,product,1.939149342433666e-06
ai_product_sd_3.5_large_product_01.png,true,Sd,product,0.34155943989753723
ai_product_recraft_v3_product_08.png,true,Recraft v3,product,0.9947922825813293
ai_product_sd_3.5_large_product_03.png,true,Sd,product,0.0011669353116303682
ai_product_z_image_product_07.png,true,Z,product,0.9916832447052002
ai_product_wan_v2.6_product_02.png,true,Wan v2.6,product,0.5379891991615295
ai_product_leonardo_phoenix_product_03.png,true,Leonardo Phoenix,product,0.0004180475661996752
ai_product_qwen_2512_product_06.png,true,Qwen 2512,product,0.9974380731582642
ai_product_qwen_2512_product_07.png,true,Qwen 2512,product,0.457512766122818
ai_product_leonardo_phoenix_product_02.png,true,Leonardo Phoenix,product,0.008653695695102215
ai_product_wan_v2.6_product_03.png,true,Wan v2.6,product,0.9957276582717896
ai_product_z_image_product_06.png,true,Z,product,0.9999163150787354
ai_product_sd_3.5_large_product_02.png,true,Sd,product,1.9873471046594204e-06
ai_product_glm_image_product_02.png,true,GLM Image,product,0.875474750995636
ai_product_grok_aurora_product_09.png,true,Grok Aurora,product,9.655277972342446e-05
ai_product_flux_schnell_product_10.png,true,Flux Schnell,product,0.9979006052017212
ai_product_seedream_v4_product_07.png,true,Seedream,product,0.1818794161081314
ai_product_flux_schnell_product_04.png,true,Flux Schnell,product,0.002794403349980712
ai_product_seedream_v3_product_04.png,true,Seedream,product,3.3019434340531006e-05
ai_product_seedream_v3_product_10.png,true,Seedream,product,0.2037675529718399
ai_product_hunyuan_v3_product_03.png,true,Hunyuan v3,product,0.07631401717662811
ai_product_gemini_3_pro_product_05.png,true,Gemini 3 Pro,product,1.199001502527608e-07
ai_product_gemini_3_pro_product_04.png,true,Gemini 3 Pro,product,2.378916406087228e-06
ai_product_gemini_3_pro_product_10.png,true,Gemini 3 Pro,product,0.00011270459071965888
ai_product_hunyuan_v3_product_02.png,true,Hunyuan v3,product,0.8829235434532166
ai_product_seedream_v3_product_05.png,true,Seedream,product,4.933233412884874e-07
ai_product_flux_schnell_product_05.png,true,Flux Schnell,product,1.0084467021442833e-06
ai_product_seedream_v4_product_06.png,true,Seedream,product,0.047811806201934814
ai_product_grok_aurora_product_08.png,true,Grok Aurora,product,0.2637218236923218
ai_product_glm_image_product_03.png,true,GLM Image,product,0.5822551250457764
ai_product_glm_image_product_01.png,true,GLM Image,product,0.0003598271869122982
ai_product_flux_schnell_product_07.png,true,Flux Schnell,product,0.648115873336792
ai_product_seedream_v4_product_10.png,true,Seedream,product,5.7678869779920205e-05
ai_product_flux_pro_v1.1_product_09.png,true,Flux Pro v1.1,product,4.814325507140893e-07
ai_product_seedream_v4_product_04.png,true,Seedream,product,2.5819736038101837e-07
ai_product_seedream_v3_product_07.png,true,Seedream,product,0.5823240876197815
ai_product_flux_2_flex_product_09.png,true,Flux,product,0.9128924608230591
ai_product_gpt_image_1.5_product_09.png,true,Gpt,product,4.0153716440727294e-07
ai_product_gemini_3_pro_product_06.png,true,Gemini 3 Pro,product,0.7988441586494446
ai_product_gemini_3_pro_product_07.png,true,Gemini 3 Pro,product,0.0008813348831608891
ai_product_gpt_image_1.5_product_08.png,true,Gpt,product,0.13761433959007263
ai_product_hunyuan_v3_product_01.png,true,Hunyuan v3,product,0.9915067553520203
ai_product_flux_2_flex_product_08.png,true,Flux,product,0.9991999268531799
ai_product_seedream_v3_product_06.png,true,Seedream,product,0.009438781067728996
ai_product_seedream_v4_product_05.png,true,Seedream,product,1.1100156172005882e-07
ai_product_flux_pro_v1.1_product_08.png,true,Flux Pro v1.1,product,0.3344782590866089
ai_product_flux_schnell_product_06.png,true,Flux Schnell,product,0.27919870615005493
ai_product_glm_image_product_10.png,true,GLM Image,product,0.8720727562904358
ai_product_glm_image_product_04.png,true,GLM Image,product,0.0011355597525835037
ai_product_flux_schnell_product_02.png,true,Flux Schnell,product,0.16431117057800293
ai_product_seedream_v4_product_01.png,true,Seedream,product,0.9977738261222839
ai_product_seedream_v3_product_02.png,true,Seedream,product,1.0335647857573349e-05
ai_product_hunyuan_v3_product_05.png,true,Hunyuan v3,product,8.495701564470437e-08
ai_product_gemini_3_pro_product_03.png,true,Gemini 3 Pro,product,4.6222459104683367e-07
ai_product_gemini_3_pro_product_02.png,true,Gemini 3 Pro,product,6.631052201555576e-06
ai_product_hunyuan_v3_product_10.png,true,Hunyuan v3,product,5.290147328196326e-06
ai_product_hunyuan_v3_product_04.png,true,Hunyuan v3,product,1.1447505130490754e-06
ai_product_seedream_v3_product_03.png,true,Seedream,product,3.1674348974775057e-06
ai_product_flux_schnell_product_03.png,true,Flux Schnell,product,0.11858052015304565
ai_product_glm_image_product_05.png,true,GLM Image,product,0.0003625473764259368
ai_product_glm_image_product_07.png,true,GLM Image,product,0.9913741946220398
ai_product_seedream_v4_product_02.png,true,Seedream,product,3.2037416985986056e-06
ai_product_flux_schnell_product_01.png,true,Flux Schnell,product,0.16972965002059937
ai_product_seedream_v3_product_01.png,true,Seedream,product,0.000363830360583961
ai_product_hunyuan_v3_product_06.png,true,Hunyuan v3,product,0.7767637968063354
ai_product_gemini_3_pro_product_01.png,true,Gemini 3 Pro,product,5.912826850362762e-07
ai_product_hunyuan_v3_product_07.png,true,Hunyuan v3,product,0.001023800577968359
ai_product_seedream_v4_product_03.png,true,Seedream,product,6.468833362305304e-06
ai_product_glm_image_product_06.png,true,GLM Image,product,0.9854958653450012
ai_food_seedream_v3_food_02.png,true,Seedream,food,0.9869213104248047
ai_food_gemini_3_pro_food_04.png,true,Gemini 3 Pro,food,0.0013344980543479323
ai_food_gemini_3_pro_food_10.png,true,Gemini 3 Pro,food,2.7633353738565347e-07
ai_food_flux_schnell_food_03.png,true,Flux Schnell,food,0.000232952312217094
ai_food_glm_image_food_08.png,true,GLM Image,food,1.1846719644381665e-05
ai_food_leonardo_phoenix_food_05.png,true,Leonardo Phoenix,food,0.9954290390014648
ai_food_gpt_image_1.5_food_01.png,true,Gpt,food,0.0007164521375671029
ai_food_flux_pro_v1.1_food_05.png,true,Flux Pro v1.1,food,2.1552175894612446e-05
ai_food_flux_pro_v1.1_food_04.png,true,Flux Pro v1.1,food,5.931716805207543e-05
ai_food_flux_pro_v1.1_food_10.png,true,Flux Pro v1.1,food,2.651671593412175e-07
ai_food_leonardo_phoenix_food_04.png,true,Leonardo Phoenix,food,6.759591633453965e-05
ai_food_glm_image_food_09.png,true,GLM Image,food,0.21843458712100983
ai_food_leonardo_phoenix_food_10.png,true,Leonardo Phoenix,food,0.0005861312965862453
ai_food_flux_schnell_food_02.png,true,Flux Schnell,food,0.9403967261314392
ai_food_gemini_3_pro_food_05.png,true,Gemini 3 Pro,food,3.525588181219064e-05
ai_food_seedream_v3_food_03.png,true,Seedream,food,4.917577371088555e-06
ai_food_seedream_v3_food_01.png,true,Seedream,food,0.8659874200820923
ai_food_gemini_3_pro_food_07.png,true,Gemini 3 Pro,food,0.00449792668223381
ai_food_leonardo_phoenix_food_06.png,true,Leonardo Phoenix,food,0.00012203289952594787
ai_food_gpt_image_1.5_food_02.png,true,Gpt,food,5.7025267778954e-06
ai_food_flux_pro_v1.1_food_06.png,true,Flux Pro v1.1,food,0.9990235567092896
ai_food_flux_pro_v1.1_food_07.png,true,Flux Pro v1.1,food,0.9891308546066284
ai_food_gpt_image_1.5_food_03.png,true,Gpt,food,2.8336501145531656e-06
ai_food_leonardo_phoenix_food_07.png,true,Leonardo Phoenix,food,0.9205387234687805
ai_food_flux_schnell_food_01.png,true,Flux Schnell,food,0.00037925998913124204
ai_food_gemini_3_pro_food_06.png,true,Gemini 3 Pro,food,4.7078512579901144e-05
ai_food_seedream_v3_food_10.png,true,Seedream,food,1.5491849580939743e-07
ai_food_seedream_v3_food_04.png,true,Seedream,food,0.10071927309036255
ai_food_seedream_v4_food_08.png,true,Seedream,food,5.076019533589715e-06
ai_food_gemini_3_pro_food_02.png,true,Gemini 3 Pro,food,0.005498473532497883
ai_food_flux_schnell_food_05.png,true,Flux Schnell,food,0.9964774250984192
ai_food_leonardo_phoenix_food_03.png,true,Leonardo Phoenix,food,0.0005669883685186505
ai_food_gpt_image_1.5_food_07.png,true,Gpt,food,0.3350680470466614
ai_food_flux_pro_v1.1_food_03.png,true,Flux Pro v1.1,food,0.7075861096382141
ai_food_flux_pro_v1.1_food_02.png,true,Flux Pro v1.1,food,0.07528292387723923
ai_food_gpt_image_1.5_food_06.png,true,Gpt,food,0.11767122894525528
ai_food_leonardo_phoenix_food_02.png,true,Leonardo Phoenix,food,6.700010999338701e-05
ai_food_flux_schnell_food_04.png,true,Flux Schnell,food,2.57627743849298e-06
ai_food_flux_schnell_food_10.png,true,Flux Schnell,food,6.198361370479688e-05
ai_food_gemini_3_pro_food_03.png,true,Gemini 3 Pro,food,8.455438660348591e-07
ai_food_seedream_v4_food_09.png,true,Seedream,food,0.025650665163993835
ai_food_seedream_v3_food_05.png,true,Seedream,food,2.8562560601130826e-06
ai_food_seedream_v3_food_07.png,true,Seedream,food,1.2761051038978621e-05
ai_food_ideogram_v3_food_09.png,true,Ideogram v3,food,0.00012530105595942587
ai_food_gemini_3_pro_food_01.png,true,Gemini 3 Pro,food,6.229549398995005e-06
ai_food_flux_schnell_food_06.png,true,Flux Schnell,food,0.751157820224762
ai_food_gpt_image_1.5_food_04.png,true,Gpt,food,7.11281827534549e-05
ai_food_grok_aurora_food_09.png,true,Grok Aurora,food,3.892376116709784e-05
ai_food_gpt_image_1.5_food_10.png,true,Gpt,food,8.563984010834247e-08
ai_food_flux_pro_v1.1_food_01.png,true,Flux Pro v1.1,food,4.7843504944466986e-06
ai_food_grok_aurora_food_08.png,true,Grok Aurora,food,0.9829180836677551
ai_food_gpt_image_1.5_food_05.png,true,Gpt,food,4.700672207036405e-07
ai_food_leonardo_phoenix_food_01.png,true,Leonardo Phoenix,food,0.9062909483909607
ai_food_flux_schnell_food_07.png,true,Flux Schnell,food,0.3960019052028656
ai_food_ideogram_v3_food_08.png,true,Ideogram v3,food,0.10510764271020889
ai_food_seedream_v3_food_06.png,true,Seedream,food,0.002337994985282421
ai_food_sd_3.5_large_food_01.png,true,Sd,food,0.12890000641345978
ai_food_flux_2_flex_food_06.png,true,Flux,food,1.3120562471158337e-05
ai_food_hunyuan_v3_food_08.png,true,Hunyuan v3,food,9.512127689959016e-07
ai_food_hunyuan_v3_food_09.png,true,Hunyuan v3,food,0.7847952842712402
ai_food_flux_2_flex_food_07.png,true,Flux,food,0.9999866485595703
ai_food_sd_3.5_large_food_02.png,true,Sd,food,0.1311231106519699
ai_food_flux_2_flex_food_05.png,true,Flux,food,1.5224527487589512e-05
ai_food_qwen_2512_food_08.png,true,Qwen 2512,food,1.82410826710111e-06
ai_food_z_image_food_09.png,true,Z,food,0.005154011771082878
ai_food_z_image_food_08.png,true,Z,food,8.912519115256146e-05
ai_food_flux_2_flex_food_10.png,true,Flux,food,6.683955143671483e-05
ai_food_flux_2_flex_food_04.png,true,Flux,food,0.9972320199012756
ai_food_qwen_2512_food_09.png,true,Qwen 2512,food,0.9512261152267456
ai_food_sd_3.5_large_food_03.png,true,Sd,food,2.1894657038501464e-06
ai_food_sd_3.5_large_food_07.png,true,Sd,food,0.9698714017868042
ai_food_wan_v2.6_food_08.png,true,Wan v2.6,food,0.006217284128069878
ai_food_wan_v2.6_food_09.png,true,Wan v2.6,food,0.9343416690826416
ai_food_flux_2_flex_food_01.png,true,Flux,food,0.9981020092964172
ai_food_sd_3.5_large_food_06.png,true,Sd,food,0.0008393327589146793
ai_food_sd_3.5_large_food_10.png,true,Sd,food,2.9650558985849784e-07
ai_food_sd_3.5_large_food_04.png,true,Sd,food,2.280417220390518e-06
ai_food_recraft_v3_food_09.png,true,Recraft v3,food,0.44276145100593567
ai_food_flux_2_flex_food_03.png,true,Flux,food,0.16869638860225677
ai_food_flux_2_flex_food_02.png,true,Flux,food,0.9999924898147583
ai_food_sd_3.5_large_food_05.png,true,Sd,food,0.9883683323860168
ai_food_recraft_v3_food_08.png,true,Recraft v3,food,0.0003608142433222383
ai_food_sd_3.5_large_food_08.png,true,Sd,food,6.846967153251171e-07
ai_food_recraft_v3_food_05.png,true,Recraft v3,food,0.8901374340057373
ai_food_qwen_2512_food_02.png,true,Qwen 2512,food,0.9999209642410278
ai_food_wan_v2.6_food_07.png,true,Wan v2.6,food,0.6193389892578125
ai_food_hunyuan_v3_food_01.png,true,Hunyuan v3,food,0.8059841990470886
ai_food_z_image_food_03.png,true,Z,food,1.1516070117068011e-05
ai_food_z_image_food_02.png,true,Z,food,0.30335134267807007
ai_food_wan_v2.6_food_06.png,true,Wan v2.6,food,0.16933968663215637
ai_food_qwen_2512_food_03.png,true,Qwen 2512,food,5.9241356211714447e-05
ai_food_recraft_v3_food_10.png,true,Recraft v3,food,0.45756247639656067
ai_food_sd_3.5_large_food_09.png,true,Sd,food,0.0011530070332810283
ai_food_recraft_v3_food_04.png,true,Recraft v3,food,7.861781341489404e-06
ai_food_recraft_v3_food_06.png,true,Recraft v3,food,2.7670271265378688e-06
ai_food_qwen_2512_food_01.png,true,Qwen 2512,food,0.99981290102005
ai_food_wan_v2.6_food_04.png,true,Wan v2.6,food,0.9983957409858704
ai_food_wan_v2.6_food_10.png,true,Wan v2.6,food,2.558674850661191e-06
ai_food_hunyuan_v3_food_02.png,true,Hunyuan v3,food,4.8746784159448e-05
ai_food_z_image_food_01.png,true,Z,food,2.6450715040482464e-07
ai_food_hunyuan_v3_food_03.png,true,Hunyuan v3,food,0.008534855209290981
ai_food_wan_v2.6_food_05.png,true,Wan v2.6,food,0.7897054553031921
ai_food_recraft_v3_food_07.png,true,Recraft v3,food,0.017243826761841774
ai_food_recraft_v3_food_03.png,true,Recraft v3,food,0.0016180635429918766
ai_food_wan_v2.6_food_01.png,true,Wan v2.6,food,0.00014464306877925992
ai_food_qwen_2512_food_10.png,true,Qwen 2512,food,4.1845220266623073e-07
ai_food_flux_2_flex_food_09.png,true,Flux,food,0.025007225573062897
ai_food_qwen_2512_food_04.png,true,Qwen 2512,food,0.6555715203285217
ai_food_hunyuan_v3_food_07.png,true,Hunyuan v3,food,0.08783690631389618
ai_food_z_image_food_05.png,true,Z,food,0.00022022973280400038
ai_food_z_image_food_04.png,true,Z,food,0.0002524065785109997
ai_food_hunyuan_v3_food_06.png,true,Hunyuan v3,food,2.16182502299489e-06
ai_food_z_image_food_10.png,true,Z,food,0.0001762767496984452
ai_food_flux_2_flex_food_08.png,true,Flux,food,0.007444140035659075
ai_food_qwen_2512_food_05.png,true,Qwen 2512,food,0.00032899552024900913
ai_food_recraft_v3_food_02.png,true,Recraft v3,food,0.008400321938097477
ai_food_wan_v2.6_food_02.png,true,Wan v2.6,food,0.9983839988708496
ai_food_qwen_2512_food_07.png,true,Qwen 2512,food,0.9978139400482178
ai_food_hunyuan_v3_food_04.png,true,Hunyuan v3,food,7.718312554061413e-05
ai_food_z_image_food_06.png,true,Z,food,0.02037769928574562
ai_food_hunyuan_v3_food_10.png,true,Hunyuan v3,food,2.2698959583067335e-06
ai_food_z_image_food_07.png,true,Z,food,0.0038899562787264585
ai_food_hunyuan_v3_food_05.png,true,Hunyuan v3,food,2.616999609017512e-06
ai_food_qwen_2512_food_06.png,true,Qwen 2512,food,0.4660772383213043
ai_food_wan_v2.6_food_03.png,true,Wan v2.6,food,0.02492193877696991
ai_food_recraft_v3_food_01.png,true,Recraft v3,food,0.0005432125763036311
ai_food_ideogram_v3_food_05.png,true,Ideogram v3,food,0.2422756403684616
ai_food_seedream_v4_food_07.png,true,Seedream,food,0.002827445976436138
ai_food_glm_image_food_01.png,true,GLM Image,food,0.9988651275634766
ai_food_grok_aurora_food_05.png,true,Grok Aurora,food,8.613696081738453e-06
ai_food_gpt_image_1.5_food_08.png,true,Gpt,food,1.660841007833369e-05
ai_food_gpt_image_1.5_food_09.png,true,Gpt,food,2.3464803234674037e-05
ai_food_grok_aurora_food_04.png,true,Grok Aurora,food,2.4045995814958587e-05
ai_food_grok_aurora_food_10.png,true,Grok Aurora,food,2.613495553305256e-07
ai_food_seedream_v4_food_06.png,true,Seedream,food,4.783667827723548e-05
ai_food_ideogram_v3_food_10.png,true,Ideogram v3,food,3.780732527047803e-07
ai_food_ideogram_v3_food_04.png,true,Ideogram v3,food,0.9941796064376831
ai_food_seedream_v3_food_08.png,true,Seedream,food,1.644558437874366e-06
ai_food_seedream_v4_food_04.png,true,Seedream,food,3.968511009588838e-06
ai_food_seedream_v4_food_10.png,true,Seedream,food,6.462941541940381e-07
ai_food_ideogram_v3_food_06.png,true,Ideogram v3,food,3.521397275108029e-06
ai_food_flux_schnell_food_09.png,true,Flux Schnell,food,1.9672552298288792e-05
ai_food_glm_image_food_02.png,true,GLM Image,food,1.2136168152210303e-05
ai_food_grok_aurora_food_06.png,true,Grok Aurora,food,0.28293466567993164
ai_food_grok_aurora_food_07.png,true,Grok Aurora,food,0.05546575412154198
ai_food_glm_image_food_03.png,true,GLM Image,food,0.008554846979677677
ai_food_flux_schnell_food_08.png,true,Flux Schnell,food,3.5105913411825895e-05
ai_food_ideogram_v3_food_07.png,true,Ideogram v3,food,0.0030419002287089825
ai_food_seedream_v4_food_05.png,true,Seedream,food,0.00014087623276282102
ai_food_seedream_v3_food_09.png,true,Seedream,food,1.0457679309183732e-05
ai_food_seedream_v4_food_01.png,true,Seedream,food,2.1933790605999093e-07
ai_food_ideogram_v3_food_03.png,true,Ideogram v3,food,0.0011896390933543444
ai_food_glm_image_food_07.png,true,GLM Image,food,0.008583695627748966
ai_food_grok_aurora_food_03.png,true,Grok Aurora,food,0.00075498316437006
ai_food_grok_aurora_food_02.png,true,Grok Aurora,food,9.202972819366551e-07
ai_food_glm_image_food_06.png,true,GLM Image,food,0.1834004819393158
ai_food_ideogram_v3_food_02.png,true,Ideogram v3,food,0.0031062117777764797
ai_food_gemini_3_pro_food_08.png,true,Gemini 3 Pro,food,4.49137473879091e-07
ai_food_seedream_v4_food_02.png,true,Seedream,food,0.00023357104510068893
ai_food_leonardo_phoenix_food_09.png,true,Leonardo Phoenix,food,0.9994131326675415
ai_food_glm_image_food_10.png,true,GLM Image,food,0.03077874705195427
ai_food_glm_image_food_04.png,true,GLM Image,food,0.25849223136901855
ai_food_flux_pro_v1.1_food_09.png,true,Flux Pro v1.1,food,0.00075863569509238
ai_food_flux_pro_v1.1_food_08.png,true,Flux Pro v1.1,food,3.7248626085784053e-06
ai_food_grok_aurora_food_01.png,true,Grok Aurora,food,1.9498289475450292e-05
ai_food_glm_image_food_05.png,true,GLM Image,food,0.8687455654144287
ai_food_leonardo_phoenix_food_08.png,true,Leonardo Phoenix,food,0.014919435605406761
ai_food_seedream_v4_food_03.png,true,Seedream,food,8.625069085610448e-07
ai_food_ideogram_v3_food_01.png,true,Ideogram v3,food,5.984145900583826e-05
ai_food_gemini_3_pro_food_09.png,true,Gemini 3 Pro,food,0.0029383262153714895
ai_animal_flux_pro_v1.1_animal_07.png,true,Flux Pro v1.1,animal,0.006448609754443169
ai_animal_seedream_v3_animal_10.png,true,Seedream,animal,0.9975766539573669
ai_animal_seedream_v3_animal_04.png,true,Seedream,animal,0.00012677317135967314
ai_animal_ideogram_v3_animal_03.png,true,Ideogram v3,animal,0.9132790565490723
ai_animal_flux_2_flex_animal_07.png,true,Flux,animal,1.0042775784313562e-06
ai_animal_seedream_v4_animal_01.png,true,Seedream,animal,2.218912595708389e-05
ai_animal_flux_2_flex_animal_06.png,true,Flux,animal,0.9999288320541382
ai_animal_gemini_3_pro_animal_01.png,true,Gemini 3 Pro,animal,1.5813309801160358e-05
ai_animal_ideogram_v3_animal_02.png,true,Ideogram v3,animal,0.9999089241027832
ai_animal_seedream_v3_animal_05.png,true,Seedream,animal,0.00029167940374463797
ai_animal_flux_pro_v1.1_animal_06.png,true,Flux Pro v1.1,animal,0.0005709017277695239
ai_animal_flux_pro_v1.1_animal_04.png,true,Flux Pro v1.1,animal,0.9997820258140564
ai_animal_flux_pro_v1.1_animal_10.png,true,Flux Pro v1.1,animal,0.9935500621795654
ai_animal_seedream_v3_animal_07.png,true,Seedream,animal,0.37302887439727783
ai_animal_sd_3.5_large_animal_09.png,true,Sd,animal,0.13520948588848114
ai_animal_gemini_3_pro_animal_03.png,true,Gemini 3 Pro,animal,1.5770455092933844e-06
ai_animal_flux_2_flex_animal_04.png,true,Flux,animal,0.9885586500167847
ai_animal_flux_2_flex_animal_10.png,true,Flux,animal,0.999947190284729
ai_animal_seedream_v4_animal_03.png,true,Seedream,animal,1.2775400364262168e-06
ai_animal_seedream_v4_animal_02.png,true,Seedream,animal,0.008261547423899174
ai_animal_flux_2_flex_animal_05.png,true,Flux,animal,0.002738939132541418
ai_animal_gemini_3_pro_animal_02.png,true,Gemini 3 Pro,animal,4.375043135951273e-05
ai_animal_ideogram_v3_animal_01.png,true,Ideogram v3,animal,2.8034112347086193e-06
ai_animal_sd_3.5_large_animal_08.png,true,Sd,animal,0.12424563616514206
ai_animal_seedream_v3_animal_06.png,true,Seedream,animal,0.6188403964042664
ai_animal_flux_pro_v1.1_animal_05.png,true,Flux Pro v1.1,animal,6.669706635875627e-07
ai_animal_seedream_v3_animal_02.png,true,Seedream,animal,0.9866905212402344
ai_animal_flux_pro_v1.1_animal_01.png,true,Flux Pro v1.1,animal,0.9998194575309753
ai_animal_gemini_3_pro_animal_06.png,true,Gemini 3 Pro,animal,4.430235640029423e-05
ai_animal_ideogram_v3_animal_05.png,true,Ideogram v3,animal,0.0034494625870138407
ai_animal_flux_2_flex_animal_01.png,true,Flux,animal,0.9999889135360718
ai_animal_seedream_v4_animal_06.png,true,Seedream,animal,0.995182454586029
ai_animal_seedream_v4_animal_07.png,true,Seedream,animal,5.819303510179452e-07
ai_animal_ideogram_v3_animal_10.png,true,Ideogram v3,animal,0.9869409203529358
ai_animal_ideogram_v3_animal_04.png,true,Ideogram v3,animal,0.7762609720230103
ai_animal_gemini_3_pro_animal_07.png,true,Gemini 3 Pro,animal,2.2164989843531657e-07
ai_animal_seedream_v3_animal_03.png,true,Seedream,animal,0.34113550186157227
ai_animal_seedream_v3_animal_01.png,true,Seedream,animal,0.3499797284603119
ai_animal_flux_pro_v1.1_animal_02.png,true,Flux Pro v1.1,animal,0.999090313911438
ai_animal_gemini_3_pro_animal_05.png,true,Gemini 3 Pro,animal,7.4444669735385105e-06
ai_animal_ideogram_v3_animal_06.png,true,Ideogram v3,animal,0.9998506307601929
ai_animal_flux_2_flex_animal_02.png,true,Flux,animal,0.9997740387916565
ai_animal_seedream_v4_animal_05.png,true,Seedream,animal,4.624076154868817e-06
ai_animal_qwen_2512_animal_08.png,true,Qwen 2512,animal,0.6328347325325012
ai_animal_qwen_2512_animal_09.png,true,Qwen 2512,animal,0.044512175023555756
ai_animal_seedream_v4_animal_10.png,true,Seedream,animal,2.235023202956654e-05
ai_animal_seedream_v4_animal_04.png,true,Seedream,animal,7.033980364212766e-05
ai_animal_flux_2_flex_animal_03.png,true,Flux,animal,0.9979751706123352
ai_animal_ideogram_v3_animal_07.png,true,Ideogram v3,animal,5.284628059598617e-07
ai_animal_gemini_3_pro_animal_04.png,true,Gemini 3 Pro,animal,7.732060112175532e-07
ai_animal_gemini_3_pro_animal_10.png,true,Gemini 3 Pro,animal,0.00019931250426452607
ai_animal_flux_pro_v1.1_animal_03.png,true,Flux Pro v1.1,animal,0.9318006634712219
ai_animal_flux_schnell_animal_01.png,true,Flux Schnell,animal,0.9999794960021973
ai_animal_z_image_animal_06.png,true,Z,animal,0.9999146461486816
ai_animal_grok_aurora_animal_10.png,true,Grok Aurora,animal,0.05483613535761833
ai_animal_grok_aurora_animal_04.png,true,Grok Aurora,animal,0.0043038176372647285
ai_animal_glm_image_animal_06.png,true,GLM Image,animal,0.9998443126678467
ai_animal_recraft_v3_animal_02.png,true,Recraft v3,animal,0.995399534702301
ai_animal_glm_image_animal_07.png,true,GLM Image,animal,0.2445136457681656
ai_animal_recraft_v3_animal_03.png,true,Recraft v3,animal,0.0031493513379245996
ai_animal_grok_aurora_animal_05.png,true,Grok Aurora,animal,0.0004289669159334153
ai_animal_z_image_animal_07.png,true,Z,animal,0.462660014629364
ai_animal_flux_schnell_animal_02.png,true,Flux Schnell,animal,0.9999692440032959
ai_animal_z_image_animal_05.png,true,Z,animal,0.7840685248374939
ai_animal_grok_aurora_animal_07.png,true,Grok Aurora,animal,1.7494015480679082e-07
ai_animal_recraft_v3_animal_01.png,true,Recraft v3,animal,0.4054582417011261
ai_animal_glm_image_animal_05.png,true,GLM Image,animal,0.9999984502792358
ai_animal_glm_image_animal_10.png,true,GLM Image,animal,0.18151050806045532
ai_animal_glm_image_animal_04.png,true,GLM Image,animal,0.00790248904377222
ai_animal_grok_aurora_animal_06.png,true,Grok Aurora,animal,1.0262456271448173e-05
ai_animal_z_image_animal_10.png,true,Z,animal,0.9999791383743286
ai_animal_z_image_animal_04.png,true,Z,animal,0.005577872972935438
ai_animal_flux_schnell_animal_03.png,true,Flux Schnell,animal,0.02475634776055813
ai_animal_flux_schnell_animal_07.png,true,Flux Schnell,animal,0.9539408087730408
ai_animal_wan_v2.6_animal_09.png,true,Wan v2.6,animal,3.500986349536106e-05
ai_animal_hunyuan_v3_animal_09.png,true,Hunyuan v3,animal,3.006084261869546e-05
ai_animal_grok_aurora_animal_02.png,true,Grok Aurora,animal,0.6410449147224426
ai_animal_recraft_v3_animal_04.png,true,Recraft v3,animal,0.23378974199295044
ai_animal_recraft_v3_animal_10.png,true,Recraft v3,animal,0.0764496922492981
ai_animal_gpt_image_1.5_animal_08.png,true,Gpt,animal,1.8789218074743985e-06
ai_animal_gpt_image_1.5_animal_09.png,true,Gpt,animal,4.717684078059392e-06
ai_animal_glm_image_animal_01.png,true,GLM Image,animal,0.9524399042129517
ai_animal_recraft_v3_animal_05.png,true,Recraft v3,animal,0.012419789098203182
ai_animal_grok_aurora_animal_03.png,true,Grok Aurora,animal,0.28632834553718567
ai_animal_hunyuan_v3_animal_08.png,true,Hunyuan v3,animal,0.006468247156590223
ai_animal_flux_schnell_animal_06.png,true,Flux Schnell,animal,0.9933364391326904
ai_animal_wan_v2.6_animal_08.png,true,Wan v2.6,animal,0.3521459698677063
ai_animal_z_image_animal_01.png,true,Z,animal,0.9997919201850891
ai_animal_z_image_animal_03.png,true,Z,animal,0.035286881029605865
ai_animal_flux_schnell_animal_04.png,true,Flux Schnell,animal,0.871525228023529
ai_animal_flux_schnell_animal_10.png,true,Flux Schnell,animal,0.9999678134918213
ai_animal_grok_aurora_animal_01.png,true,Grok Aurora,animal,1.262062414753018e-05
ai_animal_leonardo_phoenix_animal_08.png,true,Leonardo Phoenix,animal,0.0007506314432248473
ai_animal_recraft_v3_animal_07.png,true,Recraft v3,animal,0.0006063819746486843
ai_animal_glm_image_animal_03.png,true,GLM Image,animal,0.11872385442256927
ai_animal_recraft_v3_animal_06.png,true,Recraft v3,animal,0.9515184760093689
ai_animal_glm_image_animal_02.png,true,GLM Image,animal,0.9995656609535217
ai_animal_leonardo_phoenix_animal_09.png,true,Leonardo Phoenix,animal,0.34813183546066284
ai_animal_flux_schnell_animal_05.png,true,Flux Schnell,animal,0.21562404930591583
ai_animal_z_image_animal_02.png,true,Z,animal,0.017382798716425896
ai_animal_wan_v2.6_animal_06.png,true,Wan v2.6,animal,0.9550513029098511
ai_animal_flux_schnell_animal_08.png,true,Flux Schnell,animal,0.9973975419998169
ai_animal_hunyuan_v3_animal_06.png,true,Hunyuan v3,animal,0.0006044941837899387
ai_animal_leonardo_phoenix_animal_10.png,true,Leonardo Phoenix,animal,0.9986339211463928
ai_animal_leonardo_phoenix_animal_04.png,true,Leonardo Phoenix,animal,7.749619544483721e-05
ai_animal_gpt_image_1.5_animal_07.png,true,Gpt,animal,5.052047526987735e-07
ai_animal_gpt_image_1.5_animal_06.png,true,Gpt,animal,5.288858346830239e-07
ai_animal_leonardo_phoenix_animal_05.png,true,Leonardo Phoenix,animal,1.0727790140663274e-05
ai_animal_hunyuan_v3_animal_07.png,true,Hunyuan v3,animal,9.46398540691007e-06
ai_animal_wan_v2.6_animal_07.png,true,Wan v2.6,animal,0.653998076915741
ai_animal_flux_schnell_animal_09.png,true,Flux Schnell,animal,4.420031837071292e-05
ai_animal_wan_v2.6_animal_05.png,true,Wan v2.6,animal,0.9888206720352173
ai_animal_hunyuan_v3_animal_05.png,true,Hunyuan v3,animal,0.9709479808807373
ai_animal_leonardo_phoenix_animal_07.png,true,Leonardo Phoenix,animal,0.002273793797940016
ai_animal_recraft_v3_animal_08.png,true,Recraft v3,animal,0.3695402443408966
ai_animal_gpt_image_1.5_animal_04.png,true,Gpt,animal,0.00012989860260859132
ai_animal_gpt_image_1.5_animal_10.png,true,Gpt,animal,0.8155936002731323
ai_animal_gpt_image_1.5_animal_05.png,true,Gpt,animal,1.0778384194054524e-06
ai_animal_recraft_v3_animal_09.png,true,Recraft v3,animal,0.9631946682929993
ai_animal_leonardo_phoenix_animal_06.png,true,Leonardo Phoenix,animal,3.172309880028479e-05
ai_animal_hunyuan_v3_animal_10.png,true,Hunyuan v3,animal,0.9783904552459717
ai_animal_hunyuan_v3_animal_04.png,true,Hunyuan v3,animal,1.1563516864043777e-06
ai_animal_wan_v2.6_animal_10.png,true,Wan v2.6,animal,2.6819177492143353e-06
ai_animal_wan_v2.6_animal_04.png,true,Wan v2.6,animal,8.182189048966393e-05
ai_animal_z_image_animal_09.png,true,Z,animal,0.17535445094108582
ai_animal_leonardo_phoenix_animal_02.png,true,Leonardo Phoenix,animal,0.5940285921096802
ai_animal_gpt_image_1.5_animal_01.png,true,Gpt,animal,5.56658915229491e-06
ai_animal_glm_image_animal_09.png,true,GLM Image,animal,0.008155327290296555
ai_animal_glm_image_animal_08.png,true,GLM Image,animal,0.1270066797733307
ai_animal_leonardo_phoenix_animal_03.png,true,Leonardo Phoenix,animal,5.012025576434098e-05
ai_animal_hunyuan_v3_animal_01.png,true,Hunyuan v3,animal,8.875896310200915e-05
ai_animal_z_image_animal_08.png,true,Z,animal,0.8937650322914124
ai_animal_wan_v2.6_animal_01.png,true,Wan v2.6,animal,6.598006439162418e-05
ai_animal_wan_v2.6_animal_03.png,true,Wan v2.6,animal,2.833407052094117e-06
ai_animal_grok_aurora_animal_08.png,true,Grok Aurora,animal,3.1982438031263882e-06
ai_animal_hunyuan_v3_animal_03.png,true,Hunyuan v3,animal,0.9547777771949768
ai_animal_leonardo_phoenix_animal_01.png,true,Leonardo Phoenix,animal,0.015095523558557034
ai_animal_gpt_image_1.5_animal_02.png,true,Gpt,animal,2.0006427803309634e-05
ai_animal_gpt_image_1.5_animal_03.png,true,Gpt,animal,5.5901246014400385e-06
ai_animal_hunyuan_v3_animal_02.png,true,Hunyuan v3,animal,0.999762237071991
ai_animal_grok_aurora_animal_09.png,true,Grok Aurora,animal,1.2058558240823913e-06
ai_animal_wan_v2.6_animal_02.png,true,Wan v2.6,animal,9.527498150418978e-07
ai_animal_sd_3.5_large_animal_03.png,true,Sd,animal,0.00011236839054618031
ai_animal_gemini_3_pro_animal_09.png,true,Gemini 3 Pro,animal,0.000728880986571312
ai_animal_qwen_2512_animal_04.png,true,Qwen 2512,animal,1.0158520126424264e-05
ai_animal_seedream_v4_animal_09.png,true,Seedream,animal,6.744068059560959e-07
ai_animal_qwen_2512_animal_10.png,true,Qwen 2512,animal,0.999129593372345
ai_animal_seedream_v4_animal_08.png,true,Seedream,animal,1.0160825922866934e-06
ai_animal_qwen_2512_animal_05.png,true,Qwen 2512,animal,0.0005190687952563167
ai_animal_gemini_3_pro_animal_08.png,true,Gemini 3 Pro,animal,1.7089224968458439e-07
ai_animal_sd_3.5_large_animal_02.png,true,Sd,animal,0.9992932081222534
ai_animal_ideogram_v3_animal_09.png,true,Ideogram v3,animal,0.7063754200935364
ai_animal_qwen_2512_animal_07.png,true,Qwen 2512,animal,3.337459929753095e-05
ai_animal_qwen_2512_animal_06.png,true,Qwen 2512,animal,0.998563826084137
ai_animal_ideogram_v3_animal_08.png,true,Ideogram v3,animal,0.0002671835827641189
ai_animal_sd_3.5_large_animal_01.png,true,Sd,animal,0.05671587213873863
ai_animal_flux_pro_v1.1_animal_08.png,true,Flux Pro v1.1,animal,6.49217383852374e-07
ai_animal_sd_3.5_large_animal_05.png,true,Sd,animal,3.9502403524238616e-05
ai_animal_flux_2_flex_animal_08.png,true,Flux,animal,0.1756751537322998
ai_animal_qwen_2512_animal_02.png,true,Qwen 2512,animal,0.01011207140982151
ai_animal_qwen_2512_animal_03.png,true,Qwen 2512,animal,0.9838406443595886
ai_animal_flux_2_flex_animal_09.png,true,Flux,animal,0.9556825757026672
ai_animal_sd_3.5_large_animal_10.png,true,Sd,animal,0.9983898401260376
ai_animal_sd_3.5_large_animal_04.png,true,Sd,animal,6.921073349985818e-07
ai_animal_flux_pro_v1.1_animal_09.png,true,Flux Pro v1.1,animal,0.00010257023677695543
ai_animal_seedream_v3_animal_08.png,true,Seedream,animal,1.0281825097990804e-06
ai_animal_sd_3.5_large_animal_06.png,true,Sd,animal,0.24738337099552155
ai_animal_qwen_2512_animal_01.png,true,Qwen 2512,animal,0.999988317489624
ai_animal_sd_3.5_large_animal_07.png,true,Sd,animal,0.00014974342775531113
ai_animal_seedream_v3_animal_09.png,true,Seedream,animal,0.00026215455727651715
ai_landscape_gemini_3_pro_landscape_04.png,true,Gemini 3 Pro,landscape,1.4125577081358642e-06
ai_landscape_gemini_3_pro_landscape_10.png,true,Gemini 3 Pro,landscape,1.0725985930548632e-06
ai_landscape_flux_schnell_landscape_01.png,true,Flux Schnell,landscape,0.00043460706365294755
ai_landscape_gemini_3_pro_landscape_05.png,true,Gemini 3 Pro,landscape,5.442968358693179e-06
ai_landscape_gpt_image_1.5_landscape_08.png,true,Gpt,landscape,0.9946287274360657
ai_landscape_hunyuan_v3_landscape_09.png,true,Hunyuan v3,landscape,3.6136708558842656e-07
ai_landscape_sd_3.5_large_landscape_09.png,true,Sd,landscape,7.008815828157822e-06
ai_landscape_gemini_3_pro_landscape_07.png,true,Gemini 3 Pro,landscape,3.2042957172961906e-05
ai_landscape_flux_schnell_landscape_02.png,true,Flux Schnell,landscape,0.00020799232879653573
ai_landscape_flux_schnell_landscape_03.png,true,Flux Schnell,landscape,0.005156562197953463
ai_landscape_gemini_3_pro_landscape_06.png,true,Gemini 3 Pro,landscape,1.3567419046012219e-05
ai_landscape_sd_3.5_large_landscape_08.png,true,Sd,landscape,0.009461179375648499
ai_landscape_hunyuan_v3_landscape_08.png,true,Hunyuan v3,landscape,0.0003491585375741124
ai_landscape_gpt_image_1.5_landscape_09.png,true,Gpt,landscape,8.478876225126442e-06
ai_landscape_gemini_3_pro_landscape_02.png,true,Gemini 3 Pro,landscape,6.731873327225912e-06
ai_landscape_flux_schnell_landscape_07.png,true,Flux Schnell,landscape,5.121182039147243e-05
ai_landscape_flux_schnell_landscape_06.png,true,Flux Schnell,landscape,4.0655133489053696e-05
ai_landscape_gemini_3_pro_landscape_03.png,true,Gemini 3 Pro,landscape,0.00777619332075119
ai_landscape_gemini_3_pro_landscape_01.png,true,Gemini 3 Pro,landscape,0.0009988629026338458
ai_landscape_z_image_landscape_09.png,true,Z,landscape,0.9844943881034851
ai_landscape_flux_schnell_landscape_04.png,true,Flux Schnell,landscape,0.0048928335309028625
ai_landscape_flux_schnell_landscape_10.png,true,Flux Schnell,landscape,4.573595617785031e-07
ai_landscape_flux_schnell_landscape_05.png,true,Flux Schnell,landscape,1.4383243978954852e-05
ai_landscape_z_image_landscape_08.png,true,Z,landscape,0.704009473323822
ai_landscape_leonardo_phoenix_landscape_04.png,true,Leonardo Phoenix,landscape,5.747274371969979e-06
ai_landscape_flux_pro_v1.1_landscape_04.png,true,Flux Pro v1.1,landscape,6.433207090594806e-06
ai_landscape_flux_pro_v1.1_landscape_10.png,true,Flux Pro v1.1,landscape,2.1458536991758592e-07
ai_landscape_ideogram_v3_landscape_08.png,true,Ideogram v3,landscape,2.0346171822893666e-06
ai_landscape_qwen_2512_landscape_08.png,true,Qwen 2512,landscape,0.9973045587539673
ai_landscape_grok_aurora_landscape_03.png,true,Grok Aurora,landscape,1.2793743735528551e-05
ai_landscape_wan_v2.6_landscape_05.png,true,Wan v2.6,landscape,0.00022700850968249142
ai_landscape_recraft_v3_landscape_09.png,true,Recraft v3,landscape,0.5520139336585999
ai_landscape_seedream_v4_landscape_05.png,true,Seedream,landscape,0.00013919059711042792
ai_landscape_seedream_v4_landscape_04.png,true,Seedream,landscape,5.369090104068164e-06
ai_landscape_seedream_v4_landscape_10.png,true,Seedream,landscape,1.5524506125075277e-06
ai_landscape_recraft_v3_landscape_08.png,true,Recraft v3,landscape,0.9563496708869934
ai_landscape_wan_v2.6_landscape_04.png,true,Wan v2.6,landscape,0.0005083156866021454
ai_landscape_wan_v2.6_landscape_10.png,true,Wan v2.6,landscape,0.000325395812978968
ai_landscape_grok_aurora_landscape_02.png,true,Grok Aurora,landscape,0.0002230589889222756
ai_landscape_qwen_2512_landscape_09.png,true,Qwen 2512,landscape,0.00010927867697319016
ai_landscape_ideogram_v3_landscape_09.png,true,Ideogram v3,landscape,1.291686567128636e-05
ai_landscape_flux_pro_v1.1_landscape_05.png,true,Flux Pro v1.1,landscape,1.0790719898068346e-05
ai_landscape_leonardo_phoenix_landscape_07.png,true,Leonardo Phoenix,landscape,0.0008995942189358175
ai_landscape_flux_2_flex_landscape_08.png,true,Flux,landscape,0.9449380040168762
ai_landscape_seedream_v3_landscape_08.png,true,Seedream,landscape,0.0025789039209485054
ai_landscape_glm_image_landscape_09.png,true,GLM Image,landscape,0.0015413888031616807
ai_landscape_flux_pro_v1.1_landscape_07.png,true,Flux Pro v1.1,landscape,5.88002649237751e-06
ai_landscape_wan_v2.6_landscape_06.png,true,Wan v2.6,landscape,0.8338016271591187
ai_landscape_seedream_v4_landscape_06.png,true,Seedream,landscape,2.323565240658354e-06
ai_landscape_seedream_v4_landscape_07.png,true,Seedream,landscape,9.911689630826004e-06
ai_landscape_wan_v2.6_landscape_07.png,true,Wan v2.6,landscape,0.06263966858386993
ai_landscape_grok_aurora_landscape_01.png,true,Grok Aurora,landscape,0.00011266773799434304
ai_landscape_flux_pro_v1.1_landscape_06.png,true,Flux Pro v1.1,landscape,2.436283466522582e-06
ai_landscape_glm_image_landscape_08.png,true,GLM Image,landscape,0.998907208442688
ai_landscape_seedream_v3_landscape_09.png,true,Seedream,landscape,0.0031638790387660265
ai_landscape_flux_2_flex_landscape_09.png,true,Flux,landscape,0.002173294546082616
ai_landscape_leonardo_phoenix_landscape_06.png,true,Leonardo Phoenix,landscape,0.9264283776283264
ai_landscape_leonardo_phoenix_landscape_02.png,true,Leonardo Phoenix,landscape,0.0755450502038002
ai_landscape_flux_pro_v1.1_landscape_02.png,true,Flux Pro v1.1,landscape,7.523206295445561e-05
ai_landscape_grok_aurora_landscape_05.png,true,Grok Aurora,landscape,4.708536778252892e-07
ai_landscape_wan_v2.6_landscape_03.png,true,Wan v2.6,landscape,0.9991436004638672
ai_landscape_seedream_v4_landscape_03.png,true,Seedream,landscape,8.733384674997069e-06
ai_landscape_seedream_v4_landscape_02.png,true,Seedream,landscape,7.389831807813607e-06
ai_landscape_wan_v2.6_landscape_02.png,true,Wan v2.6,landscape,0.053627584129571915
ai_landscape_grok_aurora_landscape_04.png,true,Grok Aurora,landscape,0.002264955546706915
ai_landscape_grok_aurora_landscape_10.png,true,Grok Aurora,landscape,1.752995757442477e-07
ai_landscape_flux_pro_v1.1_landscape_03.png,true,Flux Pro v1.1,landscape,0.8073549866676331
ai_landscape_leonardo_phoenix_landscape_03.png,true,Leonardo Phoenix,landscape,0.008756746537983418
ai_landscape_leonardo_phoenix_landscape_01.png,true,Leonardo Phoenix,landscape,2.9656845072167926e-05
ai_landscape_flux_pro_v1.1_landscape_01.png,true,Flux Pro v1.1,landscape,0.0031218493822962046
ai_landscape_grok_aurora_landscape_06.png,true,Grok Aurora,landscape,0.020583460107445717
ai_landscape_seedream_v4_landscape_01.png,true,Seedream,landscape,1.5183148207142949e-05
ai_landscape_wan_v2.6_landscape_01.png,true,Wan v2.6,landscape,0.9223257303237915
ai_landscape_grok_aurora_landscape_07.png,true,Grok Aurora,landscape,0.09400026500225067
ai_landscape_flux_2_flex_landscape_02.png,true,Flux,landscape,0.012640852481126785
ai_landscape_glm_image_landscape_03.png,true,GLM Image,landscape,0.23312775790691376
ai_landscape_seedream_v3_landscape_02.png,true,Seedream,landscape,1.9097182303084992e-05
ai_landscape_ideogram_v3_landscape_01.png,true,Ideogram v3,landscape,7.698677654843777e-05
ai_landscape_qwen_2512_landscape_01.png,true,Qwen 2512,landscape,0.7160506844520569
ai_landscape_recraft_v3_landscape_01.png,true,Recraft v3,landscape,0.9521245956420898
ai_landscape_seedream_v3_landscape_03.png,true,Seedream,landscape,0.0005032698973082006
ai_landscape_glm_image_landscape_02.png,true,GLM Image,landscape,0.8134351968765259
ai_landscape_flux_2_flex_landscape_03.png,true,Flux,landscape,0.9395694732666016
ai_landscape_flux_2_flex_landscape_01.png,true,Flux,landscape,0.9936969876289368
ai_landscape_seedream_v3_landscape_01.png,true,Seedream,landscape,0.48856452107429504
ai_landscape_ideogram_v3_landscape_02.png,true,Ideogram v3,landscape,3.2171308248507557e-06
ai_landscape_qwen_2512_landscape_02.png,true,Qwen 2512,landscape,0.004813501611351967
ai_landscape_grok_aurora_landscape_09.png,true,Grok Aurora,landscape,2.011262495216215e-06
ai_landscape_recraft_v3_landscape_03.png,true,Recraft v3,landscape,0.5412520170211792
ai_landscape_recraft_v3_landscape_02.png,true,Recraft v3,landscape,0.1595555990934372
ai_landscape_grok_aurora_landscape_08.png,true,Grok Aurora,landscape,7.16278123036318e-07
ai_landscape_qwen_2512_landscape_03.png,true,Qwen 2512,landscape,3.311441469122656e-05
ai_landscape_ideogram_v3_landscape_03.png,true,Ideogram v3,landscape,0.00020570629567373544
ai_landscape_glm_image_landscape_01.png,true,GLM Image,landscape,0.9877912998199463
ai_landscape_flux_2_flex_landscape_10.png,true,Flux,landscape,8.790545393821958e-07
ai_landscape_flux_2_flex_landscape_04.png,true,Flux,landscape,0.007799155544489622
ai_landscape_seedream_v3_landscape_10.png,true,Seedream,landscape,4.596622318331356e-07
ai_landscape_seedream_v3_landscape_04.png,true,Seedream,landscape,6.012105586705729e-06
ai_landscape_glm_image_landscape_05.png,true,GLM Image,landscape,0.006156384479254484
ai_landscape_ideogram_v3_landscape_07.png,true,Ideogram v3,landscape,0.9967818260192871
ai_landscape_qwen_2512_landscape_07.png,true,Qwen 2512,landscape,0.0071740890853106976
ai_landscape_recraft_v3_landscape_06.png,true,Recraft v3,landscape,0.29145562648773193
ai_landscape_recraft_v3_landscape_07.png,true,Recraft v3,landscape,0.09312810003757477
ai_landscape_qwen_2512_landscape_06.png,true,Qwen 2512,landscape,0.002277933992445469
ai_landscape_ideogram_v3_landscape_06.png,true,Ideogram v3,landscape,2.917814526881557e-05
ai_landscape_glm_image_landscape_10.png,true,GLM Image,landscape,0.9764482378959656
ai_landscape_glm_image_landscape_04.png,true,GLM Image,landscape,6.10847637290135e-05
ai_landscape_seedream_v3_landscape_05.png,true,Seedream,landscape,5.796920504508307e-06
ai_landscape_flux_2_flex_landscape_05.png,true,Flux,landscape,1.7519774701213464e-05
ai_landscape_flux_2_flex_landscape_07.png,true,Flux,landscape,0.7855959534645081
ai_landscape_leonardo_phoenix_landscape_08.png,true,Leonardo Phoenix,landscape,2.2421363610192202e-05
ai_landscape_seedream_v3_landscape_07.png,true,Seedream,landscape,1.2206207429699134e-05
ai_landscape_glm_image_landscape_06.png,true,GLM Image,landscape,0.9958755373954773
ai_landscape_flux_pro_v1.1_landscape_08.png,true,Flux Pro v1.1,landscape,2.7325817427481525e-05
ai_landscape_ideogram_v3_landscape_10.png,true,Ideogram v3,landscape,2.5703920414343884e-07
ai_landscape_ideogram_v3_landscape_04.png,true,Ideogram v3,landscape,0.00029820771305821836
ai_landscape_qwen_2512_landscape_10.png,true,Qwen 2512,landscape,5.659265980284545e-07
ai_landscape_qwen_2512_landscape_04.png,true,Qwen 2512,landscape,7.096801709849387e-05
ai_landscape_wan_v2.6_landscape_09.png,true,Wan v2.6,landscape,9.653929737396538e-06
ai_landscape_recraft_v3_landscape_05.png,true,Recraft v3,landscape,0.10672438144683838
ai_landscape_seedream_v4_landscape_09.png,true,Seedream,landscape,9.119527021539398e-06
ai_landscape_seedream_v4_landscape_08.png,true,Seedream,landscape,5.472709017340094e-05
ai_landscape_recraft_v3_landscape_10.png,true,Recraft v3,landscape,0.9584956169128418
ai_landscape_recraft_v3_landscape_04.png,true,Recraft v3,landscape,0.00010078729974338785
ai_landscape_wan_v2.6_landscape_08.png,true,Wan v2.6,landscape,0.9999822378158569
ai_landscape_qwen_2512_landscape_05.png,true,Qwen 2512,landscape,0.002374133560806513
ai_landscape_ideogram_v3_landscape_05.png,true,Ideogram v3,landscape,1.2117744745410164e-06
ai_landscape_flux_pro_v1.1_landscape_09.png,true,Flux Pro v1.1,landscape,0.009118017740547657
ai_landscape_glm_image_landscape_07.png,true,GLM Image,landscape,0.17510057985782623
ai_landscape_seedream_v3_landscape_06.png,true,Seedream,landscape,3.347216988913715e-06
ai_landscape_leonardo_phoenix_landscape_09.png,true,Leonardo Phoenix,landscape,0.8913896083831787
ai_landscape_flux_2_flex_landscape_06.png,true,Flux,landscape,0.9688146710395813
ai_landscape_gpt_image_1.5_landscape_02.png,true,Gpt,landscape,9.933540241036098e-06
ai_landscape_hunyuan_v3_landscape_03.png,true,Hunyuan v3,landscape,8.327149771503173e-06
ai_landscape_z_image_landscape_05.png,true,Z,landscape,0.204763725399971
ai_landscape_sd_3.5_large_landscape_03.png,true,Sd,landscape,0.07084422558546066
ai_landscape_flux_schnell_landscape_08.png,true,Flux Schnell,landscape,0.02501177415251732
ai_landscape_flux_schnell_landscape_09.png,true,Flux Schnell,landscape,0.1832117885351181
ai_landscape_z_image_landscape_10.png,true,Z,landscape,0.748997688293457
ai_landscape_sd_3.5_large_landscape_02.png,true,Sd,landscape,1.5536028513452038e-05
ai_landscape_z_image_landscape_04.png,true,Z,landscape,0.9992753863334656
ai_landscape_hunyuan_v3_landscape_02.png,true,Hunyuan v3,landscape,3.0456806143774884e-06
ai_landscape_gpt_image_1.5_landscape_03.png,true,Gpt,landscape,5.907325430598576e-06
ai_landscape_gpt_image_1.5_landscape_01.png,true,Gpt,landscape,0.004038169514387846
ai_landscape_z_image_landscape_06.png,true,Z,landscape,0.00011678006558213383
ai_landscape_sd_3.5_large_landscape_01.png,true,Sd,landscape,0.026389744132757187
ai_landscape_z_image_landscape_07.png,true,Z,landscape,0.005797593854367733
ai_landscape_hunyuan_v3_landscape_01.png,true,Hunyuan v3,landscape,1.782318031473551e-05
ai_landscape_gpt_image_1.5_landscape_04.png,true,Gpt,landscape,5.050991239841096e-05
ai_landscape_gpt_image_1.5_landscape_10.png,true,Gpt,landscape,2.5145200766019116e-07
ai_landscape_hunyuan_v3_landscape_05.png,true,Hunyuan v3,landscape,8.335208576681907e-07
ai_landscape_sd_3.5_large_landscape_05.png,true,Sd,landscape,0.31276723742485046
ai_landscape_z_image_landscape_03.png,true,Z,landscape,0.8171427845954895
ai_landscape_z_image_landscape_02.png,true,Z,landscape,0.9090392589569092
ai_landscape_sd_3.5_large_landscape_04.png,true,Sd,landscape,1.31259812405915e-05
ai_landscape_sd_3.5_large_landscape_10.png,true,Sd,landscape,5.419327067102131e-07
ai_landscape_hunyuan_v3_landscape_04.png,true,Hunyuan v3,landscape,7.613441266585141e-05
ai_landscape_hunyuan_v3_landscape_10.png,true,Hunyuan v3,landscape,1.9088652152277064e-06
ai_landscape_gpt_image_1.5_landscape_05.png,true,Gpt,landscape,2.883766865124926e-05
ai_landscape_gpt_image_1.5_landscape_07.png,true,Gpt,landscape,1.6688082951077376e-06
ai_landscape_hunyuan_v3_landscape_06.png,true,Hunyuan v3,landscape,2.046466943284031e-05
ai_landscape_sd_3.5_large_landscape_06.png,true,Sd,landscape,7.909978739917278e-05
ai_landscape_gemini_3_pro_landscape_08.png,true,Gemini 3 Pro,landscape,0.0002703703648876399
ai_landscape_gemini_3_pro_landscape_09.png,true,Gemini 3 Pro,landscape,3.562970960047096e-06
ai_landscape_z_image_landscape_01.png,true,Z,landscape,0.0005219956510700285
ai_landscape_sd_3.5_large_landscape_07.png,true,Sd,landscape,5.264409537630854e-06
ai_landscape_hunyuan_v3_landscape_07.png,true,Hunyuan v3,landscape,7.515698234783486e-05
ai_landscape_gpt_image_1.5_landscape_06.png,true,Gpt,landscape,7.57289899411262e-06
real_art_art_79_oil_painting_of_countryside_landscape_in_frame.jpg,false,,art,8.661902029416524e-06
real_art_art_163_tLQRMO33DeI.jpg,false,,art,0.0001422035857103765
real_art_art_082_wzSfjeKGiLk.jpg,false,,art,0.00013658431998919696
real_art_art_114_11SmxL6FI1A.jpg,false,,art,6.5400940911786165e-06
real_art_art_58_watercolor_landscape_painting.jpg,false,,art,1.377030685034697e-06
real_art_art_040_T2LEdBxpm54.jpg,false,,art,2.8102422220399603e-05
real_art_art_105_HzNNbeGmJko.jpg,false,,art,1.1014904885087162e-05
real_art_art_68_vintage_botanical_illustration.jpg,false,,art,0.0055327871814370155
real_art_art_164_GoJrwnPNPbg.jpg,false,,art,8.058477760641836e-07
real_art_art_73_colorful_street_art_graffiti_mural.jpg,false,,art,0.0008255052962340415
real_art_art_112_zelgyeLINKc.jpg,false,,art,8.257709964709647e-07
real_art_art_034_bkY4pok-UM0.jpg,false,,art,2.893499129186239e-07
real_art_art_132_xnyXLEyE8L0.jpg,false,,art,1.9590661395341158e-05
real_art_art_149_fnoCqGw7AMg.jpg,false,,art,2.244530332973227e-05
real_art_art_166_vDZCV1akWss.jpg,false,,art,3.2239231018138526e-07
real_art_art_113_Cn2YpUFVkCo.jpg,false,,art,4.071768557878386e-07
real_art_art_78_mosaic_tile_artwork_pattern.jpg,false,,art,1.0360796522945748e-06
real_art_art_72_pastel_colors_watercolor_wash.jpg,false,,art,1.377030685034697e-06
real_art_art_074_QTWm4dJ_Z2E.jpg,false,,art,2.102209509757813e-05
real_art_art_65_abstract_geometric_modern_art.jpg,false,,art,1.3016853017688845e-06
real_art_art_056_riFTrh0K4pg.jpg,false,,art,4.2452311390661635e-06
real_art_art_096_gzXhH-RiydU.jpg,false,,art,9.720659363665618e-06
real_art_art_094_JqpsJelnXb8.jpg,false,,art,0.0007997440407052636
real_art_art_56_pencil_and_watercolor_art_supplies_on_table.jpg,false,,art,2.0887866867269622e-06
real_art_art_160_PDAzh1rSIa8.jpg,false,,art,6.0023321566404775e-05
real_art_art_152_uH3wpt7gKnQ.jpg,false,,art,1.6629537640255876e-05
real_art_art_088_8qigdir-PfA.jpg,false,,art,6.684747404506197e-07
real_art_art_070_AYYbqlo5af0.jpg,false,,art,8.761762728681788e-07
real_art_art_80_digital_art_printed_on_gallery_wall.jpg,false,,art,2.3233273168443702e-05
real_art_art_120_NiV9YsPFhM8.jpg,false,,art,1.1073390851379372e-05
real_art_art_093_3qoP52UWFiY.jpg,false,,art,7.88877287050127e-07
real_art_art_092_IhDDZyvwwC4.jpg,false,,art,9.806468597162166e-07
real_art_art_108_XOyxignLq1E.jpg,false,,art,2.042085952780326e-06
real_art_art_127_P2LmtHXV2Wc.jpg,false,,art,6.48758771149005e-07
real_art_art_104_gQxrO5kOABU.jpg,false,,art,7.090486633387627e-06
real_art_art_097_hBhfEXkihOs.jpg,false,,art,2.0133342331973836e-05
real_art_art_085_Zm74mm1xEDY.jpg,false,,art,1.3341879139261437e-06
real_art_art_050_hyoJJZd_hhI.jpg,false,,art,5.536145977202978e-07
real_art_art_053_jdhYNL0KrCA.jpg,false,,art,0.0012436705874279141
real_art_art_045_dFA5XycbhoQ.jpg,false,,art,0.002914735348895192
real_art_art_057_m-e3AFsfOs0.jpg,false,,art,1.8840995835489593e-05
real_art_art_033_cpAKc-G6lPg.jpg,false,,art,7.894853979451e-07
real_art_art_159_U0_hlwXFLn0.jpg,false,,art,4.558289674605476e-07
real_art_art_051_PHdLDymaV90.jpg,false,,art,3.1960865953806206e-07
real_art_art_170_Vbbz9pZmn5o.jpg,false,,art,2.4454207959934138e-05
real_art_art_046_DQZl8fxpSp8.jpg,false,,art,5.748485136791714e-07
real_art_art_118_BsAzhHIIwxg.jpg,false,,art,2.5255537821067264e-06
real_art_art_117_5MteLUU9FGI.jpg,false,,art,7.310894943657331e-06
real_art_art_66_still_life_oil_painting_with_fruit.jpg,false,,art,2.789827703963965e-06
real_art_art_121_iKPxCjUU_bg.jpg,false,,art,5.775218232884072e-05
real_art_art_157_8ezfg5oYHNY.jpg,false,,art,2.2702977275912417e-07
real_art_art_081_w5bYMd9leus.jpg,false,,art,2.865617716452107e-07
real_art_art_062_dP9U-tIfU3M.jpg,false,,art,5.01226259075338e-06
real_art_art_032_puf8VwPLAug.jpg,false,,art,1.7455251509090886e-05
real_art_art_119_iplwfXCe8a4.jpg,false,,art,4.183444843874895e-07
real_art_art_142_svOht0lwbyk.jpg,false,,art,1.3467501958075445e-05
real_art_art_068_J7w12ShptC0.jpg,false,,art,4.7449685780520667e-07
real_art_art_147_oZKmdQlIVds.jpg,false,,art,0.42408010363578796
real_art_art_145_E_JDMtW_l0Y.jpg,false,,art,1.6513853552169167e-05
real_art_art_52_watercolor_painting_supplies_on_table.jpg,false,,art,2.0887866867269622e-06
real_art_art_144_8XIAf776Fqg.jpg,false,,art,2.7688100090017542e-05
real_art_art_126_wpw8sHoBtSY.jpg,false,,art,0.0018285477999597788
real_art_art_066_OnAwhivaqrU.jpg,false,,art,2.7762796889874153e-05
real_art_art_124_VHX-eIns4Wo.jpg,false,,art,0.0008911237819120288
real_art_art_158_I0QTg9ctFDY.jpg,false,,art,1.6836751228765934e-06
real_art_art_128_XzG9XYwxgXc.jpg,false,,art,2.2984977476880886e-06
real_art_art_62_impressionist_landscape_painting_in_ornate_frame.jpg,false,,art,1.372315068692842e-06
real_art_art_047_OfTVSQTuQ5Y.jpg,false,,art,2.09506396231518e-07
real_art_art_098_sKHf8VwwFdo.jpg,false,,art,6.441006803470373e-07
real_art_art_130_D1IS5s5O9xo.jpg,false,,art,2.0922252588206902e-05
real_art_art_129_0RTmv1Kx9Qk.jpg,false,,art,1.411166863363178e-06
real_art_art_136_rGu8w3QP48o.jpg,false,,art,1.870560026873136e-07
real_art_art_060_BXkYKWKL7TA.jpg,false,,art,4.109264466478635e-07
real_art_art_123__yrdstGC_rg.jpg,false,,art,4.4279670419200556e-07
real_art_art_64_colorful_mural_on_building_exterior.jpg,false,,art,9.618124749977142e-07
real_art_art_071_n00dm9FBwrs.jpg,false,,art,0.0003097647277172655
real_art_art_064_1cVQMljvsnw.jpg,false,,art,3.7923819036222994e-06
real_art_art_107_7xemAmqHhLc.jpg,false,,art,5.547403247874172e-07
real_art_art_091_IF9x9SGOh1w.jpg,false,,art,5.360280556487851e-05
real_art_art_058_TOcmDVAo2jo.jpg,false,,art,1.941643631653278e-06
real_art_art_150_1CcjT68gMRM.jpg,false,,art,9.69800203165505e-06
real_art_art_100_9pU5knbOtgY.jpg,false,,art,5.918672059124219e-07
real_art_art_083_jBV3_PRk1-U.jpg,false,,art,0.00013662131095770746
real_art_art_035_S0c_wsCmlXE.jpg,false,,art,1.2877454764748109e-06
real_art_art_122_nnIzqn6B6fA.jpg,false,,art,3.87272666557692e-06
real_art_art_099_3kIPqGmmgwI.jpg,false,,art,5.174802026886027e-06
real_art_art_141_vsYrMcvb5nQ.jpg,false,,art,1.706627585917886e-07
real_art_art_70_art_gallery_interior_with_paintings_on_walls.jpg,false,,art,8.88669728738023e-06
real_art_art_048__j6wbAlQ1ow.jpg,false,,art,1.1754821571230423e-05
real_art_art_079_93aN5XCAlJs.jpg,false,,art,2.9747161534032784e-06
real_art_art_135_lvqcncxBYqw.jpg,false,,art,6.06445155426627e-07
real_art_art_111_DVauUHIJby0.jpg,false,,art,2.0154011508566327e-05
real_art_art_161_StV72L0DH4A.jpg,false,,art,1.0991672752425075e-05
real_art_art_087_U3NtClWLRd4.jpg,false,,art,1.3896912776090176e-07
real_art_art_055_e-XPbBr0NhU.jpg,false,,art,2.27228724725137e-06
real_art_art_043_e6xd2HXuy0A.jpg,false,,art,1.9177720389507158e-07
real_art_art_109_GY_YJtmwPas.jpg,false,,art,3.91876747016795e-05
real_art_art_61_charcoal_drawing_on_paper.jpg,false,,art,0.0017684081103652716
real_art_art_137_70l86REbjmk.jpg,false,,art,3.688519063871354e-05
real_art_art_154_kBzQNk9AgOg.jpg,false,,art,7.142760296119377e-05
real_art_art_037_cuddQwqncLc.jpg,false,,art,0.00022010967950336635
real_art_art_74_gallery_wall_with_multiple_framed_artworks.jpg,false,,art,0.011755995452404022
real_art_art_116_tEbRUeGJDfw.jpg,false,,art,1.2680812687904108e-05
real_art_art_125_ajAj3-55G2A.jpg,false,,art,1.0792470561682421e-07
real_art_art_67_acrylic_pour_painting_abstract.jpg,false,,art,6.222402362254797e-07
real_art_art_51_modern_art_gallery_with_paintings_on_white_walls.jpg,false,,art,8.88669728738023e-06
real_art_art_049_ZW8dIPP4S4U.jpg,false,,art,1.1561702706330834e-07
real_art_art_139_DD1fSz2HF1s.jpg,false,,art,2.3178706669568783e-06
real_art_art_50_abstract_colorful_painting_on_canvas.jpg,false,,art,4.6598941594311327e-07
real_art_art_165_yN5c71nvg6g.jpg,false,,art,2.2718745640304405e-07
real_art_art_153_rleYWWVY4Pc.jpg,false,,art,3.122968701063655e-05
real_art_art_134_tClS6SPq8Zo.jpg,false,,art,2.553757667556056e-07
real_art_art_090_yCWQevKzkkM.jpg,false,,art,0.002220143796876073
real_art_art_101_YJCRjsg1LQw.jpg,false,,art,0.00015806486771907657
real_art_art_042_eN6FkYAetF8.jpg,false,,art,0.0661076009273529
real_art_art_059_yjiZAbTDkik.jpg,false,,art,4.149377161866141e-07
real_art_art_54_oil_painting_of_flowers_in_vase.jpg,false,,art,3.9920407289173454e-05
real_art_art_089_IMZ3bM611eA.jpg,false,,art,5.743602287111571e-07
real_art_art_146_n1mVt4pyFow.jpg,false,,art,4.267316853656666e-06
real_art_art_169_Uo5MWyegjog.jpg,false,,art,1.2726843579002889e-06
real_art_art_073_n3VWZXx5n9I.jpg,false,,art,5.2946925279684365e-05
real_art_art_076_I7BDP_5WPqE.jpg,false,,art,3.526988905377948e-07
real_art_art_53_colorful_abstract_oil_painting_closeup.jpg,false,,art,2.3486906286507292e-07
real_art_art_080_nNqBDh_l3oE.jpg,false,,art,4.20421812918903e-08
real_art_art_061_XuHkodhmiyk.jpg,false,,art,6.750142347300425e-05
real_art_art_60_colorful_paint_brushstrokes_close_up_texture.jpg,false,,art,2.3486906286507292e-07
real_art_art_71_renaissance_painting_in_gilded_frame.jpg,false,,art,1.964175135071855e-05
real_art_art_69_mixed_media_collage_artwork.jpg,false,,art,1.1240564390391228e-06
real_art_art_168_u7zd4x6-dx8.jpg,false,,art,2.8482975267252186e-07
real_art_art_095_9_vYkYnWn2w.jpg,false,,art,1.0129604561370797e-05
real_art_art_138_007R8JewpwU.jpg,false,,art,2.6840134523808956e-06
real_art_art_069_ziIJiGSkfR4.jpg,false,,art,8.51843395821561e-08
real_art_art_63_sculpture_in_art_museum_with_natural_light.jpg,false,,art,2.5381555133208167e-06
real_art_art_106_cqKG2s6WP6s.jpg,false,,art,9.901447128868313e-07
real_art_art_59_classical_oil_portrait_painting_in_museum.jpg,false,,art,1.3674539331987035e-06
real_art_art_039_izfOdN-3zw0.jpg,false,,art,9.923871857608901e-07
real_art_art_57_graffiti_street_art_on_brick_wall.jpg,false,,art,1.0063714398711454e-05
real_art_art_084_JPFWudeuc54.jpg,false,,art,4.535814150585793e-05
real_art_art_133_h1jyIBttST0.jpg,false,,art,1.0331117437090143e-06
real_art_art_038_UwKXPb7N9UY.jpg,false,,art,5.162391971680336e-07
real_art_art_054_Erf1Kz7ZE5Y.jpg,false,,art,1.8991906927112723e-06
real_art_art_078_RYtFleIk_4U.jpg,false,,art,2.583091713859176e-07
real_art_art_75_oil_painting_landscape_with_trees.jpg,false,,art,2.4979635782074183e-07
real_art_art_041_4POG9GQo7Aw.jpg,false,,art,8.332410743605578e-07
real_art_art_162_jrDzerLmfW0.jpg,false,,art,3.4684887850744417e-07
real_art_art_167_Jpjj_v1-5OM.jpg,false,,art,1.6004647704903618e-06
real_art_art_102_rXtXA42Lgzs.jpg,false,,art,1.0688103202483035e-06
real_art_art_140_Rq74Wkhffok.jpg,false,,art,2.529292260078364e-06
real_art_art_086_OTP0nlljatI.jpg,false,,art,5.843004373673466e-07
real_art_art_036_KQBsTXCvGwM.jpg,false,,art,5.991768921376206e-05
real_art_art_76_handwritten_calligraphy_on_white_paper.jpg,false,,art,0.0035139117389917374
real_art_art_072_F2olcCyRQBw.jpg,false,,art,2.3738517484162003e-05
real_art_art_067_LOvJ2ECcUJY.jpg,false,,art,2.806891643558629e-05
real_art_art_052_OpqAtrUNJeI.jpg,false,,art,4.8789479478728026e-05
real_art_art_044_hptNUC-iitA.jpg,false,,art,1.0079206731461454e-06
real_art_art_151_tuU1puvTmWw.jpg,false,,art,8.279711209979723e-07
real_art_art_103_cLRvJPVw69U.jpg,false,,art,9.079192864192009e-07
real_art_art_065_akbHiqZy4Pg.jpg,false,,art,5.7997347369109775e-08
real_art_art_148_-bA6TkrToiY.jpg,false,,art,1.7926107830135152e-05
real_art_art_77_street_art_portrait_on_concrete_wall.jpg,false,,art,2.8758051485056058e-05
real_art_art_131_bPqJ9ssfjqs.jpg,false,,art,5.882353889319347e-06
real_art_art_55_art_museum_gallery_room_with_framed_paintings.jpg,false,,art,8.192072300516884e-07
real_art_art_110_hY3KGFVG-i0.jpg,false,,art,1.3293362826516386e-05
real_art_art_156_u2RlwQc1qiQ.jpg,false,,art,0.00021173004643060267
real_art_art_075_ff0HoIx3PzU.jpg,false,,art,1.956717369466787e-06
real_art_art_143_TzAydhJ4QzE.jpg,false,,art,2.93408561446995e-07
real_art_art_077_IExOV9fFQBM.jpg,false,,art,1.92087100003846e-05
real_art_art_155_KWpm9MmEo2s.jpg,false,,art,6.051811942597851e-05
real_art_art_063_heeEKtHAYEg.jpg,false,,art,1.4350841865962138e-06
real_art_art_115_iMdsjoiftZo.jpg,false,,art,0.04958862066268921
real_portrait_portrait_76_a_group_of_people_standing_around_a_white_cake.jpg,false,,portrait,1.8399566670268541e-06
real_portrait_portrait_55_a_woman_holding_a_smart_phone_next_to_a_group_of_people.jpg,false,,portrait,5.60710134323017e-07
real_portrait_portrait_118_iJGhIMWKz7w.jpg,false,,portrait,7.239054866658989e-07
real_portrait_portrait_094_7A5eK3q9qUA.jpg,false,,portrait,1.3259011666377774e-06
real_portrait_portrait_62_a_group_of_men_standing_and_sitting_next_to_each_other.jpg,false,,portrait,1.0738247055996908e-06
real_portrait_portrait_51_a_woman_is_helping_a_child_put_on_skis.jpg,false,,portrait,1.773198709997814e-05
real_portrait_portrait_065_6lWqkLIh5L8.jpg,false,,portrait,2.913988055297523e-06
real_portrait_portrait_039_ZW3dnRiZD9U.jpg,false,,portrait,2.8364300419525534e-07
real_portrait_portrait_135_BZzHWmQUszE.jpg,false,,portrait,2.494223849680566e-07
real_portrait_portrait_83_a_tennis_player_who_has_just_made_a_shot.jpg,false,,portrait,8.727820954845811e-07
real_portrait_portrait_57_a_young_man_and_woman_holding_their_heads_close_to_each_othe.jpg,false,,portrait,3.642194030817336e-07
real_portrait_portrait_67_there_are_many_bike_riders_racing_in_a_street_race.jpg,false,,portrait,4.363969765108777e-06
real_portrait_portrait_058_dWiK1hrTl14.jpg,false,,portrait,1.8435665083416097e-07
real_portrait_portrait_086_kpR9Mwgkj8c.jpg,false,,portrait,3.3625069590925705e-06
real_portrait_portrait_075_VQRm94PV_20.jpg,false,,portrait,2.5202391498169163e-06
real_portrait_portrait_151_LlHgaeBwYVE.jpg,false,,portrait,4.95915764986421e-06
real_portrait_portrait_077_IIWiU1QXmWY.jpg,false,,portrait,1.5056527047363488e-07
real_portrait_portrait_100_2FM9g-vAkJg.jpg,false,,portrait,2.138765739800874e-05
real_portrait_portrait_098_wX7NeTEXq_w.jpg,false,,portrait,4.209006419841899e-06
real_portrait_portrait_071__lP2UOoZJKk.jpg,false,,portrait,3.705294830069761e-06
real_portrait_portrait_81_two_men_next_to_each_other_holding_wine_glasses.jpg,false,,portrait,5.046649320661345e-08
real_portrait_portrait_114_VcWRNg2ju7Y.jpg,false,,portrait,8.465566736504115e-08
real_portrait_portrait_65_three_women_sitting_on_a_train_seat_on_cellphones.jpg,false,,portrait,3.155746526317671e-07
real_portrait_portrait_054_cFgCc3PM-A0.jpg,false,,portrait,2.358234723942587e-06
real_portrait_portrait_067_ua9Im1zPoGM.jpg,false,,portrait,7.270464266184717e-06
real_portrait_portrait_63_a_man_sitting_at_a_table_eating_food_from_a_plate.jpg,false,,portrait,5.375903856474906e-05
real_portrait_portrait_119_lAAmMH2c2gU.jpg,false,,portrait,6.9360198722279165e-06
real_portrait_portrait_72_a_man_swinging_a_tennis_racket_at_a_tennis_ball.jpg,false,,portrait,9.799354074857547e-07
real_portrait_portrait_77_three_men_smiling_holding_a_wii_controller_in_their_hands.jpg,false,,portrait,6.492964166682214e-05
real_portrait_portrait_70_two_sets_of_hands_are_each_holding_a_cell_phone_while_anothe.jpg,false,,portrait,2.3691306694217928e-07
real_portrait_portrait_168_ht1JkZ7tYmY.jpg,false,,portrait,9.346258593723178e-07
real_portrait_portrait_58_woman_listening_on_her_phone_while_smoking_a_cigarette.jpg,false,,portrait,8.12373218650464e-06
real_portrait_portrait_137_O5BSKKHYiEU.jpg,false,,portrait,9.317174658463045e-07
real_portrait_portrait_59_a_woman_taking_a_selfie_with_a_mobile_phone.jpg,false,,portrait,4.6340571202563297e-07
real_portrait_portrait_060_wyCDQSzN8XE.jpg,false,,portrait,6.236148806237907e-07
real_portrait_portrait_081_2EmLMaTshko.jpg,false,,portrait,2.3619791988949146e-07
real_portrait_portrait_059_pFbJuxSwuhI.jpg,false,,portrait,3.284400520442432e-07
real_portrait_portrait_048_8sbwihARadA.jpg,false,,portrait,1.307141474171658e-06
real_portrait_portrait_167_guDkXldTxy8.jpg,false,,portrait,0.0008201391319744289
real_portrait_portrait_095_E38Gb_nVPck.jpg,false,,portrait,5.048372599958384e-07
real_portrait_portrait_043_aDvDvH428RQ.jpg,false,,portrait,9.558249303154298e-07
real_portrait_portrait_133_iiQ-mmG2NxI.jpg,false,,portrait,4.353356359843019e-07
real_portrait_portrait_128_nE6EPBrM-EA.jpg,false,,portrait,1.4415282748814207e-05
real_portrait_portrait_050_eoAubhPm6H8.jpg,false,,portrait,2.87672634158298e-07
real_portrait_portrait_134_UY52j2uUvdU.jpg,false,,portrait,2.9147057034606405e-07
real_portrait_portrait_104_eq9FtP7XwJI.jpg,false,,portrait,6.4998089328582864e-06
real_portrait_portrait_092_uTad53fcxss.jpg,false,,portrait,3.151948840240948e-05
real_portrait_portrait_062_ILz31HBGEak.jpg,false,,portrait,0.0007036498282104731
real_portrait_portrait_085_qV16cq3T420.jpg,false,,portrait,1.2678819416578335e-07
real_portrait_portrait_170_cQPUosG9dQE.jpg,false,,portrait,4.5992533159733284e-07
real_portrait_portrait_147_RYNTlcn0e3k.jpg,false,,portrait,1.3585547264938214e-07
real_portrait_portrait_103_TsvawNBQ7k0.jpg,false,,portrait,2.5525130809000984e-07
real_portrait_portrait_047_kN_F83xqdiM.jpg,false,,portrait,0.00047064630780369043
real_portrait_portrait_105_Knvzw8_L_80.jpg,false,,portrait,3.874921787883068e-07
real_portrait_portrait_101_WXp2BT0AgnE.jpg,false,,portrait,1.870893697741849e-07
real_portrait_portrait_153_k_NkqIaRhro.jpg,false,,portrait,1.5065362504174118e-06
real_portrait_portrait_71_a_woman_brushes_her_teeth_with_foamy_toothpaste.jpg,false,,portrait,6.166000048324349e-07
real_portrait_portrait_142_mJaDIZr6eMY.jpg,false,,portrait,4.682578037318308e-06
real_portrait_portrait_083_LN8t4ZAGZFQ.jpg,false,,portrait,6.288201461757126e-07
real_portrait_portrait_115_82NWNb5AGWc.jpg,false,,portrait,9.822884976529167e-07
real_portrait_portrait_64_a_woman_smiles_from_behind_the_book_she_has_been_reading.jpg,false,,portrait,5.721745566233949e-08
real_portrait_portrait_102_QGMWr63tKoo.jpg,false,,portrait,4.609119628184999e-07
real_portrait_portrait_037_M34IAftLLsY.jpg,false,,portrait,1.37753499984683e-06
real_portrait_portrait_79_a_copse_of_men_sitting_next_to_each_other_at_a_table.jpg,false,,portrait,9.676374901346207e-08
real_portrait_portrait_068_g_eJl04NKEY.jpg,false,,portrait,3.4421466921230603e-07
real_portrait_portrait_53_two_men_wearing_suits_and_hats_are_walking_together.jpg,false,,portrait,2.806471286476153e-07
real_portrait_portrait_055_ycF8akmJ_RU.jpg,false,,portrait,0.00010076000762637705
real_portrait_portrait_129_jqsprpPrn9w.jpg,false,,portrait,2.0343951234735869e-07
real_portrait_portrait_138_NOcaza8sIBg.jpg,false,,portrait,2.4652252250234596e-05
real_portrait_portrait_78_a_woman_holding_a_plate_of_cake_covered_in_frosting.jpg,false,,portrait,9.941243206412764e-07
real_portrait_portrait_130_4wIY3oykWMo.jpg,false,,portrait,1.0281157756253378e-06
real_portrait_portrait_099_dKH-4ml-5I4.jpg,false,,portrait,4.620403899480152e-07
real_portrait_portrait_093_8gRw4V0_XJA.jpg,false,,portrait,8.927742669584404e-07
real_portrait_portrait_109_IOkL3ZqAapM.jpg,false,,portrait,0.0012817614478990436
real_portrait_portrait_74_a_person_helping_a_woman_put_on_a_tie.jpg,false,,portrait,7.657504141889149e-08
real_portrait_portrait_121_hQBQ1ATvH10.jpg,false,,portrait,1.6351812348602834e-07
real_portrait_portrait_076_6fc0hcXapYU.jpg,false,,portrait,0.00020123562717344612
real_portrait_portrait_155_3kWZ-gVZAG0.jpg,false,,portrait,1.0379081913924892e-06
real_portrait_portrait_140_83BjY5qcPKg.jpg,false,,portrait,5.379651497605664e-07
real_portrait_portrait_087_gENx9JQeQWs.jpg,false,,portrait,3.383247531019151e-06
real_portrait_portrait_084_7BDP97v-tT8.jpg,false,,portrait,7.013978233771923e-07
real_portrait_portrait_040_kl22CsySpcw.jpg,false,,portrait,1.4360040040628519e-05
real_portrait_portrait_161_Tay3IMQpKHA.jpg,false,,portrait,5.333672561391722e-06
real_portrait_portrait_045_3F6Jo667E4w.jpg,false,,portrait,7.956808258313686e-05
real_portrait_portrait_116_L4CAMVlnRlg.jpg,false,,portrait,5.751462595071644e-06
real_portrait_portrait_072_VlOrWGCFl_w.jpg,false,,portrait,1.7908703853208863e-07
real_portrait_portrait_044_NljdMbT3s30.jpg,false,,portrait,2.142971197827137e-06
real_portrait_portrait_122_LpIy3YxbDA4.jpg,false,,portrait,5.392308230511844e-05
real_portrait_portrait_156_HC2t702jdGo.jpg,false,,portrait,3.0278752092272043e-06
real_portrait_portrait_69_a_crowd_of_people_standing_around_each_other.jpg,false,,portrait,4.991941864318505e-07
real_portrait_portrait_73_a_baseball_player_talks_with_an_umpire.jpg,false,,portrait,3.7042352687421953e-06
real_portrait_portrait_096_Rur5fFIrWNY.jpg,false,,portrait,7.115116886780015e-07
real_portrait_portrait_61_a_clown_talking_on_a_phone_next_to_a_building.jpg,false,,portrait,1.4488064437045978e-07
real_portrait_portrait_090_UNJ3hCbuHXA.jpg,false,,portrait,3.282458393982779e-08
real_portrait_portrait_148_ofgYwK8j_cQ.jpg,false,,portrait,1.4134996035863878e-06
real_portrait_portrait_113_J_I5FfqShJw.jpg,false,,portrait,2.1732810182584217e-06
real_portrait_portrait_152_P7ASbD-vHW8.jpg,false,,portrait,3.117247615591623e-07
real_portrait_portrait_56_a_woman_holding_her_cell_phone_tucked_in_a_wool_cover.jpg,false,,portrait,1.8391922651517234e-07
real_portrait_portrait_107_W80TTxhRRU4.jpg,false,,portrait,1.4582451512978878e-06
real_portrait_portrait_073_yAsJE9nFiFw.jpg,false,,portrait,2.6037484985863557e-06
real_portrait_portrait_091_xX9r2xULy7s.jpg,false,,portrait,6.769709216314368e-06
real_portrait_portrait_082_QwsCqHTim98.jpg,false,,portrait,2.3312887265092286e-07
real_portrait_portrait_132_shb8l1o-0Zk.jpg,false,,portrait,0.00026466220151633024
real_portrait_portrait_078_cT4-8tBBJDA.jpg,false,,portrait,2.5990223093685927e-06
real_portrait_portrait_160_PEgf72cgr-w.jpg,false,,portrait,3.2118823583004996e-06
real_portrait_portrait_038_62Ims7pw_X8.jpg,false,,portrait,5.548054105020128e-07
real_portrait_portrait_75_a_man_wearing_a_suit_and_tie_and_red_hat_with_a_silver_buckl.jpg,false,,portrait,3.3157428447339043e-07
real_portrait_portrait_051_63KDwZUZQw8.jpg,false,,portrait,5.426810503195156e-07
real_portrait_portrait_82_a_man_wearing_a_tie_jacket_and_white_shirt.jpg,false,,portrait,2.6126204829779454e-05
real_portrait_portrait_52_three_students_check_their_cell_phones_in_a_classroom.jpg,false,,portrait,3.4243745972162287e-07
real_portrait_portrait_063_Qm4yrKLiawY.jpg,false,,portrait,0.2163732498884201
real_portrait_portrait_84_three_young_men_playing_wii_on_a_projection_television.jpg,false,,portrait,2.1004915140565572e-07
real_portrait_portrait_159_o47Lif2bfqI.jpg,false,,portrait,2.966837939766265e-07
real_portrait_portrait_041_vCZFKRZes_0.jpg,false,,portrait,1.3620681329484796e-06
real_portrait_portrait_064_KrLXXQSojYs.jpg,false,,portrait,4.526986685959855e-06
real_portrait_portrait_112_OxPuMO3zQ9s.jpg,false,,portrait,1.8261029026689357e-06
real_portrait_portrait_145_DQ9dW9v65Fc.jpg,false,,portrait,6.123488856246695e-05
real_portrait_portrait_117_4XrEyN5sXhA.jpg,false,,portrait,2.967290413380397e-07
real_portrait_portrait_070_kNZd7qT8ASY.jpg,false,,portrait,8.549749850317312e-07
real_portrait_portrait_146_I03ZQjTt4WI.jpg,false,,portrait,4.676562070926593e-07
real_portrait_portrait_163_6qRpAg4pPEU.jpg,false,,portrait,8.865975360095035e-06
real_portrait_portrait_80_two_men_smiling_and_taking_a_picture_together.jpg,false,,portrait,1.1992284498774097e-06
real_portrait_portrait_150_itdkHUjTuIY.jpg,false,,portrait,6.33731615380384e-05
real_portrait_portrait_046_k1QqUSvRObc.jpg,false,,portrait,2.773362552943581e-07
real_portrait_portrait_056_JxbqicKm-ko.jpg,false,,portrait,9.468430448578147e-07
real_portrait_portrait_042_2xf2beBy7Wo.jpg,false,,portrait,0.7646967172622681
real_portrait_portrait_126_jxltRrbjtdI.jpg,false,,portrait,3.6541447911986324e-07
real_portrait_portrait_061_IppB3SB9f6s.jpg,false,,portrait,3.5233279049862176e-07
real_portrait_portrait_68_a_photo_of_a_young_male_in_a_suit_jacket_and_tie.jpg,false,,portrait,0.0001773889089236036
real_portrait_portrait_124_Hd2T6EzW_2Q.jpg,false,,portrait,3.1729161946714157e-06
real_portrait_portrait_50_a_man_wearing_a_top_hat_and_a_red_tie.jpg,false,,portrait,1.7770452132026548e-06
real_portrait_portrait_057_ZbvHaiUwVfo.jpg,false,,portrait,1.487894337515172e-06
real_portrait_portrait_079_fGfUJnZD3Mw.jpg,false,,portrait,6.699525692965835e-05
real_portrait_portrait_127_ZhJsD9T_20Q.jpg,false,,portrait,1.794499979723696e-07
real_portrait_portrait_136_SwcnAmIRZYc.jpg,false,,portrait,2.810065495850722e-07
real_portrait_portrait_110_9iAIfjrSFYw.jpg,false,,portrait,1.2788038361577492e-07
real_portrait_portrait_139_5Uvy1WMaUHw.jpg,false,,portrait,4.882530220129411e-07
real_portrait_portrait_097_JibO_kC6vh4.jpg,false,,portrait,7.31605894088716e-07
real_portrait_portrait_157_jG4xhAmz-uQ.jpg,false,,portrait,6.536116416100413e-06
real_portrait_portrait_141_l7PnmcqTj5Q.jpg,false,,portrait,5.0469516281737015e-06
real_portrait_portrait_125_Oz7_usBqwuY.jpg,false,,portrait,1.0646661394275725e-05
real_portrait_portrait_143_peP3zrquunA.jpg,false,,portrait,5.42822044735658e-06
real_portrait_portrait_165_rEKKAV83i-8.jpg,false,,portrait,1.538437288672867e-07
real_portrait_portrait_069_Q7p9V_xHe08.jpg,false,,portrait,0.00014064564311411232
real_portrait_portrait_144_WUhpW32kBek.jpg,false,,portrait,5.719677460547246e-07
real_portrait_portrait_089_dgGWnapezLs.jpg,false,,portrait,0.00011604629980865866
real_portrait_portrait_074_P_pjzMeIbj8.jpg,false,,portrait,4.0315794080925116e-07
real_portrait_portrait_036_IHJtKBe9xNs.jpg,false,,portrait,1.920482645800803e-05
real_portrait_portrait_049_-lb-Wob1TeQ.jpg,false,,portrait,8.600370620115427e-07
real_portrait_portrait_66_a_woman_holding_a_child_wrapped_in_a_towel_brushing_her_teet.jpg,false,,portrait,2.7545814873519703e-07
real_portrait_portrait_54_the_young_boy_just_finished_eating_the_banana.jpg,false,,portrait,4.927774739371671e-07
real_portrait_portrait_60_there_are_people_playing_a_soccer_game_on_the_field.jpg,false,,portrait,8.202304343285505e-06
real_portrait_portrait_166_w-pEeDGN1w0.jpg,false,,portrait,9.618436251912499e-07
real_portrait_portrait_123_o1iV6Di2FX0.jpg,false,,portrait,5.747679551859619e-06
real_portrait_portrait_162_1kJy_HK3eGI.jpg,false,,portrait,4.891785920335678e-06
real_portrait_portrait_108_xz-qq9KNgwk.jpg,false,,portrait,7.149772136472166e-05
real_portrait_portrait_149_qj1vIzXOtYo.jpg,false,,portrait,5.351640197659435e-07
real_portrait_portrait_164_qk6CnpKNmVw.jpg,false,,portrait,8.94418974439759e-07
real_portrait_portrait_131_rcXU8Tezb_k.jpg,false,,portrait,5.263247544462502e-07
real_portrait_portrait_053_oKA8kDSZpCc.jpg,false,,portrait,1.0472458455978995e-07
real_portrait_portrait_066_bSNJ6R5Qrt4.jpg,false,,portrait,5.375733280743589e-07
real_portrait_portrait_120_WSxluGgdlFQ.jpg,false,,portrait,2.2852297831832402e-07
real_portrait_portrait_169_-7JAEi4PhTU.jpg,false,,portrait,2.0557795323838945e-06
real_portrait_portrait_158_8kDx62gZRzk.jpg,false,,portrait,2.7264832169748843e-07
real_portrait_portrait_052_FvrjfNKpITc.jpg,false,,portrait,1.6912161981963436e-07
real_portrait_portrait_088_iMYRUK-oadw.jpg,false,,portrait,1.4122371112534893e-06
real_portrait_portrait_154_fXik2Do-bB4.jpg,false,,portrait,1.9387700831430266e-06
real_portrait_portrait_080_uOnxXwB3KNE.jpg,false,,portrait,1.4723757431056583e-06
real_portrait_portrait_106_ZzNLsAPymuI.jpg,false,,portrait,4.335892072049319e-07
real_portrait_portrait_111_tEQV_wnx3U8.jpg,false,,portrait,1.53983478412556e-06
real_product_product_161_paw_7bdZ8Xg.jpg,false,,product,6.826741696386307e-07
real_product_product_118_0ON2rLuvo5c.jpg,false,,product,8.863040079631901e-07
real_product_product_035_s9TJ2ncyLcQ.jpg,false,,product,7.186569291661726e-06
real_product_product_162_iCW61HY_vjg.jpg,false,,product,2.271796546438054e-07
real_product_product_039_AaRflAurGmg.jpg,false,,product,8.055127182160504e-06
real_product_product_140_xRyL63AwZFE.jpg,false,,product,8.554018677386921e-06
real_product_product_067_IWOOT4ChLjM.jpg,false,,product,5.525939741346519e-07
real_product_product_066_-jXsYZeA7tQ.jpg,false,,product,2.1614703200611984e-06
real_product_product_70_a_young_woman_sitting_cross_legged_on_an_apartment_sofa.jpg,false,,product,1.530320474785185e-07
real_product_product_115_a0dGKKDQUQ8.jpg,false,,product,2.0681780370068736e-05
real_product_product_130_BDFWZ3fLxrg.jpg,false,,product,8.837805580697022e-06
real_product_product_094_oZzoDW61aoM.jpg,false,,product,0.0005254846764728427
real_product_product_077_oyr64kMIz98.jpg,false,,product,9.757434600032866e-05
real_product_product_50_a_living_room_filled_with_furniture_and_decor.jpg,false,,product,4.0578828475190676e-07
real_product_product_168_qsYM_gFgliw.jpg,false,,product,3.186891603945696e-07
real_product_product_125_Re8T5DwoMic.jpg,false,,product,2.815827429003548e-05
real_product_product_166_P_fMqU34A3I.jpg,false,,product,1.1157983408338623e-06
real_product_product_046_G59UIKfHz6o.jpg,false,,product,0.17859125137329102
real_product_product_139_5JuLcub3dYg.jpg,false,,product,3.2894001833483344e-07
real_product_product_058_fX8leXj8Q4o.jpg,false,,product,1.1514437119330978e-06
real_product_product_087__vAuxGCAfjQ.jpg,false,,product,8.370914628130777e-08
real_product_product_078_1UFTd1eRamE.jpg,false,,product,2.7902028705284465e-06
real_product_product_80_kitchen_area_with_counter_top_space_and_dining_room_table.jpg,false,,product,1.822242978732902e-07
real_product_product_81_a_pizza_sitting_on_top_of_a_plate_next_to_a_foil_bag_of_food.jpg,false,,product,4.861505331632543e-08
real_product_product_60_three_laptop_computers_and_a_desktop_computer_sit_next_to_ea.jpg,false,,product,3.99132176198691e-08
real_product_product_042_NydHbLFLoS8.jpg,false,,product,2.136105194949778e-06
real_product_product_050_udHDq62Dgpc.jpg,false,,product,9.640807547839358e-07
real_product_product_145_F7FhTijeOG8.jpg,false,,product,3.6849619391432498e-06
real_product_product_137_OmfMncXSshw.jpg,false,,product,2.7048838092014194e-05
real_product_product_041_iW1l64BMMR0.jpg,false,,product,9.380503342981683e-07
real_product_product_103_i4Tv0A_n4EQ.jpg,false,,product,2.688797212613281e-05
real_product_product_073_m3MWJTeKGBg.jpg,false,,product,2.4004113583941944e-05
real_product_product_036_ww2S2eKgbKE.jpg,false,,product,2.4279646822833456e-05
real_product_product_111_utu66oQU6vI.jpg,false,,product,1.1141629329358693e-05
real_product_product_68_a_woman_holding_a_cigarette_smiling_at_the_camera_on_a_sunny.jpg,false,,product,1.384841112894719e-07
real_product_product_045_00y8k1-0DlA.jpg,false,,product,1.5845222151256166e-05
real_product_product_63_a_picture_of_a_cluttered_home_office_desk.jpg,false,,product,1.0930482119420049e-07
real_product_product_54_young_children_sharing_a_laptop_in_a_messy_room_with_several.jpg,false,,product,4.2686249202006366e-08
real_product_product_079_8LotN6HsaT4.jpg,false,,product,0.002369971014559269
real_product_product_095_UaaqY7j09B8.jpg,false,,product,2.587638050499663e-07
real_product_product_71_the_child_smiles_brightly_while_being_handed_a_pink_umbrella.jpg,false,,product,2.2608204744756222e-05
real_product_product_101_G6ntxf-QoSI.jpg,false,,product,5.3063333325553685e-05
real_product_product_66_a_woman_holding_up_a_large_carrot_in_a_backyard.jpg,false,,product,3.5056945080214064e-07
real_product_product_099_s_IHISlORGo.jpg,false,,product,1.5051099921947753e-07
real_product_product_069_3dVjKoVYgD0.jpg,false,,product,2.627044466407824e-07
real_product_product_061_nRVn-_k1uMI.jpg,false,,product,3.5355091654309945e-07
real_product_product_64_a_cat_lying_down_in_a_sink_in_a_bathroom.jpg,false,,product,9.6179896047488e-08
real_product_product_049_9ouht2FSTDU.jpg,false,,product,0.003020100761204958
real_product_product_104_CoNkFbYZzBI.jpg,false,,product,3.783664794809738e-07
real_product_product_144_TE4vKu9w5lI.jpg,false,,product,2.49269476171321e-07
real_product_product_076_MhPJdWYWbWI.jpg,false,,product,6.623340027545055e-07
real_product_product_77_a_motorized_cart_fills_a_train_with_luggage.jpg,false,,product,8.215810680667346e-07
real_product_product_106_kF8pH4lMkyc.jpg,false,,product,1.7643093087826855e-05
real_product_product_068_fUd_0iyYFVg.jpg,false,,product,6.59363649901934e-07
real_product_product_73_a_laptop_in_a_bright_yellow_coffee_house.jpg,false,,product,6.845935445198847e-07
real_product_product_127_EIH4dHgb6Tg.jpg,false,,product,0.00040882479515857995
real_product_product_149_KBqiQ6coMcI.jpg,false,,product,1.5894099192337308e-07
real_product_product_72_a_group_of_people_are_reading_a_menu_at_the_table.jpg,false,,product,7.529932872785139e-07
real_product_product_085_Si69OZ_9tg0.jpg,false,,product,9.597373917813457e-08
real_product_product_083_OAlYImdG1IQ.jpg,false,,product,3.579471695047687e-06
real_product_product_141_92bRtruSyPU.jpg,false,,product,1.513586880719231e-06
real_product_product_117_vnCxhLnaxS8.jpg,false,,product,0.0001055314569384791
real_product_product_105_skF1azpN4rk.jpg,false,,product,1.6932222024479415e-07
real_product_product_072_9rWHrdJfZBw.jpg,false,,product,4.3641142610795214e-07
real_product_product_132_aJm2XW384QA.jpg,false,,product,0.0001225407177116722
real_product_product_057_AZiyMfuAum4.jpg,false,,product,3.6390309787748265e-07
real_product_product_097_g1MocwsEZhI.jpg,false,,product,1.7498354054623633e-07
real_product_product_74_two_computers_sitting_on_top_of_a_desk.jpg,false,,product,4.943975909554865e-06
real_product_product_043_B8_YF4fjPwo.jpg,false,,product,6.254067557165399e-06
real_product_product_047_BXlSfmhVEzE.jpg,false,,product,1.0568122888798825e-05
real_product_product_062_4Q4LpNP-UAs.jpg,false,,product,4.458630883164005e-06
real_product_product_69_a_desk_with_a_cup_plate_laptop_monitor_and_keyboard.jpg,false,,product,2.276915438415017e-07
real_product_product_133_5GibcyAX20Q.jpg,false,,product,0.00012434233212843537
real_product_product_170_z14hF-2ssM0.jpg,false,,product,1.6787400909379357e-06
real_product_product_120_63EhFafADqI.jpg,false,,product,0.852992832660675
real_product_product_086_vWR6FDWA5hk.jpg,false,,product,9.263651008950546e-05
real_product_product_100_Pledx042HMI.jpg,false,,product,0.1416257619857788
real_product_product_053_AxdlcxaModc.jpg,false,,product,5.225596737545857e-07
real_product_product_110_9yY6qj6N4Ek.jpg,false,,product,6.375408361236623e-07
real_product_product_138_gR8QukPoAvQ.jpg,false,,product,6.833294037278392e-07
real_product_product_090_xepikEyPgmI.jpg,false,,product,0.0002940297417808324
real_product_product_165_b2_pVdk4lGI.jpg,false,,product,2.2290164736205043e-07
real_product_product_136_TH4Ug5gGgD8.jpg,false,,product,1.290413962351522e-07
real_product_product_096_1CQjStL89kQ.jpg,false,,product,0.00048026477452367544
real_product_product_52_a_room_with_a_desktop_computer_and_a_picture_of_a_mummy.jpg,false,,product,6.267206487109434e-08
real_product_product_044_P3BwhD8sa6M.jpg,false,,product,6.783739081583917e-06
real_product_product_084__pA5RUGRPvg.jpg,false,,product,1.103687009162968e-05
real_product_product_153_CjcqO587KRI.jpg,false,,product,6.6607585722522344e-06
real_product_product_071_XYq2hcSmakA.jpg,false,,product,1.8839082827071252e-07
real_product_product_129_bQjEEII7G5E.jpg,false,,product,5.661960145175726e-08
real_product_product_164_pNRLVLA1gNU.jpg,false,,product,0.0006214932654984295
real_product_product_67_a_floor_filled_with_the_contents_of_a_womans_bag.jpg,false,,product,8.746929580638607e-08
real_product_product_158_Ow4X45p6mIw.jpg,false,,product,9.639275049266871e-06
real_product_product_123_T4xh5oV8LuY.jpg,false,,product,4.103913852304686e-06
real_product_product_147_Dx47EsVBnEo.jpg,false,,product,3.4236250940011814e-05
real_product_product_148_UlNDzqInCXk.jpg,false,,product,3.0039341254450846e-06
real_product_product_064_A_fBQe39A4k.jpg,false,,product,0.0012324682902544737
real_product_product_169_en-RjVJurms.jpg,false,,product,0.001227406901307404
real_product_product_088_XLnkWVCPuoU.jpg,false,,product,4.07864627050003e-06
real_product_product_61_a_marine_that_is_looking_at_his_cell_phone.jpg,false,,product,1.3427721796688274e-06
real_product_product_109_UuAs_sR4frs.jpg,false,,product,0.00880520511418581
real_product_product_056_ZQm_wg8jxhI.jpg,false,,product,6.084687242946529e-07
real_product_product_052_Lwqv4tEIKOU.jpg,false,,product,5.296985250424768e-07
real_product_product_093_MzFclBeMwSo.jpg,false,,product,2.3480681932142033e-07
real_product_product_082_gRPFfk_c0HE.jpg,false,,product,0.00033714334131218493
real_product_product_055_PMhYnFuj1ls.jpg,false,,product,9.01933617569739e-06
real_product_product_152_eORbhX0F4_4.jpg,false,,product,1.232962034691809e-07
real_product_product_160_iwwMFnt1GTc.jpg,false,,product,2.0137604224146344e-05
real_product_product_75_a_computer_mouse_is_beside_a_notebook_computer.jpg,false,,product,6.500624749605777e-08
real_product_product_122_TVWBH7UHQ7Y.jpg,false,,product,1.801122948563716e-06
real_product_product_070_LDlC-35X2uU.jpg,false,,product,9.084900511879823e-07
real_product_product_051_MdZFPwlWMYs.jpg,false,,product,8.683561532052408e-07
real_product_product_060_RAmpnn20rmY.jpg,false,,product,1.6599227592450916e-06
real_product_product_143_kVuPfz-3HKw.jpg,false,,product,5.923415073993965e-07
real_product_product_034_VlgzxZZKQOQ.jpg,false,,product,1.8236107734992402e-06
real_product_product_128_wk8ilTaXqw4.jpg,false,,product,6.902586028445512e-05
real_product_product_82_a_crowd_of_people_with_umbrellas_on_a_street.jpg,false,,product,3.525487409206107e-05
real_product_product_119_0QP-0DUaCo4.jpg,false,,product,1.622747021201576e-07
real_product_product_159_AWWUNRA1KFw.jpg,false,,product,0.0005451300530694425
real_product_product_57_a_big_fancy_glass_chandelier_hanging_in_a_small_kitchen.jpg,false,,product,5.581082973549201e-07
real_product_product_124_yb3hsmz4utg.jpg,false,,product,6.696336185996188e-06
real_product_product_78_a_woman_with_suitcases_waiting_for_a_train.jpg,false,,product,8.440077436944193e-08
real_product_product_155_fSoJ_Kj59zs.jpg,false,,product,2.729100287979236e-06
real_product_product_156_qiMmrWdYZfg.jpg,false,,product,6.061473527552153e-07
real_product_product_121_mFFATULxMBU.jpg,false,,product,7.207073053905333e-07
real_product_product_134_n1bbNrNSJH8.jpg,false,,product,1.8587326167107676e-06
real_product_product_074_y26NHYSTZRk.jpg,false,,product,7.625445732628577e-07
real_product_product_135_YZIdz19jhqs.jpg,false,,product,1.3283589339607715e-07
real_product_product_58_a_beautiful_woman_taking_a_picture_with_her_smart_phone.jpg,false,,product,9.188742211563294e-08
real_product_product_51_a_group_of_people_walking_across_a_busy_city_street.jpg,false,,product,6.449716352108226e-07
real_product_product_098_pkfwwofpNUw.jpg,false,,product,0.12840504944324493
real_product_product_081_e6z6DVc_JqQ.jpg,false,,product,5.423677521321224e-06
real_product_product_76_a_man_in_a_gray_shirt_holds_his_phone_as_he_sits_by_a_man_in.jpg,false,,product,6.767113802652602e-08
real_product_product_037_sxh5dE2bD50.jpg,false,,product,5.124356448504841e-06
real_product_product_091_kcy3tHgHpcs.jpg,false,,product,9.746442083269358e-05
real_product_product_048__CSr-_ZICSY.jpg,false,,product,3.878137988522212e-07
real_product_product_167_xWeSCy5BdfI.jpg,false,,product,1.3057025398666156e-06
real_product_product_107_xVptEZzgVfo.jpg,false,,product,2.5593737518647686e-05
real_product_product_151_ICAxsNRt_WM.jpg,false,,product,1.0568938705546316e-05
real_product_product_038_3Cgmcux-cpY.jpg,false,,product,5.231709678810148e-07
real_product_product_56_two_computer_monitors_are_turned_on_on_a_computer_desk.jpg,false,,product,1.0986791920686301e-07
real_product_product_054_eAaoUuAMb7M.jpg,false,,product,0.00581519678235054
real_product_product_163_r1BS0pzlr1M.jpg,false,,product,1.3449496236717096e-06
real_product_product_108_5GKdpmo0wI8.jpg,false,,product,5.237958248471841e-06
real_product_product_112_aokIiOCtnXk.jpg,false,,product,4.597034717335191e-07
real_product_product_62_a_few_different_computers_are_placed_on_the_desk.jpg,false,,product,4.0283703128807247e-07
real_product_product_102_kjfdacDML9M.jpg,false,,product,1.313839987915344e-07
real_product_product_150_kFDyajOyqTA.jpg,false,,product,7.299615390365943e-06
real_product_product_59_a_refrigerator_next_to_a_red_wall_in_the_kitchen.jpg,false,,product,2.627928950005298e-07
real_product_product_059_Lcqz6UUKXRU.jpg,false,,product,2.4101557301037246e-06
real_product_product_089_IYvYz0j7zpA.jpg,false,,product,1.3739099813392386e-06
real_product_product_092_7QyUPe30vqU.jpg,false,,product,4.480025381781161e-07
real_product_product_116_xUpbmUINv9o.jpg,false,,product,6.947008841962088e-06
real_product_product_142_oNte8riFdX0.jpg,false,,product,1.1532702046679333e-06
real_product_product_146_wW1raPiIJIU.jpg,false,,product,6.468096671596868e-07
real_product_product_79_a_group_of_commuters_standing_around_a_train_station.jpg,false,,product,0.0010331164812669158
real_product_product_126_MHBJeSSQfx8.jpg,false,,product,2.983268245770887e-07
real_product_product_065_Yu-xv5OzGgo.jpg,false,,product,9.263707312356928e-08
real_product_product_113_pOCcShZwNcs.jpg,false,,product,8.007250471564475e-06
real_product_product_075_MUv_7l-GRKU.jpg,false,,product,8.379914220313367e-07
real_product_product_55_there_is_a_lap_top_computer_on_the_desk.jpg,false,,product,6.575120181651073e-08
real_product_product_157_fVIiTknYim8.jpg,false,,product,1.2049433280481026e-05
real_product_product_65_people_laying_in_chairs_walking_and_playing_in_the_water_on.jpg,false,,product,4.7678568648734654e-08
real_product_product_154_nwhqGZ5DcOY.jpg,false,,product,7.540539286310377e-07
real_product_product_080_QESicPqs_XE.jpg,false,,product,4.131937203055713e-06
real_product_product_063_cD_obz7W774.jpg,false,,product,0.0003320213290862739
real_product_product_53_a_woman_walking_next_to_a_man_riding_a_pink_bike.jpg,false,,product,3.5267039493191987e-06
real_product_product_131_F-e4-hd1-oA.jpg,false,,product,1.2347792107902933e-05
real_product_product_040_uWrLpDAT81g.jpg,false,,product,1.5131052350625396e-05
real_product_product_114_vGhpfizChpY.jpg,false,,product,2.8174499675515108e-06
real_food_food_084_-BSvBlnCvUU.jpg,false,,food,8.474484047837905e-08
real_food_food_58_man_cutting_a_cake_on_the_table_in_the_kitchen.jpg,false,,food,2.544558412864717e-07
real_food_food_035_91czTE5wmCg.jpg,false,,food,2.197205049014883e-06
real_food_food_039_pGCwAAk04BU.jpg,false,,food,4.673523653764278e-05
real_food_food_157_-dm8WfhnQU4.jpg,false,,food,9.74255954133696e-07
real_food_food_141_MUdGuohE-Mk.jpg,false,,food,0.002793918363749981
real_food_food_159_K3q1KVUeGQY.jpg,false,,food,9.40209338295972e-06
real_food_food_117_dv5SSMfXbs4.jpg,false,,food,4.191885636828374e-06
real_food_food_131_l8Y9fVgxrEE.jpg,false,,food,8.625422651675763e-07
real_food_food_170_rDLBArZUl1c.jpg,false,,food,1.702441778661523e-07
real_food_food_123_49EKj06dQCc.jpg,false,,food,4.995780500394176e-07
real_food_food_155_h5yMpgOI5nI.jpg,false,,food,1.193330444948515e-05
real_food_food_165_9PDBbyJc2eE.jpg,false,,food,6.225245670066215e-07
real_food_food_063_bgHJL294VVY.jpg,false,,food,5.911513198952889e-07
real_food_food_118_xXIRSZmzvU8.jpg,false,,food,1.0653360504875309e-06
real_food_food_037_dQIcaRtNZtQ.jpg,false,,food,1.2889950085082091e-06
real_food_food_110_o8PCoxDO8PQ.jpg,false,,food,1.4722058949701022e-06
real_food_food_59_a_white_plate_with_some_food_and_two_trays_of_sauce.jpg,false,,food,3.913477826245071e-07
real_food_food_81_a_table_topped_with_plates_bowls_and_containers_of_food.jpg,false,,food,3.6559188743012783e-07
real_food_food_056_qw6_11-Ob48.jpg,false,,food,4.015928425360471e-05
real_food_food_169_T5Pm7ZId3sc.jpg,false,,food,0.00011064693535445258
real_food_food_048_BxY-nv-RBsA.jpg,false,,food,1.5452836805707193e-06
real_food_food_036_HkaSi5Fvc0s.jpg,false,,food,4.317641071338585e-07
real_food_food_077_LOdAL10JejI.jpg,false,,food,1.7110244243667694e-06
real_food_food_069_av5GTf-KxcI.jpg,false,,food,5.12385952333716e-07
real_food_food_152_gDwonOrdh0Q.jpg,false,,food,1.141941226023846e-07
real_food_food_68_a_bunch_of_oranges_are_sitting_in_a_clear_fruit_bowl.jpg,false,,food,4.283663656678982e-05
real_food_food_167_3Vr4qQvQn34.jpg,false,,food,3.1860424769547535e-06
real_food_food_163_vExD0Y0Aei0.jpg,false,,food,1.089139345822332e-06
real_food_food_151_FyDHcvRi3QI.jpg,false,,food,1.002089561552566e-06
real_food_food_135_jdcifvdsJZg.jpg,false,,food,1.6864585177245317e-06
real_food_food_57_the_meal_of_fish_has_a_side_of_broccoli.jpg,false,,food,5.926505309616914e-06
real_food_food_164_1Uqr_jqi3c4.jpg,false,,food,3.539783790529327e-07
real_food_food_072_t1_BuMsRRsI.jpg,false,,food,8.743493395968471e-08
real_food_food_096_JVd2FchPjCg.jpg,false,,food,5.08099958551611e-07
real_food_food_114_ozVQrfENFOs.jpg,false,,food,6.399765698006377e-05
real_food_food_78_three_round_plates_filled_with_artistically_presented_food.jpg,false,,food,7.519413003365116e-08
real_food_food_051_GCEK8Jo_vGM.jpg,false,,food,1.7346042113786098e-06
real_food_food_130_QYU_U2wXxig.jpg,false,,food,2.907656835304806e-07
real_food_food_089_sp2lfKOUzAM.jpg,false,,food,1.455741312383907e-06
real_food_food_52_a_kitchen_that_has_a_table_and_a_chair.jpg,false,,food,6.490161581496068e-07
real_food_food_149_G8qVZEiyCJU.jpg,false,,food,1.7450474842917174e-06
real_food_food_078_tz0moLxAMCc.jpg,false,,food,5.9496624515986696e-08
real_food_food_080_zyLgpFi4Tvg.jpg,false,,food,2.457477989992185e-07
real_food_food_068_aFa_Fu12bj8.jpg,false,,food,0.0001373466511722654
real_food_food_050_M5kI-5OFviE.jpg,false,,food,5.171626753508463e-07
real_food_food_034_dY7ONzZzoU8.jpg,false,,food,5.788418633301262e-08
real_food_food_143_1fxcQYy5OXc.jpg,false,,food,1.690685706989825e-07
real_food_food_148_6dC5tYPiD2s.jpg,false,,food,7.392859657784356e-08
real_food_food_64_a_kitchen_with_a_bright_window_and_house_plants.jpg,false,,food,1.4346652221775003e-07
real_food_food_046_YQPTf86GvpM.jpg,false,,food,5.019113450543955e-05
real_food_food_052_n5Wvn6wU1Xw.jpg,false,,food,9.233331610403184e-08
real_food_food_80_a_lot_of_food_that_are_in_some_baskets.jpg,false,,food,3.553299166014767e-07
real_food_food_124_hhZDn50B17c.jpg,false,,food,1.7066910231733345e-06
real_food_food_139_8v38azmFYr8.jpg,false,,food,2.9490709039237117e-06
real_food_food_094_9oUL0x_puck.jpg,false,,food,6.76406912702987e-08
real_food_food_075_SidputyP-eE.jpg,false,,food,1.5545972928521223e-05
real_food_food_053_rf0XgpH-2ao.jpg,false,,food,1.1047800398955587e-06
real_food_food_67_a_person_adjusting_a_metal_object_hanging_from_a_ceiling.jpg,false,,food,1.8609499363719806e-07
real_food_food_53_a_group_of_people_sitting_around_a_table_filled_with_food.jpg,false,,food,1.1871638605498447e-07
real_food_food_104_0byawXfQl5c.jpg,false,,food,2.442787661038892e-07
real_food_food_125_NNddPCQDhyw.jpg,false,,food,2.1026612557761837e-06
real_food_food_128_GVxJRsudSIU.jpg,false,,food,3.6818919397774152e-06
real_food_food_079_POg3Z47YPkM.jpg,false,,food,1.6016513200156623e-06
real_food_food_72_a_newly_married_couple_sharing_a_piece_of_there_wedding_cake.jpg,false,,food,1.7388346407187782e-07
real_food_food_055_dSZQC7vVf5M.jpg,false,,food,5.436942842607095e-07
real_food_food_54_two_birds_preparing_to_eat_food_off_of_a_plate_that_was_left.jpg,false,,food,2.752401996986009e-06
real_food_food_138_E1ZwXiBD7LA.jpg,false,,food,5.420386628429696e-07
real_food_food_147_cRPz6-ryzSg.jpg,false,,food,9.145520607489743e-08
real_food_food_054_mV4oTSZR4eA.jpg,false,,food,1.6208572560572065e-05
real_food_food_62_a_man_that_is_sitting_down_on_a_bench_in_front_of_a_table.jpg,false,,food,6.276704311858339e-08
real_food_food_61_food_on_a_train_with_a_pie_and_some_vegetable.jpg,false,,food,3.193978272975073e-07
real_food_food_50_bride_and_grooms_arms_cutting_the_wedding_cake_with_fruit_on.jpg,false,,food,1.15008013779061e-07
real_food_food_56_a_breakfast_plate_with_toast_vegetables_eggs_and_meat.jpg,false,,food,2.925792728092347e-07
real_food_food_038_eD3gkNVlm94.jpg,false,,food,5.041742952016648e-07
real_food_food_132_ONeUTPIkoEs.jpg,false,,food,4.16267056380093e-07
real_food_food_093_7DpEKohpOhQ.jpg,false,,food,5.803829026262974e-06
real_food_food_137_AELjKcCaNSk.jpg,false,,food,7.81363098667498e-08
real_food_food_070_4l5BlL6OX7A.jpg,false,,food,1.5640265701222233e-05
real_food_food_090_YwH212PJk0Q.jpg,false,,food,6.958273957025085e-07
real_food_food_121_xd0g61tGBgc.jpg,false,,food,8.20235300125205e-07
real_food_food_133_PMOAfRP_kLI.jpg,false,,food,4.438718406163389e-07
real_food_food_150_tIvWsbppj5k.jpg,false,,food,9.537925507174805e-07
real_food_food_059_ELISIYFi-ws.jpg,false,,food,1.1304976510473352e-07
real_food_food_140_PBXZSIQ0XTg.jpg,false,,food,1.4017773253272026e-07
real_food_food_75_a_group_of_people_that_are_standing_in_front_of_a_island.jpg,false,,food,3.0475741368718445e-05
real_food_food_062_JZ5WREw9664.jpg,false,,food,1.6147673704836052e-06
real_food_food_098__WuZ9cOPc6M.jpg,false,,food,5.836644589862772e-08
real_food_food_044_s-4i34Z07To.jpg,false,,food,2.3247682179317053e-07
real_food_food_064_cuaxqIA_pk0.jpg,false,,food,4.556816577405698e-07
real_food_food_074_v9MpHbQimqY.jpg,false,,food,3.306890721432865e-05
real_food_food_156_XU1-sAMZFqc.jpg,false,,food,3.6796656786464155e-05
real_food_food_120_raakZHcgWWw.jpg,false,,food,3.6656943848356605e-05
real_food_food_060_dUeD4im5YSQ.jpg,false,,food,2.0156655864411732e-06
real_food_food_145_aw47u5DHXEg.jpg,false,,food,1.7486690921941772e-05
real_food_food_058_ue4AfKGEQoA.jpg,false,,food,2.369327205542504e-07
real_food_food_127_OKT6Ce9fwqI.jpg,false,,food,7.235480552481022e-07
real_food_food_067_3OSiYv09hhs.jpg,false,,food,4.587631678987236e-07
real_food_food_168_sFPxZsn8cwU.jpg,false,,food,3.8542458469237317e-07
real_food_food_091_nrfSpR3_4yE.jpg,false,,food,2.0172447534605453e-07
real_food_food_144_YvEGiuPZ0Sg.jpg,false,,food,0.0005834817420691252
real_food_food_107_f87RdAQSoJk.jpg,false,,food,5.018324031880184e-07
real_food_food_126_AgWVcQz1bOA.jpg,false,,food,7.562728114862693e-07
real_food_food_158_j1KUsXahuXk.jpg,false,,food,3.1515439786744537e-06
real_food_food_049_BPsqF6C_Ou8.jpg,false,,food,4.730311957246158e-06
real_food_food_042_pyFWN-TrXvk.jpg,false,,food,1.827228288675542e-06
real_food_food_111_GlWOWrJXk5s.jpg,false,,food,4.773995897267014e-06
real_food_food_71_belgium_waffle_loaded_with_bananas_topped_with_powdered_suga.jpg,false,,food,7.812719786670641e-07
real_food_food_092_69P8Y4ErG0Y.jpg,false,,food,2.460898394929245e-05
real_food_food_73_a_plate_with_bacon_eggs_and_hamburger_topped_with_bananas.jpg,false,,food,4.2942957634295453e-07
real_food_food_076_IrM6Fvhmc9k.jpg,false,,food,1.6627207344299677e-07
real_food_food_136_ZHW1qo-VRXM.jpg,false,,food,4.181581800821732e-07
real_food_food_083_HgoEnDWOGrA.jpg,false,,food,0.0003699490043800324
real_food_food_109_HbQj2RAanTs.jpg,false,,food,3.160404503432801e-06
real_food_food_043_siHk8IfK_Ec.jpg,false,,food,7.868283091738704e-07
real_food_food_113_n2sQQ6XjqfE.jpg,false,,food,5.838860488438513e-06
real_food_food_82_a_kitchen_with_a_center_white_island_topped_with_a_bowl_of_g.jpg,false,,food,2.27740628133688e-07
real_food_food_51_a_bowl_of_some_broccoli_that_is_chopped.jpg,false,,food,3.589952370930405e-07
real_food_food_154_VpjPHuFAI-4.jpg,false,,food,1.0826659035956254e-06
real_food_food_162_f4GdYFpUyH8.jpg,false,,food,3.5648497487272834e-07
real_food_food_045_iRVq6avVGDE.jpg,false,,food,1.1909316526725888e-05
real_food_food_129_3P0BmvFk5rg.jpg,false,,food,7.729805417966418e-08
real_food_food_74_a_sandwich_with_nachos_and_a_salad_on_a_plate.jpg,false,,food,3.1257465593625966e-07
real_food_food_071_9cH-uVU__0c.jpg,false,,food,4.925664711663558e-07
real_food_food_79_a_tray_of_various_foods_next_to_drinks_on_a_table.jpg,false,,food,1.5423610477682814e-07
real_food_food_115_YjJFJDai9zg.jpg,false,,food,2.225304569947184e-06
real_food_food_100_OSwea3yxjT0.jpg,false,,food,1.2484228761877603e-07
real_food_food_088_QPKJZvqMaDs.jpg,false,,food,3.433927759033395e-06
real_food_food_040_a7nzCe8FlT4.jpg,false,,food,1.3503922957625036e-07
real_food_food_108_ixC7gmLcKaQ.jpg,false,,food,8.32311634439975e-05
real_food_food_63_a_man_preparing_food_in_a_restaurant_kitchen.jpg,false,,food,1.3066376425285853e-07
real_food_food_066_s0oNVwpU9NE.jpg,false,,food,4.883857513959811e-07
real_food_food_134_T-tgZmKFRZU.jpg,false,,food,2.1967180430237931e-07
real_food_food_161_AX8z0xXzrUo.jpg,false,,food,2.777941858767008e-07
real_food_food_69_a_scene_of_an_apartment_with_a_dining_table_and_a_couple_of.jpg,false,,food,7.5435200415086e-06
real_food_food_073_kswmO8BRzQQ.jpg,false,,food,1.1069726497225929e-05
real_food_food_66_a_plate_of_bananas_and_sliced_oranges_covered_in_butterflies.jpg,false,,food,9.77152581072005e-07
real_food_food_102_DuObvMLmc8M.jpg,false,,food,3.6573698025677004e-07
real_food_food_097_jT86IpheR2w.jpg,false,,food,2.7907410185434856e-05
real_food_food_103_Fff5ve-rGVA.jpg,false,,food,3.066986027988605e-05
real_food_food_081_lgvvFFplBHw.jpg,false,,food,1.416319577174363e-07
real_food_food_041_qDdv33C-BSw.jpg,false,,food,2.894139015552355e-06
real_food_food_085_WT_nZUfAmBc.jpg,false,,food,1.765164483913395e-06
real_food_food_047_qpZlQ8IIghI.jpg,false,,food,0.013575347140431404
real_food_food_160_uRqMI5Nw4Yc.jpg,false,,food,1.3060614037385676e-05
real_food_food_065_Q5QspluNZmM.jpg,false,,food,5.102860086481087e-06
real_food_food_119_47urRDhCphA.jpg,false,,food,2.4418518478341866e-06
real_food_food_095_WY_EKY3taJE.jpg,false,,food,2.087303982989397e-07
real_food_food_087_oYllk_NdgA0.jpg,false,,food,2.226904456392731e-07
real_food_food_061_DCZGNIZjz_Q.jpg,false,,food,0.0004469541891012341
real_food_food_65_a_small_bowl_of_fruit_on_a_table.jpg,false,,food,3.757909780688351e-06
real_food_food_76_three_bowls_filled_with_vegetables_on_top_of_a_table.jpg,false,,food,1.270082520932192e-06
real_food_food_146_fv7ttjeTgyM.jpg,false,,food,2.883620254579e-06
real_food_food_70_a_sandwich_sitting_on_top_of_a_pile_of_fries.jpg,false,,food,9.694885250155494e-08
real_food_food_099_gyaPIZZjV_A.jpg,false,,food,3.7325577295632684e-07
real_food_food_057_v8-cAH5cmTU.jpg,false,,food,5.935362992204318e-07
real_food_food_77_a_bowl_that_has_soup_and_a_spoon_in_it.jpg,false,,food,0.013714106753468513
real_food_food_166_lZ98dwbkTws.jpg,false,,food,2.4810381660245184e-07
real_food_food_082_w-LpijUp8yw.jpg,false,,food,5.670145810654503e-07
real_food_food_101_OZhdQm_OjX4.jpg,false,,food,1.5030674660465593e-07
real_food_food_153_Rh8vxWHc5DA.jpg,false,,food,6.274889892665669e-05
real_food_food_112_T8I3UuK-QXY.jpg,false,,food,5.556636892833922e-07
real_food_food_106_0b4sfNTqBLU.jpg,false,,food,6.16066790826153e-06
real_food_food_105_jCTo3MAtzjA.jpg,false,,food,6.349075079015165e-07
real_food_food_122_4Y_bVu4j0cA.jpg,false,,food,1.2182783848402323e-06
real_food_food_142_YY5uHzZV6Wo.jpg,false,,food,5.987079202895984e-05
real_food_food_086_lz8rih2cNJQ.jpg,false,,food,4.503758077589737e-07
real_food_food_55_a_beautiful_dessert_waiting_to_be_shared_by_two_people.jpg,false,,food,6.835687571538074e-08
real_food_food_116_dpQqhZRyF7w.jpg,false,,food,4.5618642730005377e-07
real_food_food_60_two_computers_sitting_on_top_of_a_desk.jpg,false,,food,4.943975909554865e-06
real_animal_animal_141_L79Jcm80Y3U.jpg,false,,animal,5.217497346166056e-06
real_animal_animal_050_CBK17BPteJE.jpg,false,,animal,1.171159055957105e-06
real_animal_animal_044_7pMTQP_kIhg.jpg,false,,animal,2.2600109161885484e-07
real_animal_animal_132_J4DL0onKVng.jpg,false,,animal,3.524047770042671e-06
real_animal_animal_50_a_calico_cat_drinking_from_a_sink_faucet.jpg,false,,animal,5.789483452645072e-07
real_animal_animal_142_ScLYGfuCqQg.jpg,false,,animal,5.845294595019368e-07
real_animal_animal_061_KKK-mavLRIY.jpg,false,,animal,5.888673968001967e-06
real_animal_animal_131_NoNqa205O40.jpg,false,,animal,1.952917955350131e-06
real_animal_animal_163_ujOHucbnC94.jpg,false,,animal,6.921198405507312e-07
real_animal_animal_058_UsDyOmKQjzo.jpg,false,,animal,7.70258395732526e-07
real_animal_animal_118_O-dnv951XTY.jpg,false,,animal,1.682787456047663e-07
real_animal_animal_124_idMSI66-1NQ.jpg,false,,animal,1.8075931507155474e-07
real_animal_animal_69_a_couple_of_people_that_are_biking_down_a_road.jpg,false,,animal,0.00010147277498617768
real_animal_animal_089_4KV3SKyHNjE.jpg,false,,animal,1.4212328096618876e-06
real_animal_animal_61_a_dog_laying_down_licking_food_off_of_a_plate.jpg,false,,animal,1.212159304486704e-06
real_animal_animal_140_bj7ALDr6E-o.jpg,false,,animal,2.4132185671987827e-07
real_animal_animal_097_sCgBFOArERk.jpg,false,,animal,4.261056574250688e-07
real_animal_animal_054_Qv8NgYRjSn4.jpg,false,,animal,5.0154094424215145e-06
real_animal_animal_082_hvkcofV0bvw.jpg,false,,animal,1.4765521427761996e-06
real_animal_animal_107_4rezxlfTrGA.jpg,false,,animal,1.454436869607889e-06
real_animal_animal_126_IOvOeZRGanM.jpg,false,,animal,1.8534682340032305e-06
real_animal_animal_127_4sMVrh8-S1g.jpg,false,,animal,0.2531904876232147
real_animal_animal_078_YzfCevgzsPI.jpg,false,,animal,2.2674308297609969e-07
real_animal_animal_062_J7X_npgVujU.jpg,false,,animal,3.3981532965299266e-07
real_animal_animal_53_bird_sits_atop_cattle_on_snow_covered_field.jpg,false,,animal,5.153291908754909e-07
real_animal_animal_096_nvDnfWuSyD8.jpg,false,,animal,3.960413232562132e-05
real_animal_animal_048_YvYBOSiBJE8.jpg,false,,animal,1.774557745193306e-07
real_animal_animal_038_CiacXjCwb3g.jpg,false,,animal,7.266938268912781e-07
real_animal_animal_103__GQCzeh1oWk.jpg,false,,animal,3.7947838791296817e-06
real_animal_animal_115_qvkA4FMTNKo.jpg,false,,animal,2.959176526928786e-06
real_animal_animal_150_eNi9DGpVYWk.jpg,false,,animal,1.9862811484472331e-07
real_animal_animal_037_j3JAI9KXJ-c.jpg,false,,animal,8.510914994985797e-08
real_animal_animal_071_zjKxb4xhBXc.jpg,false,,animal,0.001756044803187251
real_animal_animal_064_uLMM6TyPfGw.jpg,false,,animal,2.65360049525043e-05
real_animal_animal_152_JkVNRBpFSK8.jpg,false,,animal,1.4662298042367183e-07
real_animal_animal_145_Qtg_270Aa_I.jpg,false,,animal,1.0850019407371292e-06
real_animal_animal_060_lZts59erQVw.jpg,false,,animal,8.233667904278263e-05
real_animal_animal_114_J0-ZaraetTE.jpg,false,,animal,3.072520030400483e-06
real_animal_animal_79_a_herd_of_cattle_and_zebra_standing_next_to_each_other_on_a.jpg,false,,animal,1.7474474134360207e-07
real_animal_animal_047_uHHA_YklxMc.jpg,false,,animal,7.338587693084264e-07
real_animal_animal_036_xlTolOtNLZM.jpg,false,,animal,2.467846798026585e-07
real_animal_animal_169_rxFkfMJL9tw.jpg,false,,animal,9.403163403476356e-07
real_animal_animal_074_TfakEsc83HU.jpg,false,,animal,6.38911797068431e-06
real_animal_animal_138_t5rBtxLiHj8.jpg,false,,animal,1.1812172715508495e-06
real_animal_animal_049_nwaiAiHAVEY.jpg,false,,animal,8.778255278230063e-07
real_animal_animal_043_Dv45FbzLiik.jpg,false,,animal,5.229404678175342e-07
real_animal_animal_091_yRdK7ijQPNw.jpg,false,,animal,2.8679794468189357e-06
real_animal_animal_053_CACQDEJknBs.jpg,false,,animal,1.0605018587739323e-06
real_animal_animal_170_P6s8EbcSgmA.jpg,false,,animal,5.084971053292975e-05
real_animal_animal_166_jh6YaoB0TBw.jpg,false,,animal,4.7672071445958863e-07
real_animal_animal_144_ihivSSUOpno.jpg,false,,animal,6.540556114487117e-06
real_animal_animal_158_fkxUyu6F2L8.jpg,false,,animal,1.746659108903259e-06
real_animal_animal_046_88Kt5KHUe_8.jpg,false,,animal,9.063975994649809e-06
real_animal_animal_73_a_small_motor_bike_outside_of_the_garage.jpg,false,,animal,7.110891431238997e-08
real_animal_animal_108_JNHrBVfdT_A.jpg,false,,animal,3.490886001600302e-06
real_animal_animal_151_8LPgWfHgcMg.jpg,false,,animal,4.831030082641519e-07
real_animal_animal_075_PA3F7YWHUPM.jpg,false,,animal,2.2810775135440053e-07
real_animal_animal_041_-96qBKyFefQ.jpg,false,,animal,3.060337121496559e-06
real_animal_animal_095_iuoIlOvTa6g.jpg,false,,animal,1.8019594563156716e-06
real_animal_animal_139_i80SbIDgFf8.jpg,false,,animal,2.3253069514339586e-07
real_animal_animal_092_mg-k04n58xY.jpg,false,,animal,6.049323246770655e-07
real_animal_animal_068_ZBR7NAYRR4M.jpg,false,,animal,9.149782727035927e-07
real_animal_animal_083_2QHHOAPI--I.jpg,false,,animal,8.945640729507431e-05
real_animal_animal_143_7xYdOPDfNcE.jpg,false,,animal,5.3637882047041785e-06
real_animal_animal_094_bmwUCv0wMIU.jpg,false,,animal,2.287873394379858e-05
real_animal_animal_70_a_street_scene_with_a_person_on_a_motorcycle.jpg,false,,animal,1.1467344052107364e-07
real_animal_animal_56_a_flock_of_goats_and_some_men_watching_them.jpg,false,,animal,1.8098706277669407e-05
real_animal_animal_123_o-c4UrB0WBA.jpg,false,,animal,4.238861492922297e-07
real_animal_animal_066_rh7KA6jVJFM.jpg,false,,animal,2.1626665329677053e-06
real_animal_animal_134_GVe30cQ8CWU.jpg,false,,animal,1.1117725762233022e-06
real_animal_animal_160_A_unG6e0Cug.jpg,false,,animal,5.017763555770216e-07
real_animal_animal_070_iY8qBtToC0o.jpg,false,,animal,5.954321977696964e-07
real_animal_animal_111_22_r4pgeL28.jpg,false,,animal,1.5932379028527066e-05
real_animal_animal_113_knB89oNur0A.jpg,false,,animal,0.001698285574093461
real_animal_animal_78_a_giraffe_standing_in_a_field_next_to_a_fence.jpg,false,,animal,1.2404043445712887e-06
real_animal_animal_063_oajraKUY0uQ.jpg,false,,animal,2.9609557827825483e-07
real_animal_animal_155_85YNg0KtSPw.jpg,false,,animal,1.222232270947643e-07
real_animal_animal_056_Nzzk-pOcqvA.jpg,false,,animal,2.9676943995582405e-06
real_animal_animal_161_f3Os5oCc874.jpg,false,,animal,1.5746484223200241e-06
real_animal_animal_067_KmmVj3LY4lA.jpg,false,,animal,9.8558260219761e-08
real_animal_animal_60_a_grouping_of_zebras_in_a_pen_next_to_a_giraffe.jpg,false,,animal,2.429417236271547e-07
real_animal_animal_133_nzPivGosPIQ.jpg,false,,animal,2.2855097085994203e-06
real_animal_animal_122_t81H__wdxlc.jpg,false,,animal,7.393551015866251e-08
real_animal_animal_098_RMj_T-DMgDA.jpg,false,,animal,2.932726204107894e-07
real_animal_animal_077_vVh9BUJIizQ.jpg,false,,animal,6.5309823185089044e-06
real_animal_animal_087__qLFof8-Loo.jpg,false,,animal,1.602285095714251e-07
real_animal_animal_088_1tXeMpkssik.jpg,false,,animal,4.798753820978163e-07
real_animal_animal_164_wAP_IBPhn-4.jpg,false,,animal,1.2048546977894148e-06
real_animal_animal_76_a_dog_is_tied_to_a_fire_hydrant.jpg,false,,animal,2.032881411651033e-06
real_animal_animal_080_49TMUrNQDQ0.jpg,false,,animal,0.0003739066596608609
real_animal_animal_75_a_family_of_giraffes_by_a_few_zebras_and_a_gazelle.jpg,false,,animal,3.328561604121205e-07
real_animal_animal_085_U9frYiUp1Qg.jpg,false,,animal,1.2154445357737131e-05
real_animal_animal_100_PJTfOzSo8fQ.jpg,false,,animal,1.7268768715439364e-05
real_animal_animal_51_a_bunch_of_sheep_in_the_snow_behind_a_barbed_wire_fence.jpg,false,,animal,3.587611558941717e-07
real_animal_animal_072_eX45lve1DIo.jpg,false,,animal,8.786095690993534e-07
real_animal_animal_105_DORi0W_afqk.jpg,false,,animal,2.303087143218363e-07
real_animal_animal_148_Xr4TYgSEXqQ.jpg,false,,animal,3.1410359042638447e-06
real_animal_animal_65_a_cats_sits_on_the_table_with_a_dog_outside.jpg,false,,animal,2.880682359318598e-07
real_animal_animal_102_Cl8iDlk008c.jpg,false,,animal,1.0958035545627354e-07
real_animal_animal_147_nlF8qaFWI0w.jpg,false,,animal,2.560322400313453e-06
real_animal_animal_63_rear_view_mirror_reflection_showing_a_dog_in_the_back_seat.jpg,false,,animal,3.723839654412586e-07
real_animal_animal_045_eo93HAoalwQ.jpg,false,,animal,0.0003922294417861849
real_animal_animal_77_a_herd_of_sheep_standing_next_to_each_other_on_dirt_ground.jpg,false,,animal,1.8650790423180297e-07
real_animal_animal_081_TNMOJYUteDU.jpg,false,,animal,3.997787700882327e-07
real_animal_animal_64_a_dog_following_a_man_on_his_horse_in_a_field.jpg,false,,animal,8.265688848041464e-06
real_animal_animal_120_EdlNaRhg9ik.jpg,false,,animal,7.381762543445802e-07
real_animal_animal_052_tmrQPLJpBrk.jpg,false,,animal,7.444612606377632e-07
real_animal_animal_129_IwiaImVNcQU.jpg,false,,animal,2.7760190732806223e-06
real_animal_animal_042_1qT-zMTRFp0.jpg,false,,animal,2.070607297355309e-05
real_animal_animal_74_a_cat_standing_on_the_edge_of_a_sink_drink_water.jpg,false,,animal,7.149118346205796e-07
real_animal_animal_125_snhqHThkCRE.jpg,false,,animal,1.1954500678257318e-06
real_animal_animal_153_FBOP5an6h74.jpg,false,,animal,1.5578741852095845e-07
real_animal_animal_66_a_bunch_of_sheep_make_their_way_through_the_crowded_city_str.jpg,false,,animal,6.829171184108418e-08
real_animal_animal_168_g9M46POadWU.jpg,false,,animal,2.2589665604755282e-06
real_animal_animal_101_iQC6u4ejuGE.jpg,false,,animal,7.565911346318899e-06
real_animal_animal_57_a_cat_walking_through_a_kitchen_by_a_eating_tray.jpg,false,,animal,8.52706634191236e-08
real_animal_animal_149_E12vXZq9AZA.jpg,false,,animal,9.22086030641367e-07
real_animal_animal_156_yiwB58St4bE.jpg,false,,animal,7.470557079614082e-07
real_animal_animal_093_mYxtYpSJvbw.jpg,false,,animal,9.864011190074962e-07
real_animal_animal_165_PChlguQgbCw.jpg,false,,animal,2.756323738140054e-07
real_animal_animal_62_a_cat_eating_a_bird_it_has_caught.jpg,false,,animal,1.5977305167780287e-07
real_animal_animal_084_QRzQlECEbsk.jpg,false,,animal,0.008702807128429413
real_animal_animal_109_P6InS7LxUS4.jpg,false,,animal,2.5703332084958674e-07
real_animal_animal_121_ZOGamuDrPJw.jpg,false,,animal,3.7980064462317387e-06
real_animal_animal_81_three_sheep_are_grazing_in_the_field_next_to_the_water.jpg,false,,animal,6.14510824448189e-08
real_animal_animal_157_VSVcEzWsqyc.jpg,false,,animal,0.0005456163780763745
real_animal_animal_80_many_woolly_sheep_standing_together_in_the_field.jpg,false,,animal,1.3241107126304996e-06
real_animal_animal_090_fRJGUAQ6uNg.jpg,false,,animal,1.1891324902535416e-06
real_animal_animal_110_HPHtMOJvHDM.jpg,false,,animal,3.710937380674295e-05
real_animal_animal_055_feos9QXjxJY.jpg,false,,animal,5.321227263266337e-07
real_animal_animal_069_q0J6zQPO-zw.jpg,false,,animal,0.0001457343896618113
real_animal_animal_58_two_men_herding_a_pack_of_elephants_across_a_field.jpg,false,,animal,2.2961307877267245e-07
real_animal_animal_104_1Ytzecs_XU4.jpg,false,,animal,5.530700377676112e-07
real_animal_animal_55_a_horse_in_a_pasture_of_tall_grass_observing_an_energetic_do.jpg,false,,animal,1.7117639572461485e-07
real_animal_animal_079_m_wgaQ-sQPQ.jpg,false,,animal,1.9588438590290025e-05
real_animal_animal_112_cPyHO3eDlsE.jpg,false,,animal,1.8378736399426998e-07
real_animal_animal_034_-Ylz_tc8NOk.jpg,false,,animal,5.713532686968392e-07
real_animal_animal_051_PpwK032gSao.jpg,false,,animal,9.934818990586791e-06
real_animal_animal_099_m5Zy3Ulb3g0.jpg,false,,animal,3.2562888918619137e-06
real_animal_animal_059_2_3g53wNQk8.jpg,false,,animal,3.399722174890485e-07
real_animal_animal_039_i_Z1o10BPPk.jpg,false,,animal,4.083126725618058e-07
real_animal_animal_136_fXqOgYJgNBk.jpg,false,,animal,1.2756815522152465e-05
real_animal_animal_59_a_dog_standing_on_the_back_of_a_brown_car.jpg,false,,animal,1.625192425080968e-07
real_animal_animal_119_70s5ZKzNkac.jpg,false,,animal,1.034001186894784e-07
real_animal_animal_52_a_cat_sitting_on_the_floor_watching_television.jpg,false,,animal,5.72748852789573e-08
real_animal_animal_82_a_couple_of_cows_and_some_birds_flying_in_the_sky.jpg,false,,animal,1.8372008980804821e-07
real_animal_animal_154_IHHiw3VMZvc.jpg,false,,animal,2.4141280619005556e-07
real_animal_animal_035_vQvq16ZQM60.jpg,false,,animal,2.705866961605352e-07
real_animal_animal_54_a_man_riding_a_horse_drawn_carriage_on_a_race_track.jpg,false,,animal,4.014655416995083e-07
real_animal_animal_117_DmnOlnAWRdE.jpg,false,,animal,3.439647116465494e-06
real_animal_animal_040_7jXA55Tl4xU.jpg,false,,animal,1.2059755363225122e-06
real_animal_animal_68_a_cat_outside_looking_through_a_window.jpg,false,,animal,1.3342435067897895e-07
real_animal_animal_159_gjDKWxrKrgk.jpg,false,,animal,1.6111126797113684e-06
real_animal_animal_076_JHxFiw603QA.jpg,false,,animal,4.429851117038197e-07
real_animal_animal_162_vLCMWwg5TAs.jpg,false,,animal,1.2517730283434503e-05
real_animal_animal_128_dtYCvr0r_X4.jpg,false,,animal,2.1036727559931023e-07
real_animal_animal_057_n4tWGvk_gWY.jpg,false,,animal,5.620121896754426e-07
real_animal_animal_146_tvH8ECkyQKI.jpg,false,,animal,9.19988269743044e-06
real_animal_animal_67_a_sheepdog_runs_around_a_herd_of_cows_in_a_fencedin_field.jpg,false,,animal,2.6796143970386765e-07
real_animal_animal_72_a_cat_sprawled_out_over_the_top_of_a_laptop_computer_keyboar.jpg,false,,animal,4.765929872974084e-08
real_animal_animal_167_u3XMyl-4OSY.jpg,false,,animal,1.5308373804145958e-06
real_animal_animal_106_ejAz1xfCyNM.jpg,false,,animal,1.348077512375312e-05
real_animal_animal_086_YSoqrTfEWcI.jpg,false,,animal,2.2295947132988658e-07
real_animal_animal_116_dSAzIH5UtOI.jpg,false,,animal,7.461771360794955e-07
real_animal_animal_073_MVQPTvPYsJs.jpg,false,,animal,1.836308683778043e-06
real_animal_animal_065_M8uSC8OPXco.jpg,false,,animal,1.6434906058293564e-07
real_animal_animal_137_lHeXOpxzok8.jpg,false,,animal,1.1841621017083526e-06
real_animal_animal_71_a_black_ct_with_green_eyes_sitting_in_the_sun.jpg,false,,animal,1.3259716524771648e-07
real_animal_animal_135_Tu_lH5CFFZw.jpg,false,,animal,2.07806920116127e-06
real_animal_animal_130_vPyhiJjBlSM.jpg,false,,animal,9.543984924675897e-05
real_landscape_landscape_80_this_highway_is_empty_this_early_on_the_morning.jpg,false,,landscape,1.2216221421113005e-06
real_landscape_landscape_59_a_passenger_bus_that_is_parked_in_a_parking_lot.jpg,false,,landscape,5.107467950438149e-05
real_landscape_landscape_073_gtabImSzH-g.jpg,false,,landscape,0.00024374356144107878
real_landscape_landscape_160_yaj-SndYOb0.jpg,false,,landscape,9.141478585661389e-06
real_landscape_landscape_140_pNMH4SDf8us.jpg,false,,landscape,7.502833341277437e-06
real_landscape_landscape_117_KQX4AEXEV1g.jpg,false,,landscape,0.00042791099986061454
real_landscape_landscape_056_TqfJUbdnCxM.jpg,false,,landscape,5.080383289168822e-06
real_landscape_landscape_05_foggy_forest_hills.jpg,false,,landscape,6.173190740810242e-07
real_landscape_landscape_118_z7IW1w4C870.jpg,false,,landscape,4.59861803392414e-06
real_landscape_landscape_135_Bwkl85sszNM.jpg,false,,landscape,1.6650325051159598e-05
real_landscape_landscape_053_E9CrQou9K0Y.jpg,false,,landscape,8.312782711072941e-07
real_landscape_landscape_064_pnFNoPuilVI.jpg,false,,landscape,2.3930356292112265e-06
real_landscape_landscape_154_VFjGgIGNWlI.jpg,false,,landscape,1.7498869055998512e-06
real_landscape_landscape_09_starry_night_mountains.jpg,false,,landscape,2.186976053053513e-05
real_landscape_landscape_124__rsGm7nob3w.jpg,false,,landscape,6.334837507893099e-07
real_landscape_landscape_079_n6hzRDQ9CM8.jpg,false,,landscape,2.430968379485421e-06
real_landscape_landscape_095_YzJlElq6Pc0.jpg,false,,landscape,9.291194373872713e-07
real_landscape_landscape_098_F4dGVi1g8rQ.jpg,false,,landscape,5.391299850998621e-07
real_landscape_landscape_062_oGrOhXJaHME.jpg,false,,landscape,1.2499728654802311e-05
real_landscape_landscape_68_a_wooden_bench_and_a_fire_hydrant_on_a_field.jpg,false,,landscape,1.370469249195594e-07
real_landscape_landscape_119_ENkQJj-7orc.jpg,false,,landscape,1.6933496453930275e-06
real_landscape_landscape_81_a_dog_rests_his_head_on_the_edge_of_a_boat_at_sea.jpg,false,,landscape,2.2110818065357307e-07
real_landscape_landscape_51_a_green_traffic_light_suspended_above_a_street.jpg,false,,landscape,2.3002736270427704e-05
real_landscape_landscape_085_cCthPLHmrzI.jpg,false,,landscape,4.413194574226509e-07
real_landscape_landscape_060_jdaigQmK-qA.jpg,false,,landscape,0.0009432049700990319
real_landscape_landscape_58_a_passenger_train_that_has_some_graffiti_on_it.jpg,false,,landscape,1.9776148008077143e-07
real_landscape_landscape_077_ID4OhGirKvg.jpg,false,,landscape,9.546802175464109e-06
real_landscape_landscape_133_-5eZ1-Ie68w.jpg,false,,landscape,2.935759653155401e-07
real_landscape_landscape_086_ke-voL7t_I8.jpg,false,,landscape,4.396293206809787e-06
real_landscape_landscape_143_-hbbmFHQYiw.jpg,false,,landscape,6.719026259816019e-06
real_landscape_landscape_080_1DPIP44atys.jpg,false,,landscape,2.3017771582090063e-06
real_landscape_landscape_110_02YdrfDb3UE.jpg,false,,landscape,1.4521124569455424e-07
real_landscape_landscape_116_sNKwtrVQ4hU.jpg,false,,landscape,4.450048436410725e-07
real_landscape_landscape_157_nMhbF-YMdXE.jpg,false,,landscape,1.6035921817092458e-06
real_landscape_landscape_051_4k8UHZC1-6k.jpg,false,,landscape,9.590933586878236e-06
real_landscape_landscape_161_CL665uHJb7c.jpg,false,,landscape,3.7593688375636702e-06
real_landscape_landscape_093_UazfuoH2sRU.jpg,false,,landscape,4.613864916791499e-07
real_landscape_landscape_55_a_green_traffic_light_a_street_some_buildings_and_some_other.jpg,false,,landscape,1.9459243048913777e-05
real_landscape_landscape_82_a_large_bus_on_the_side_of_the_road.jpg,false,,landscape,1.7604172342089441e-07
real_landscape_landscape_045_W3wgy9tDgto.jpg,false,,landscape,1.1045768587791827e-05
real_landscape_landscape_120_afwi-D9xmt4.jpg,false,,landscape,0.00020346227393019944
real_landscape_landscape_099_kDrTt4sCC7I.jpg,false,,landscape,1.4208153515937738e-06
real_landscape_landscape_167_60cbKmNJ-ls.jpg,false,,landscape,9.734961849972024e-07
real_landscape_landscape_046_wgH3Lzgmm_c.jpg,false,,landscape,1.2328331422395422e-06
real_landscape_landscape_072_jYkvecfWgx0.jpg,false,,landscape,0.0005851031164638698
real_landscape_landscape_048_PA0KerQ0lHg.jpg,false,,landscape,2.2871320197737077e-06
real_landscape_landscape_126_Cmjq13jc_2g.jpg,false,,landscape,2.3193052811620873e-07
real_landscape_landscape_081_0PgC0jve7u4.jpg,false,,landscape,7.848228733564611e-07
real_landscape_landscape_06_waterfall_in_forest.jpg,false,,landscape,1.1480391322038486e-06
real_landscape_landscape_77_rear_view_mirror_reflection_showing_a_dog_in_the_back_seat.jpg,false,,landscape,3.723839654412586e-07
real_landscape_landscape_147_bUhzlj3gGso.jpg,false,,landscape,2.151366743419203e-06
real_landscape_landscape_69_a_yellow_bus_that_is_sitting_in_the_grass.jpg,false,,landscape,2.1044915854417923e-07
real_landscape_landscape_067_LLD9FKRoqDc.jpg,false,,landscape,5.853563197888434e-05
real_landscape_landscape_115_q2Cv_B3_AZI.jpg,false,,landscape,8.045860795391491e-07
real_landscape_landscape_125_4UfCRXv_tGM.jpg,false,,landscape,1.4567661992259673e-06
real_landscape_landscape_092__XHphe2atWM.jpg,false,,landscape,3.7318173440326063e-07
real_landscape_landscape_109_-UsvhirEIeI.jpg,false,,landscape,0.0010201416444033384
real_landscape_landscape_129_5LyYqPEv8w0.jpg,false,,landscape,1.5708972114225617e-06
real_landscape_landscape_070_uQDRDqpYJHI.jpg,false,,landscape,6.730626296302944e-07
real_landscape_landscape_71_a_black_and_white_photo_of_a_train.jpg,false,,landscape,1.0051095955532219e-07
real_landscape_landscape_057_C69YOsY9lYg.jpg,false,,landscape,2.2154655709982762e-07
real_landscape_landscape_089_zjOv1yyUzQg.jpg,false,,landscape,4.50222214567475e-05
real_landscape_landscape_130_qOxQEA8obSg.jpg,false,,landscape,2.756612957455218e-06
real_landscape_landscape_163_Bz4dHv-9PFQ.jpg,false,,landscape,5.1709644139918964e-06
real_landscape_landscape_071_zjqqKVQZoNg.jpg,false,,landscape,2.5353148203066667e-07
real_landscape_landscape_76_a_blue_rusted_train_engine_sitting_on_top_of_rail_tracks.jpg,false,,landscape,1.8615744465932949e-06
real_landscape_landscape_114_FCPJn1NeFdI.jpg,false,,landscape,5.073151214673999e-07
real_landscape_landscape_156_pcgo3E7vJr4.jpg,false,,landscape,4.407092433211801e-07
real_landscape_landscape_075_G86MS2ZsiJA.jpg,false,,landscape,3.0407272788579576e-07
real_landscape_landscape_059_i7OiHRQkJHY.jpg,false,,landscape,9.318585398432333e-06
real_landscape_landscape_164_tMYDgAySy9w.jpg,false,,landscape,3.151154714942095e-07
real_landscape_landscape_84_part_of_train_car_with_a_door_to_the_rear_connected_to_the_c.jpg,false,,landscape,5.8236235389586e-08
real_landscape_landscape_083_DlCr9IujpJI.jpg,false,,landscape,9.585648513166234e-06
real_landscape_landscape_04_dramatic_mountain_valley.jpg,false,,landscape,3.1083584417501697e-06
real_landscape_landscape_02_sunset_over_mountains.jpg,false,,landscape,1.0572971405053977e-05
real_landscape_landscape_53_a_train_of_many_colors_is_coming_down_the_track.jpg,false,,landscape,1.4322334891403443e-06
real_landscape_landscape_100_xpLNPVL3IJA.jpg,false,,landscape,4.26805763709126e-06
real_landscape_landscape_153_6SGsL73EbKM.jpg,false,,landscape,6.647544523730176e-07
real_landscape_landscape_107_cssvEZacHvQ.jpg,false,,landscape,1.1480391322038486e-06
real_landscape_landscape_79_an_orange_train_traveling_along_train_tracks_near_a_train_ya.jpg,false,,landscape,2.474226050708239e-07
real_landscape_landscape_090_tZaA8VqJG3g.jpg,false,,landscape,0.0017530699260532856
real_landscape_landscape_73_a_tall_church_tower_sitting_on_the_side_of_a_road.jpg,false,,landscape,7.33352976567403e-07
real_landscape_landscape_61_a_wooden_bench_sitting_outside_of_a_home.jpg,false,,landscape,1.0694928676002746e-07
real_landscape_landscape_03_lake_reflection.jpg,false,,landscape,3.6028352496941807e-06
real_landscape_landscape_155_DqIyKlJa-2s.jpg,false,,landscape,2.401725851086667e-06
real_landscape_landscape_105_ur4NB1f3kQ8.jpg,false,,landscape,1.6728763796436397e-07
real_landscape_landscape_128_MasnAA5KqDY.jpg,false,,landscape,3.501096580293961e-05
real_landscape_landscape_134_1pFIPoOa--Y.jpg,false,,landscape,1.1331369933031965e-05
real_landscape_landscape_097_1U6EOU8hiTM.jpg,false,,landscape,2.664970963905944e-07
real_landscape_landscape_047_58Mkqady7lE.jpg,false,,landscape,1.343213898508111e-05
real_landscape_landscape_102_T-AOFf2B8Zw.jpg,false,,landscape,3.4285343986084627e-07
real_landscape_landscape_83_a_small_bus_parked_in_front_of_a_bus_stop.jpg,false,,landscape,7.252469202967404e-08
real_landscape_landscape_162_3m4lH961q20.jpg,false,,landscape,1.936394511403705e-07
real_landscape_landscape_122_K5eIMIz8kaI.jpg,false,,landscape,1.5832029021112248e-06
real_landscape_landscape_069_TdoxXD7aGv8.jpg,false,,landscape,2.6952075131703168e-05
real_landscape_landscape_165_C2YORgsJqXs.jpg,false,,landscape,4.33065251854714e-05
real_landscape_landscape_152_ayzzI9nOjWY.jpg,false,,landscape,4.939301106787752e-06
real_landscape_landscape_54_white_birds_are_gathered_around_a_water_puddle.jpg,false,,landscape,7.791543339408236e-07
real_landscape_landscape_078_TnLdd0LMfwk.jpg,false,,landscape,0.0006138444878160954
real_landscape_landscape_068_aqS6bCynDv8.jpg,false,,landscape,6.736368504789425e-06
real_landscape_landscape_07_desert_dunes.jpg,false,,landscape,5.186511316424003e-06
real_landscape_landscape_166_ioAK4HESn6k.jpg,false,,landscape,1.3693016853721929e-06
real_landscape_landscape_111_62_2KGyX13E.jpg,false,,landscape,3.048715484510467e-07
real_landscape_landscape_60_a_red_and_silver_fire_hydrant_sitting_on_top_of_a_sidewalk.jpg,false,,landscape,8.53582093895966e-08
real_landscape_landscape_158_QAXDmkU60OU.jpg,false,,landscape,1.1396657555451384e-06
real_landscape_landscape_138_78wDBw9ajUk.jpg,false,,landscape,9.095216228161007e-06
real_landscape_landscape_142_3bsVcAbqS7Q.jpg,false,,landscape,2.9879283829359338e-06
real_landscape_landscape_131_hoAFrPJlbT0.jpg,false,,landscape,1.2184632396383677e-06
real_landscape_landscape_106_hu8Mp-XTksA.jpg,false,,landscape,2.156778577955265e-07
real_landscape_landscape_082_ercx7zE_Mzo.jpg,false,,landscape,7.251347824421828e-07
real_landscape_landscape_132_zUEjNDEEca8.jpg,false,,landscape,2.1548430595430546e-06
real_landscape_landscape_78_a_yellow_bus_is_on_a_street_near_a_black_guard_rail.jpg,false,,landscape,3.275847859640635e-07
real_landscape_landscape_159_G4su92tyImI.jpg,false,,landscape,5.53743120690342e-06
real_landscape_landscape_088_N22iRE8u3MU.jpg,false,,landscape,1.8305513549421448e-07
real_landscape_landscape_168_r-PPOX0QQ1g.jpg,false,,landscape,4.164070560364053e-06
real_landscape_landscape_074_r2Ug9sXPEHA.jpg,false,,landscape,3.292298288215534e-06
real_landscape_landscape_57_a_yellow_and_green_train_at_stop_lights.jpg,false,,landscape,6.496398441413476e-08
real_landscape_landscape_146__MCLUFQlZ_c.jpg,false,,landscape,1.3321537153387908e-06
real_landscape_landscape_096_3eC5n6gHwe8.jpg,false,,landscape,2.966806050608284e-06
real_landscape_landscape_063_Lm6mqM_KqQY.jpg,false,,landscape,9.423781193618197e-06
real_landscape_landscape_145_xZX3pXjQQSw.jpg,false,,landscape,3.881104930769652e-07
real_landscape_landscape_74_a_bathroom_with_some_orange_walls_and_a_black_and_white_coun.jpg,false,,landscape,1.7562855703090463e-07
real_landscape_landscape_136_awNpFWNTGFY.jpg,false,,landscape,2.1581545297522098e-05
real_landscape_landscape_061_bk4hN4Jvnac.jpg,false,,landscape,1.6823012174427276e-06
real_landscape_landscape_121_JtVkmKQ1FQI.jpg,false,,landscape,4.32909291703254e-06
real_landscape_landscape_104_6gt7AoSk5pQ.jpg,false,,landscape,4.264726157998666e-05
real_landscape_landscape_139_aoWukdAWJno.jpg,false,,landscape,1.0831637382580084e-06
real_landscape_landscape_75_a_city_traffic_signal_and_street_at_night.jpg,false,,landscape,1.4542883945978247e-06
real_landscape_landscape_055_ixbSaWYYOwY.jpg,false,,landscape,3.7364839954534546e-05
real_landscape_landscape_137_9CkGNheiEFQ.jpg,false,,landscape,4.0134611367648176e-07
real_landscape_landscape_066_7AKHr2kdmAc.jpg,false,,landscape,1.6127328308357392e-06
real_landscape_landscape_08_ocean_waves_beach.jpg,false,,landscape,1.6682067780493526e-06
real_landscape_landscape_076_OrkbCipJriw.jpg,false,,landscape,1.6426430420324323e-06
real_landscape_landscape_113_etJBEUW4ZDg.jpg,false,,landscape,1.3620733625430148e-06
real_landscape_landscape_123_ac9BZlaKuG4.jpg,false,,landscape,5.3592913218381e-07
real_landscape_landscape_049_yFCXHHLEZA0.jpg,false,,landscape,7.733261782050249e-07
real_landscape_landscape_151_OueojWSe66o.jpg,false,,landscape,2.2051248379284516e-05
real_landscape_landscape_087_NW-WPrJoyzc.jpg,false,,landscape,2.5955222326956573e-07
real_landscape_landscape_62_two_large_jets_sitting_on_top_of_an_airport_runway.jpg,false,,landscape,1.2893629900645465e-05
real_landscape_landscape_67_an_image_of_a_subway_bus_going_thru_the_subway_station.jpg,false,,landscape,1.8254328892908234e-07
real_landscape_landscape_64_a_bird_sitting_on_top_of_a_park_bench.jpg,false,,landscape,1.33573692551181e-07
real_landscape_landscape_141_F0_qeY5OWJE.jpg,false,,landscape,1.8189646198152332e-06
real_landscape_landscape_149_zMhnN9FpDBE.jpg,false,,landscape,7.225729632409639e-07
real_landscape_landscape_56_a_train_on_the_tracks_out_in_the_country.jpg,false,,landscape,1.0960063434595213e-07
real_landscape_landscape_103_Yd6TC3qee6M.jpg,false,,landscape,0.00012018551933579147
real_landscape_landscape_052_Xaje8s7H9Cw.jpg,false,,landscape,5.637213575937494e-07
real_landscape_landscape_01_mountain_peaks_with_snow.jpg,false,,landscape,3.650919211395376e-07
real_landscape_landscape_058_CPIQfMbSjmM.jpg,false,,landscape,2.0412603589647915e-06
real_landscape_landscape_065_xMMh-VFGL9M.jpg,false,,landscape,2.246322765131481e-05
real_landscape_landscape_72_a_street_corner_with_a_brown_and_white_building_on_it.jpg,false,,landscape,9.985897264641608e-08
real_landscape_landscape_094_8v_1afZJpg4.jpg,false,,landscape,3.0028351716282486e-07
real_landscape_landscape_150_NoSRqbXJY68.jpg,false,,landscape,9.644862757340888e-07
real_landscape_landscape_144_MZxQoMVN518.jpg,false,,landscape,1.157466044787725e-06
real_landscape_landscape_63_a_pole_with_a_street_light_and_signs_next_to_a_bare_tree.jpg,false,,landscape,4.963525270795799e-07
real_landscape_landscape_127_uFdsMOjWX58.jpg,false,,landscape,2.2464831999968737e-05
real_landscape_landscape_101_C27Jip4jz4k.jpg,false,,landscape,3.1221446761264815e-07
real_landscape_landscape_050_nlllZxwRoLM.jpg,false,,landscape,2.979722637519444e-07
real_landscape_landscape_054_R0hVu1Mqo7A.jpg,false,,landscape,0.0001324049662798643
real_landscape_landscape_170_rGmCuOfPwnk.jpg,false,,landscape,9.089355899050133e-07
real_landscape_landscape_52_the_train_engine_is_followed_by_a_line_of_open_cars.jpg,false,,landscape,7.843357821002428e-07
real_landscape_landscape_50_a_green_bench_sitting_on_the_side_of_a_sidewalk.jpg,false,,landscape,1.913490024207931e-07
real_landscape_landscape_65_these_toilets_are_being_used_outside_as_decor.jpg,false,,landscape,1.0412844630991458e-07
real_landscape_landscape_148_qgfiux6vEmc.jpg,false,,landscape,4.935647552883893e-07
real_landscape_landscape_169_TWvnc-oToE4.jpg,false,,landscape,2.038027332673664e-06
real_landscape_landscape_112_hfxvkEzd_I0.jpg,false,,landscape,1.624495598662179e-05
real_landscape_landscape_70_a_semi_truck_is_driving_down_a_street.jpg,false,,landscape,1.2344008837317233e-07
real_landscape_landscape_084_uzWLhB7n3m8.jpg,false,,landscape,2.9549969440267887e-06
real_landscape_landscape_091_Bch-Zl9ZUc8.jpg,false,,landscape,2.593367298686644e-07
real_landscape_landscape_66_a_few_meters_are_sitting_near_an_air_plane.jpg,false,,landscape,3.7892692716923193e-07
real_landscape_landscape_108_LpryxGvyY-8.jpg,false,,landscape,5.264490027911961e-06
