id,is_ai,generator,category,score
ai_art_qwen_2512_art_08.png,true,Qwen 2512,art,0.9999972581863403
ai_art_flux_2_flex_art_03.png,true,Flux,art,0.9999880790710449
ai_art_seedream_v3_art_07.png,true,Seedream,art,0.9999161958694458
ai_art_seedream_v3_art_06.png,true,Seedream,art,0.999788224697113
ai_art_flux_2_flex_art_02.png,true,Flux,art,0.7789165377616882
ai_art_glm_image_art_01.png,true,GLM Image,art,0.009339053183794022
ai_art_qwen_2512_art_09.png,true,Qwen 2512,art,0.9938659071922302
ai_art_wan_v2.6_art_09.png,true,Wan v2.6,art,0.0007241612183861434
ai_art_flux_schnell_art_08.png,true,Flux Schnell,art,0.999738872051239
ai_art_glm_image_art_03.png,true,GLM Image,art,0.28778019547462463
ai_art_seedream_v3_art_10.png,true,Seedream,art,0.1681613326072693
ai_art_seedream_v3_art_04.png,true,Seedream,art,0.03469404950737953
ai_art_seedream_v3_art_05.png,true,Seedream,art,1.2677003724093083e-05
ai_art_flux_2_flex_art_01.png,true,Flux,art,0.948419988155365
ai_art_glm_image_art_02.png,true,GLM Image,art,0.9999706745147705
ai_art_flux_schnell_art_09.png,true,Flux Schnell,art,0.010990087874233723
ai_art_wan_v2.6_art_08.png,true,Wan v2.6,art,0.9998767375946045
ai_art_z_image_art_09.png,true,Z,art,0.9992877840995789
ai_art_glm_image_art_06.png,true,GLM Image,art,0.9999028444290161
ai_art_flux_2_flex_art_05.png,true,Flux,art,2.9279747195687378e-06
ai_art_seedream_v3_art_01.png,true,Seedream,art,0.08048240840435028
ai_art_flux_2_flex_art_10.png,true,Flux,art,0.9998214840888977
ai_art_flux_2_flex_art_04.png,true,Flux,art,0.7920225858688354
ai_art_glm_image_art_07.png,true,GLM Image,art,0.9993178844451904
ai_art_z_image_art_08.png,true,Z,art,0.9999089241027832
ai_art_glm_image_art_05.png,true,GLM Image,art,9.268518624594435e-06
ai_art_flux_2_flex_art_06.png,true,Flux,art,0.9921257495880127
ai_art_seedream_v3_art_02.png,true,Seedream,art,0.9991908669471741
ai_art_seedream_v3_art_03.png,true,Seedream,art,0.005245910957455635
ai_art_flux_2_flex_art_07.png,true,Flux,art,0.9618563652038574
ai_art_glm_image_art_10.png,true,GLM Image,art,0.9360554814338684
ai_art_glm_image_art_04.png,true,GLM Image,art,0.8323615789413452
ai_art_hunyuan_v3_art_07.png,true,Hunyuan v3,art,0.0019952235743403435
ai_art_ideogram_v3_art_04.png,true,Ideogram v3,art,7.314078538911417e-05
ai_art_ideogram_v3_art_10.png,true,Ideogram v3,art,0.19198650121688843
ai_art_sd_3.5_large_art_08.png,true,Sd,art,0.9991463422775269
ai_art_seedream_v4_art_03.png,true,Seedream,art,5.673900886904448e-05
ai_art_leonardo_phoenix_art_06.png,true,Leonardo Phoenix,art,0.012012074701488018
ai_art_leonardo_phoenix_art_07.png,true,Leonardo Phoenix,art,0.9996726512908936
ai_art_grok_aurora_art_01.png,true,Grok Aurora,art,0.9990562796592712
ai_art_seedream_v4_art_02.png,true,Seedream,art,0.00043075004941783845
ai_art_sd_3.5_large_art_09.png,true,Sd,art,0.0010348777286708355
ai_art_ideogram_v3_art_05.png,true,Ideogram v3,art,0.3946789801120758
ai_art_hunyuan_v3_art_06.png,true,Hunyuan v3,art,0.3917410373687744
ai_art_hunyuan_v3_art_04.png,true,Hunyuan v3,art,0.021448856219649315
ai_art_hunyuan_v3_art_10.png,true,Hunyuan v3,art,0.008874356746673584
ai_art_recraft_v3_art_09.png,true,Recraft v3,art,0.6956045031547546
ai_art_ideogram_v3_art_07.png,true,Ideogram v3,art,0.002438168041408062
ai_art_grok_aurora_art_03.png,true,Grok Aurora,art,0.2764243483543396
ai_art_leonardo_phoenix_art_05.png,true,Leonardo Phoenix,art,0.989632248878479
ai_art_leonardo_phoenix_art_10.png,true,Leonardo Phoenix,art,0.9999819993972778
ai_art_leonardo_phoenix_art_04.png,true,Leonardo Phoenix,art,0.4584006071090698
ai_art_grok_aurora_art_02.png,true,Grok Aurora,art,0.812084972858429
ai_art_seedream_v4_art_01.png,true,Seedream,art,0.08198028802871704
ai_art_ideogram_v3_art_06.png,true,Ideogram v3,art,0.003614197950810194
ai_art_recraft_v3_art_08.png,true,Recraft v3,art,0.29666632413864136
ai_art_hunyuan_v3_art_05.png,true,Hunyuan v3,art,0.0002200326562160626
ai_art_hunyuan_v3_art_01.png,true,Hunyuan v3,art,0.0005832393071614206
ai_art_ideogram_v3_art_02.png,true,Ideogram v3,art,3.5682478483067825e-05
ai_art_flux_pro_v1.1_art_09.png,true,Flux Pro v1.1,art,0.8864247798919678
ai_art_seedream_v4_art_05.png,true,Seedream,art,6.874446626170538e-06
ai_art_grok_aurora_art_06.png,true,Grok Aurora,art,0.9984810948371887
ai_art_grok_aurora_art_07.png,true,Grok Aurora,art,0.8656981587409973
ai_art_leonardo_phoenix_art_01.png,true,Leonardo Phoenix,art,0.0021098123397678137
ai_art_seedream_v4_art_04.png,true,Seedream,art,0.00019387900829315186
ai_art_seedream_v4_art_10.png,true,Seedream,art,0.00015303105465136468
ai_art_flux_pro_v1.1_art_08.png,true,Flux Pro v1.1,art,0.9999717473983765
ai_art_ideogram_v3_art_03.png,true,Ideogram v3,art,0.09119030088186264
ai_art_hunyuan_v3_art_02.png,true,Hunyuan v3,art,0.0003647690755315125
ai_art_gpt_image_1.5_art_08.png,true,Gpt,art,0.978165328502655
ai_art_ideogram_v3_art_01.png,true,Ideogram v3,art,0.0896264836192131
ai_art_gemini_3_pro_art_09.png,true,Gemini 3 Pro,art,0.18881933391094208
ai_art_seedream_v4_art_06.png,true,Seedream,art,0.008190125226974487
ai_art_leonardo_phoenix_art_03.png,true,Leonardo Phoenix,art,0.9960359930992126
ai_art_grok_aurora_art_05.png,true,Grok Aurora,art,0.6066665649414062
ai_art_grok_aurora_art_10.png,true,Grok Aurora,art,0.028164850547909737
ai_art_grok_aurora_art_04.png,true,Grok Aurora,art,0.41356024146080017
ai_art_leonardo_phoenix_art_02.png,true,Leonardo Phoenix,art,0.75388103723526
ai_art_seedream_v4_art_07.png,true,Seedream,art,0.0005240291357040405
ai_art_gemini_3_pro_art_08.png,true,Gemini 3 Pro,art,0.9983545541763306
ai_art_gpt_image_1.5_art_09.png,true,Gpt,art,8.943610737333074e-05
ai_art_hunyuan_v3_art_03.png,true,Hunyuan v3,art,0.007480722386389971
ai_art_gpt_image_1.5_art_10.png,true,Gpt,art,0.002561762696132064
ai_art_recraft_v3_art_03.png,true,Recraft v3,art,0.9923921823501587
ai_art_gpt_image_1.5_art_04.png,true,Gpt,art,0.0030620612669736147
ai_art_sd_3.5_large_art_01.png,true,Sd,art,0.08122218400239944
ai_art_gemini_3_pro_art_05.png,true,Gemini 3 Pro,art,8.4105042333249e-05
ai_art_flux_pro_v1.1_art_06.png,true,Flux Pro v1.1,art,0.46922191977500916
ai_art_grok_aurora_art_09.png,true,Grok Aurora,art,0.001781053259037435
ai_art_grok_aurora_art_08.png,true,Grok Aurora,art,0.9986225366592407
ai_art_flux_pro_v1.1_art_07.png,true,Flux Pro v1.1,art,0.010322967544198036
ai_art_gemini_3_pro_art_10.png,true,Gemini 3 Pro,art,0.9852590560913086
ai_art_gemini_3_pro_art_04.png,true,Gemini 3 Pro,art,0.0225421991199255
ai_art_gpt_image_1.5_art_05.png,true,Gpt,art,5.22100344824139e-05
ai_art_recraft_v3_art_02.png,true,Recraft v3,art,0.8647501468658447
ai_art_gpt_image_1.5_art_07.png,true,Gpt,art,0.02670506201684475
ai_art_gemini_3_pro_art_06.png,true,Gemini 3 Pro,art,0.9993491768836975
ai_art_sd_3.5_large_art_02.png,true,Sd,art,0.9969257712364197
ai_art_flux_pro_v1.1_art_05.png,true,Flux Pro v1.1,art,0.00022563952370546758
ai_art_seedream_v4_art_09.png,true,Seedream,art,0.002373058581724763
ai_art_seedream_v4_art_08.png,true,Seedream,art,0.0065290252678096294
ai_art_flux_pro_v1.1_art_10.png,true,Flux Pro v1.1,art,0.499483585357666
ai_art_flux_pro_v1.1_art_04.png,true,Flux Pro v1.1,art,0.7165006399154663
ai_art_gemini_3_pro_art_07.png,true,Gemini 3 Pro,art,0.002710220403969288
ai_art_sd_3.5_large_art_03.png,true,Sd,art,0.1377515196800232
ai_art_recraft_v3_art_01.png,true,Recraft v3,art,0.0009009101195260882
ai_art_gpt_image_1.5_art_06.png,true,Gpt,art,0.654590904712677
ai_art_hunyuan_v3_art_08.png,true,Hunyuan v3,art,0.11856094747781754
ai_art_gpt_image_1.5_art_02.png,true,Gpt,art,0.8098902702331543
ai_art_recraft_v3_art_05.png,true,Recraft v3,art,2.7660482828650856e-06
ai_art_sd_3.5_large_art_07.png,true,Sd,art,0.9999983310699463
ai_art_gemini_3_pro_art_03.png,true,Gemini 3 Pro,art,0.9932190775871277
ai_art_leonardo_phoenix_art_09.png,true,Leonardo Phoenix,art,0.969986617565155
ai_art_leonardo_phoenix_art_08.png,true,Leonardo Phoenix,art,0.9982616305351257
ai_art_flux_pro_v1.1_art_01.png,true,Flux Pro v1.1,art,0.37306880950927734
ai_art_sd_3.5_large_art_06.png,true,Sd,art,0.8883296847343445
ai_art_gemini_3_pro_art_02.png,true,Gemini 3 Pro,art,0.9543344974517822
ai_art_recraft_v3_art_10.png,true,Recraft v3,art,0.00377957453019917
ai_art_recraft_v3_art_04.png,true,Recraft v3,art,0.001028211903758347
ai_art_gpt_image_1.5_art_03.png,true,Gpt,art,0.03142119571566582
ai_art_hunyuan_v3_art_09.png,true,Hunyuan v3,art,0.005688447039574385
ai_art_recraft_v3_art_06.png,true,Recraft v3,art,0.2165903002023697
ai_art_gpt_image_1.5_art_01.png,true,Gpt,art,0.01889459788799286
ai_art_sd_3.5_large_art_04.png,true,Sd,art,0.004268422722816467
ai_art_sd_3.5_large_art_10.png,true,Sd,art,3.775525692617521e-05
ai_art_ideogram_v3_art_08.png,true,Ideogram v3,art,0.9958164095878601
ai_art_flux_pro_v1.1_art_03.png,true,Flux Pro v1.1,art,0.9898500442504883
ai_art_flux_pro_v1.1_art_02.png,true,Flux Pro v1.1,art,0.26275724172592163
ai_art_ideogram_v3_art_09.png,true,Ideogram v3,art,0.6287251114845276
ai_art_gemini_3_pro_art_01.png,true,Gemini 3 Pro,art,0.9974060654640198
ai_art_sd_3.5_large_art_05.png,true,Sd,art,9.60201577981934e-05
ai_art_recraft_v3_art_07.png,true,Recraft v3,art,0.0035010306164622307
ai_art_wan_v2.6_art_03.png,true,Wan v2.6,art,0.0007634792709723115
ai_art_flux_schnell_art_02.png,true,Flux Schnell,art,0.5366156101226807
ai_art_qwen_2512_art_01.png,true,Qwen 2512,art,0.9998481273651123
ai_art_z_image_art_06.png,true,Z,art,0.999618411064148
ai_art_glm_image_art_09.png,true,GLM Image,art,0.00025143957464024425
ai_art_glm_image_art_08.png,true,GLM Image,art,0.999972939491272
ai_art_z_image_art_07.png,true,Z,art,0.8257346153259277
ai_art_flux_schnell_art_03.png,true,Flux Schnell,art,0.9962276220321655
ai_art_wan_v2.6_art_02.png,true,Wan v2.6,art,0.003885277546942234
ai_art_qwen_2512_art_02.png,true,Qwen 2512,art,0.9967136383056641
ai_art_flux_schnell_art_01.png,true,Flux Schnell,art,0.06959252059459686
ai_art_z_image_art_05.png,true,Z,art,0.9992545247077942
ai_art_flux_2_flex_art_09.png,true,Flux,art,1.2424404303601477e-05
ai_art_flux_2_flex_art_08.png,true,Flux,art,0.00041543456609360874
ai_art_z_image_art_04.png,true,Z,art,0.011189029552042484
ai_art_z_image_art_10.png,true,Z,art,0.97157222032547
ai_art_qwen_2512_art_03.png,true,Qwen 2512,art,0.9994091987609863
ai_art_wan_v2.6_art_01.png,true,Wan v2.6,art,0.3784394860267639
ai_art_flux_schnell_art_10.png,true,Flux Schnell,art,0.0038962361868470907
ai_art_wan_v2.6_art_05.png,true,Wan v2.6,art,0.0002746997051872313
ai_art_flux_schnell_art_04.png,true,Flux Schnell,art,0.2151671200990677
ai_art_qwen_2512_art_07.png,true,Qwen 2512,art,0.40298932790756226
ai_art_seedream_v3_art_08.png,true,Seedream,art,0.9997110962867737
ai_art_seedream_v3_art_09.png,true,Seedream,art,0.09016379714012146
ai_art_z_image_art_01.png,true,Z,art,0.14901678264141083
ai_art_flux_schnell_art_05.png,true,Flux Schnell,art,0.5351821184158325
ai_art_wan_v2.6_art_04.png,true,Wan v2.6,art,0.2864064872264862
ai_art_qwen_2512_art_06.png,true,Qwen 2512,art,0.9860703349113464
ai_art_wan_v2.6_art_10.png,true,Wan v2.6,art,0.3965349495410919
ai_art_qwen_2512_art_04.png,true,Qwen 2512,art,0.9200626015663147
ai_art_wan_v2.6_art_06.png,true,Wan v2.6,art,0.030191102996468544
ai_art_flux_schnell_art_07.png,true,Flux Schnell,art,0.012959231622517109
ai_art_qwen_2512_art_10.png,true,Qwen 2512,art,0.20863385498523712
ai_art_z_image_art_03.png,true,Z,art,7.018268661340699e-05
ai_art_z_image_art_02.png,true,Z,art,0.004725297912955284
ai_art_qwen_2512_art_05.png,true,Qwen 2512,art,0.8548747301101685
ai_art_flux_schnell_art_06.png,true,Flux Schnell,art,0.3100499212741852
ai_art_wan_v2.6_art_07.png,true,Wan v2.6,art,0.9888483285903931
ai_portrait_seedream_v3_portrait_10.png,true,Seedream,portrait,0.882286787033081
ai_portrait_seedream_v3_portrait_04.png,true,Seedream,portrait,1.0852847481146455e-05
ai_portrait_recraft_v3_portrait_05.png,true,Recraft v3,portrait,0.0029529316816478968
ai_portrait_flux_pro_v1.1_portrait_09.png,true,Flux Pro v1.1,portrait,0.024900728836655617
ai_portrait_flux_pro_v1.1_portrait_08.png,true,Flux Pro v1.1,portrait,0.00043214097968302667
ai_portrait_wan_v2.6_portrait_01.png,true,Wan v2.6,portrait,0.0006208437844179571
ai_portrait_recraft_v3_portrait_04.png,true,Recraft v3,portrait,0.00034120542113669217
ai_portrait_recraft_v3_portrait_10.png,true,Recraft v3,portrait,0.11288226395845413
ai_portrait_seedream_v3_portrait_05.png,true,Seedream,portrait,0.011383196339011192
ai_portrait_seedream_v4_portrait_01.png,true,Seedream,portrait,1.6532841982552782e-05
ai_portrait_seedream_v4_portrait_03.png,true,Seedream,portrait,5.3806583309778944e-05
ai_portrait_seedream_v3_portrait_07.png,true,Seedream,portrait,0.002266458235681057
ai_portrait_hunyuan_v3_portrait_09.png,true,Hunyuan v3,portrait,0.0004899643245153129
ai_portrait_recraft_v3_portrait_06.png,true,Recraft v3,portrait,0.00190184754319489
ai_portrait_wan_v2.6_portrait_03.png,true,Wan v2.6,portrait,0.00011615956464083865
ai_portrait_wan_v2.6_portrait_02.png,true,Wan v2.6,portrait,0.05363636836409569
ai_portrait_recraft_v3_portrait_07.png,true,Recraft v3,portrait,0.00017442237003706396
ai_portrait_hunyuan_v3_portrait_08.png,true,Hunyuan v3,portrait,1.7436367443224299e-06
ai_portrait_seedream_v3_portrait_06.png,true,Seedream,portrait,0.39335891604423523
ai_portrait_seedream_v4_portrait_02.png,true,Seedream,portrait,4.8512320063309744e-05
ai_portrait_seedream_v3_portrait_02.png,true,Seedream,portrait,2.1298014871717896e-06
ai_portrait_seedream_v4_portrait_06.png,true,Seedream,portrait,4.631455340131652e-06
ai_portrait_recraft_v3_portrait_03.png,true,Recraft v3,portrait,9.158669854514301e-05
ai_portrait_grok_aurora_portrait_09.png,true,Grok Aurora,portrait,1.583911944180727e-05
ai_portrait_qwen_2512_portrait_08.png,true,Qwen 2512,portrait,0.00018813741917256266
ai_portrait_wan_v2.6_portrait_06.png,true,Wan v2.6,portrait,0.0001640375703573227
ai_portrait_wan_v2.6_portrait_07.png,true,Wan v2.6,portrait,0.12237579375505447
ai_portrait_qwen_2512_portrait_09.png,true,Qwen 2512,portrait,1.8428369003231637e-05
ai_portrait_recraft_v3_portrait_02.png,true,Recraft v3,portrait,4.5222135668154806e-05
ai_portrait_grok_aurora_portrait_08.png,true,Grok Aurora,portrait,0.5718696117401123
ai_portrait_seedream_v4_portrait_07.png,true,Seedream,portrait,0.00025538451154716313
ai_portrait_seedream_v3_portrait_03.png,true,Seedream,portrait,0.00043796084355562925
ai_portrait_seedream_v3_portrait_01.png,true,Seedream,portrait,0.7284248471260071
ai_portrait_seedream_v4_portrait_05.png,true,Seedream,portrait,2.3656095436308533e-05
ai_portrait_wan_v2.6_portrait_05.png,true,Wan v2.6,portrait,3.4790136851370335e-05
ai_portrait_flux_schnell_portrait_08.png,true,Flux Schnell,portrait,0.0006109395762905478
ai_portrait_flux_schnell_portrait_09.png,true,Flux Schnell,portrait,0.19867801666259766
ai_portrait_wan_v2.6_portrait_10.png,true,Wan v2.6,portrait,0.0011710564140230417
ai_portrait_wan_v2.6_portrait_04.png,true,Wan v2.6,portrait,2.431709253869485e-05
ai_portrait_recraft_v3_portrait_01.png,true,Recraft v3,portrait,6.455983566411305e-06
ai_portrait_seedream_v4_portrait_04.png,true,Seedream,portrait,4.1475213947705925e-05
ai_portrait_seedream_v4_portrait_10.png,true,Seedream,portrait,1.6441695152025204e-06
ai_portrait_z_image_portrait_01.png,true,Z,portrait,0.9611047506332397
ai_portrait_ideogram_v3_portrait_01.png,true,Ideogram v3,portrait,0.02015545777976513
ai_portrait_leonardo_phoenix_portrait_07.png,true,Leonardo Phoenix,portrait,0.7123151421546936
ai_portrait_sd_3.5_large_portrait_05.png,true,Sd,portrait,0.0005988982156850398
ai_portrait_gpt_image_1.5_portrait_01.png,true,Gpt,portrait,0.002039270242676139
ai_portrait_flux_2_flex_portrait_03.png,true,Flux,portrait,0.9999548196792603
ai_portrait_gemini_3_pro_portrait_10.png,true,Gemini 3 Pro,portrait,6.50939327897504e-05
ai_portrait_gemini_3_pro_portrait_04.png,true,Gemini 3 Pro,portrait,5.017169769416796e-06
ai_portrait_gemini_3_pro_portrait_05.png,true,Gemini 3 Pro,portrait,1.0000819202105049e-05
ai_portrait_flux_2_flex_portrait_02.png,true,Flux,portrait,0.06032581627368927
ai_portrait_sd_3.5_large_portrait_04.png,true,Sd,portrait,0.017390113323926926
ai_portrait_leonardo_phoenix_portrait_06.png,true,Leonardo Phoenix,portrait,0.9920110106468201
ai_portrait_sd_3.5_large_portrait_10.png,true,Sd,portrait,0.00010684965673135594
ai_portrait_glm_image_portrait_01.png,true,GLM Image,portrait,0.03563255816698074
ai_portrait_z_image_portrait_02.png,true,Z,portrait,0.6927185654640198
ai_portrait_glm_image_portrait_03.png,true,GLM Image,portrait,0.002918865066021681
ai_portrait_ideogram_v3_portrait_02.png,true,Ideogram v3,portrait,0.0003573230351321399
ai_portrait_leonardo_phoenix_portrait_10.png,true,Leonardo Phoenix,portrait,0.9999992847442627
ai_portrait_sd_3.5_large_portrait_06.png,true,Sd,portrait,0.19620004296302795
ai_portrait_leonardo_phoenix_portrait_04.png,true,Leonardo Phoenix,portrait,0.7783224582672119
ai_portrait_gpt_image_1.5_portrait_02.png,true,Gpt,portrait,4.809190613741521e-06
ai_portrait_gemini_3_pro_portrait_07.png,true,Gemini 3 Pro,portrait,0.0031765971798449755
ai_portrait_gemini_3_pro_portrait_06.png,true,Gemini 3 Pro,portrait,5.831033195136115e-05
ai_portrait_flux_2_flex_portrait_01.png,true,Flux,portrait,0.6723344922065735
ai_portrait_gpt_image_1.5_portrait_03.png,true,Gpt,portrait,0.08928441256284714
ai_portrait_leonardo_phoenix_portrait_05.png,true,Leonardo Phoenix,portrait,0.9980510473251343
ai_portrait_sd_3.5_large_portrait_07.png,true,Sd,portrait,0.0008862877148203552
ai_portrait_ideogram_v3_portrait_03.png,true,Ideogram v3,portrait,2.0113788195885718e-05
ai_portrait_glm_image_portrait_02.png,true,GLM Image,portrait,0.00032688482315279543
ai_portrait_z_image_portrait_03.png,true,Z,portrait,0.9989726543426514
ai_portrait_z_image_portrait_07.png,true,Z,portrait,0.03634458780288696
ai_portrait_glm_image_portrait_06.png,true,GLM Image,portrait,0.348794162273407
ai_portrait_ideogram_v3_portrait_07.png,true,Ideogram v3,portrait,0.0008333859732374549
ai_portrait_gpt_image_1.5_portrait_07.png,true,Gpt,portrait,0.0015795646468177438
ai_portrait_sd_3.5_large_portrait_03.png,true,Sd,portrait,8.891670586308464e-05
ai_portrait_leonardo_phoenix_portrait_01.png,true,Leonardo Phoenix,portrait,0.000870766001753509
ai_portrait_gemini_3_pro_portrait_02.png,true,Gemini 3 Pro,portrait,5.409598452388309e-05
ai_portrait_flux_2_flex_portrait_05.png,true,Flux,portrait,0.0029116799123585224
ai_portrait_flux_2_flex_portrait_10.png,true,Flux,portrait,0.99227374792099
ai_portrait_flux_2_flex_portrait_04.png,true,Flux,portrait,0.0010803650366142392
ai_portrait_gemini_3_pro_portrait_03.png,true,Gemini 3 Pro,portrait,0.0024153017438948154
ai_portrait_sd_3.5_large_portrait_02.png,true,Sd,portrait,0.10269245505332947
ai_portrait_gpt_image_1.5_portrait_06.png,true,Gpt,portrait,9.264321306545753e-06
ai_portrait_ideogram_v3_portrait_06.png,true,Ideogram v3,portrait,0.011113541200757027
ai_portrait_glm_image_portrait_07.png,true,GLM Image,portrait,0.9808412790298462
ai_portrait_z_image_portrait_06.png,true,Z,portrait,0.9434846639633179
ai_portrait_z_image_portrait_10.png,true,Z,portrait,0.0077918460592627525
ai_portrait_z_image_portrait_04.png,true,Z,portrait,0.05580209940671921
ai_portrait_glm_image_portrait_05.png,true,GLM Image,portrait,0.0036613906268030405
ai_portrait_ideogram_v3_portrait_10.png,true,Ideogram v3,portrait,0.003952158614993095
ai_portrait_ideogram_v3_portrait_04.png,true,Ideogram v3,portrait,0.0012581138871610165
ai_portrait_gpt_image_1.5_portrait_10.png,true,Gpt,portrait,0.010003559291362762
ai_portrait_gpt_image_1.5_portrait_04.png,true,Gpt,portrait,3.196833131369203e-05
ai_portrait_leonardo_phoenix_portrait_02.png,true,Leonardo Phoenix,portrait,0.0192117840051651
ai_portrait_gemini_3_pro_portrait_01.png,true,Gemini 3 Pro,portrait,2.763061274890788e-06
ai_portrait_flux_2_flex_portrait_06.png,true,Flux,portrait,0.9999779462814331
ai_portrait_flux_2_flex_portrait_07.png,true,Flux,portrait,0.9606996178627014
ai_portrait_sd_3.5_large_portrait_01.png,true,Sd,portrait,0.07875977456569672
ai_portrait_leonardo_phoenix_portrait_03.png,true,Leonardo Phoenix,portrait,0.009104491211473942
ai_portrait_gpt_image_1.5_portrait_05.png,true,Gpt,portrait,0.0026637765113264322
ai_portrait_ideogram_v3_portrait_05.png,true,Ideogram v3,portrait,9.535069693811238e-05
ai_portrait_glm_image_portrait_10.png,true,GLM Image,portrait,0.6279636025428772
ai_portrait_glm_image_portrait_04.png,true,GLM Image,portrait,0.156948983669281
ai_portrait_z_image_portrait_05.png,true,Z,portrait,7.071941217873245e-05
ai_portrait_z_image_portrait_08.png,true,Z,portrait,0.9691480398178101
ai_portrait_glm_image_portrait_09.png,true,GLM Image,portrait,0.02777908183634281
ai_portrait_ideogram_v3_portrait_08.png,true,Ideogram v3,portrait,7.75489752413705e-05
ai_portrait_gpt_image_1.5_portrait_08.png,true,Gpt,portrait,3.347816800669534e-06
ai_portrait_gpt_image_1.5_portrait_09.png,true,Gpt,portrait,2.0075229258509353e-05
ai_portrait_ideogram_v3_portrait_09.png,true,Ideogram v3,portrait,5.420374873210676e-05
ai_portrait_glm_image_portrait_08.png,true,GLM Image,portrait,0.0006882990710437298
ai_portrait_z_image_portrait_09.png,true,Z,portrait,0.02825532667338848
ai_portrait_flux_2_flex_portrait_09.png,true,Flux,portrait,0.007951644249260426
ai_portrait_flux_2_flex_portrait_08.png,true,Flux,portrait,0.00045789629803039134
ai_portrait_leonardo_phoenix_portrait_08.png,true,Leonardo Phoenix,portrait,0.0004880375927314162
ai_portrait_leonardo_phoenix_portrait_09.png,true,Leonardo Phoenix,portrait,0.021459994837641716
ai_portrait_sd_3.5_large_portrait_09.png,true,Sd,portrait,4.297304712963523e-06
ai_portrait_gemini_3_pro_portrait_08.png,true,Gemini 3 Pro,portrait,1.5505565897910856e-05
ai_portrait_gemini_3_pro_portrait_09.png,true,Gemini 3 Pro,portrait,2.6455272745806724e-05
ai_portrait_sd_3.5_large_portrait_08.png,true,Sd,portrait,0.05109519511461258
ai_portrait_seedream_v4_portrait_09.png,true,Seedream,portrait,9.807509195525199e-05
ai_portrait_hunyuan_v3_portrait_03.png,true,Hunyuan v3,portrait,8.517688911524601e-06
ai_portrait_grok_aurora_portrait_06.png,true,Grok Aurora,portrait,0.0008690543472766876
ai_portrait_qwen_2512_portrait_07.png,true,Qwen 2512,portrait,0.05850124731659889
ai_portrait_wan_v2.6_portrait_09.png,true,Wan v2.6,portrait,0.9909530878067017
ai_portrait_flux_schnell_portrait_04.png,true,Flux Schnell,portrait,0.37534093856811523
ai_portrait_flux_schnell_portrait_10.png,true,Flux Schnell,portrait,0.4887469410896301
ai_portrait_flux_pro_v1.1_portrait_01.png,true,Flux Pro v1.1,portrait,3.015886977664195e-05
ai_portrait_flux_schnell_portrait_05.png,true,Flux Schnell,portrait,0.008867481723427773
ai_portrait_wan_v2.6_portrait_08.png,true,Wan v2.6,portrait,0.0002747316611930728
ai_portrait_qwen_2512_portrait_06.png,true,Qwen 2512,portrait,0.03371680900454521
ai_portrait_grok_aurora_portrait_07.png,true,Grok Aurora,portrait,0.0056035337038338184
ai_portrait_hunyuan_v3_portrait_02.png,true,Hunyuan v3,portrait,0.0006247804849408567
ai_portrait_seedream_v4_portrait_08.png,true,Seedream,portrait,2.5651501346146688e-05
ai_portrait_grok_aurora_portrait_05.png,true,Grok Aurora,portrait,0.00011072039342252538
ai_portrait_qwen_2512_portrait_04.png,true,Qwen 2512,portrait,4.1685452742967755e-05
ai_portrait_qwen_2512_portrait_10.png,true,Qwen 2512,portrait,0.0008943582070060074
ai_portrait_flux_schnell_portrait_07.png,true,Flux Schnell,portrait,0.5767504572868347
ai_portrait_flux_pro_v1.1_portrait_03.png,true,Flux Pro v1.1,portrait,5.9114605392096564e-05
ai_portrait_flux_pro_v1.1_portrait_02.png,true,Flux Pro v1.1,portrait,0.7181000709533691
ai_portrait_flux_schnell_portrait_06.png,true,Flux Schnell,portrait,0.999222993850708
ai_portrait_qwen_2512_portrait_05.png,true,Qwen 2512,portrait,0.00011462461407063529
ai_portrait_grok_aurora_portrait_04.png,true,Grok Aurora,portrait,5.378503192332573e-05
ai_portrait_grok_aurora_portrait_10.png,true,Grok Aurora,portrait,0.9951158761978149
ai_portrait_hunyuan_v3_portrait_01.png,true,Hunyuan v3,portrait,0.46922191977500916
ai_portrait_hunyuan_v3_portrait_05.png,true,Hunyuan v3,portrait,2.9424547392409295e-05
ai_portrait_qwen_2512_portrait_01.png,true,Qwen 2512,portrait,0.04499517008662224
ai_portrait_flux_schnell_portrait_02.png,true,Flux Schnell,portrait,0.004410856403410435
ai_portrait_flux_pro_v1.1_portrait_06.png,true,Flux Pro v1.1,portrait,0.08300633728504181
ai_portrait_flux_pro_v1.1_portrait_07.png,true,Flux Pro v1.1,portrait,0.0009771488839760423
ai_portrait_flux_schnell_portrait_03.png,true,Flux Schnell,portrait,0.6430169939994812
ai_portrait_grok_aurora_portrait_01.png,true,Grok Aurora,portrait,4.6992925490485504e-05
ai_portrait_hunyuan_v3_portrait_10.png,true,Hunyuan v3,portrait,2.1019546693423763e-05
ai_portrait_hunyuan_v3_portrait_04.png,true,Hunyuan v3,portrait,0.0003396992105990648
ai_portrait_seedream_v3_portrait_08.png,true,Seedream,portrait,4.053361408296041e-05
ai_portrait_hunyuan_v3_portrait_06.png,true,Hunyuan v3,portrait,2.149517422367353e-05
ai_portrait_recraft_v3_portrait_09.png,true,Recraft v3,portrait,3.6126200484432047e-06
ai_portrait_grok_aurora_portrait_03.png,true,Grok Aurora,portrait,0.00019815642735920846
ai_portrait_qwen_2512_portrait_02.png,true,Qwen 2512,portrait,0.00982764270156622
ai_portrait_flux_schnell_portrait_01.png,true,Flux Schnell,portrait,0.972979724407196
ai_portrait_flux_pro_v1.1_portrait_05.png,true,Flux Pro v1.1,portrait,0.003543446073308587
ai_portrait_flux_pro_v1.1_portrait_10.png,true,Flux Pro v1.1,portrait,0.6161096692085266
ai_portrait_flux_pro_v1.1_portrait_04.png,true,Flux Pro v1.1,portrait,7.190056930994615e-05
ai_portrait_qwen_2512_portrait_03.png,true,Qwen 2512,portrait,0.000536044652108103
ai_portrait_recraft_v3_portrait_08.png,true,Recraft v3,portrait,0.00029176229145377874
ai_portrait_grok_aurora_portrait_02.png,true,Grok Aurora,portrait,0.22919848561286926
ai_portrait_hunyuan_v3_portrait_07.png,true,Hunyuan v3,portrait,1.6157413483597338e-05
ai_portrait_seedream_v3_portrait_09.png,true,Seedream,portrait,0.00017884300905279815
ai_product_flux_pro_v1.1_product_03.png,true,Flux Pro v1.1,product,5.9110670918016694e-06
ai_product_flux_2_flex_product_03.png,true,Flux,product,0.10287100821733475
ai_product_gpt_image_1.5_product_03.png,true,Gpt,product,2.39557925851841e-06
ai_product_gpt_image_1.5_product_02.png,true,Gpt,product,0.036865606904029846
ai_product_flux_2_flex_product_02.png,true,Flux,product,0.00016362500900868326
ai_product_flux_pro_v1.1_product_02.png,true,Flux Pro v1.1,product,0.006105369422584772
ai_product_grok_aurora_product_01.png,true,Grok Aurora,product,1.3299056263349485e-05
ai_product_glm_image_product_08.png,true,GLM Image,product,7.247578196256654e-06
ai_product_grok_aurora_product_03.png,true,Grok Aurora,product,1.1864945918205194e-05
ai_product_hunyuan_v3_product_09.png,true,Hunyuan v3,product,1.1854664990096353e-05
ai_product_gpt_image_1.5_product_01.png,true,Gpt,product,0.004149428568780422
ai_product_hunyuan_v3_product_08.png,true,Hunyuan v3,product,2.497982859495096e-05
ai_product_flux_2_flex_product_01.png,true,Flux,product,0.6675655841827393
ai_product_flux_pro_v1.1_product_01.png,true,Flux Pro v1.1,product,0.00017762687639333308
ai_product_grok_aurora_product_02.png,true,Grok Aurora,product,0.0008382037631236017
ai_product_glm_image_product_09.png,true,GLM Image,product,4.6087734517641366e-05
ai_product_grok_aurora_product_06.png,true,Grok Aurora,product,5.194791083340533e-05
ai_product_seedream_v4_product_08.png,true,Seedream,product,0.00102526368573308
ai_product_flux_pro_v1.1_product_05.png,true,Flux Pro v1.1,product,4.3805703171528876e-05
ai_product_flux_2_flex_product_05.png,true,Flux,product,3.466422640485689e-05
ai_product_gpt_image_1.5_product_05.png,true,Gpt,product,3.0650810458610067e-06
ai_product_gpt_image_1.5_product_10.png,true,Gpt,product,0.0006863097660243511
ai_product_gpt_image_1.5_product_04.png,true,Gpt,product,2.7664873414323665e-05
ai_product_flux_2_flex_product_04.png,true,Flux,product,0.0005532720824703574
ai_product_flux_2_flex_product_10.png,true,Flux,product,5.873671398148872e-07
ai_product_flux_pro_v1.1_product_10.png,true,Flux Pro v1.1,product,1.7893380572786555e-05
ai_product_flux_pro_v1.1_product_04.png,true,Flux Pro v1.1,product,6.496934656752273e-05
ai_product_seedream_v4_product_09.png,true,Seedream,product,1.9093531591352075e-06
ai_product_grok_aurora_product_07.png,true,Grok Aurora,product,0.0003218011115677655
ai_product_grok_aurora_product_05.png,true,Grok Aurora,product,0.020340289920568466
ai_product_flux_schnell_product_08.png,true,Flux Schnell,product,0.003894970752298832
ai_product_flux_pro_v1.1_product_06.png,true,Flux Pro v1.1,product,0.00011979638657066971
ai_product_seedream_v3_product_08.png,true,Seedream,product,4.39187278971076e-05
ai_product_flux_2_flex_product_06.png,true,Flux,product,7.747680683678482e-06
ai_product_gpt_image_1.5_product_06.png,true,Gpt,product,0.0003165038942825049
ai_product_gemini_3_pro_product_09.png,true,Gemini 3 Pro,product,1.1424983767938102e-06
ai_product_gemini_3_pro_product_08.png,true,Gemini 3 Pro,product,2.0216159555275226e-06
ai_product_gpt_image_1.5_product_07.png,true,Gpt,product,0.8894376754760742
ai_product_flux_2_flex_product_07.png,true,Flux,product,0.0003020473232027143
ai_product_seedream_v3_product_09.png,true,Seedream,product,1.0751961781352293e-05
ai_product_flux_pro_v1.1_product_07.png,true,Flux Pro v1.1,product,0.02965298295021057
ai_product_flux_schnell_product_09.png,true,Flux Schnell,product,3.245710104238242e-05
ai_product_grok_aurora_product_10.png,true,Grok Aurora,product,0.0026267124339938164
ai_product_grok_aurora_product_04.png,true,Grok Aurora,product,6.910929187142756e-06
ai_product_recraft_v3_product_06.png,true,Recraft v3,product,3.993906648247503e-05
ai_product_ideogram_v3_product_01.png,true,Ideogram v3,product,1.6027880747060408e-06
ai_product_recraft_v3_product_07.png,true,Recraft v3,product,0.00604166928678751
ai_product_recraft_v3_product_05.png,true,Recraft v3,product,1.1546344467205927e-05
ai_product_ideogram_v3_product_02.png,true,Ideogram v3,product,0.0004980419180355966
ai_product_z_image_product_08.png,true,Z,product,0.01343581173568964
ai_product_qwen_2512_product_09.png,true,Qwen 2512,product,5.412849350250326e-05
ai_product_qwen_2512_product_08.png,true,Qwen 2512,product,0.0007038782350718975
ai_product_z_image_product_09.png,true,Z,product,0.9800686836242676
ai_product_ideogram_v3_product_03.png,true,Ideogram v3,product,6.79681688779965e-05
ai_product_recraft_v3_product_04.png,true,Recraft v3,product,2.529632411096827e-06
ai_product_recraft_v3_product_10.png,true,Recraft v3,product,1.89050715562189e-05
ai_product_sd_3.5_large_product_09.png,true,Sd,product,1.4342714166559745e-05
ai_product_ideogram_v3_product_07.png,true,Ideogram v3,product,0.00015478298882953823
ai_product_wan_v2.6_product_08.png,true,Wan v2.6,product,0.05779142305254936
ai_product_leonardo_phoenix_product_09.png,true,Leonardo Phoenix,product,0.036316998302936554
ai_product_leonardo_phoenix_product_08.png,true,Leonardo Phoenix,product,0.9871979355812073
ai_product_wan_v2.6_product_09.png,true,Wan v2.6,product,0.026626449078321457
ai_product_ideogram_v3_product_06.png,true,Ideogram v3,product,0.008822860196232796
ai_product_sd_3.5_large_product_08.png,true,Sd,product,3.807009125011973e-05
ai_product_recraft_v3_product_01.png,true,Recraft v3,product,1.1757634638343006e-05
ai_product_recraft_v3_product_03.png,true,Recraft v3,product,1.1344661743351026e-06
ai_product_ideogram_v3_product_04.png,true,Ideogram v3,product,0.00013715322711504996
ai_product_ideogram_v3_product_10.png,true,Ideogram v3,product,1.4333224953588797e-06
ai_product_ideogram_v3_product_05.png,true,Ideogram v3,product,3.2015319106903917e-07
ai_product_recraft_v3_product_02.png,true,Recraft v3,product,4.157048897468485e-05
ai_product_z_image_product_02.png,true,Z,product,0.014690466225147247
ai_product_sd_3.5_large_product_06.png,true,Sd,product,0.000374412426026538
ai_product_ideogram_v3_product_08.png,true,Ideogram v3,product,0.0002511036873329431
ai_product_wan_v2.6_product_07.png,true,Wan v2.6,product,0.8603121638298035
ai_product_leonardo_phoenix_product_06.png,true,Leonardo Phoenix,product,0.1688242405653
ai_product_qwen_2512_product_03.png,true,Qwen 2512,product,0.00017460093658883125
ai_product_qwen_2512_product_02.png,true,Qwen 2512,product,0.853716254234314
ai_product_leonardo_phoenix_product_07.png,true,Leonardo Phoenix,product,0.9909557700157166
ai_product_wan_v2.6_product_06.png,true,Wan v2.6,product,0.0035729780793190002
ai_product_ideogram_v3_product_09.png,true,Ideogram v3,product,1.567631670695846e-06
ai_product_sd_3.5_large_product_07.png,true,Sd,product,7.35645289751119e-06
ai_product_z_image_product_03.png,true,Z,product,0.003033391898497939
ai_product_z_image_product_01.png,true,Z,product,1.3292778930917848e-06
ai_product_sd_3.5_large_product_05.png,true,Sd,product,2.7423541268944973e-06
ai_product_wan_v2.6_product_10.png,true,Wan v2.6,product,1.584486017236486e-05
ai_product_wan_v2.6_product_04.png,true,Wan v2.6,product,0.0003149891272187233
ai_product_leonardo_phoenix_product_05.png,true,Leonardo Phoenix,product,0.9999725818634033
ai_product_qwen_2512_product_01.png,true,Qwen 2512,product,0.02733292616903782
ai_product_leonardo_phoenix_product_04.png,true,Leonardo Phoenix,product,0.16773621737957
ai_product_leonardo_phoenix_product_10.png,true,Leonardo Phoenix,product,0.9985647797584534
ai_product_wan_v2.6_product_05.png,true,Wan v2.6,product,4.4695579504150373e-07
ai_product_sd_3.5_large_product_04.png,true,Sd,product,8.80428560776636e-05
ai_product_sd_3.5_large_product_10.png,true,Sd,product,8.676988159095345e-07
ai_product_recraft_v3_product_09.png,true,Recraft v3,product,1.2485396837291773e-05
ai_product_z_image_product_10.png,true,Z,product,0.8921987414360046
ai_product_z_image_product_04.png,true,Z,product,4.775097295350861e-06
ai_product_wan_v2.6_product_01.png,true,Wan v2.6,product,0.06334083527326584
ai_product_qwen_2512_product_05.png,true,Qwen 2512,product,1.4820589967712294e-05
ai_product_qwen_2512_product_04.png,true,Qwen 2512,product,3.6263099900679663e-06
ai_product_qwen_2512_product_10.png,true,Qwen 2512,product,0.00042623301851563156
ai_product_leonardo_phoenix_product_01.png,true,Leonardo Phoenix,product,0.6659260988235474
ai_product_z_image_product_05.png,true,Z,product,1.0281656614097301e-05
ai_product_sd_3.5_large_product_01.png,true,Sd,product,0.9798818826675415
ai_product_recraft_v3_product_08.png,true,Recraft v3,product,0.006078701000660658
ai_product_sd_3.5_large_product_03.png,true,Sd,product,6.044587735232199e-06
ai_product_z_image_product_07.png,true,Z,product,0.006130524445325136
ai_product_wan_v2.6_product_02.png,true,Wan v2.6,product,0.027715496718883514
ai_product_leonardo_phoenix_product_03.png,true,Leonardo Phoenix,product,0.004620634485036135
ai_product_qwen_2512_product_06.png,true,Qwen 2512,product,0.3343982398509979
ai_product_qwen_2512_product_07.png,true,Qwen 2512,product,0.00029091344913467765
ai_product_leonardo_phoenix_product_02.png,true,Leonardo Phoenix,product,0.9727715849876404
ai_product_wan_v2.6_product_03.png,true,Wan v2.6,product,0.12890148162841797
ai_product_z_image_product_06.png,true,Z,product,0.9939095973968506
ai_product_sd_3.5_large_product_02.png,true,Sd,product,9.151075209956616e-05
ai_product_glm_image_product_02.png,true,GLM Image,product,0.009512358345091343
ai_product_grok_aurora_product_09.png,true,Grok Aurora,product,1.0109868526342325e-05
ai_product_flux_schnell_product_10.png,true,Flux Schnell,product,0.3102441728115082
ai_product_seedream_v4_product_07.png,true,Seedream,product,0.00025789745268411934
ai_product_flux_schnell_product_04.png,true,Flux Schnell,product,3.48642470271443e-06
ai_product_seedream_v3_product_04.png,true,Seedream,product,5.70933934795903e-06
ai_product_seedream_v3_product_10.png,true,Seedream,product,2.1185967398196226e-06
ai_product_hunyuan_v3_product_03.png,true,Hunyuan v3,product,6.57752343613538e-06
ai_product_gemini_3_pro_product_05.png,true,Gemini 3 Pro,product,1.1073885843870812e-06
ai_product_gemini_3_pro_product_04.png,true,Gemini 3 Pro,product,1.7879212919069687e-06
ai_product_gemini_3_pro_product_10.png,true,Gemini 3 Pro,product,8.020202949410304e-05
ai_product_hunyuan_v3_product_02.png,true,Hunyuan v3,product,0.004155436530709267
ai_product_seedream_v3_product_05.png,true,Seedream,product,1.977687816179241e-06
ai_product_flux_schnell_product_05.png,true,Flux Schnell,product,0.00021110355737619102
ai_product_seedream_v4_product_06.png,true,Seedream,product,6.8898184508725535e-06
ai_product_grok_aurora_product_08.png,true,Grok Aurora,product,0.00445899274200201
ai_product_glm_image_product_03.png,true,GLM Image,product,0.0001767343346728012
ai_product_glm_image_product_01.png,true,GLM Image,product,1.7240034821952577e-06
ai_product_flux_schnell_product_07.png,true,Flux Schnell,product,9.544548811390996e-05
ai_product_seedream_v4_product_10.png,true,Seedream,product,1.8894064623964368e-06
ai_product_flux_pro_v1.1_product_09.png,true,Flux Pro v1.1,product,1.9457088455965277e-06
ai_product_seedream_v4_product_04.png,true,Seedream,product,2.6181105567957275e-06
ai_product_seedream_v3_product_07.png,true,Seedream,product,0.002765907673165202
ai_product_flux_2_flex_product_09.png,true,Flux,product,0.00011286710650892928
ai_product_gpt_image_1.5_product_09.png,true,Gpt,product,3.3932967653527157e-06
ai_product_gemini_3_pro_product_06.png,true,Gemini 3 Pro,product,0.04915517196059227
ai_product_gemini_3_pro_product_07.png,true,Gemini 3 Pro,product,0.0023326068185269833
ai_product_gpt_image_1.5_product_08.png,true,Gpt,product,0.0001340910093858838
ai_product_hunyuan_v3_product_01.png,true,Hunyuan v3,product,0.18237212300300598
ai_product_flux_2_flex_product_08.png,true,Flux,product,0.00900332722812891
ai_product_seedream_v3_product_06.png,true,Seedream,product,0.0013287555193528533
ai_product_seedream_v4_product_05.png,true,Seedream,product,5.198486405788572e-07
ai_product_flux_pro_v1.1_product_08.png,true,Flux Pro v1.1,product,0.0026820297352969646
ai_product_flux_schnell_product_06.png,true,Flux Schnell,product,0.00015571560652460903
ai_product_glm_image_product_10.png,true,GLM Image,product,0.0003687801363412291
ai_product_glm_image_product_04.png,true,GLM Image,product,2.4549166482756846e-05
ai_product_flux_schnell_product_02.png,true,Flux Schnell,product,5.264815627015196e-05
ai_product_seedream_v4_product_01.png,true,Seedream,product,0.35369211435317993
ai_product_seedream_v3_product_02.png,true,Seedream,product,6.046891212463379e-05
ai_product_hunyuan_v3_product_05.png,true,Hunyuan v3,product,1.1277747944404837e-06
ai_product_gemini_3_pro_product_03.png,true,Gemini 3 Pro,product,6.20454272848292e-07
ai_product_gemini_3_pro_product_02.png,true,Gemini 3 Pro,product,6.935576675459743e-05
ai_product_hunyuan_v3_product_10.png,true,Hunyuan v3,product,6.276410999817017e-07
ai_product_hunyuan_v3_product_04.png,true,Hunyuan v3,product,4.46686181021505e-06
ai_product_seedream_v3_product_03.png,true,Seedream,product,5.868318567081587e-06
ai_product_flux_schnell_product_03.png,true,Flux Schnell,product,9.779669198906049e-05
ai_product_glm_image_product_05.png,true,GLM Image,product,2.9813629225827754e-05
ai_product_glm_image_product_07.png,true,GLM Image,product,0.018904265016317368
ai_product_seedream_v4_product_02.png,true,Seedream,product,6.242019480851013e-06
ai_product_flux_schnell_product_01.png,true,Flux Schnell,product,0.00022458331659436226
ai_product_seedream_v3_product_01.png,true,Seedream,product,2.5882925456244266e-06
ai_product_hunyuan_v3_product_06.png,true,Hunyuan v3,product,0.0009473893442191184
ai_product_gemini_3_pro_product_01.png,true,Gemini 3 Pro,product,3.7311838241294026e-07
ai_product_hunyuan_v3_product_07.png,true,Hunyuan v3,product,0.00017001140804495662
ai_product_seedream_v4_product_03.png,true,Seedream,product,7.2645520958758425e-06
ai_product_glm_image_product_06.png,true,GLM Image,product,0.0012164366198703647
ai_food_seedream_v3_food_02.png,true,Seedream,food,0.009574295952916145
ai_food_gemini_3_pro_food_04.png,true,Gemini 3 Pro,food,1.9112269001198e-05
ai_food_gemini_3_pro_food_10.png,true,Gemini 3 Pro,food,5.899517418583855e-06
ai_food_flux_schnell_food_03.png,true,Flux Schnell,food,6.454235517594498e-06
ai_food_glm_image_food_08.png,true,GLM Image,food,0.00012662939843721688
ai_food_leonardo_phoenix_food_05.png,true,Leonardo Phoenix,food,0.9839146137237549
ai_food_gpt_image_1.5_food_01.png,true,Gpt,food,4.530233854893595e-05
ai_food_flux_pro_v1.1_food_05.png,true,Flux Pro v1.1,food,4.154808266321197e-06
ai_food_flux_pro_v1.1_food_04.png,true,Flux Pro v1.1,food,2.794810825434979e-05
ai_food_flux_pro_v1.1_food_10.png,true,Flux Pro v1.1,food,1.2184435036033392e-05
ai_food_leonardo_phoenix_food_04.png,true,Leonardo Phoenix,food,0.019380826503038406
ai_food_glm_image_food_09.png,true,GLM Image,food,1.4876624845783226e-05
ai_food_leonardo_phoenix_food_10.png,true,Leonardo Phoenix,food,0.034531448036432266
ai_food_flux_schnell_food_02.png,true,Flux Schnell,food,0.012072878889739513
ai_food_gemini_3_pro_food_05.png,true,Gemini 3 Pro,food,4.682774942921242e-06
ai_food_seedream_v3_food_03.png,true,Seedream,food,8.032098776311614e-06
ai_food_seedream_v3_food_01.png,true,Seedream,food,9.107789810514078e-05
ai_food_gemini_3_pro_food_07.png,true,Gemini 3 Pro,food,0.0003899068688042462
ai_food_leonardo_phoenix_food_06.png,true,Leonardo Phoenix,food,0.01248444989323616
ai_food_gpt_image_1.5_food_02.png,true,Gpt,food,2.6514806449995376e-05
ai_food_flux_pro_v1.1_food_06.png,true,Flux Pro v1.1,food,0.26268818974494934
ai_food_flux_pro_v1.1_food_07.png,true,Flux Pro v1.1,food,0.021641146391630173
ai_food_gpt_image_1.5_food_03.png,true,Gpt,food,1.2036524822178762e-05
ai_food_leonardo_phoenix_food_07.png,true,Leonardo Phoenix,food,0.998156726360321
ai_food_flux_schnell_food_01.png,true,Flux Schnell,food,0.00010661170381354168
ai_food_gemini_3_pro_food_06.png,true,Gemini 3 Pro,food,6.17538535152562e-06
ai_food_seedream_v3_food_10.png,true,Seedream,food,1.609563014426385e-06
ai_food_seedream_v3_food_04.png,true,Seedream,food,3.375154483364895e-05
ai_food_seedream_v4_food_08.png,true,Seedream,food,1.5189113582891878e-05
ai_food_gemini_3_pro_food_02.png,true,Gemini 3 Pro,food,5.542382859857753e-05
ai_food_flux_schnell_food_05.png,true,Flux Schnell,food,0.002718487521633506
ai_food_leonardo_phoenix_food_03.png,true,Leonardo Phoenix,food,0.0038929011207073927
ai_food_gpt_image_1.5_food_07.png,true,Gpt,food,0.0012166335945948958
ai_food_flux_pro_v1.1_food_03.png,true,Flux Pro v1.1,food,0.00016226009756792337
ai_food_flux_pro_v1.1_food_02.png,true,Flux Pro v1.1,food,0.0007406312506645918
ai_food_gpt_image_1.5_food_06.png,true,Gpt,food,0.001993171637877822
ai_food_leonardo_phoenix_food_02.png,true,Leonardo Phoenix,food,0.00010170371388085186
ai_food_flux_schnell_food_04.png,true,Flux Schnell,food,1.834516297094524e-06
ai_food_flux_schnell_food_10.png,true,Flux Schnell,food,2.630599510666798e-06
ai_food_gemini_3_pro_food_03.png,true,Gemini 3 Pro,food,1.4992295973570435e-06
ai_food_seedream_v4_food_09.png,true,Seedream,food,2.9203478334238753e-05
ai_food_seedream_v3_food_05.png,true,Seedream,food,2.4272526388813276e-06
ai_food_seedream_v3_food_07.png,true,Seedream,food,3.745534559129737e-05
ai_food_ideogram_v3_food_09.png,true,Ideogram v3,food,5.160062301001744e-06
ai_food_gemini_3_pro_food_01.png,true,Gemini 3 Pro,food,1.9088361113972496e-06
ai_food_flux_schnell_food_06.png,true,Flux Schnell,food,0.30471372604370117
ai_food_gpt_image_1.5_food_04.png,true,Gpt,food,6.506296631414443e-05
ai_food_grok_aurora_food_09.png,true,Grok Aurora,food,3.588928666431457e-05
ai_food_gpt_image_1.5_food_10.png,true,Gpt,food,2.1057247067801654e-05
ai_food_flux_pro_v1.1_food_01.png,true,Flux Pro v1.1,food,3.492935866233893e-05
ai_food_grok_aurora_food_08.png,true,Grok Aurora,food,0.00127967179287225
ai_food_gpt_image_1.5_food_05.png,true,Gpt,food,4.8086949391290545e-06
ai_food_leonardo_phoenix_food_01.png,true,Leonardo Phoenix,food,0.8040564656257629
ai_food_flux_schnell_food_07.png,true,Flux Schnell,food,0.0008823679527267814
ai_food_ideogram_v3_food_08.png,true,Ideogram v3,food,0.00030576667631976306
ai_food_seedream_v3_food_06.png,true,Seedream,food,2.1419666154542938e-05
ai_food_sd_3.5_large_food_01.png,true,Sd,food,1.4207085769157857e-05
ai_food_flux_2_flex_food_06.png,true,Flux,food,2.5583462047507055e-05
ai_food_hunyuan_v3_food_08.png,true,Hunyuan v3,food,1.4220125194697175e-05
ai_food_hunyuan_v3_food_09.png,true,Hunyuan v3,food,2.9563099815277383e-05
ai_food_flux_2_flex_food_07.png,true,Flux,food,0.9961552023887634
ai_food_sd_3.5_large_food_02.png,true,Sd,food,0.023792779073119164
ai_food_flux_2_flex_food_05.png,true,Flux,food,3.305385689600371e-06
ai_food_qwen_2512_food_08.png,true,Qwen 2512,food,5.40642349733389e-06
ai_food_z_image_food_09.png,true,Z,food,0.009388398379087448
ai_food_z_image_food_08.png,true,Z,food,0.00012291087477933615
ai_food_flux_2_flex_food_10.png,true,Flux,food,0.00469198590144515
ai_food_flux_2_flex_food_04.png,true,Flux,food,0.1455705761909485
ai_food_qwen_2512_food_09.png,true,Qwen 2512,food,0.0017384464154019952
ai_food_sd_3.5_large_food_03.png,true,Sd,food,5.053270342614269e-06
ai_food_sd_3.5_large_food_07.png,true,Sd,food,0.0022733069490641356
ai_food_wan_v2.6_food_08.png,true,Wan v2.6,food,0.00032394102890975773
ai_food_wan_v2.6_food_09.png,true,Wan v2.6,food,0.001581522636115551
ai_food_flux_2_flex_food_01.png,true,Flux,food,0.00350128673017025
ai_food_sd_3.5_large_food_06.png,true,Sd,food,0.0037422263994812965
ai_food_sd_3.5_large_food_10.png,true,Sd,food,8.907416486181319e-06
ai_food_sd_3.5_large_food_04.png,true,Sd,food,3.6627873214456486e-06
ai_food_recraft_v3_food_09.png,true,Recraft v3,food,4.103990795556456e-05
ai_food_flux_2_flex_food_03.png,true,Flux,food,9.598893666407093e-05
ai_food_flux_2_flex_food_02.png,true,Flux,food,0.995919942855835
ai_food_sd_3.5_large_food_05.png,true,Sd,food,7.964558608364314e-05
ai_food_recraft_v3_food_08.png,true,Recraft v3,food,0.000352692004526034
ai_food_sd_3.5_large_food_08.png,true,Sd,food,3.580447582862689e-06
ai_food_recraft_v3_food_05.png,true,Recraft v3,food,0.0024074441753327847
ai_food_qwen_2512_food_02.png,true,Qwen 2512,food,0.1860506385564804
ai_food_wan_v2.6_food_07.png,true,Wan v2.6,food,0.00022128385899122804
ai_food_hunyuan_v3_food_01.png,true,Hunyuan v3,food,1.9675328076118603e-05
ai_food_z_image_food_03.png,true,Z,food,1.3821176253259182e-05
ai_food_z_image_food_02.png,true,Z,food,7.738741260254756e-05
ai_food_wan_v2.6_food_06.png,true,Wan v2.6,food,0.0008946169400587678
ai_food_qwen_2512_food_03.png,true,Qwen 2512,food,6.070531526347622e-06
ai_food_recraft_v3_food_10.png,true,Recraft v3,food,3.495531564112753e-05
ai_food_sd_3.5_large_food_09.png,true,Sd,food,5.346302714315243e-05
ai_food_recraft_v3_food_04.png,true,Recraft v3,food,6.093628144299146e-06
ai_food_recraft_v3_food_06.png,true,Recraft v3,food,2.5427405489608645e-05
ai_food_qwen_2512_food_01.png,true,Qwen 2512,food,0.008397366851568222
ai_food_wan_v2.6_food_04.png,true,Wan v2.6,food,0.0010181089164689183
ai_food_wan_v2.6_food_10.png,true,Wan v2.6,food,2.8937413389940048e-06
ai_food_hunyuan_v3_food_02.png,true,Hunyuan v3,food,7.407259090541629e-06
ai_food_z_image_food_01.png,true,Z,food,3.368438001416507e-06
ai_food_hunyuan_v3_food_03.png,true,Hunyuan v3,food,3.0162980237946613e-06
ai_food_wan_v2.6_food_05.png,true,Wan v2.6,food,1.5178602552623488e-05
ai_food_recraft_v3_food_07.png,true,Recraft v3,food,6.015603503328748e-05
ai_food_recraft_v3_food_03.png,true,Recraft v3,food,1.2058388165314682e-05
ai_food_wan_v2.6_food_01.png,true,Wan v2.6,food,4.924523182125995e-06
ai_food_qwen_2512_food_10.png,true,Qwen 2512,food,6.164999376778724e-06
ai_food_flux_2_flex_food_09.png,true,Flux,food,2.873477751563769e-05
ai_food_qwen_2512_food_04.png,true,Qwen 2512,food,4.12993467762135e-05
ai_food_hunyuan_v3_food_07.png,true,Hunyuan v3,food,2.2587471903534606e-05
ai_food_z_image_food_05.png,true,Z,food,3.177164444423397e-06
ai_food_z_image_food_04.png,true,Z,food,6.281756213866174e-06
ai_food_hunyuan_v3_food_06.png,true,Hunyuan v3,food,2.5743031073943712e-05
ai_food_z_image_food_10.png,true,Z,food,8.319798325828742e-06
ai_food_flux_2_flex_food_08.png,true,Flux,food,0.00047545734560117126
ai_food_qwen_2512_food_05.png,true,Qwen 2512,food,1.2438807971193455e-05
ai_food_recraft_v3_food_02.png,true,Recraft v3,food,0.0003306680591776967
ai_food_wan_v2.6_food_02.png,true,Wan v2.6,food,0.008208295330405235
ai_food_qwen_2512_food_07.png,true,Qwen 2512,food,0.5581156611442566
ai_food_hunyuan_v3_food_04.png,true,Hunyuan v3,food,3.966633812524378e-06
ai_food_z_image_food_06.png,true,Z,food,0.008228233084082603
ai_food_hunyuan_v3_food_10.png,true,Hunyuan v3,food,5.022384357289411e-07
ai_food_z_image_food_07.png,true,Z,food,0.0012075991835445166
ai_food_hunyuan_v3_food_05.png,true,Hunyuan v3,food,7.574153642053716e-07
ai_food_qwen_2512_food_06.png,true,Qwen 2512,food,0.545568585395813
ai_food_wan_v2.6_food_03.png,true,Wan v2.6,food,1.6395222701248713e-05
ai_food_recraft_v3_food_01.png,true,Recraft v3,food,1.817009615479037e-05
ai_food_ideogram_v3_food_05.png,true,Ideogram v3,food,0.00022835224808659405
ai_food_seedream_v4_food_07.png,true,Seedream,food,9.481176675762981e-05
ai_food_glm_image_food_01.png,true,GLM Image,food,0.000136587317683734
ai_food_grok_aurora_food_05.png,true,Grok Aurora,food,3.1160547223407775e-05
ai_food_gpt_image_1.5_food_08.png,true,Gpt,food,0.0002084102015942335
ai_food_gpt_image_1.5_food_09.png,true,Gpt,food,4.7521178203169256e-05
ai_food_grok_aurora_food_04.png,true,Grok Aurora,food,1.238974800799042e-05
ai_food_grok_aurora_food_10.png,true,Grok Aurora,food,1.547253668832127e-05
ai_food_seedream_v4_food_06.png,true,Seedream,food,0.00024006792227737606
ai_food_ideogram_v3_food_10.png,true,Ideogram v3,food,3.3249018542846898e-06
ai_food_ideogram_v3_food_04.png,true,Ideogram v3,food,9.983040217775851e-05
ai_food_seedream_v3_food_08.png,true,Seedream,food,9.383801625517663e-06
ai_food_seedream_v4_food_04.png,true,Seedream,food,5.506770776264602e-06
ai_food_seedream_v4_food_10.png,true,Seedream,food,3.471963907486497e-07
ai_food_ideogram_v3_food_06.png,true,Ideogram v3,food,8.215793059207499e-05
ai_food_flux_schnell_food_09.png,true,Flux Schnell,food,5.8518603509583045e-06
ai_food_glm_image_food_02.png,true,GLM Image,food,9.517165744910017e-05
ai_food_grok_aurora_food_06.png,true,Grok Aurora,food,4.98338631587103e-05
ai_food_grok_aurora_food_07.png,true,Grok Aurora,food,0.0013604213017970324
ai_food_glm_image_food_03.png,true,GLM Image,food,7.307270607270766e-06
ai_food_flux_schnell_food_08.png,true,Flux Schnell,food,0.00026969274040311575
ai_food_ideogram_v3_food_07.png,true,Ideogram v3,food,9.296055941376835e-05
ai_food_seedream_v4_food_05.png,true,Seedream,food,1.8609158587423735e-06
ai_food_seedream_v3_food_09.png,true,Seedream,food,3.3377848467353033e-06
ai_food_seedream_v4_food_01.png,true,Seedream,food,1.1114864264527569e-06
ai_food_ideogram_v3_food_03.png,true,Ideogram v3,food,7.637539965799078e-05
ai_food_glm_image_food_07.png,true,GLM Image,food,0.000289012590656057
ai_food_grok_aurora_food_03.png,true,Grok Aurora,food,6.580999070138205e-06
ai_food_grok_aurora_food_02.png,true,Grok Aurora,food,8.58492603583727e-06
ai_food_glm_image_food_06.png,true,GLM Image,food,0.011011638678610325
ai_food_ideogram_v3_food_02.png,true,Ideogram v3,food,4.6832410589559004e-05
ai_food_gemini_3_pro_food_08.png,true,Gemini 3 Pro,food,1.3337248674361035e-05
ai_food_seedream_v4_food_02.png,true,Seedream,food,2.089736699417699e-05
ai_food_leonardo_phoenix_food_09.png,true,Leonardo Phoenix,food,0.9999165534973145
ai_food_glm_image_food_10.png,true,GLM Image,food,1.6491787391714752e-05
ai_food_glm_image_food_04.png,true,GLM Image,food,3.5337005101609975e-05
ai_food_flux_pro_v1.1_food_09.png,true,Flux Pro v1.1,food,3.457647380855633e-06
ai_food_flux_pro_v1.1_food_08.png,true,Flux Pro v1.1,food,4.5130545913707465e-05
ai_food_grok_aurora_food_01.png,true,Grok Aurora,food,2.461618578308844e-06
ai_food_glm_image_food_05.png,true,GLM Image,food,1.3944141755928285e-05
ai_food_leonardo_phoenix_food_08.png,true,Leonardo Phoenix,food,0.001839072210714221
ai_food_seedream_v4_food_03.png,true,Seedream,food,9.198927273246227e-07
ai_food_ideogram_v3_food_01.png,true,Ideogram v3,food,6.173706424306147e-06
ai_food_gemini_3_pro_food_09.png,true,Gemini 3 Pro,food,2.9581316994153894e-05
ai_animal_flux_pro_v1.1_animal_07.png,true,Flux Pro v1.1,animal,0.0005731318960897624
ai_animal_seedream_v3_animal_10.png,true,Seedream,animal,0.0018054080428555608
ai_animal_seedream_v3_animal_04.png,true,Seedream,animal,5.8079196605831385e-05
ai_animal_ideogram_v3_animal_03.png,true,Ideogram v3,animal,0.0006253273459151387
ai_animal_flux_2_flex_animal_07.png,true,Flux,animal,3.5898458008887246e-05
ai_animal_seedream_v4_animal_01.png,true,Seedream,animal,0.00021746249694842845
ai_animal_flux_2_flex_animal_06.png,true,Flux,animal,0.9415737986564636
ai_animal_gemini_3_pro_animal_01.png,true,Gemini 3 Pro,animal,0.0002923776628449559
ai_animal_ideogram_v3_animal_02.png,true,Ideogram v3,animal,0.08779893815517426
ai_animal_seedream_v3_animal_05.png,true,Seedream,animal,2.428113702990231e-06
ai_animal_flux_pro_v1.1_animal_06.png,true,Flux Pro v1.1,animal,0.0003076037100981921
ai_animal_flux_pro_v1.1_animal_04.png,true,Flux Pro v1.1,animal,0.9992276430130005
ai_animal_flux_pro_v1.1_animal_10.png,true,Flux Pro v1.1,animal,0.012428478337824345
ai_animal_seedream_v3_animal_07.png,true,Seedream,animal,0.00016547154518775642
ai_animal_sd_3.5_large_animal_09.png,true,Sd,animal,0.002249031327664852
ai_animal_gemini_3_pro_animal_03.png,true,Gemini 3 Pro,animal,5.448390311357798e-06
ai_animal_flux_2_flex_animal_04.png,true,Flux,animal,0.043890077620744705
ai_animal_flux_2_flex_animal_10.png,true,Flux,animal,0.08183702081441879
ai_animal_seedream_v4_animal_03.png,true,Seedream,animal,3.6297183214628603e-06
ai_animal_seedream_v4_animal_02.png,true,Seedream,animal,0.0001316604029852897
ai_animal_flux_2_flex_animal_05.png,true,Flux,animal,6.522379862872185e-06
ai_animal_gemini_3_pro_animal_02.png,true,Gemini 3 Pro,animal,2.669371269803378e-06
ai_animal_ideogram_v3_animal_01.png,true,Ideogram v3,animal,7.673156687815208e-06
ai_animal_sd_3.5_large_animal_08.png,true,Sd,animal,0.06486249715089798
ai_animal_seedream_v3_animal_06.png,true,Seedream,animal,0.00010212373308604583
ai_animal_flux_pro_v1.1_animal_05.png,true,Flux Pro v1.1,animal,1.0890451449085958e-05
ai_animal_seedream_v3_animal_02.png,true,Seedream,animal,0.004072960466146469
ai_animal_flux_pro_v1.1_animal_01.png,true,Flux Pro v1.1,animal,0.9963046312332153
ai_animal_gemini_3_pro_animal_06.png,true,Gemini 3 Pro,animal,1.3803939964418532e-06
ai_animal_ideogram_v3_animal_05.png,true,Ideogram v3,animal,1.5419875126099214e-05
ai_animal_flux_2_flex_animal_01.png,true,Flux,animal,0.9997642636299133
ai_animal_seedream_v4_animal_06.png,true,Seedream,animal,0.000582151289563626
ai_animal_seedream_v4_animal_07.png,true,Seedream,animal,3.4460827009752393e-06
ai_animal_ideogram_v3_animal_10.png,true,Ideogram v3,animal,4.74201406177599e-05
ai_animal_ideogram_v3_animal_04.png,true,Ideogram v3,animal,7.091585575835779e-05
ai_animal_gemini_3_pro_animal_07.png,true,Gemini 3 Pro,animal,2.2145879938761937e-06
ai_animal_seedream_v3_animal_03.png,true,Seedream,animal,0.0005184873007237911
ai_animal_seedream_v3_animal_01.png,true,Seedream,animal,0.0008009917801246047
ai_animal_flux_pro_v1.1_animal_02.png,true,Flux Pro v1.1,animal,0.9688558578491211
ai_animal_gemini_3_pro_animal_05.png,true,Gemini 3 Pro,animal,2.658660150700598e-06
ai_animal_ideogram_v3_animal_06.png,true,Ideogram v3,animal,0.0251495111733675
ai_animal_flux_2_flex_animal_02.png,true,Flux,animal,0.2515435218811035
ai_animal_seedream_v4_animal_05.png,true,Seedream,animal,2.2259666820900748e-06
ai_animal_qwen_2512_animal_08.png,true,Qwen 2512,animal,5.245121428743005e-05
ai_animal_qwen_2512_animal_09.png,true,Qwen 2512,animal,0.0004050811694469303
ai_animal_seedream_v4_animal_10.png,true,Seedream,animal,3.6424271456780843e-06
ai_animal_seedream_v4_animal_04.png,true,Seedream,animal,0.0006526121869683266
ai_animal_flux_2_flex_animal_03.png,true,Flux,animal,0.008359117433428764
ai_animal_ideogram_v3_animal_07.png,true,Ideogram v3,animal,1.7393072084814776e-06
ai_animal_gemini_3_pro_animal_04.png,true,Gemini 3 Pro,animal,4.4230391722521745e-06
ai_animal_gemini_3_pro_animal_10.png,true,Gemini 3 Pro,animal,1.2438180419849232e-05
ai_animal_flux_pro_v1.1_animal_03.png,true,Flux Pro v1.1,animal,0.0937868133187294
ai_animal_flux_schnell_animal_01.png,true,Flux Schnell,animal,0.9999583959579468
ai_animal_z_image_animal_06.png,true,Z,animal,0.6904809474945068
ai_animal_grok_aurora_animal_10.png,true,Grok Aurora,animal,0.3155628442764282
ai_animal_grok_aurora_animal_04.png,true,Grok Aurora,animal,0.0003797147364821285
ai_animal_glm_image_animal_06.png,true,GLM Image,animal,0.9309319257736206
ai_animal_recraft_v3_animal_02.png,true,Recraft v3,animal,0.002040279796347022
ai_animal_glm_image_animal_07.png,true,GLM Image,animal,0.0006066501373425126
ai_animal_recraft_v3_animal_03.png,true,Recraft v3,animal,2.7840796974487603e-05
ai_animal_grok_aurora_animal_05.png,true,Grok Aurora,animal,7.159460074035451e-05
ai_animal_z_image_animal_07.png,true,Z,animal,4.6456276322714984e-05
ai_animal_flux_schnell_animal_02.png,true,Flux Schnell,animal,0.9997957348823547
ai_animal_z_image_animal_05.png,true,Z,animal,0.0003404493036214262
ai_animal_grok_aurora_animal_07.png,true,Grok Aurora,animal,5.676785121977446e-07
ai_animal_recraft_v3_animal_01.png,true,Recraft v3,animal,0.000352342874975875
ai_animal_glm_image_animal_05.png,true,GLM Image,animal,0.9996397495269775
ai_animal_glm_image_animal_10.png,true,GLM Image,animal,1.4975083104218356e-05
ai_animal_glm_image_animal_04.png,true,GLM Image,animal,0.006503986194729805
ai_animal_grok_aurora_animal_06.png,true,Grok Aurora,animal,0.0002117290423484519
ai_animal_z_image_animal_10.png,true,Z,animal,0.8999418616294861
ai_animal_z_image_animal_04.png,true,Z,animal,0.00016611351747997105
ai_animal_flux_schnell_animal_03.png,true,Flux Schnell,animal,7.420024485327303e-05
ai_animal_flux_schnell_animal_07.png,true,Flux Schnell,animal,0.003923431038856506
ai_animal_wan_v2.6_animal_09.png,true,Wan v2.6,animal,0.0001654169464018196
ai_animal_hunyuan_v3_animal_09.png,true,Hunyuan v3,animal,1.1386095138732344e-05
ai_animal_grok_aurora_animal_02.png,true,Grok Aurora,animal,0.001988099655136466
ai_animal_recraft_v3_animal_04.png,true,Recraft v3,animal,0.028313372284173965
ai_animal_recraft_v3_animal_10.png,true,Recraft v3,animal,0.007122962735593319
ai_animal_gpt_image_1.5_animal_08.png,true,Gpt,animal,6.755617050657747e-06
ai_animal_gpt_image_1.5_animal_09.png,true,Gpt,animal,4.300043292460032e-05
ai_animal_glm_image_animal_01.png,true,GLM Image,animal,0.22206299006938934
ai_animal_recraft_v3_animal_05.png,true,Recraft v3,animal,2.717895040404983e-05
ai_animal_grok_aurora_animal_03.png,true,Grok Aurora,animal,0.0009481071028858423
ai_animal_hunyuan_v3_animal_08.png,true,Hunyuan v3,animal,8.14419581729453e-06
ai_animal_flux_schnell_animal_06.png,true,Flux Schnell,animal,0.03521949425339699
ai_animal_wan_v2.6_animal_08.png,true,Wan v2.6,animal,3.213145100744441e-05
ai_animal_z_image_animal_01.png,true,Z,animal,0.9976429343223572
ai_animal_z_image_animal_03.png,true,Z,animal,4.1318689909530804e-05
ai_animal_flux_schnell_animal_04.png,true,Flux Schnell,animal,0.007692908868193626
ai_animal_flux_schnell_animal_10.png,true,Flux Schnell,animal,0.1114279106259346
ai_animal_grok_aurora_animal_01.png,true,Grok Aurora,animal,2.9912391255493276e-05
ai_animal_leonardo_phoenix_animal_08.png,true,Leonardo Phoenix,animal,0.8559533953666687
ai_animal_recraft_v3_animal_07.png,true,Recraft v3,animal,2.5907398594426923e-05
ai_animal_glm_image_animal_03.png,true,GLM Image,animal,0.009235450997948647
ai_animal_recraft_v3_animal_06.png,true,Recraft v3,animal,4.007271127193235e-05
ai_animal_glm_image_animal_02.png,true,GLM Image,animal,0.043453339487314224
ai_animal_leonardo_phoenix_animal_09.png,true,Leonardo Phoenix,animal,0.9982433319091797
ai_animal_flux_schnell_animal_05.png,true,Flux Schnell,animal,3.361711060279049e-05
ai_animal_z_image_animal_02.png,true,Z,animal,0.00042666372610256076
ai_animal_wan_v2.6_animal_06.png,true,Wan v2.6,animal,0.00045188379590399563
ai_animal_flux_schnell_animal_08.png,true,Flux Schnell,animal,0.07412790507078171
ai_animal_hunyuan_v3_animal_06.png,true,Hunyuan v3,animal,0.0020106739830225706
ai_animal_leonardo_phoenix_animal_10.png,true,Leonardo Phoenix,animal,0.9999868869781494
ai_animal_leonardo_phoenix_animal_04.png,true,Leonardo Phoenix,animal,0.012966577894985676
ai_animal_gpt_image_1.5_animal_07.png,true,Gpt,animal,6.742750883859117e-06
ai_animal_gpt_image_1.5_animal_06.png,true,Gpt,animal,8.258211892098188e-06
ai_animal_leonardo_phoenix_animal_05.png,true,Leonardo Phoenix,animal,0.0005338483024388552
ai_animal_hunyuan_v3_animal_07.png,true,Hunyuan v3,animal,2.2200158582563745e-06
ai_animal_wan_v2.6_animal_07.png,true,Wan v2.6,animal,8.291800622828305e-05
ai_animal_flux_schnell_animal_09.png,true,Flux Schnell,animal,0.00020942829723935574
ai_animal_wan_v2.6_animal_05.png,true,Wan v2.6,animal,2.717283678066451e-06
ai_animal_hunyuan_v3_animal_05.png,true,Hunyuan v3,animal,2.117188842021278e-06
ai_animal_leonardo_phoenix_animal_07.png,true,Leonardo Phoenix,animal,0.0187055766582489
ai_animal_recraft_v3_animal_08.png,true,Recraft v3,animal,0.0005939357215538621
ai_animal_gpt_image_1.5_animal_04.png,true,Gpt,animal,0.0002381079102633521
ai_animal_gpt_image_1.5_animal_10.png,true,Gpt,animal,0.08752349764108658
ai_animal_gpt_image_1.5_animal_05.png,true,Gpt,animal,3.2011735129344743e-06
ai_animal_recraft_v3_animal_09.png,true,Recraft v3,animal,0.051222268491983414
ai_animal_leonardo_phoenix_animal_06.png,true,Leonardo Phoenix,animal,0.0011627698550000787
ai_animal_hunyuan_v3_animal_10.png,true,Hunyuan v3,animal,1.6049099940573797e-05
ai_animal_hunyuan_v3_animal_04.png,true,Hunyuan v3,animal,3.919799200957641e-05
ai_animal_wan_v2.6_animal_10.png,true,Wan v2.6,animal,4.2228211896144785e-06
ai_animal_wan_v2.6_animal_04.png,true,Wan v2.6,animal,4.9686528655001894e-05
ai_animal_z_image_animal_09.png,true,Z,animal,0.022417012602090836
ai_animal_leonardo_phoenix_animal_02.png,true,Leonardo Phoenix,animal,0.0486031249165535
ai_animal_gpt_image_1.5_animal_01.png,true,Gpt,animal,4.514767715591006e-05
ai_animal_glm_image_animal_09.png,true,GLM Image,animal,0.0026980347465723753
ai_animal_glm_image_animal_08.png,true,GLM Image,animal,0.00014903914416208863
ai_animal_leonardo_phoenix_animal_03.png,true,Leonardo Phoenix,animal,0.0004281502915546298
ai_animal_hunyuan_v3_animal_01.png,true,Hunyuan v3,animal,2.4836477678036317e-05
ai_animal_z_image_animal_08.png,true,Z,animal,0.8157055974006653
ai_animal_wan_v2.6_animal_01.png,true,Wan v2.6,animal,8.672189869685099e-05
ai_animal_wan_v2.6_animal_03.png,true,Wan v2.6,animal,7.831004040781409e-06
ai_animal_grok_aurora_animal_08.png,true,Grok Aurora,animal,4.486551915761083e-06
ai_animal_hunyuan_v3_animal_03.png,true,Hunyuan v3,animal,0.0002793099847622216
ai_animal_leonardo_phoenix_animal_01.png,true,Leonardo Phoenix,animal,0.1805592179298401
ai_animal_gpt_image_1.5_animal_02.png,true,Gpt,animal,5.945912107563345e-06
ai_animal_gpt_image_1.5_animal_03.png,true,Gpt,animal,1.1279543286946137e-05
ai_animal_hunyuan_v3_animal_02.png,true,Hunyuan v3,animal,0.014026332646608353
ai_animal_grok_aurora_animal_09.png,true,Grok Aurora,animal,2.7556941859074868e-05
ai_animal_wan_v2.6_animal_02.png,true,Wan v2.6,animal,5.552041329792701e-06
ai_animal_sd_3.5_large_animal_03.png,true,Sd,animal,2.5931669824785786e-06
ai_animal_gemini_3_pro_animal_09.png,true,Gemini 3 Pro,animal,0.008308070711791515
ai_animal_qwen_2512_animal_04.png,true,Qwen 2512,animal,1.6294683518935926e-05
ai_animal_seedream_v4_animal_09.png,true,Seedream,animal,1.1389714700271725e-06
ai_animal_qwen_2512_animal_10.png,true,Qwen 2512,animal,0.024927889928221703
ai_animal_seedream_v4_animal_08.png,true,Seedream,animal,1.2961274478584528e-05
ai_animal_qwen_2512_animal_05.png,true,Qwen 2512,animal,1.2405236702761613e-05
ai_animal_gemini_3_pro_animal_08.png,true,Gemini 3 Pro,animal,1.7035509927154635e-06
ai_animal_sd_3.5_large_animal_02.png,true,Sd,animal,0.6399611234664917
ai_animal_ideogram_v3_animal_09.png,true,Ideogram v3,animal,0.0010700597194954753
ai_animal_qwen_2512_animal_07.png,true,Qwen 2512,animal,4.499706847127527e-05
ai_animal_qwen_2512_animal_06.png,true,Qwen 2512,animal,0.06448396295309067
ai_animal_ideogram_v3_animal_08.png,true,Ideogram v3,animal,1.5144912140385713e-05
ai_animal_sd_3.5_large_animal_01.png,true,Sd,animal,0.0008877364452928305
ai_animal_flux_pro_v1.1_animal_08.png,true,Flux Pro v1.1,animal,4.921359050058527e-06
ai_animal_sd_3.5_large_animal_05.png,true,Sd,animal,1.3238935707704513e-06
ai_animal_flux_2_flex_animal_08.png,true,Flux,animal,0.0006776493974030018
ai_animal_qwen_2512_animal_02.png,true,Qwen 2512,animal,0.0005567289772443473
ai_animal_qwen_2512_animal_03.png,true,Qwen 2512,animal,0.0008542474824935198
ai_animal_flux_2_flex_animal_09.png,true,Flux,animal,0.004377874080091715
ai_animal_sd_3.5_large_animal_10.png,true,Sd,animal,0.00015309278387576342
ai_animal_sd_3.5_large_animal_04.png,true,Sd,animal,1.184154643851798e-05
ai_animal_flux_pro_v1.1_animal_09.png,true,Flux Pro v1.1,animal,0.0003281828830949962
ai_animal_seedream_v3_animal_08.png,true,Seedream,animal,2.505990778445266e-06
ai_animal_sd_3.5_large_animal_06.png,true,Sd,animal,0.0009479649015702307
ai_animal_qwen_2512_animal_01.png,true,Qwen 2512,animal,0.9819871783256531
ai_animal_sd_3.5_large_animal_07.png,true,Sd,animal,2.931662675109692e-05
ai_animal_seedream_v3_animal_09.png,true,Seedream,animal,7.776187703711912e-05
ai_landscape_gemini_3_pro_landscape_04.png,true,Gemini 3 Pro,landscape,0.003908801823854446
ai_landscape_gemini_3_pro_landscape_10.png,true,Gemini 3 Pro,landscape,0.00021056720288470387
ai_landscape_flux_schnell_landscape_01.png,true,Flux Schnell,landscape,0.0006019825232215226
ai_landscape_gemini_3_pro_landscape_05.png,true,Gemini 3 Pro,landscape,0.0004508915590122342
ai_landscape_gpt_image_1.5_landscape_08.png,true,Gpt,landscape,0.8250461220741272
ai_landscape_hunyuan_v3_landscape_09.png,true,Hunyuan v3,landscape,2.89894323941553e-05
ai_landscape_sd_3.5_large_landscape_09.png,true,Sd,landscape,4.499552233028226e-06
ai_landscape_gemini_3_pro_landscape_07.png,true,Gemini 3 Pro,landscape,0.010430458933115005
ai_landscape_flux_schnell_landscape_02.png,true,Flux Schnell,landscape,0.000210531463380903
ai_landscape_flux_schnell_landscape_03.png,true,Flux Schnell,landscape,8.193736721295863e-05
ai_landscape_gemini_3_pro_landscape_06.png,true,Gemini 3 Pro,landscape,0.0004277115222066641
ai_landscape_sd_3.5_large_landscape_08.png,true,Sd,landscape,0.014897018671035767
ai_landscape_hunyuan_v3_landscape_08.png,true,Hunyuan v3,landscape,5.8376012930239085e-06
ai_landscape_gpt_image_1.5_landscape_09.png,true,Gpt,landscape,0.000154033288708888
ai_landscape_gemini_3_pro_landscape_02.png,true,Gemini 3 Pro,landscape,1.3994460459798574e-05
ai_landscape_flux_schnell_landscape_07.png,true,Flux Schnell,landscape,0.0012729894369840622
ai_landscape_flux_schnell_landscape_06.png,true,Flux Schnell,landscape,0.0023324580397456884
ai_landscape_gemini_3_pro_landscape_03.png,true,Gemini 3 Pro,landscape,0.0003588571853470057
ai_landscape_gemini_3_pro_landscape_01.png,true,Gemini 3 Pro,landscape,0.00039141590241342783
ai_landscape_z_image_landscape_09.png,true,Z,landscape,0.3122696578502655
ai_landscape_flux_schnell_landscape_04.png,true,Flux Schnell,landscape,0.1100374385714531
ai_landscape_flux_schnell_landscape_10.png,true,Flux Schnell,landscape,1.6652774093017797e-06
ai_landscape_flux_schnell_landscape_05.png,true,Flux Schnell,landscape,0.012864825315773487
ai_landscape_z_image_landscape_08.png,true,Z,landscape,0.0031414334662258625
ai_landscape_leonardo_phoenix_landscape_04.png,true,Leonardo Phoenix,landscape,0.04345805197954178
ai_landscape_flux_pro_v1.1_landscape_04.png,true,Flux Pro v1.1,landscape,0.0037267333827912807
ai_landscape_flux_pro_v1.1_landscape_10.png,true,Flux Pro v1.1,landscape,0.0006031767698004842
ai_landscape_ideogram_v3_landscape_08.png,true,Ideogram v3,landscape,1.5457612789759878e-06
ai_landscape_qwen_2512_landscape_08.png,true,Qwen 2512,landscape,0.6010632514953613
ai_landscape_grok_aurora_landscape_03.png,true,Grok Aurora,landscape,0.00027671322459354997
ai_landscape_wan_v2.6_landscape_05.png,true,Wan v2.6,landscape,0.004068825393915176
ai_landscape_recraft_v3_landscape_09.png,true,Recraft v3,landscape,0.009233505465090275
ai_landscape_seedream_v4_landscape_05.png,true,Seedream,landscape,0.0016637896187603474
ai_landscape_seedream_v4_landscape_04.png,true,Seedream,landscape,0.00012919596338178962
ai_landscape_seedream_v4_landscape_10.png,true,Seedream,landscape,9.630837303120643e-05
ai_landscape_recraft_v3_landscape_08.png,true,Recraft v3,landscape,0.13949181139469147
ai_landscape_wan_v2.6_landscape_04.png,true,Wan v2.6,landscape,0.012047909200191498
ai_landscape_wan_v2.6_landscape_10.png,true,Wan v2.6,landscape,2.824250714184018e-06
ai_landscape_grok_aurora_landscape_02.png,true,Grok Aurora,landscape,0.009920688346028328
ai_landscape_qwen_2512_landscape_09.png,true,Qwen 2512,landscape,0.00020914494234602898
ai_landscape_ideogram_v3_landscape_09.png,true,Ideogram v3,landscape,2.8311349524301477e-05
ai_landscape_flux_pro_v1.1_landscape_05.png,true,Flux Pro v1.1,landscape,0.005672583822160959
ai_landscape_leonardo_phoenix_landscape_07.png,true,Leonardo Phoenix,landscape,0.9792864918708801
ai_landscape_flux_2_flex_landscape_08.png,true,Flux,landscape,0.0018426390597596765
ai_landscape_seedream_v3_landscape_08.png,true,Seedream,landscape,0.0001177593003376387
ai_landscape_glm_image_landscape_09.png,true,GLM Image,landscape,0.0010647415183484554
ai_landscape_flux_pro_v1.1_landscape_07.png,true,Flux Pro v1.1,landscape,0.0012423486914485693
ai_landscape_wan_v2.6_landscape_06.png,true,Wan v2.6,landscape,0.03479662910103798
ai_landscape_seedream_v4_landscape_06.png,true,Seedream,landscape,5.664353011525236e-06
ai_landscape_seedream_v4_landscape_07.png,true,Seedream,landscape,0.004894082900136709
ai_landscape_wan_v2.6_landscape_07.png,true,Wan v2.6,landscape,0.0003065351920668036
ai_landscape_grok_aurora_landscape_01.png,true,Grok Aurora,landscape,0.04239136725664139
ai_landscape_flux_pro_v1.1_landscape_06.png,true,Flux Pro v1.1,landscape,7.607867883052677e-05
ai_landscape_glm_image_landscape_08.png,true,GLM Image,landscape,0.9453561902046204
ai_landscape_seedream_v3_landscape_09.png,true,Seedream,landscape,0.012213689275085926
ai_landscape_flux_2_flex_landscape_09.png,true,Flux,landscape,4.034853554912843e-05
ai_landscape_leonardo_phoenix_landscape_06.png,true,Leonardo Phoenix,landscape,0.9962765574455261
ai_landscape_leonardo_phoenix_landscape_02.png,true,Leonardo Phoenix,landscape,0.9870423078536987
ai_landscape_flux_pro_v1.1_landscape_02.png,true,Flux Pro v1.1,landscape,0.000668380584102124
ai_landscape_grok_aurora_landscape_05.png,true,Grok Aurora,landscape,0.00022682463168166578
ai_landscape_wan_v2.6_landscape_03.png,true,Wan v2.6,landscape,0.01946859061717987
ai_landscape_seedream_v4_landscape_03.png,true,Seedream,landscape,9.727132237458136e-06
ai_landscape_seedream_v4_landscape_02.png,true,Seedream,landscape,1.4337476386572234e-05
ai_landscape_wan_v2.6_landscape_02.png,true,Wan v2.6,landscape,0.003126471070572734
ai_landscape_grok_aurora_landscape_04.png,true,Grok Aurora,landscape,0.9996064305305481
ai_landscape_grok_aurora_landscape_10.png,true,Grok Aurora,landscape,7.85726442700252e-05
ai_landscape_flux_pro_v1.1_landscape_03.png,true,Flux Pro v1.1,landscape,0.1953139454126358
ai_landscape_leonardo_phoenix_landscape_03.png,true,Leonardo Phoenix,landscape,0.06884831190109253
ai_landscape_leonardo_phoenix_landscape_01.png,true,Leonardo Phoenix,landscape,0.01426891703158617
ai_landscape_flux_pro_v1.1_landscape_01.png,true,Flux Pro v1.1,landscape,0.06864269822835922
ai_landscape_grok_aurora_landscape_06.png,true,Grok Aurora,landscape,0.8638918995857239
ai_landscape_seedream_v4_landscape_01.png,true,Seedream,landscape,2.4178028979804367e-05
ai_landscape_wan_v2.6_landscape_01.png,true,Wan v2.6,landscape,0.0044268956407904625
ai_landscape_grok_aurora_landscape_07.png,true,Grok Aurora,landscape,0.9992013573646545
ai_landscape_flux_2_flex_landscape_02.png,true,Flux,landscape,0.015495529398322105
ai_landscape_glm_image_landscape_03.png,true,GLM Image,landscape,0.001977642299607396
ai_landscape_seedream_v3_landscape_02.png,true,Seedream,landscape,4.4625718146562576e-05
ai_landscape_ideogram_v3_landscape_01.png,true,Ideogram v3,landscape,0.00014391954755410552
ai_landscape_qwen_2512_landscape_01.png,true,Qwen 2512,landscape,0.14954547584056854
ai_landscape_recraft_v3_landscape_01.png,true,Recraft v3,landscape,0.17125268280506134
ai_landscape_seedream_v3_landscape_03.png,true,Seedream,landscape,0.00013224258145783097
ai_landscape_glm_image_landscape_02.png,true,GLM Image,landscape,0.03956548124551773
ai_landscape_flux_2_flex_landscape_03.png,true,Flux,landscape,0.08556832373142242
ai_landscape_flux_2_flex_landscape_01.png,true,Flux,landscape,0.5048781633377075
ai_landscape_seedream_v3_landscape_01.png,true,Seedream,landscape,0.14260461926460266
ai_landscape_ideogram_v3_landscape_02.png,true,Ideogram v3,landscape,2.737887371040415e-05
ai_landscape_qwen_2512_landscape_02.png,true,Qwen 2512,landscape,0.00035237325937487185
ai_landscape_grok_aurora_landscape_09.png,true,Grok Aurora,landscape,0.00032805465161800385
ai_landscape_recraft_v3_landscape_03.png,true,Recraft v3,landscape,0.014072410762310028
ai_landscape_recraft_v3_landscape_02.png,true,Recraft v3,landscape,0.039075594395399094
ai_landscape_grok_aurora_landscape_08.png,true,Grok Aurora,landscape,0.0005873249028809369
ai_landscape_qwen_2512_landscape_03.png,true,Qwen 2512,landscape,6.30431532044895e-05
ai_landscape_ideogram_v3_landscape_03.png,true,Ideogram v3,landscape,5.462208355311304e-05
ai_landscape_glm_image_landscape_01.png,true,GLM Image,landscape,0.34577611088752747
ai_landscape_flux_2_flex_landscape_10.png,true,Flux,landscape,4.7408889258804265e-06
ai_landscape_flux_2_flex_landscape_04.png,true,Flux,landscape,0.40486446022987366
ai_landscape_seedream_v3_landscape_10.png,true,Seedream,landscape,3.898473096342059e-06
ai_landscape_seedream_v3_landscape_04.png,true,Seedream,landscape,0.0056147463619709015
ai_landscape_glm_image_landscape_05.png,true,GLM Image,landscape,0.0073973750695586205
ai_landscape_ideogram_v3_landscape_07.png,true,Ideogram v3,landscape,0.9941733479499817
ai_landscape_qwen_2512_landscape_07.png,true,Qwen 2512,landscape,0.15183302760124207
ai_landscape_recraft_v3_landscape_06.png,true,Recraft v3,landscape,0.013240702450275421
ai_landscape_recraft_v3_landscape_07.png,true,Recraft v3,landscape,0.6603883504867554
ai_landscape_qwen_2512_landscape_06.png,true,Qwen 2512,landscape,0.009083358570933342
ai_landscape_ideogram_v3_landscape_06.png,true,Ideogram v3,landscape,1.1460535461083055e-05
ai_landscape_glm_image_landscape_10.png,true,GLM Image,landscape,0.0023753175046294928
ai_landscape_glm_image_landscape_04.png,true,GLM Image,landscape,0.04251991957426071
ai_landscape_seedream_v3_landscape_05.png,true,Seedream,landscape,0.00010686106543289497
ai_landscape_flux_2_flex_landscape_05.png,true,Flux,landscape,4.9018421123037115e-05
ai_landscape_flux_2_flex_landscape_07.png,true,Flux,landscape,0.9956091046333313
ai_landscape_leonardo_phoenix_landscape_08.png,true,Leonardo Phoenix,landscape,0.9928243160247803
ai_landscape_seedream_v3_landscape_07.png,true,Seedream,landscape,0.0012567879166454077
ai_landscape_glm_image_landscape_06.png,true,GLM Image,landscape,0.9648919105529785
ai_landscape_flux_pro_v1.1_landscape_08.png,true,Flux Pro v1.1,landscape,0.00028044910868629813
ai_landscape_ideogram_v3_landscape_10.png,true,Ideogram v3,landscape,2.1427504179882817e-06
ai_landscape_ideogram_v3_landscape_04.png,true,Ideogram v3,landscape,0.5322335958480835
ai_landscape_qwen_2512_landscape_10.png,true,Qwen 2512,landscape,2.9214174901426304e-06
ai_landscape_qwen_2512_landscape_04.png,true,Qwen 2512,landscape,0.010358205065131187
ai_landscape_wan_v2.6_landscape_09.png,true,Wan v2.6,landscape,6.148400643724017e-06
ai_landscape_recraft_v3_landscape_05.png,true,Recraft v3,landscape,0.9647349715232849
ai_landscape_seedream_v4_landscape_09.png,true,Seedream,landscape,0.00012401492858771235
ai_landscape_seedream_v4_landscape_08.png,true,Seedream,landscape,3.951742201024899e-06
ai_landscape_recraft_v3_landscape_10.png,true,Recraft v3,landscape,0.9905023574829102
ai_landscape_recraft_v3_landscape_04.png,true,Recraft v3,landscape,0.3237590193748474
ai_landscape_wan_v2.6_landscape_08.png,true,Wan v2.6,landscape,0.9713461995124817
ai_landscape_qwen_2512_landscape_05.png,true,Qwen 2512,landscape,0.027821488678455353
ai_landscape_ideogram_v3_landscape_05.png,true,Ideogram v3,landscape,2.4845407097018324e-05
ai_landscape_flux_pro_v1.1_landscape_09.png,true,Flux Pro v1.1,landscape,0.16087163984775543
ai_landscape_glm_image_landscape_07.png,true,GLM Image,landscape,0.011097815819084644
ai_landscape_seedream_v3_landscape_06.png,true,Seedream,landscape,2.9922695830464363e-05
ai_landscape_leonardo_phoenix_landscape_09.png,true,Leonardo Phoenix,landscape,0.9996833801269531
ai_landscape_flux_2_flex_landscape_06.png,true,Flux,landscape,0.00131904031150043
ai_landscape_gpt_image_1.5_landscape_02.png,true,Gpt,landscape,8.31735524116084e-05
ai_landscape_hunyuan_v3_landscape_03.png,true,Hunyuan v3,landscape,8.404962500208057e-06
ai_landscape_z_image_landscape_05.png,true,Z,landscape,0.6428353786468506
ai_landscape_sd_3.5_large_landscape_03.png,true,Sd,landscape,0.0007230333867482841
ai_landscape_flux_schnell_landscape_08.png,true,Flux Schnell,landscape,0.004387162160128355
ai_landscape_flux_schnell_landscape_09.png,true,Flux Schnell,landscape,0.010088162496685982
ai_landscape_z_image_landscape_10.png,true,Z,landscape,0.40294724702835083
ai_landscape_sd_3.5_large_landscape_02.png,true,Sd,landscape,3.47895038430579e-05
ai_landscape_z_image_landscape_04.png,true,Z,landscape,0.9993346333503723
ai_landscape_hunyuan_v3_landscape_02.png,true,Hunyuan v3,landscape,3.5456603654893115e-05
ai_landscape_gpt_image_1.5_landscape_03.png,true,Gpt,landscape,0.00013193060294725
ai_landscape_gpt_image_1.5_landscape_01.png,true,Gpt,landscape,0.0005503954598680139
ai_landscape_z_image_landscape_06.png,true,Z,landscape,0.019910896196961403
ai_landscape_sd_3.5_large_landscape_01.png,true,Sd,landscape,0.0008166711777448654
ai_landscape_z_image_landscape_07.png,true,Z,landscape,0.6300637125968933
ai_landscape_hunyuan_v3_landscape_01.png,true,Hunyuan v3,landscape,3.3626634831307456e-05
ai_landscape_gpt_image_1.5_landscape_04.png,true,Gpt,landscape,0.011913876980543137
ai_landscape_gpt_image_1.5_landscape_10.png,true,Gpt,landscape,1.7651491361903027e-05
ai_landscape_hunyuan_v3_landscape_05.png,true,Hunyuan v3,landscape,1.4671545613964554e-06
ai_landscape_sd_3.5_large_landscape_05.png,true,Sd,landscape,0.15123844146728516
ai_landscape_z_image_landscape_03.png,true,Z,landscape,0.20815081894397736
ai_landscape_z_image_landscape_02.png,true,Z,landscape,0.046296440064907074
ai_landscape_sd_3.5_large_landscape_04.png,true,Sd,landscape,0.000761610281188041
ai_landscape_sd_3.5_large_landscape_10.png,true,Sd,landscape,9.134437277680263e-06
ai_landscape_hunyuan_v3_landscape_04.png,true,Hunyuan v3,landscape,0.0006255983025766909
ai_landscape_hunyuan_v3_landscape_10.png,true,Hunyuan v3,landscape,8.128808985929936e-06
ai_landscape_gpt_image_1.5_landscape_05.png,true,Gpt,landscape,0.009962577372789383
ai_landscape_gpt_image_1.5_landscape_07.png,true,Gpt,landscape,5.830377995152958e-05
ai_landscape_hunyuan_v3_landscape_06.png,true,Hunyuan v3,landscape,1.5415185771416873e-05
ai_landscape_sd_3.5_large_landscape_06.png,true,Sd,landscape,0.0005720796762034297
ai_landscape_gemini_3_pro_landscape_08.png,true,Gemini 3 Pro,landscape,0.00021678535267710686
ai_landscape_gemini_3_pro_landscape_09.png,true,Gemini 3 Pro,landscape,4.798878580913879e-05
ai_landscape_z_image_landscape_01.png,true,Z,landscape,0.0013281614519655704
ai_landscape_sd_3.5_large_landscape_07.png,true,Sd,landscape,0.0010190964676439762
ai_landscape_hunyuan_v3_landscape_07.png,true,Hunyuan v3,landscape,0.0001859051699284464
ai_landscape_gpt_image_1.5_landscape_06.png,true,Gpt,landscape,7.698788249399513e-05
real_art_art_79_oil_painting_of_countryside_landscape_in_frame.jpg,false,,art,0.1829989105463028
real_art_art_163_tLQRMO33DeI.jpg,false,,art,0.0003358835238032043
real_art_art_082_wzSfjeKGiLk.jpg,false,,art,0.0005200587911531329
real_art_art_114_11SmxL6FI1A.jpg,false,,art,4.8918434913503006e-05
real_art_art_58_watercolor_landscape_painting.jpg,false,,art,0.0002491289342287928
real_art_art_040_T2LEdBxpm54.jpg,false,,art,0.0004180272517260164
real_art_art_105_HzNNbeGmJko.jpg,false,,art,8.09866287454497e-06
real_art_art_68_vintage_botanical_illustration.jpg,false,,art,0.0017771273851394653
real_art_art_164_GoJrwnPNPbg.jpg,false,,art,0.00014398431812878698
real_art_art_73_colorful_street_art_graffiti_mural.jpg,false,,art,0.0013025779044255614
real_art_art_112_zelgyeLINKc.jpg,false,,art,0.00029944672132842243
real_art_art_034_bkY4pok-UM0.jpg,false,,art,3.296833597232762e-07
real_art_art_132_xnyXLEyE8L0.jpg,false,,art,0.00010237441892968491
real_art_art_149_fnoCqGw7AMg.jpg,false,,art,4.736233313451521e-05
real_art_art_166_vDZCV1akWss.jpg,false,,art,1.8436402342558722e-06
real_art_art_113_Cn2YpUFVkCo.jpg,false,,art,0.00011628257925622165
real_art_art_78_mosaic_tile_artwork_pattern.jpg,false,,art,0.001020906725898385
real_art_art_72_pastel_colors_watercolor_wash.jpg,false,,art,0.0002491289342287928
real_art_art_074_QTWm4dJ_Z2E.jpg,false,,art,0.00021002702123951167
real_art_art_65_abstract_geometric_modern_art.jpg,false,,art,3.0406183213926852e-05
real_art_art_056_riFTrh0K4pg.jpg,false,,art,0.0001093832470360212
real_art_art_096_gzXhH-RiydU.jpg,false,,art,0.002193464431911707
real_art_art_094_JqpsJelnXb8.jpg,false,,art,0.00045710193808190525
real_art_art_56_pencil_and_watercolor_art_supplies_on_table.jpg,false,,art,6.546508757310221e-06
real_art_art_160_PDAzh1rSIa8.jpg,false,,art,0.0013663116842508316
real_art_art_152_uH3wpt7gKnQ.jpg,false,,art,0.001998479012399912
real_art_art_088_8qigdir-PfA.jpg,false,,art,1.4270771316660102e-05
real_art_art_070_AYYbqlo5af0.jpg,false,,art,1.2499526746978518e-05
real_art_art_80_digital_art_printed_on_gallery_wall.jpg,false,,art,0.00022362179879564792
real_art_art_120_NiV9YsPFhM8.jpg,false,,art,5.98487640672829e-05
real_art_art_093_3qoP52UWFiY.jpg,false,,art,1.0926456525339745e-05
real_art_art_092_IhDDZyvwwC4.jpg,false,,art,5.647680609399686e-06
real_art_art_108_XOyxignLq1E.jpg,false,,art,0.00012009215424768627
real_art_art_127_P2LmtHXV2Wc.jpg,false,,art,5.648671503877267e-06
real_art_art_104_gQxrO5kOABU.jpg,false,,art,1.631483610253781e-05
real_art_art_097_hBhfEXkihOs.jpg,false,,art,5.812872768728994e-05
real_art_art_085_Zm74mm1xEDY.jpg,false,,art,0.00013453721476253122
real_art_art_050_hyoJJZd_hhI.jpg,false,,art,1.2870595128333662e-05
real_art_art_053_jdhYNL0KrCA.jpg,false,,art,0.0014152323128655553
real_art_art_045_dFA5XycbhoQ.jpg,false,,art,0.007377646863460541
real_art_art_057_m-e3AFsfOs0.jpg,false,,art,0.00040574357262812555
real_art_art_033_cpAKc-G6lPg.jpg,false,,art,5.067057827545796e-06
real_art_art_159_U0_hlwXFLn0.jpg,false,,art,0.00011241018364671618
real_art_art_051_PHdLDymaV90.jpg,false,,art,3.459632580415928e-06
real_art_art_170_Vbbz9pZmn5o.jpg,false,,art,5.911624612053856e-05
real_art_art_046_DQZl8fxpSp8.jpg,false,,art,4.082981376996031e-06
real_art_art_118_BsAzhHIIwxg.jpg,false,,art,7.371825631707907e-05
real_art_art_117_5MteLUU9FGI.jpg,false,,art,0.0005285111255943775
real_art_art_66_still_life_oil_painting_with_fruit.jpg,false,,art,0.0003578301111701876
real_art_art_121_iKPxCjUU_bg.jpg,false,,art,6.556310108862817e-05
real_art_art_157_8ezfg5oYHNY.jpg,false,,art,2.050825287369662e-06
real_art_art_081_w5bYMd9leus.jpg,false,,art,3.2982816264848225e-06
real_art_art_062_dP9U-tIfU3M.jpg,false,,art,2.2682427243125858e-06
real_art_art_032_puf8VwPLAug.jpg,false,,art,0.0012464604806154966
real_art_art_119_iplwfXCe8a4.jpg,false,,art,1.2301939023018349e-05
real_art_art_142_svOht0lwbyk.jpg,false,,art,0.001539868302643299
real_art_art_068_J7w12ShptC0.jpg,false,,art,4.407143933349289e-05
real_art_art_147_oZKmdQlIVds.jpg,false,,art,0.11725989729166031
real_art_art_145_E_JDMtW_l0Y.jpg,false,,art,0.011093798093497753
real_art_art_52_watercolor_painting_supplies_on_table.jpg,false,,art,6.546508757310221e-06
real_art_art_144_8XIAf776Fqg.jpg,false,,art,3.396937972865999e-05
real_art_art_126_wpw8sHoBtSY.jpg,false,,art,0.0006435040268115699
real_art_art_066_OnAwhivaqrU.jpg,false,,art,5.822510502184741e-05
real_art_art_124_VHX-eIns4Wo.jpg,false,,art,2.9267268473631702e-05
real_art_art_158_I0QTg9ctFDY.jpg,false,,art,0.00019690881890710443
real_art_art_128_XzG9XYwxgXc.jpg,false,,art,1.1569623893592507e-05
real_art_art_62_impressionist_landscape_painting_in_ornate_frame.jpg,false,,art,0.009030744433403015
real_art_art_047_OfTVSQTuQ5Y.jpg,false,,art,4.510955113801174e-05
real_art_art_098_sKHf8VwwFdo.jpg,false,,art,5.32810554432217e-06
real_art_art_130_D1IS5s5O9xo.jpg,false,,art,0.00015359798271674663
real_art_art_129_0RTmv1Kx9Qk.jpg,false,,art,0.0024255337193608284
real_art_art_136_rGu8w3QP48o.jpg,false,,art,1.625950972083956e-05
real_art_art_060_BXkYKWKL7TA.jpg,false,,art,3.907752670784248e-06
real_art_art_123__yrdstGC_rg.jpg,false,,art,2.549831333453767e-05
real_art_art_64_colorful_mural_on_building_exterior.jpg,false,,art,0.0001465811801608652
real_art_art_071_n00dm9FBwrs.jpg,false,,art,0.00503148976713419
real_art_art_064_1cVQMljvsnw.jpg,false,,art,0.0009134292486123741
real_art_art_107_7xemAmqHhLc.jpg,false,,art,1.3915620911575388e-05
real_art_art_091_IF9x9SGOh1w.jpg,false,,art,5.907359536649892e-06
real_art_art_058_TOcmDVAo2jo.jpg,false,,art,4.5224940549815074e-05
real_art_art_150_1CcjT68gMRM.jpg,false,,art,0.0006188057013787329
real_art_art_100_9pU5knbOtgY.jpg,false,,art,2.6645591333362972e-06
real_art_art_083_jBV3_PRk1-U.jpg,false,,art,6.464480065915268e-06
real_art_art_035_S0c_wsCmlXE.jpg,false,,art,1.1317287317069713e-05
real_art_art_122_nnIzqn6B6fA.jpg,false,,art,0.0009654624154791236
real_art_art_099_3kIPqGmmgwI.jpg,false,,art,0.00023565764422528446
real_art_art_141_vsYrMcvb5nQ.jpg,false,,art,3.6638143683376256e-06
real_art_art_70_art_gallery_interior_with_paintings_on_walls.jpg,false,,art,0.01737293042242527
real_art_art_048__j6wbAlQ1ow.jpg,false,,art,0.0007138837827369571
real_art_art_079_93aN5XCAlJs.jpg,false,,art,0.00023306251387111843
real_art_art_135_lvqcncxBYqw.jpg,false,,art,4.520395123108756e-06
real_art_art_111_DVauUHIJby0.jpg,false,,art,0.00019551934383343905
real_art_art_161_StV72L0DH4A.jpg,false,,art,0.0010692353826016188
real_art_art_087_U3NtClWLRd4.jpg,false,,art,1.928905675185888e-07
real_art_art_055_e-XPbBr0NhU.jpg,false,,art,0.0005060690455138683
real_art_art_043_e6xd2HXuy0A.jpg,false,,art,1.6908098814383266e-06
real_art_art_109_GY_YJtmwPas.jpg,false,,art,0.0035826305393129587
real_art_art_61_charcoal_drawing_on_paper.jpg,false,,art,0.01853719726204872
real_art_art_137_70l86REbjmk.jpg,false,,art,0.0005045645521022379
real_art_art_154_kBzQNk9AgOg.jpg,false,,art,0.0016292436048388481
real_art_art_037_cuddQwqncLc.jpg,false,,art,0.00173654081299901
real_art_art_74_gallery_wall_with_multiple_framed_artworks.jpg,false,,art,0.021806249395012856
real_art_art_116_tEbRUeGJDfw.jpg,false,,art,4.6638465391879436e-06
real_art_art_125_ajAj3-55G2A.jpg,false,,art,1.7917600416694768e-06
real_art_art_67_acrylic_pour_painting_abstract.jpg,false,,art,2.4613038931420306e-06
real_art_art_51_modern_art_gallery_with_paintings_on_white_walls.jpg,false,,art,0.01737293042242527
real_art_art_049_ZW8dIPP4S4U.jpg,false,,art,1.0848201782209799e-05
real_art_art_139_DD1fSz2HF1s.jpg,false,,art,3.421758083277382e-05
real_art_art_50_abstract_colorful_painting_on_canvas.jpg,false,,art,9.864319144980982e-05
real_art_art_165_yN5c71nvg6g.jpg,false,,art,1.433064153388841e-05
real_art_art_153_rleYWWVY4Pc.jpg,false,,art,0.0002818706270772964
real_art_art_134_tClS6SPq8Zo.jpg,false,,art,3.896268935932312e-06
real_art_art_090_yCWQevKzkkM.jpg,false,,art,0.1064777746796608
real_art_art_101_YJCRjsg1LQw.jpg,false,,art,0.00017002147797029465
real_art_art_042_eN6FkYAetF8.jpg,false,,art,0.007405060343444347
real_art_art_059_yjiZAbTDkik.jpg,false,,art,1.9070756025030278e-05
real_art_art_54_oil_painting_of_flowers_in_vase.jpg,false,,art,0.045767951756715775
real_art_art_089_IMZ3bM611eA.jpg,false,,art,0.00010812840628204867
real_art_art_146_n1mVt4pyFow.jpg,false,,art,9.373417924507521e-06
real_art_art_169_Uo5MWyegjog.jpg,false,,art,4.4810920371674e-05
real_art_art_073_n3VWZXx5n9I.jpg,false,,art,0.00034388306085020304
real_art_art_076_I7BDP_5WPqE.jpg,false,,art,3.941294835385634e-06
real_art_art_53_colorful_abstract_oil_painting_closeup.jpg,false,,art,1.0373369150329381e-05
real_art_art_080_nNqBDh_l3oE.jpg,false,,art,6.848985321994405e-06
real_art_art_061_XuHkodhmiyk.jpg,false,,art,0.0004939622012898326
real_art_art_60_colorful_paint_brushstrokes_close_up_texture.jpg,false,,art,1.0373369150329381e-05
real_art_art_71_renaissance_painting_in_gilded_frame.jpg,false,,art,0.006590277422219515
real_art_art_69_mixed_media_collage_artwork.jpg,false,,art,0.00016796587442513555
real_art_art_168_u7zd4x6-dx8.jpg,false,,art,1.1928911590075586e-05
real_art_art_095_9_vYkYnWn2w.jpg,false,,art,0.00014765124069526792
real_art_art_138_007R8JewpwU.jpg,false,,art,2.12608247238677e-05
real_art_art_069_ziIJiGSkfR4.jpg,false,,art,1.3038114957453217e-05
real_art_art_63_sculpture_in_art_museum_with_natural_light.jpg,false,,art,0.0003272440517321229
real_art_art_106_cqKG2s6WP6s.jpg,false,,art,3.1547644994134316e-06
real_art_art_59_classical_oil_portrait_painting_in_museum.jpg,false,,art,0.0023247203789651394
real_art_art_039_izfOdN-3zw0.jpg,false,,art,6.040922926331405e-06
real_art_art_57_graffiti_street_art_on_brick_wall.jpg,false,,art,0.0004576796491164714
real_art_art_084_JPFWudeuc54.jpg,false,,art,0.0007026493549346924
real_art_art_133_h1jyIBttST0.jpg,false,,art,0.0005880166427232325
real_art_art_038_UwKXPb7N9UY.jpg,false,,art,4.010784687125124e-05
real_art_art_054_Erf1Kz7ZE5Y.jpg,false,,art,2.1062227460788563e-05
real_art_art_078_RYtFleIk_4U.jpg,false,,art,8.278627319668885e-06
real_art_art_75_oil_painting_landscape_with_trees.jpg,false,,art,1.1867141438415274e-05
real_art_art_041_4POG9GQo7Aw.jpg,false,,art,1.5306140994653106e-05
real_art_art_162_jrDzerLmfW0.jpg,false,,art,1.0130657983609126e-06
real_art_art_167_Jpjj_v1-5OM.jpg,false,,art,0.00010470610141055658
real_art_art_102_rXtXA42Lgzs.jpg,false,,art,6.0329068219289184e-05
real_art_art_140_Rq74Wkhffok.jpg,false,,art,4.832720514968969e-05
real_art_art_086_OTP0nlljatI.jpg,false,,art,0.0005399176734499633
real_art_art_036_KQBsTXCvGwM.jpg,false,,art,0.003948274999856949
real_art_art_76_handwritten_calligraphy_on_white_paper.jpg,false,,art,0.0016795083647593856
real_art_art_072_F2olcCyRQBw.jpg,false,,art,0.11693178862333298
real_art_art_067_LOvJ2ECcUJY.jpg,false,,art,0.00010314823884982616
real_art_art_052_OpqAtrUNJeI.jpg,false,,art,0.00017854348698165268
real_art_art_044_hptNUC-iitA.jpg,false,,art,0.0003599282063078135
real_art_art_151_tuU1puvTmWw.jpg,false,,art,2.1846704839845188e-05
real_art_art_103_cLRvJPVw69U.jpg,false,,art,0.0011557114776223898
real_art_art_065_akbHiqZy4Pg.jpg,false,,art,3.975886102125514e-06
real_art_art_148_-bA6TkrToiY.jpg,false,,art,5.586856059380807e-05
real_art_art_77_street_art_portrait_on_concrete_wall.jpg,false,,art,0.0009237230406142771
real_art_art_131_bPqJ9ssfjqs.jpg,false,,art,7.290516350622056e-06
real_art_art_55_art_museum_gallery_room_with_framed_paintings.jpg,false,,art,0.0032894050236791372
real_art_art_110_hY3KGFVG-i0.jpg,false,,art,0.12981335818767548
real_art_art_156_u2RlwQc1qiQ.jpg,false,,art,0.06535409390926361
real_art_art_075_ff0HoIx3PzU.jpg,false,,art,2.694179602258373e-05
real_art_art_143_TzAydhJ4QzE.jpg,false,,art,3.060617245864705e-06
real_art_art_077_IExOV9fFQBM.jpg,false,,art,0.0003432260127738118
real_art_art_155_KWpm9MmEo2s.jpg,false,,art,0.2271953821182251
real_art_art_063_heeEKtHAYEg.jpg,false,,art,0.000563848065212369
real_art_art_115_iMdsjoiftZo.jpg,false,,art,0.00012854370288550854
real_portrait_portrait_76_a_group_of_people_standing_around_a_white_cake.jpg,false,,portrait,0.0005620709853246808
real_portrait_portrait_55_a_woman_holding_a_smart_phone_next_to_a_group_of_people.jpg,false,,portrait,5.013123427488608e-06
real_portrait_portrait_118_iJGhIMWKz7w.jpg,false,,portrait,1.0636225624693907e-06
real_portrait_portrait_094_7A5eK3q9qUA.jpg,false,,portrait,4.23586716351565e-05
real_portrait_portrait_62_a_group_of_men_standing_and_sitting_next_to_each_other.jpg,false,,portrait,0.007018767297267914
real_portrait_portrait_51_a_woman_is_helping_a_child_put_on_skis.jpg,false,,portrait,0.0006219405913725495
real_portrait_portrait_065_6lWqkLIh5L8.jpg,false,,portrait,1.0656473932613153e-05
real_portrait_portrait_039_ZW3dnRiZD9U.jpg,false,,portrait,2.437673174426891e-06
real_portrait_portrait_135_BZzHWmQUszE.jpg,false,,portrait,9.485412988397002e-07
real_portrait_portrait_83_a_tennis_player_who_has_just_made_a_shot.jpg,false,,portrait,7.305768008336599e-07
real_portrait_portrait_57_a_young_man_and_woman_holding_their_heads_close_to_each_othe.jpg,false,,portrait,1.389649787597591e-05
real_portrait_portrait_67_there_are_many_bike_riders_racing_in_a_street_race.jpg,false,,portrait,2.9411809009616263e-05
real_portrait_portrait_058_dWiK1hrTl14.jpg,false,,portrait,2.0377749478939222e-06
real_portrait_portrait_086_kpR9Mwgkj8c.jpg,false,,portrait,2.48233095589967e-06
real_portrait_portrait_075_VQRm94PV_20.jpg,false,,portrait,7.752425517537631e-06
real_portrait_portrait_151_LlHgaeBwYVE.jpg,false,,portrait,6.225319521035999e-05
real_portrait_portrait_077_IIWiU1QXmWY.jpg,false,,portrait,1.689952114247717e-06
real_portrait_portrait_100_2FM9g-vAkJg.jpg,false,,portrait,2.74194771918701e-05
real_portrait_portrait_098_wX7NeTEXq_w.jpg,false,,portrait,8.66806658450514e-06
real_portrait_portrait_071__lP2UOoZJKk.jpg,false,,portrait,0.00016576652706135064
real_portrait_portrait_81_two_men_next_to_each_other_holding_wine_glasses.jpg,false,,portrait,8.156597175457136e-08
real_portrait_portrait_114_VcWRNg2ju7Y.jpg,false,,portrait,5.326349992174073e-07
real_portrait_portrait_65_three_women_sitting_on_a_train_seat_on_cellphones.jpg,false,,portrait,2.2228039142646594e-06
real_portrait_portrait_054_cFgCc3PM-A0.jpg,false,,portrait,5.251642505754717e-06
real_portrait_portrait_067_ua9Im1zPoGM.jpg,false,,portrait,1.2297341527300887e-05
real_portrait_portrait_63_a_man_sitting_at_a_table_eating_food_from_a_plate.jpg,false,,portrait,6.321774890238885e-06
real_portrait_portrait_119_lAAmMH2c2gU.jpg,false,,portrait,0.0002700045588426292
real_portrait_portrait_72_a_man_swinging_a_tennis_racket_at_a_tennis_ball.jpg,false,,portrait,5.076838078821311e-06
real_portrait_portrait_77_three_men_smiling_holding_a_wii_controller_in_their_hands.jpg,false,,portrait,0.0001324932527495548
real_portrait_portrait_70_two_sets_of_hands_are_each_holding_a_cell_phone_while_anothe.jpg,false,,portrait,1.5849279861868126e-06
real_portrait_portrait_168_ht1JkZ7tYmY.jpg,false,,portrait,2.2981600977800554e-06
real_portrait_portrait_58_woman_listening_on_her_phone_while_smoking_a_cigarette.jpg,false,,portrait,9.620742275728844e-06
real_portrait_portrait_137_O5BSKKHYiEU.jpg,false,,portrait,1.7529937395011075e-06
real_portrait_portrait_59_a_woman_taking_a_selfie_with_a_mobile_phone.jpg,false,,portrait,4.711668225354515e-06
real_portrait_portrait_060_wyCDQSzN8XE.jpg,false,,portrait,3.5620976177597186e-06
real_portrait_portrait_081_2EmLMaTshko.jpg,false,,portrait,2.9508714760595467e-06
real_portrait_portrait_059_pFbJuxSwuhI.jpg,false,,portrait,5.2835457609035075e-05
real_portrait_portrait_048_8sbwihARadA.jpg,false,,portrait,0.00015411995991598815
real_portrait_portrait_167_guDkXldTxy8.jpg,false,,portrait,0.04705958068370819
real_portrait_portrait_095_E38Gb_nVPck.jpg,false,,portrait,1.5393929061247036e-05
real_portrait_portrait_043_aDvDvH428RQ.jpg,false,,portrait,1.7770669728633948e-05
real_portrait_portrait_133_iiQ-mmG2NxI.jpg,false,,portrait,1.6092561736513744e-06
real_portrait_portrait_128_nE6EPBrM-EA.jpg,false,,portrait,2.0116300220252015e-05
real_portrait_portrait_050_eoAubhPm6H8.jpg,false,,portrait,4.276789240975631e-06
real_portrait_portrait_134_UY52j2uUvdU.jpg,false,,portrait,5.09192468598485e-05
real_portrait_portrait_104_eq9FtP7XwJI.jpg,false,,portrait,0.00036016522790305316
real_portrait_portrait_092_uTad53fcxss.jpg,false,,portrait,0.00011200935841770843
real_portrait_portrait_062_ILz31HBGEak.jpg,false,,portrait,0.0005451838951557875
real_portrait_portrait_085_qV16cq3T420.jpg,false,,portrait,7.239372621370421e-07
real_portrait_portrait_170_cQPUosG9dQE.jpg,false,,portrait,4.090827133040875e-05
real_portrait_portrait_147_RYNTlcn0e3k.jpg,false,,portrait,2.2406200059776893e-06
real_portrait_portrait_103_TsvawNBQ7k0.jpg,false,,portrait,3.444704930188891e-07
real_portrait_portrait_047_kN_F83xqdiM.jpg,false,,portrait,9.224591485690325e-05
real_portrait_portrait_105_Knvzw8_L_80.jpg,false,,portrait,7.49481660022866e-06
real_portrait_portrait_101_WXp2BT0AgnE.jpg,false,,portrait,1.2664308997045737e-06
real_portrait_portrait_153_k_NkqIaRhro.jpg,false,,portrait,9.890862565953285e-05
real_portrait_portrait_71_a_woman_brushes_her_teeth_with_foamy_toothpaste.jpg,false,,portrait,3.873247351293685e-06
real_portrait_portrait_142_mJaDIZr6eMY.jpg,false,,portrait,6.819461850682274e-05
real_portrait_portrait_083_LN8t4ZAGZFQ.jpg,false,,portrait,5.080552455183351e-06
real_portrait_portrait_115_82NWNb5AGWc.jpg,false,,portrait,9.708242032502312e-07
real_portrait_portrait_64_a_woman_smiles_from_behind_the_book_she_has_been_reading.jpg,false,,portrait,7.659213707711388e-08
real_portrait_portrait_102_QGMWr63tKoo.jpg,false,,portrait,3.3855601941468194e-05
real_portrait_portrait_037_M34IAftLLsY.jpg,false,,portrait,4.0548344259150326e-05
real_portrait_portrait_79_a_copse_of_men_sitting_next_to_each_other_at_a_table.jpg,false,,portrait,1.293066588914371e-06
real_portrait_portrait_068_g_eJl04NKEY.jpg,false,,portrait,6.166486855363473e-06
real_portrait_portrait_53_two_men_wearing_suits_and_hats_are_walking_together.jpg,false,,portrait,9.131249498750549e-07
real_portrait_portrait_055_ycF8akmJ_RU.jpg,false,,portrait,0.0022246926091611385
real_portrait_portrait_129_jqsprpPrn9w.jpg,false,,portrait,0.0002478538081049919
real_portrait_portrait_138_NOcaza8sIBg.jpg,false,,portrait,0.002978681121021509
real_portrait_portrait_78_a_woman_holding_a_plate_of_cake_covered_in_frosting.jpg,false,,portrait,7.1425820351578295e-06
real_portrait_portrait_130_4wIY3oykWMo.jpg,false,,portrait,0.00012705950939562172
real_portrait_portrait_099_dKH-4ml-5I4.jpg,false,,portrait,3.163528617733391e-06
real_portrait_portrait_093_8gRw4V0_XJA.jpg,false,,portrait,0.0001267839252250269
real_portrait_portrait_109_IOkL3ZqAapM.jpg,false,,portrait,0.00012743030674755573
real_portrait_portrait_74_a_person_helping_a_woman_put_on_a_tie.jpg,false,,portrait,2.899169430747861e-06
real_portrait_portrait_121_hQBQ1ATvH10.jpg,false,,portrait,3.609376108215656e-06
real_portrait_portrait_076_6fc0hcXapYU.jpg,false,,portrait,0.0010867583332583308
real_portrait_portrait_155_3kWZ-gVZAG0.jpg,false,,portrait,1.2974817764188629e-05
real_portrait_portrait_140_83BjY5qcPKg.jpg,false,,portrait,1.533176487100718e-06
real_portrait_portrait_087_gENx9JQeQWs.jpg,false,,portrait,3.055064007639885e-05
real_portrait_portrait_084_7BDP97v-tT8.jpg,false,,portrait,0.00018805904255714267
real_portrait_portrait_040_kl22CsySpcw.jpg,false,,portrait,4.051224095746875e-05
real_portrait_portrait_161_Tay3IMQpKHA.jpg,false,,portrait,2.821663292706944e-05
real_portrait_portrait_045_3F6Jo667E4w.jpg,false,,portrait,0.0019505658419802785
real_portrait_portrait_116_L4CAMVlnRlg.jpg,false,,portrait,2.199848495365586e-05
real_portrait_portrait_072_VlOrWGCFl_w.jpg,false,,portrait,3.909966835635714e-06
real_portrait_portrait_044_NljdMbT3s30.jpg,false,,portrait,3.709872180479579e-05
real_portrait_portrait_122_LpIy3YxbDA4.jpg,false,,portrait,0.00011409856233512983
real_portrait_portrait_156_HC2t702jdGo.jpg,false,,portrait,7.944172466523014e-06
real_portrait_portrait_69_a_crowd_of_people_standing_around_each_other.jpg,false,,portrait,5.2961422625230625e-05
real_portrait_portrait_73_a_baseball_player_talks_with_an_umpire.jpg,false,,portrait,5.090948980068788e-05
real_portrait_portrait_096_Rur5fFIrWNY.jpg,false,,portrait,3.937912879337091e-06
real_portrait_portrait_61_a_clown_talking_on_a_phone_next_to_a_building.jpg,false,,portrait,1.151604124061123e-06
real_portrait_portrait_090_UNJ3hCbuHXA.jpg,false,,portrait,2.8801653115806403e-06
real_portrait_portrait_148_ofgYwK8j_cQ.jpg,false,,portrait,3.346824087202549e-05
real_portrait_portrait_113_J_I5FfqShJw.jpg,false,,portrait,1.581967626407277e-05
real_portrait_portrait_152_P7ASbD-vHW8.jpg,false,,portrait,6.2175540733733214e-06
real_portrait_portrait_56_a_woman_holding_her_cell_phone_tucked_in_a_wool_cover.jpg,false,,portrait,2.389170504102367e-06
real_portrait_portrait_107_W80TTxhRRU4.jpg,false,,portrait,1.4009175174578559e-05
real_portrait_portrait_073_yAsJE9nFiFw.jpg,false,,portrait,9.623619234844227e-07
real_portrait_portrait_091_xX9r2xULy7s.jpg,false,,portrait,1.2803996469301637e-05
real_portrait_portrait_082_QwsCqHTim98.jpg,false,,portrait,2.454141758789774e-05
real_portrait_portrait_132_shb8l1o-0Zk.jpg,false,,portrait,0.0019528982229530811
real_portrait_portrait_078_cT4-8tBBJDA.jpg,false,,portrait,1.574343150423374e-05
real_portrait_portrait_160_PEgf72cgr-w.jpg,false,,portrait,3.1571694307785947e-06
real_portrait_portrait_038_62Ims7pw_X8.jpg,false,,portrait,3.774110882659443e-05
real_portrait_portrait_75_a_man_wearing_a_suit_and_tie_and_red_hat_with_a_silver_buckl.jpg,false,,portrait,1.845446604420431e-06
real_portrait_portrait_051_63KDwZUZQw8.jpg,false,,portrait,1.093968876375584e-05
real_portrait_portrait_82_a_man_wearing_a_tie_jacket_and_white_shirt.jpg,false,,portrait,0.001683719689026475
real_portrait_portrait_52_three_students_check_their_cell_phones_in_a_classroom.jpg,false,,portrait,5.706698971152946e-07
real_portrait_portrait_063_Qm4yrKLiawY.jpg,false,,portrait,0.4880908727645874
real_portrait_portrait_84_three_young_men_playing_wii_on_a_projection_television.jpg,false,,portrait,2.5141680453089066e-06
real_portrait_portrait_159_o47Lif2bfqI.jpg,false,,portrait,6.6895195232064e-06
real_portrait_portrait_041_vCZFKRZes_0.jpg,false,,portrait,1.5323417756007984e-05
real_portrait_portrait_064_KrLXXQSojYs.jpg,false,,portrait,3.496071803965606e-05
real_portrait_portrait_112_OxPuMO3zQ9s.jpg,false,,portrait,5.966474418528378e-06
real_portrait_portrait_145_DQ9dW9v65Fc.jpg,false,,portrait,0.00035851661232300103
real_portrait_portrait_117_4XrEyN5sXhA.jpg,false,,portrait,1.0697862080633058e-06
real_portrait_portrait_070_kNZd7qT8ASY.jpg,false,,portrait,4.478469054447487e-05
real_portrait_portrait_146_I03ZQjTt4WI.jpg,false,,portrait,5.7814509091258515e-06
real_portrait_portrait_163_6qRpAg4pPEU.jpg,false,,portrait,0.0001452380238333717
real_portrait_portrait_80_two_men_smiling_and_taking_a_picture_together.jpg,false,,portrait,7.864075996621978e-06
real_portrait_portrait_150_itdkHUjTuIY.jpg,false,,portrait,2.5305082544946345e-06
real_portrait_portrait_046_k1QqUSvRObc.jpg,false,,portrait,4.172561602899805e-06
real_portrait_portrait_056_JxbqicKm-ko.jpg,false,,portrait,8.28794054541504e-06
real_portrait_portrait_042_2xf2beBy7Wo.jpg,false,,portrait,0.029470166191458702
real_portrait_portrait_126_jxltRrbjtdI.jpg,false,,portrait,1.4044300769455731e-05
real_portrait_portrait_061_IppB3SB9f6s.jpg,false,,portrait,3.6966261518500687e-07
real_portrait_portrait_68_a_photo_of_a_young_male_in_a_suit_jacket_and_tie.jpg,false,,portrait,0.021904492750763893
real_portrait_portrait_124_Hd2T6EzW_2Q.jpg,false,,portrait,2.5103534426307306e-05
real_portrait_portrait_50_a_man_wearing_a_top_hat_and_a_red_tie.jpg,false,,portrait,4.913208158541238e-06
real_portrait_portrait_057_ZbvHaiUwVfo.jpg,false,,portrait,2.0652098100981675e-05
real_portrait_portrait_079_fGfUJnZD3Mw.jpg,false,,portrait,4.908058326691389e-05
real_portrait_portrait_127_ZhJsD9T_20Q.jpg,false,,portrait,1.254342691936472e-06
real_portrait_portrait_136_SwcnAmIRZYc.jpg,false,,portrait,1.299018276768038e-05
real_portrait_portrait_110_9iAIfjrSFYw.jpg,false,,portrait,1.856123276411381e-06
real_portrait_portrait_139_5Uvy1WMaUHw.jpg,false,,portrait,3.8166984950294136e-07
real_portrait_portrait_097_JibO_kC6vh4.jpg,false,,portrait,1.2532279470178764e-05
real_portrait_portrait_157_jG4xhAmz-uQ.jpg,false,,portrait,0.00011282201012363657
real_portrait_portrait_141_l7PnmcqTj5Q.jpg,false,,portrait,0.00010047265095636249
real_portrait_portrait_125_Oz7_usBqwuY.jpg,false,,portrait,0.00016422725457232445
real_portrait_portrait_143_peP3zrquunA.jpg,false,,portrait,5.029026578995399e-05
real_portrait_portrait_165_rEKKAV83i-8.jpg,false,,portrait,6.544746042891347e-07
real_portrait_portrait_069_Q7p9V_xHe08.jpg,false,,portrait,0.0007074892055243254
real_portrait_portrait_144_WUhpW32kBek.jpg,false,,portrait,1.8063108200294664e-06
real_portrait_portrait_089_dgGWnapezLs.jpg,false,,portrait,5.073870852356777e-06
real_portrait_portrait_074_P_pjzMeIbj8.jpg,false,,portrait,1.7692900655674748e-05
real_portrait_portrait_036_IHJtKBe9xNs.jpg,false,,portrait,9.860369027592242e-05
real_portrait_portrait_049_-lb-Wob1TeQ.jpg,false,,portrait,5.2676030463771895e-05
real_portrait_portrait_66_a_woman_holding_a_child_wrapped_in_a_towel_brushing_her_teet.jpg,false,,portrait,3.787650655340258e-07
real_portrait_portrait_54_the_young_boy_just_finished_eating_the_banana.jpg,false,,portrait,3.1324027531809406e-06
real_portrait_portrait_60_there_are_people_playing_a_soccer_game_on_the_field.jpg,false,,portrait,1.4793661648582201e-05
real_portrait_portrait_166_w-pEeDGN1w0.jpg,false,,portrait,0.001403923612087965
real_portrait_portrait_123_o1iV6Di2FX0.jpg,false,,portrait,5.98816995989182e-06
real_portrait_portrait_162_1kJy_HK3eGI.jpg,false,,portrait,6.37493867543526e-05
real_portrait_portrait_108_xz-qq9KNgwk.jpg,false,,portrait,3.856683542835526e-05
real_portrait_portrait_149_qj1vIzXOtYo.jpg,false,,portrait,4.052946223964682e-06
real_portrait_portrait_164_qk6CnpKNmVw.jpg,false,,portrait,2.2711261408403516e-05
real_portrait_portrait_131_rcXU8Tezb_k.jpg,false,,portrait,1.5202183476503706e-06
real_portrait_portrait_053_oKA8kDSZpCc.jpg,false,,portrait,1.0839056585609796e-06
real_portrait_portrait_066_bSNJ6R5Qrt4.jpg,false,,portrait,1.978457294171676e-05
real_portrait_portrait_120_WSxluGgdlFQ.jpg,false,,portrait,1.409996457368834e-06
real_portrait_portrait_169_-7JAEi4PhTU.jpg,false,,portrait,0.0013647309970110655
real_portrait_portrait_158_8kDx62gZRzk.jpg,false,,portrait,9.8338159659761e-06
real_portrait_portrait_052_FvrjfNKpITc.jpg,false,,portrait,5.162603997632687e-07
real_portrait_portrait_088_iMYRUK-oadw.jpg,false,,portrait,6.71606676405645e-06
real_portrait_portrait_154_fXik2Do-bB4.jpg,false,,portrait,3.464839392108843e-05
real_portrait_portrait_080_uOnxXwB3KNE.jpg,false,,portrait,6.775082965759793e-06
real_portrait_portrait_106_ZzNLsAPymuI.jpg,false,,portrait,6.055775884306058e-06
real_portrait_portrait_111_tEQV_wnx3U8.jpg,false,,portrait,6.775371002731845e-05
real_product_product_161_paw_7bdZ8Xg.jpg,false,,product,3.9423935959348455e-05
real_product_product_118_0ON2rLuvo5c.jpg,false,,product,6.136591309768846e-06
real_product_product_035_s9TJ2ncyLcQ.jpg,false,,product,0.00015372163034044206
real_product_product_162_iCW61HY_vjg.jpg,false,,product,4.3407948169260635e-07
real_product_product_039_AaRflAurGmg.jpg,false,,product,1.8017284673987888e-05
real_product_product_140_xRyL63AwZFE.jpg,false,,product,3.554191152943531e-06
real_product_product_067_IWOOT4ChLjM.jpg,false,,product,1.2357038031041157e-05
real_product_product_066_-jXsYZeA7tQ.jpg,false,,product,7.904987432993948e-05
real_product_product_70_a_young_woman_sitting_cross_legged_on_an_apartment_sofa.jpg,false,,product,1.8643067960510962e-05
real_product_product_115_a0dGKKDQUQ8.jpg,false,,product,0.00020631561346817762
real_product_product_130_BDFWZ3fLxrg.jpg,false,,product,0.00446242094039917
real_product_product_094_oZzoDW61aoM.jpg,false,,product,0.04573953524231911
real_product_product_077_oyr64kMIz98.jpg,false,,product,0.0004336888960096985
real_product_product_50_a_living_room_filled_with_furniture_and_decor.jpg,false,,product,8.407888344663661e-06
real_product_product_168_qsYM_gFgliw.jpg,false,,product,1.2041941772622522e-06
real_product_product_125_Re8T5DwoMic.jpg,false,,product,1.0313552593288478e-05
real_product_product_166_P_fMqU34A3I.jpg,false,,product,5.587015766650438e-05
real_product_product_046_G59UIKfHz6o.jpg,false,,product,0.002879985375329852
real_product_product_139_5JuLcub3dYg.jpg,false,,product,7.02633842593059e-05
real_product_product_058_fX8leXj8Q4o.jpg,false,,product,2.829156983352732e-06
real_product_product_087__vAuxGCAfjQ.jpg,false,,product,6.026796768310305e-07
real_product_product_078_1UFTd1eRamE.jpg,false,,product,1.9830322344205342e-05
real_product_product_80_kitchen_area_with_counter_top_space_and_dining_room_table.jpg,false,,product,1.2034192877763417e-06
real_product_product_81_a_pizza_sitting_on_top_of_a_plate_next_to_a_foil_bag_of_food.jpg,false,,product,4.0507913467990875e-07
real_product_product_60_three_laptop_computers_and_a_desktop_computer_sit_next_to_ea.jpg,false,,product,2.1506374991986377e-07
real_product_product_042_NydHbLFLoS8.jpg,false,,product,2.024829518632032e-05
real_product_product_050_udHDq62Dgpc.jpg,false,,product,5.317795512382872e-06
real_product_product_145_F7FhTijeOG8.jpg,false,,product,1.0256819223286584e-05
real_product_product_137_OmfMncXSshw.jpg,false,,product,0.0002711463312152773
real_product_product_041_iW1l64BMMR0.jpg,false,,product,1.0583670473351958e-06
real_product_product_103_i4Tv0A_n4EQ.jpg,false,,product,3.141727938782424e-05
real_product_product_073_m3MWJTeKGBg.jpg,false,,product,0.0002700673649087548
real_product_product_036_ww2S2eKgbKE.jpg,false,,product,8.844542026054114e-05
real_product_product_111_utu66oQU6vI.jpg,false,,product,5.5951950344024226e-05
real_product_product_68_a_woman_holding_a_cigarette_smiling_at_the_camera_on_a_sunny.jpg,false,,product,7.601731795148226e-07
real_product_product_045_00y8k1-0DlA.jpg,false,,product,0.0001233291841344908
real_product_product_63_a_picture_of_a_cluttered_home_office_desk.jpg,false,,product,2.721703253882879e-07
real_product_product_54_young_children_sharing_a_laptop_in_a_messy_room_with_several.jpg,false,,product,2.0437192915778724e-07
real_product_product_079_8LotN6HsaT4.jpg,false,,product,0.0010847740340977907
real_product_product_095_UaaqY7j09B8.jpg,false,,product,4.2910678530461155e-06
real_product_product_71_the_child_smiles_brightly_while_being_handed_a_pink_umbrella.jpg,false,,product,7.805041946085112e-07
real_product_product_101_G6ntxf-QoSI.jpg,false,,product,2.034819954133127e-05
real_product_product_66_a_woman_holding_up_a_large_carrot_in_a_backyard.jpg,false,,product,4.26406631959253e-06
real_product_product_099_s_IHISlORGo.jpg,false,,product,5.328070074028801e-06
real_product_product_069_3dVjKoVYgD0.jpg,false,,product,9.949278137355577e-06
real_product_product_061_nRVn-_k1uMI.jpg,false,,product,3.219555310352007e-06
real_product_product_64_a_cat_lying_down_in_a_sink_in_a_bathroom.jpg,false,,product,1.077003048521874e-06
real_product_product_049_9ouht2FSTDU.jpg,false,,product,0.03257213905453682
real_product_product_104_CoNkFbYZzBI.jpg,false,,product,3.879635642078938e-06
real_product_product_144_TE4vKu9w5lI.jpg,false,,product,5.868452603863261e-07
real_product_product_076_MhPJdWYWbWI.jpg,false,,product,5.713370683224639e-06
real_product_product_77_a_motorized_cart_fills_a_train_with_luggage.jpg,false,,product,2.419120392005425e-06
real_product_product_106_kF8pH4lMkyc.jpg,false,,product,8.851967322698329e-06
real_product_product_068_fUd_0iyYFVg.jpg,false,,product,3.058486618101597e-05
real_product_product_73_a_laptop_in_a_bright_yellow_coffee_house.jpg,false,,product,2.366638454986969e-06
real_product_product_127_EIH4dHgb6Tg.jpg,false,,product,9.609261724108364e-06
real_product_product_149_KBqiQ6coMcI.jpg,false,,product,1.5463422187167453e-06
real_product_product_72_a_group_of_people_are_reading_a_menu_at_the_table.jpg,false,,product,1.559588054078631e-05
real_product_product_085_Si69OZ_9tg0.jpg,false,,product,1.3963525589133496e-06
real_product_product_083_OAlYImdG1IQ.jpg,false,,product,0.00019024635548703372
real_product_product_141_92bRtruSyPU.jpg,false,,product,5.67470715395757e-06
real_product_product_117_vnCxhLnaxS8.jpg,false,,product,0.0003097047738265246
real_product_product_105_skF1azpN4rk.jpg,false,,product,3.0338730994117213e-06
real_product_product_072_9rWHrdJfZBw.jpg,false,,product,1.5834375517442822e-05
real_product_product_132_aJm2XW384QA.jpg,false,,product,3.5163142456440255e-05
real_product_product_057_AZiyMfuAum4.jpg,false,,product,1.4006529454491101e-05
real_product_product_097_g1MocwsEZhI.jpg,false,,product,3.11401936414768e-06
real_product_product_74_two_computers_sitting_on_top_of_a_desk.jpg,false,,product,0.000470283004688099
real_product_product_043_B8_YF4fjPwo.jpg,false,,product,7.753016689093783e-06
real_product_product_047_BXlSfmhVEzE.jpg,false,,product,5.69057410757523e-05
real_product_product_062_4Q4LpNP-UAs.jpg,false,,product,0.00020450379815883934
real_product_product_69_a_desk_with_a_cup_plate_laptop_monitor_and_keyboard.jpg,false,,product,2.0072143058769143e-07
real_product_product_133_5GibcyAX20Q.jpg,false,,product,0.0011397815542295575
real_product_product_170_z14hF-2ssM0.jpg,false,,product,9.364431025460362e-05
real_product_product_120_63EhFafADqI.jpg,false,,product,0.004712539259344339
real_product_product_086_vWR6FDWA5hk.jpg,false,,product,1.4898047083988786e-05
real_product_product_100_Pledx042HMI.jpg,false,,product,0.035607386380434036
real_product_product_053_AxdlcxaModc.jpg,false,,product,0.0010232842760160565
real_product_product_110_9yY6qj6N4Ek.jpg,false,,product,4.475759283195657e-07
real_product_product_138_gR8QukPoAvQ.jpg,false,,product,1.2807098755729385e-05
real_product_product_090_xepikEyPgmI.jpg,false,,product,6.617976032430306e-05
real_product_product_165_b2_pVdk4lGI.jpg,false,,product,1.047324303726782e-06
real_product_product_136_TH4Ug5gGgD8.jpg,false,,product,1.3075018614472356e-06
real_product_product_096_1CQjStL89kQ.jpg,false,,product,0.09174515306949615
real_product_product_52_a_room_with_a_desktop_computer_and_a_picture_of_a_mummy.jpg,false,,product,8.392863151129859e-07
real_product_product_044_P3BwhD8sa6M.jpg,false,,product,1.8745256966212764e-05
real_product_product_084__pA5RUGRPvg.jpg,false,,product,5.504306318471208e-05
real_product_product_153_CjcqO587KRI.jpg,false,,product,7.019553595455363e-05
real_product_product_071_XYq2hcSmakA.jpg,false,,product,1.5607221257596393e-06
real_product_product_129_bQjEEII7G5E.jpg,false,,product,1.3167566521588014e-06
real_product_product_164_pNRLVLA1gNU.jpg,false,,product,0.00020108313765376806
real_product_product_67_a_floor_filled_with_the_contents_of_a_womans_bag.jpg,false,,product,2.3217813577502966e-05
real_product_product_158_Ow4X45p6mIw.jpg,false,,product,0.00028666623984463513
real_product_product_123_T4xh5oV8LuY.jpg,false,,product,3.436001861700788e-05
real_product_product_147_Dx47EsVBnEo.jpg,false,,product,4.894382072961889e-05
real_product_product_148_UlNDzqInCXk.jpg,false,,product,9.179305379802827e-06
real_product_product_064_A_fBQe39A4k.jpg,false,,product,0.0005288537940941751
real_product_product_169_en-RjVJurms.jpg,false,,product,0.0007894766167737544
real_product_product_088_XLnkWVCPuoU.jpg,false,,product,5.948318721493706e-05
real_product_product_61_a_marine_that_is_looking_at_his_cell_phone.jpg,false,,product,4.859424279857194e-06
real_product_product_109_UuAs_sR4frs.jpg,false,,product,0.0017467461293563247
real_product_product_056_ZQm_wg8jxhI.jpg,false,,product,3.587728315324057e-06
real_product_product_052_Lwqv4tEIKOU.jpg,false,,product,3.5784921692538774e-06
real_product_product_093_MzFclBeMwSo.jpg,false,,product,0.00011455119238235056
real_product_product_082_gRPFfk_c0HE.jpg,false,,product,0.00035359920002520084
real_product_product_055_PMhYnFuj1ls.jpg,false,,product,2.7889577722817194e-06
real_product_product_152_eORbhX0F4_4.jpg,false,,product,3.790129085246008e-06
real_product_product_160_iwwMFnt1GTc.jpg,false,,product,0.00012525591591838747
real_product_product_75_a_computer_mouse_is_beside_a_notebook_computer.jpg,false,,product,9.539611767195311e-08
real_product_product_122_TVWBH7UHQ7Y.jpg,false,,product,5.1770084610325284e-06
real_product_product_070_LDlC-35X2uU.jpg,false,,product,5.838459401275031e-06
real_product_product_051_MdZFPwlWMYs.jpg,false,,product,3.6308711059973575e-06
real_product_product_060_RAmpnn20rmY.jpg,false,,product,2.27142281801207e-05
real_product_product_143_kVuPfz-3HKw.jpg,false,,product,1.5021425497252494e-05
real_product_product_034_VlgzxZZKQOQ.jpg,false,,product,2.362108716624789e-05
real_product_product_128_wk8ilTaXqw4.jpg,false,,product,0.0003668122226372361
real_product_product_82_a_crowd_of_people_with_umbrellas_on_a_street.jpg,false,,product,7.914039997558575e-06
real_product_product_119_0QP-0DUaCo4.jpg,false,,product,3.940873739338713e-06
real_product_product_159_AWWUNRA1KFw.jpg,false,,product,0.1017889678478241
real_product_product_57_a_big_fancy_glass_chandelier_hanging_in_a_small_kitchen.jpg,false,,product,3.728306637640344e-06
real_product_product_124_yb3hsmz4utg.jpg,false,,product,1.117021656682482e-05
real_product_product_78_a_woman_with_suitcases_waiting_for_a_train.jpg,false,,product,3.2725225196372776e-07
real_product_product_155_fSoJ_Kj59zs.jpg,false,,product,1.7998188923229463e-05
real_product_product_156_qiMmrWdYZfg.jpg,false,,product,1.2129247579650837e-06
real_product_product_121_mFFATULxMBU.jpg,false,,product,3.1737574772705557e-06
real_product_product_134_n1bbNrNSJH8.jpg,false,,product,7.022011413937435e-05
real_product_product_074_y26NHYSTZRk.jpg,false,,product,1.3555292071032454e-06
real_product_product_135_YZIdz19jhqs.jpg,false,,product,5.304142973727721e-07
real_product_product_58_a_beautiful_woman_taking_a_picture_with_her_smart_phone.jpg,false,,product,5.218176397647767e-07
real_product_product_51_a_group_of_people_walking_across_a_busy_city_street.jpg,false,,product,1.7481521354056895e-05
real_product_product_098_pkfwwofpNUw.jpg,false,,product,0.2987797260284424
real_product_product_081_e6z6DVc_JqQ.jpg,false,,product,1.4374880265677348e-05
real_product_product_76_a_man_in_a_gray_shirt_holds_his_phone_as_he_sits_by_a_man_in.jpg,false,,product,1.132662987402e-06
real_product_product_037_sxh5dE2bD50.jpg,false,,product,3.972740887547843e-05
real_product_product_091_kcy3tHgHpcs.jpg,false,,product,0.003053027670830488
real_product_product_048__CSr-_ZICSY.jpg,false,,product,9.929607767844573e-05
real_product_product_167_xWeSCy5BdfI.jpg,false,,product,0.00022411849931813776
real_product_product_107_xVptEZzgVfo.jpg,false,,product,0.5386779308319092
real_product_product_151_ICAxsNRt_WM.jpg,false,,product,9.69116899796063e-06
real_product_product_038_3Cgmcux-cpY.jpg,false,,product,3.987961827078834e-05
real_product_product_56_two_computer_monitors_are_turned_on_on_a_computer_desk.jpg,false,,product,3.6276000514590123e-07
real_product_product_054_eAaoUuAMb7M.jpg,false,,product,1.6408956071245484e-05
real_product_product_163_r1BS0pzlr1M.jpg,false,,product,2.0138948457315564e-05
real_product_product_108_5GKdpmo0wI8.jpg,false,,product,1.0013205610448495e-05
real_product_product_112_aokIiOCtnXk.jpg,false,,product,4.502123374550138e-06
real_product_product_62_a_few_different_computers_are_placed_on_the_desk.jpg,false,,product,6.165451850392856e-06
real_product_product_102_kjfdacDML9M.jpg,false,,product,1.908968079078477e-05
real_product_product_150_kFDyajOyqTA.jpg,false,,product,1.2918885659018997e-05
real_product_product_59_a_refrigerator_next_to_a_red_wall_in_the_kitchen.jpg,false,,product,2.7203952868148917e-06
real_product_product_059_Lcqz6UUKXRU.jpg,false,,product,4.232206720189424e-06
real_product_product_089_IYvYz0j7zpA.jpg,false,,product,0.000313055730657652
real_product_product_092_7QyUPe30vqU.jpg,false,,product,2.788973915812676e-06
real_product_product_116_xUpbmUINv9o.jpg,false,,product,2.7299613066134043e-05
real_product_product_142_oNte8riFdX0.jpg,false,,product,4.0323648136109114e-05
real_product_product_146_wW1raPiIJIU.jpg,false,,product,6.698605284327641e-05
real_product_product_79_a_group_of_commuters_standing_around_a_train_station.jpg,false,,product,0.003075976623222232
real_product_product_126_MHBJeSSQfx8.jpg,false,,product,7.775087169648032e-07
real_product_product_065_Yu-xv5OzGgo.jpg,false,,product,1.9762962892855285e-06
real_product_product_113_pOCcShZwNcs.jpg,false,,product,8.614346734248102e-05
real_product_product_075_MUv_7l-GRKU.jpg,false,,product,2.8895919967908412e-05
real_product_product_55_there_is_a_lap_top_computer_on_the_desk.jpg,false,,product,7.427090764622335e-08
real_product_product_157_fVIiTknYim8.jpg,false,,product,9.898787538986653e-05
real_product_product_65_people_laying_in_chairs_walking_and_playing_in_the_water_on.jpg,false,,product,3.211730756902398e-07
real_product_product_154_nwhqGZ5DcOY.jpg,false,,product,1.6795833289506845e-05
real_product_product_080_QESicPqs_XE.jpg,false,,product,3.1583558666170575e-06
real_product_product_063_cD_obz7W774.jpg,false,,product,0.0029740738682448864
real_product_product_53_a_woman_walking_next_to_a_man_riding_a_pink_bike.jpg,false,,product,0.0037907410878688097
real_product_product_131_F-e4-hd1-oA.jpg,false,,product,0.0006281562964431942
real_product_product_040_uWrLpDAT81g.jpg,false,,product,6.8499457483994775e-06
real_product_product_114_vGhpfizChpY.jpg,false,,product,8.363886990991887e-06
real_food_food_084_-BSvBlnCvUU.jpg,false,,food,2.58844056588714e-06
real_food_food_58_man_cutting_a_cake_on_the_table_in_the_kitchen.jpg,false,,food,8.396025350521086e-07
real_food_food_035_91czTE5wmCg.jpg,false,,food,2.7010046323994175e-05
real_food_food_039_pGCwAAk04BU.jpg,false,,food,0.0002270444529131055
real_food_food_157_-dm8WfhnQU4.jpg,false,,food,3.3792766771512106e-05
real_food_food_141_MUdGuohE-Mk.jpg,false,,food,0.02474776655435562
real_food_food_159_K3q1KVUeGQY.jpg,false,,food,8.166194311343133e-05
real_food_food_117_dv5SSMfXbs4.jpg,false,,food,3.7493296986212954e-05
real_food_food_131_l8Y9fVgxrEE.jpg,false,,food,2.3212530777527718e-06
real_food_food_170_rDLBArZUl1c.jpg,false,,food,7.608534815517487e-07
real_food_food_123_49EKj06dQCc.jpg,false,,food,9.943102668330539e-06
real_food_food_155_h5yMpgOI5nI.jpg,false,,food,6.92261237418279e-05
real_food_food_165_9PDBbyJc2eE.jpg,false,,food,5.29279623151524e-06
real_food_food_063_bgHJL294VVY.jpg,false,,food,4.8336564759665634e-06
real_food_food_118_xXIRSZmzvU8.jpg,false,,food,7.768819159537088e-06
real_food_food_037_dQIcaRtNZtQ.jpg,false,,food,3.7806094042025506e-05
real_food_food_110_o8PCoxDO8PQ.jpg,false,,food,1.8243541489937343e-05
real_food_food_59_a_white_plate_with_some_food_and_two_trays_of_sauce.jpg,false,,food,2.1861606001039036e-05
real_food_food_81_a_table_topped_with_plates_bowls_and_containers_of_food.jpg,false,,food,0.00025172982714138925
real_food_food_056_qw6_11-Ob48.jpg,false,,food,2.423241312499158e-05
real_food_food_169_T5Pm7ZId3sc.jpg,false,,food,0.004594661761075258
real_food_food_048_BxY-nv-RBsA.jpg,false,,food,8.417043136432767e-05
real_food_food_036_HkaSi5Fvc0s.jpg,false,,food,4.250736765243346e-06
real_food_food_077_LOdAL10JejI.jpg,false,,food,0.00027603181661106646
real_food_food_069_av5GTf-KxcI.jpg,false,,food,1.4790841305512004e-05
real_food_food_152_gDwonOrdh0Q.jpg,false,,food,2.351259581701015e-06
real_food_food_68_a_bunch_of_oranges_are_sitting_in_a_clear_fruit_bowl.jpg,false,,food,0.0007916575414128602
real_food_food_167_3Vr4qQvQn34.jpg,false,,food,0.00011783591617131606
real_food_food_163_vExD0Y0Aei0.jpg,false,,food,2.575079088273924e-05
real_food_food_151_FyDHcvRi3QI.jpg,false,,food,2.4269447749247774e-06
real_food_food_135_jdcifvdsJZg.jpg,false,,food,5.213702479522908e-06
real_food_food_57_the_meal_of_fish_has_a_side_of_broccoli.jpg,false,,food,1.1931651897612028e-06
real_food_food_164_1Uqr_jqi3c4.jpg,false,,food,1.6307725445585675e-06
real_food_food_072_t1_BuMsRRsI.jpg,false,,food,2.539758270359016e-06
real_food_food_096_JVd2FchPjCg.jpg,false,,food,2.5881272449623793e-06
real_food_food_114_ozVQrfENFOs.jpg,false,,food,2.2552325390279293e-05
real_food_food_78_three_round_plates_filled_with_artistically_presented_food.jpg,false,,food,2.388395330399362e-07
real_food_food_051_GCEK8Jo_vGM.jpg,false,,food,7.977623681654222e-06
real_food_food_130_QYU_U2wXxig.jpg,false,,food,2.9263669603096787e-06
real_food_food_089_sp2lfKOUzAM.jpg,false,,food,6.149740511318669e-05
real_food_food_52_a_kitchen_that_has_a_table_and_a_chair.jpg,false,,food,4.128030468564248e-06
real_food_food_149_G8qVZEiyCJU.jpg,false,,food,1.3983652934257407e-05
real_food_food_078_tz0moLxAMCc.jpg,false,,food,9.13946564651269e-07
real_food_food_080_zyLgpFi4Tvg.jpg,false,,food,1.6189613916139933e-06
real_food_food_068_aFa_Fu12bj8.jpg,false,,food,0.0057664597406983376
real_food_food_050_M5kI-5OFviE.jpg,false,,food,1.005050762614701e-06
real_food_food_034_dY7ONzZzoU8.jpg,false,,food,2.682207025372918e-07
real_food_food_143_1fxcQYy5OXc.jpg,false,,food,1.4373442809301196e-06
real_food_food_148_6dC5tYPiD2s.jpg,false,,food,9.558568763168296e-07
real_food_food_64_a_kitchen_with_a_bright_window_and_house_plants.jpg,false,,food,2.3733052501029306e-07
real_food_food_046_YQPTf86GvpM.jpg,false,,food,0.0012782149715349078
real_food_food_052_n5Wvn6wU1Xw.jpg,false,,food,5.379861818255449e-07
real_food_food_80_a_lot_of_food_that_are_in_some_baskets.jpg,false,,food,2.313328423042549e-06
real_food_food_124_hhZDn50B17c.jpg,false,,food,0.0001102882597479038
real_food_food_139_8v38azmFYr8.jpg,false,,food,0.0006181964999996126
real_food_food_094_9oUL0x_puck.jpg,false,,food,5.228497457210324e-07
real_food_food_075_SidputyP-eE.jpg,false,,food,4.910272400593385e-05
real_food_food_053_rf0XgpH-2ao.jpg,false,,food,2.5360843665112043e-06
real_food_food_67_a_person_adjusting_a_metal_object_hanging_from_a_ceiling.jpg,false,,food,1.1120483804916148e-06
real_food_food_53_a_group_of_people_sitting_around_a_table_filled_with_food.jpg,false,,food,1.162596959147777e-06
real_food_food_104_0byawXfQl5c.jpg,false,,food,7.091933639458148e-06
real_food_food_125_NNddPCQDhyw.jpg,false,,food,1.6602645700913854e-05
real_food_food_128_GVxJRsudSIU.jpg,false,,food,6.479659350588918e-05
real_food_food_079_POg3Z47YPkM.jpg,false,,food,6.764802674297243e-05
real_food_food_72_a_newly_married_couple_sharing_a_piece_of_there_wedding_cake.jpg,false,,food,3.90764080293593e-06
real_food_food_055_dSZQC7vVf5M.jpg,false,,food,6.15474800724769e-06
real_food_food_54_two_birds_preparing_to_eat_food_off_of_a_plate_that_was_left.jpg,false,,food,5.0496669246058445e-06
real_food_food_138_E1ZwXiBD7LA.jpg,false,,food,3.7357774544943823e-06
real_food_food_147_cRPz6-ryzSg.jpg,false,,food,5.906791216148122e-07
real_food_food_054_mV4oTSZR4eA.jpg,false,,food,4.156351133133285e-05
real_food_food_62_a_man_that_is_sitting_down_on_a_bench_in_front_of_a_table.jpg,false,,food,7.101768346728932e-07
real_food_food_61_food_on_a_train_with_a_pie_and_some_vegetable.jpg,false,,food,7.1763311098038685e-06
real_food_food_50_bride_and_grooms_arms_cutting_the_wedding_cake_with_fruit_on.jpg,false,,food,2.606342093258718e-07
real_food_food_56_a_breakfast_plate_with_toast_vegetables_eggs_and_meat.jpg,false,,food,8.387925731767609e-07
real_food_food_038_eD3gkNVlm94.jpg,false,,food,1.3344234730539029e-06
real_food_food_132_ONeUTPIkoEs.jpg,false,,food,1.0806812724695192e-06
real_food_food_093_7DpEKohpOhQ.jpg,false,,food,1.862037788669113e-05
real_food_food_137_AELjKcCaNSk.jpg,false,,food,5.856610982846178e-07
real_food_food_070_4l5BlL6OX7A.jpg,false,,food,0.0008195032714866102
real_food_food_090_YwH212PJk0Q.jpg,false,,food,9.678737114882097e-06
real_food_food_121_xd0g61tGBgc.jpg,false,,food,1.2863375786764664e-06
real_food_food_133_PMOAfRP_kLI.jpg,false,,food,4.6528161874448415e-06
real_food_food_150_tIvWsbppj5k.jpg,false,,food,1.1688359791151015e-06
real_food_food_059_ELISIYFi-ws.jpg,false,,food,4.6708564127584395e-07
real_food_food_140_PBXZSIQ0XTg.jpg,false,,food,1.4936650813979213e-06
real_food_food_75_a_group_of_people_that_are_standing_in_front_of_a_island.jpg,false,,food,0.013817016035318375
real_food_food_062_JZ5WREw9664.jpg,false,,food,9.821415005717427e-05
real_food_food_098__WuZ9cOPc6M.jpg,false,,food,6.365505100802693e-07
real_food_food_044_s-4i34Z07To.jpg,false,,food,5.029961357649881e-06
real_food_food_064_cuaxqIA_pk0.jpg,false,,food,1.5894356693024747e-06
real_food_food_074_v9MpHbQimqY.jpg,false,,food,0.00019217748194932938
real_food_food_156_XU1-sAMZFqc.jpg,false,,food,1.6734700238885125e-06
real_food_food_120_raakZHcgWWw.jpg,false,,food,0.00017433293396607041
real_food_food_060_dUeD4im5YSQ.jpg,false,,food,3.084140917053446e-05
real_food_food_145_aw47u5DHXEg.jpg,false,,food,1.9836227238556603e-06
real_food_food_058_ue4AfKGEQoA.jpg,false,,food,3.0768305805395357e-06
real_food_food_127_OKT6Ce9fwqI.jpg,false,,food,3.589722473407164e-05
real_food_food_067_3OSiYv09hhs.jpg,false,,food,2.2979887944529764e-05
real_food_food_168_sFPxZsn8cwU.jpg,false,,food,8.524242502971902e-07
real_food_food_091_nrfSpR3_4yE.jpg,false,,food,2.5153647129627643e-06
real_food_food_144_YvEGiuPZ0Sg.jpg,false,,food,0.001006228500045836
real_food_food_107_f87RdAQSoJk.jpg,false,,food,1.1530019037309103e-06
real_food_food_126_AgWVcQz1bOA.jpg,false,,food,1.775739178810909e-06
real_food_food_158_j1KUsXahuXk.jpg,false,,food,2.2858146166981896e-06
real_food_food_049_BPsqF6C_Ou8.jpg,false,,food,3.0501529181492515e-05
real_food_food_042_pyFWN-TrXvk.jpg,false,,food,6.362643489410402e-06
real_food_food_111_GlWOWrJXk5s.jpg,false,,food,1.0226640370092355e-05
real_food_food_71_belgium_waffle_loaded_with_bananas_topped_with_powdered_suga.jpg,false,,food,1.5322511899285018e-06
real_food_food_092_69P8Y4ErG0Y.jpg,false,,food,0.000104251601442229
real_food_food_73_a_plate_with_bacon_eggs_and_hamburger_topped_with_bananas.jpg,false,,food,1.0816185067596962e-06
real_food_food_076_IrM6Fvhmc9k.jpg,false,,food,9.237906851922162e-06
real_food_food_136_ZHW1qo-VRXM.jpg,false,,food,2.3424906885338714e-06
real_food_food_083_HgoEnDWOGrA.jpg,false,,food,0.10508916527032852
real_food_food_109_HbQj2RAanTs.jpg,false,,food,4.564961636788212e-05
real_food_food_043_siHk8IfK_Ec.jpg,false,,food,0.00012843711010646075
real_food_food_113_n2sQQ6XjqfE.jpg,false,,food,0.011057686060667038
real_food_food_82_a_kitchen_with_a_center_white_island_topped_with_a_bowl_of_g.jpg,false,,food,2.3059443776674016e-07
real_food_food_51_a_bowl_of_some_broccoli_that_is_chopped.jpg,false,,food,2.4903713438106934e-06
real_food_food_154_VpjPHuFAI-4.jpg,false,,food,7.952771557029337e-05
real_food_food_162_f4GdYFpUyH8.jpg,false,,food,1.6005808447516756e-06
real_food_food_045_iRVq6avVGDE.jpg,false,,food,4.185123179922812e-05
real_food_food_129_3P0BmvFk5rg.jpg,false,,food,3.7090316595822515e-07
real_food_food_74_a_sandwich_with_nachos_and_a_salad_on_a_plate.jpg,false,,food,1.5350519788626116e-06
real_food_food_071_9cH-uVU__0c.jpg,false,,food,4.593410380948626e-07
real_food_food_79_a_tray_of_various_foods_next_to_drinks_on_a_table.jpg,false,,food,1.376859586343926e-07
real_food_food_115_YjJFJDai9zg.jpg,false,,food,0.00038152336492203176
real_food_food_100_OSwea3yxjT0.jpg,false,,food,4.0858753891370725e-06
real_food_food_088_QPKJZvqMaDs.jpg,false,,food,0.0001002400167635642
real_food_food_040_a7nzCe8FlT4.jpg,false,,food,1.003408215183299e-06
real_food_food_108_ixC7gmLcKaQ.jpg,false,,food,0.014365926384925842
real_food_food_63_a_man_preparing_food_in_a_restaurant_kitchen.jpg,false,,food,4.4648842845163017e-07
real_food_food_066_s0oNVwpU9NE.jpg,false,,food,2.072442657663487e-05
real_food_food_134_T-tgZmKFRZU.jpg,false,,food,1.8326696817894117e-06
real_food_food_161_AX8z0xXzrUo.jpg,false,,food,1.8406622984912246e-05
real_food_food_69_a_scene_of_an_apartment_with_a_dining_table_and_a_couple_of.jpg,false,,food,2.5786866899579763e-05
real_food_food_073_kswmO8BRzQQ.jpg,false,,food,5.562709702644497e-06
real_food_food_66_a_plate_of_bananas_and_sliced_oranges_covered_in_butterflies.jpg,false,,food,1.4067840311327018e-05
real_food_food_102_DuObvMLmc8M.jpg,false,,food,7.627273134858115e-06
real_food_food_097_jT86IpheR2w.jpg,false,,food,8.680678729433566e-05
real_food_food_103_Fff5ve-rGVA.jpg,false,,food,0.0010061128996312618
real_food_food_081_lgvvFFplBHw.jpg,false,,food,7.645064215466846e-06
real_food_food_041_qDdv33C-BSw.jpg,false,,food,2.3477159629692324e-05
real_food_food_085_WT_nZUfAmBc.jpg,false,,food,4.90681213705102e-06
real_food_food_047_qpZlQ8IIghI.jpg,false,,food,0.008453757502138615
real_food_food_160_uRqMI5Nw4Yc.jpg,false,,food,0.002128095831722021
real_food_food_065_Q5QspluNZmM.jpg,false,,food,7.713016202615108e-06
real_food_food_119_47urRDhCphA.jpg,false,,food,2.366780563534121e-06
real_food_food_095_WY_EKY3taJE.jpg,false,,food,1.5097839423106052e-06
real_food_food_087_oYllk_NdgA0.jpg,false,,food,2.85084515780909e-05
real_food_food_061_DCZGNIZjz_Q.jpg,false,,food,0.0220380537211895
real_food_food_65_a_small_bowl_of_fruit_on_a_table.jpg,false,,food,5.672337465512101e-06
real_food_food_76_three_bowls_filled_with_vegetables_on_top_of_a_table.jpg,false,,food,1.1890291489180527e-06
real_food_food_146_fv7ttjeTgyM.jpg,false,,food,2.965769454021938e-05
real_food_food_70_a_sandwich_sitting_on_top_of_a_pile_of_fries.jpg,false,,food,4.3377903580221755e-07
real_food_food_099_gyaPIZZjV_A.jpg,false,,food,1.757568611537863e-06
real_food_food_057_v8-cAH5cmTU.jpg,false,,food,6.45072805127711e-06
real_food_food_77_a_bowl_that_has_soup_and_a_spoon_in_it.jpg,false,,food,0.12200547009706497
real_food_food_166_lZ98dwbkTws.jpg,false,,food,3.3556420930835884e-06
real_food_food_082_w-LpijUp8yw.jpg,false,,food,2.731474978645565e-06
real_food_food_101_OZhdQm_OjX4.jpg,false,,food,1.1969043498538667e-06
real_food_food_153_Rh8vxWHc5DA.jpg,false,,food,0.00249595008790493
real_food_food_112_T8I3UuK-QXY.jpg,false,,food,6.221925559657393e-06
real_food_food_106_0b4sfNTqBLU.jpg,false,,food,7.163366535678506e-05
real_food_food_105_jCTo3MAtzjA.jpg,false,,food,1.2791762173947063e-06
real_food_food_122_4Y_bVu4j0cA.jpg,false,,food,2.070336813631002e-05
real_food_food_142_YY5uHzZV6Wo.jpg,false,,food,2.9763545171590522e-05
real_food_food_086_lz8rih2cNJQ.jpg,false,,food,3.943076535506407e-06
real_food_food_55_a_beautiful_dessert_waiting_to_be_shared_by_two_people.jpg,false,,food,2.673600363323203e-07
real_food_food_116_dpQqhZRyF7w.jpg,false,,food,2.0677223346865503e-06
real_food_food_60_two_computers_sitting_on_top_of_a_desk.jpg,false,,food,0.000470283004688099
real_animal_animal_141_L79Jcm80Y3U.jpg,false,,animal,0.0001264901366084814
real_animal_animal_050_CBK17BPteJE.jpg,false,,animal,3.03791730402736e-05
real_animal_animal_044_7pMTQP_kIhg.jpg,false,,animal,3.739245130418567e-06
real_animal_animal_132_J4DL0onKVng.jpg,false,,animal,1.3347122148843482e-05
real_animal_animal_50_a_calico_cat_drinking_from_a_sink_faucet.jpg,false,,animal,1.5094612990651513e-06
real_animal_animal_142_ScLYGfuCqQg.jpg,false,,animal,1.3479580957209691e-05
real_animal_animal_061_KKK-mavLRIY.jpg,false,,animal,0.001109993550926447
real_animal_animal_131_NoNqa205O40.jpg,false,,animal,0.00010437971650389954
real_animal_animal_163_ujOHucbnC94.jpg,false,,animal,4.569128122966504e-06
real_animal_animal_058_UsDyOmKQjzo.jpg,false,,animal,6.35535761830397e-05
real_animal_animal_118_O-dnv951XTY.jpg,false,,animal,2.5150914098048816e-06
real_animal_animal_124_idMSI66-1NQ.jpg,false,,animal,2.166854983443045e-06
real_animal_animal_69_a_couple_of_people_that_are_biking_down_a_road.jpg,false,,animal,0.0027419286780059338
real_animal_animal_089_4KV3SKyHNjE.jpg,false,,animal,6.126369953562971e-06
real_animal_animal_61_a_dog_laying_down_licking_food_off_of_a_plate.jpg,false,,animal,3.661840992208454e-06
real_animal_animal_140_bj7ALDr6E-o.jpg,false,,animal,1.0508205377846025e-05
real_animal_animal_097_sCgBFOArERk.jpg,false,,animal,1.1424371223256458e-05
real_animal_animal_054_Qv8NgYRjSn4.jpg,false,,animal,0.0013546342961490154
real_animal_animal_082_hvkcofV0bvw.jpg,false,,animal,1.1488657946756575e-05
real_animal_animal_107_4rezxlfTrGA.jpg,false,,animal,3.2437856134492904e-06
real_animal_animal_126_IOvOeZRGanM.jpg,false,,animal,1.4222985555534251e-05
real_animal_animal_127_4sMVrh8-S1g.jpg,false,,animal,0.0053660208359360695
real_animal_animal_078_YzfCevgzsPI.jpg,false,,animal,4.13666521126288e-06
real_animal_animal_062_J7X_npgVujU.jpg,false,,animal,0.0003051629464607686
real_animal_animal_53_bird_sits_atop_cattle_on_snow_covered_field.jpg,false,,animal,3.1492425023316173e-06
real_animal_animal_096_nvDnfWuSyD8.jpg,false,,animal,3.285365164629184e-05
real_animal_animal_048_YvYBOSiBJE8.jpg,false,,animal,4.050821189593989e-06
real_animal_animal_038_CiacXjCwb3g.jpg,false,,animal,7.0777441578684375e-06
real_animal_animal_103__GQCzeh1oWk.jpg,false,,animal,3.736665166798048e-05
real_animal_animal_115_qvkA4FMTNKo.jpg,false,,animal,2.1516004835575586e-06
real_animal_animal_150_eNi9DGpVYWk.jpg,false,,animal,1.599212919245474e-05
real_animal_animal_037_j3JAI9KXJ-c.jpg,false,,animal,9.760582315720967e-07
real_animal_animal_071_zjKxb4xhBXc.jpg,false,,animal,0.042847100645303726
real_animal_animal_064_uLMM6TyPfGw.jpg,false,,animal,0.0004062757652718574
real_animal_animal_152_JkVNRBpFSK8.jpg,false,,animal,1.2410303042997839e-06
real_animal_animal_145_Qtg_270Aa_I.jpg,false,,animal,5.788810540252598e-06
real_animal_animal_060_lZts59erQVw.jpg,false,,animal,0.00016415993741247803
real_animal_animal_114_J0-ZaraetTE.jpg,false,,animal,5.6185103858297225e-06
real_animal_animal_79_a_herd_of_cattle_and_zebra_standing_next_to_each_other_on_a.jpg,false,,animal,5.561665147979511e-06
real_animal_animal_047_uHHA_YklxMc.jpg,false,,animal,2.8119042326579802e-05
real_animal_animal_036_xlTolOtNLZM.jpg,false,,animal,6.531679446197813e-06
real_animal_animal_169_rxFkfMJL9tw.jpg,false,,animal,1.824543869588524e-05
real_animal_animal_074_TfakEsc83HU.jpg,false,,animal,0.00014034246851224452
real_animal_animal_138_t5rBtxLiHj8.jpg,false,,animal,1.2578544556163251e-05
real_animal_animal_049_nwaiAiHAVEY.jpg,false,,animal,7.673062100366224e-06
real_animal_animal_043_Dv45FbzLiik.jpg,false,,animal,2.066679371637292e-06
real_animal_animal_091_yRdK7ijQPNw.jpg,false,,animal,2.518016117392108e-05
real_animal_animal_053_CACQDEJknBs.jpg,false,,animal,4.629614068107912e-06
real_animal_animal_170_P6s8EbcSgmA.jpg,false,,animal,8.457876538159326e-05
real_animal_animal_166_jh6YaoB0TBw.jpg,false,,animal,1.7536925952299498e-05
real_animal_animal_144_ihivSSUOpno.jpg,false,,animal,1.1839570106531028e-05
real_animal_animal_158_fkxUyu6F2L8.jpg,false,,animal,0.00010066724644275382
real_animal_animal_046_88Kt5KHUe_8.jpg,false,,animal,0.0004477062029764056
real_animal_animal_73_a_small_motor_bike_outside_of_the_garage.jpg,false,,animal,2.861996222236485e-07
real_animal_animal_108_JNHrBVfdT_A.jpg,false,,animal,0.0001480703940615058
real_animal_animal_151_8LPgWfHgcMg.jpg,false,,animal,2.1938990357739385e-06
real_animal_animal_075_PA3F7YWHUPM.jpg,false,,animal,3.0675428206450306e-06
real_animal_animal_041_-96qBKyFefQ.jpg,false,,animal,5.68172472412698e-05
real_animal_animal_095_iuoIlOvTa6g.jpg,false,,animal,8.852718747220933e-05
real_animal_animal_139_i80SbIDgFf8.jpg,false,,animal,2.022605258389376e-06
real_animal_animal_092_mg-k04n58xY.jpg,false,,animal,6.63851824356243e-05
real_animal_animal_068_ZBR7NAYRR4M.jpg,false,,animal,1.4668505173176527e-05
real_animal_animal_083_2QHHOAPI--I.jpg,false,,animal,8.781839278526604e-05
real_animal_animal_143_7xYdOPDfNcE.jpg,false,,animal,0.00015629681001883
real_animal_animal_094_bmwUCv0wMIU.jpg,false,,animal,0.0031637586653232574
real_animal_animal_70_a_street_scene_with_a_person_on_a_motorcycle.jpg,false,,animal,2.2665949472866487e-06
real_animal_animal_56_a_flock_of_goats_and_some_men_watching_them.jpg,false,,animal,3.51010930899065e-05
real_animal_animal_123_o-c4UrB0WBA.jpg,false,,animal,2.5691620066936594e-06
real_animal_animal_066_rh7KA6jVJFM.jpg,false,,animal,2.7909753043786623e-05
real_animal_animal_134_GVe30cQ8CWU.jpg,false,,animal,9.082206815946847e-06
real_animal_animal_160_A_unG6e0Cug.jpg,false,,animal,7.465724593203049e-06
real_animal_animal_070_iY8qBtToC0o.jpg,false,,animal,6.571504400199046e-06
real_animal_animal_111_22_r4pgeL28.jpg,false,,animal,1.4403587556444108e-05
real_animal_animal_113_knB89oNur0A.jpg,false,,animal,0.0032419608905911446
real_animal_animal_78_a_giraffe_standing_in_a_field_next_to_a_fence.jpg,false,,animal,9.340031101601198e-05
real_animal_animal_063_oajraKUY0uQ.jpg,false,,animal,1.62098731379956e-05
real_animal_animal_155_85YNg0KtSPw.jpg,false,,animal,8.451170288026333e-06
real_animal_animal_056_Nzzk-pOcqvA.jpg,false,,animal,1.5487476048292592e-05
real_animal_animal_161_f3Os5oCc874.jpg,false,,animal,0.00010433912393637002
real_animal_animal_067_KmmVj3LY4lA.jpg,false,,animal,1.0367290315116406e-06
real_animal_animal_60_a_grouping_of_zebras_in_a_pen_next_to_a_giraffe.jpg,false,,animal,2.4774757548584603e-05
real_animal_animal_133_nzPivGosPIQ.jpg,false,,animal,3.5860998650605325e-06
real_animal_animal_122_t81H__wdxlc.jpg,false,,animal,1.806336740628467e-06
real_animal_animal_098_RMj_T-DMgDA.jpg,false,,animal,1.51281819853466e-05
real_animal_animal_077_vVh9BUJIizQ.jpg,false,,animal,0.00015295096090994775
real_animal_animal_087__qLFof8-Loo.jpg,false,,animal,9.226243378179788e-07
real_animal_animal_088_1tXeMpkssik.jpg,false,,animal,7.473407777069951e-07
real_animal_animal_164_wAP_IBPhn-4.jpg,false,,animal,2.0178099475742783e-06
real_animal_animal_76_a_dog_is_tied_to_a_fire_hydrant.jpg,false,,animal,8.971467650553677e-06
real_animal_animal_080_49TMUrNQDQ0.jpg,false,,animal,0.0013097752816975117
real_animal_animal_75_a_family_of_giraffes_by_a_few_zebras_and_a_gazelle.jpg,false,,animal,1.9766543118748814e-05
real_animal_animal_085_U9frYiUp1Qg.jpg,false,,animal,0.00012710737064480782
real_animal_animal_100_PJTfOzSo8fQ.jpg,false,,animal,8.322640496771783e-06
real_animal_animal_51_a_bunch_of_sheep_in_the_snow_behind_a_barbed_wire_fence.jpg,false,,animal,1.3506385130312992e-06
real_animal_animal_072_eX45lve1DIo.jpg,false,,animal,1.2402080074025434e-06
real_animal_animal_105_DORi0W_afqk.jpg,false,,animal,7.250843054862344e-07
real_animal_animal_148_Xr4TYgSEXqQ.jpg,false,,animal,2.205545206379611e-05
real_animal_animal_65_a_cats_sits_on_the_table_with_a_dog_outside.jpg,false,,animal,9.43955228649429e-07
real_animal_animal_102_Cl8iDlk008c.jpg,false,,animal,9.592566811988945e-07
real_animal_animal_147_nlF8qaFWI0w.jpg,false,,animal,6.151227353257127e-06
real_animal_animal_63_rear_view_mirror_reflection_showing_a_dog_in_the_back_seat.jpg,false,,animal,1.7704140191199258e-05
real_animal_animal_045_eo93HAoalwQ.jpg,false,,animal,0.006456275936216116
real_animal_animal_77_a_herd_of_sheep_standing_next_to_each_other_on_dirt_ground.jpg,false,,animal,5.585599865298718e-06
real_animal_animal_081_TNMOJYUteDU.jpg,false,,animal,8.848380821291357e-05
real_animal_animal_64_a_dog_following_a_man_on_his_horse_in_a_field.jpg,false,,animal,0.0026211317162960768
real_animal_animal_120_EdlNaRhg9ik.jpg,false,,animal,7.977615496201906e-06
real_animal_animal_052_tmrQPLJpBrk.jpg,false,,animal,9.949676496034954e-06
real_animal_animal_129_IwiaImVNcQU.jpg,false,,animal,3.493792246445082e-05
real_animal_animal_042_1qT-zMTRFp0.jpg,false,,animal,0.0008147854241542518
real_animal_animal_74_a_cat_standing_on_the_edge_of_a_sink_drink_water.jpg,false,,animal,4.613113560480997e-05
real_animal_animal_125_snhqHThkCRE.jpg,false,,animal,1.1883234947163146e-05
real_animal_animal_153_FBOP5an6h74.jpg,false,,animal,5.899752977711614e-06
real_animal_animal_66_a_bunch_of_sheep_make_their_way_through_the_crowded_city_str.jpg,false,,animal,4.818546699425497e-07
real_animal_animal_168_g9M46POadWU.jpg,false,,animal,5.8181435633741785e-06
real_animal_animal_101_iQC6u4ejuGE.jpg,false,,animal,4.1253766539739445e-05
real_animal_animal_57_a_cat_walking_through_a_kitchen_by_a_eating_tray.jpg,false,,animal,2.1624363455430284e-07
real_animal_animal_149_E12vXZq9AZA.jpg,false,,animal,5.17618855155888e-06
real_animal_animal_156_yiwB58St4bE.jpg,false,,animal,2.5277247459598584e-06
real_animal_animal_093_mYxtYpSJvbw.jpg,false,,animal,5.148049240233377e-06
real_animal_animal_165_PChlguQgbCw.jpg,false,,animal,1.2692457858065609e-06
real_animal_animal_62_a_cat_eating_a_bird_it_has_caught.jpg,false,,animal,9.730472811497748e-06
real_animal_animal_084_QRzQlECEbsk.jpg,false,,animal,0.0005663353949785233
real_animal_animal_109_P6InS7LxUS4.jpg,false,,animal,7.608805844938615e-06
real_animal_animal_121_ZOGamuDrPJw.jpg,false,,animal,2.8635206035687588e-05
real_animal_animal_81_three_sheep_are_grazing_in_the_field_next_to_the_water.jpg,false,,animal,5.646155045724299e-07
real_animal_animal_157_VSVcEzWsqyc.jpg,false,,animal,0.0007650600746273994
real_animal_animal_80_many_woolly_sheep_standing_together_in_the_field.jpg,false,,animal,3.932917934434954e-06
real_animal_animal_090_fRJGUAQ6uNg.jpg,false,,animal,1.6926069292821921e-06
real_animal_animal_110_HPHtMOJvHDM.jpg,false,,animal,0.00023340496409218758
real_animal_animal_055_feos9QXjxJY.jpg,false,,animal,1.264932598132873e-05
real_animal_animal_069_q0J6zQPO-zw.jpg,false,,animal,0.00016721960855647922
real_animal_animal_58_two_men_herding_a_pack_of_elephants_across_a_field.jpg,false,,animal,0.00020689598750323057
real_animal_animal_104_1Ytzecs_XU4.jpg,false,,animal,7.88441248005256e-05
real_animal_animal_55_a_horse_in_a_pasture_of_tall_grass_observing_an_energetic_do.jpg,false,,animal,3.9917912886267004e-07
real_animal_animal_079_m_wgaQ-sQPQ.jpg,false,,animal,3.773765274672769e-05
real_animal_animal_112_cPyHO3eDlsE.jpg,false,,animal,1.7175671018776484e-06
real_animal_animal_034_-Ylz_tc8NOk.jpg,false,,animal,5.089402748126304e-06
real_animal_animal_051_PpwK032gSao.jpg,false,,animal,0.000592878379393369
real_animal_animal_099_m5Zy3Ulb3g0.jpg,false,,animal,1.1275757969997358e-05
real_animal_animal_059_2_3g53wNQk8.jpg,false,,animal,4.2695432966866065e-06
real_animal_animal_039_i_Z1o10BPPk.jpg,false,,animal,2.5579208795534214e-06
real_animal_animal_136_fXqOgYJgNBk.jpg,false,,animal,5.4009953601052985e-05
real_animal_animal_59_a_dog_standing_on_the_back_of_a_brown_car.jpg,false,,animal,1.580608841322828e-05
real_animal_animal_119_70s5ZKzNkac.jpg,false,,animal,3.0719688766112085e-06
real_animal_animal_52_a_cat_sitting_on_the_floor_watching_television.jpg,false,,animal,2.1048067821993754e-07
real_animal_animal_82_a_couple_of_cows_and_some_birds_flying_in_the_sky.jpg,false,,animal,4.491458457778208e-05
real_animal_animal_154_IHHiw3VMZvc.jpg,false,,animal,2.748795168372453e-06
real_animal_animal_035_vQvq16ZQM60.jpg,false,,animal,4.540571808320237e-06
real_animal_animal_54_a_man_riding_a_horse_drawn_carriage_on_a_race_track.jpg,false,,animal,2.643077095854096e-06
real_animal_animal_117_DmnOlnAWRdE.jpg,false,,animal,1.634934960748069e-06
real_animal_animal_040_7jXA55Tl4xU.jpg,false,,animal,6.97638388373889e-05
real_animal_animal_68_a_cat_outside_looking_through_a_window.jpg,false,,animal,4.9853922973852605e-05
real_animal_animal_159_gjDKWxrKrgk.jpg,false,,animal,7.623736746609211e-05
real_animal_animal_076_JHxFiw603QA.jpg,false,,animal,3.0326984870043816e-06
real_animal_animal_162_vLCMWwg5TAs.jpg,false,,animal,0.0020465885754674673
real_animal_animal_128_dtYCvr0r_X4.jpg,false,,animal,5.170993517822353e-06
real_animal_animal_057_n4tWGvk_gWY.jpg,false,,animal,2.937873432529159e-06
real_animal_animal_146_tvH8ECkyQKI.jpg,false,,animal,0.0006033984827809036
real_animal_animal_67_a_sheepdog_runs_around_a_herd_of_cows_in_a_fencedin_field.jpg,false,,animal,1.8121097582479706e-06
real_animal_animal_72_a_cat_sprawled_out_over_the_top_of_a_laptop_computer_keyboar.jpg,false,,animal,4.980116159458703e-07
real_animal_animal_167_u3XMyl-4OSY.jpg,false,,animal,5.826408960274421e-05
real_animal_animal_106_ejAz1xfCyNM.jpg,false,,animal,0.005061409901827574
real_animal_animal_086_YSoqrTfEWcI.jpg,false,,animal,1.1737944305423298e-06
real_animal_animal_116_dSAzIH5UtOI.jpg,false,,animal,8.422655810136348e-06
real_animal_animal_073_MVQPTvPYsJs.jpg,false,,animal,7.871985872043297e-05
real_animal_animal_065_M8uSC8OPXco.jpg,false,,animal,5.570347525463148e-07
real_animal_animal_137_lHeXOpxzok8.jpg,false,,animal,9.36206488404423e-05
real_animal_animal_71_a_black_ct_with_green_eyes_sitting_in_the_sun.jpg,false,,animal,7.404677262456971e-07
real_animal_animal_135_Tu_lH5CFFZw.jpg,false,,animal,1.0100867257278878e-05
real_animal_animal_130_vPyhiJjBlSM.jpg,false,,animal,0.0038972801994532347
real_landscape_landscape_80_this_highway_is_empty_this_early_on_the_morning.jpg,false,,landscape,0.00018837595416698605
real_landscape_landscape_59_a_passenger_bus_that_is_parked_in_a_parking_lot.jpg,false,,landscape,0.0009319018572568893
real_landscape_landscape_073_gtabImSzH-g.jpg,false,,landscape,0.0006063058972358704
real_landscape_landscape_160_yaj-SndYOb0.jpg,false,,landscape,0.00028167531127110124
real_landscape_landscape_140_pNMH4SDf8us.jpg,false,,landscape,0.00026887861895374954
real_landscape_landscape_117_KQX4AEXEV1g.jpg,false,,landscape,0.0021983771584928036
real_landscape_landscape_056_TqfJUbdnCxM.jpg,false,,landscape,1.0551778359513264e-05
real_landscape_landscape_05_foggy_forest_hills.jpg,false,,landscape,2.2862245714350138e-06
real_landscape_landscape_118_z7IW1w4C870.jpg,false,,landscape,1.4970455595175736e-05
real_landscape_landscape_135_Bwkl85sszNM.jpg,false,,landscape,5.3297790145734325e-05
real_landscape_landscape_053_E9CrQou9K0Y.jpg,false,,landscape,1.2850407074438408e-05
real_landscape_landscape_064_pnFNoPuilVI.jpg,false,,landscape,1.702463487163186e-05
real_landscape_landscape_154_VFjGgIGNWlI.jpg,false,,landscape,1.537425305286888e-05
real_landscape_landscape_09_starry_night_mountains.jpg,false,,landscape,0.0003012328816112131
real_landscape_landscape_124__rsGm7nob3w.jpg,false,,landscape,2.2280812117969617e-05
real_landscape_landscape_079_n6hzRDQ9CM8.jpg,false,,landscape,3.6887420264974935e-06
real_landscape_landscape_095_YzJlElq6Pc0.jpg,false,,landscape,9.255579243472312e-06
real_landscape_landscape_098_F4dGVi1g8rQ.jpg,false,,landscape,4.2597421270329505e-06
real_landscape_landscape_062_oGrOhXJaHME.jpg,false,,landscape,6.633253178733867e-06
real_landscape_landscape_68_a_wooden_bench_and_a_fire_hydrant_on_a_field.jpg,false,,landscape,7.786945275256585e-07
real_landscape_landscape_119_ENkQJj-7orc.jpg,false,,landscape,1.0740729521785397e-05
real_landscape_landscape_81_a_dog_rests_his_head_on_the_edge_of_a_boat_at_sea.jpg,false,,landscape,8.194447786991077e-07
real_landscape_landscape_51_a_green_traffic_light_suspended_above_a_street.jpg,false,,landscape,0.000849355710670352
real_landscape_landscape_085_cCthPLHmrzI.jpg,false,,landscape,1.3153135114407632e-05
real_landscape_landscape_060_jdaigQmK-qA.jpg,false,,landscape,0.8234376311302185
real_landscape_landscape_58_a_passenger_train_that_has_some_graffiti_on_it.jpg,false,,landscape,2.1658590867446037e-06
real_landscape_landscape_077_ID4OhGirKvg.jpg,false,,landscape,8.570199861424044e-05
real_landscape_landscape_133_-5eZ1-Ie68w.jpg,false,,landscape,1.3826200301991776e-05
real_landscape_landscape_086_ke-voL7t_I8.jpg,false,,landscape,9.7004894996644e-06
real_landscape_landscape_143_-hbbmFHQYiw.jpg,false,,landscape,7.094873581081629e-05
real_landscape_landscape_080_1DPIP44atys.jpg,false,,landscape,0.0004261964641045779
real_landscape_landscape_110_02YdrfDb3UE.jpg,false,,landscape,7.692940016568173e-06
real_landscape_landscape_116_sNKwtrVQ4hU.jpg,false,,landscape,6.434697752411012e-06
real_landscape_landscape_157_nMhbF-YMdXE.jpg,false,,landscape,1.9391311070648953e-05
real_landscape_landscape_051_4k8UHZC1-6k.jpg,false,,landscape,5.187188889976824e-06
real_landscape_landscape_161_CL665uHJb7c.jpg,false,,landscape,0.00022336459369398654
real_landscape_landscape_093_UazfuoH2sRU.jpg,false,,landscape,1.770250491972547e-05
real_landscape_landscape_55_a_green_traffic_light_a_street_some_buildings_and_some_other.jpg,false,,landscape,0.0009885375620797276
real_landscape_landscape_82_a_large_bus_on_the_side_of_the_road.jpg,false,,landscape,2.030577661571442e-06
real_landscape_landscape_045_W3wgy9tDgto.jpg,false,,landscape,8.445545245194808e-05
real_landscape_landscape_120_afwi-D9xmt4.jpg,false,,landscape,0.0028765914030373096
real_landscape_landscape_099_kDrTt4sCC7I.jpg,false,,landscape,1.5756859284010716e-05
real_landscape_landscape_167_60cbKmNJ-ls.jpg,false,,landscape,3.1325462259701453e-06
real_landscape_landscape_046_wgH3Lzgmm_c.jpg,false,,landscape,2.4155211576726288e-05
real_landscape_landscape_072_jYkvecfWgx0.jpg,false,,landscape,0.0021516205742955208
real_landscape_landscape_048_PA0KerQ0lHg.jpg,false,,landscape,0.0005752054275944829
real_landscape_landscape_126_Cmjq13jc_2g.jpg,false,,landscape,1.858105133578647e-05
real_landscape_landscape_081_0PgC0jve7u4.jpg,false,,landscape,5.9198951930738986e-05
real_landscape_landscape_06_waterfall_in_forest.jpg,false,,landscape,0.0002262037160107866
real_landscape_landscape_77_rear_view_mirror_reflection_showing_a_dog_in_the_back_seat.jpg,false,,landscape,1.7704140191199258e-05
real_landscape_landscape_147_bUhzlj3gGso.jpg,false,,landscape,1.2139247701270506e-05
real_landscape_landscape_69_a_yellow_bus_that_is_sitting_in_the_grass.jpg,false,,landscape,2.197381036239676e-06
real_landscape_landscape_067_LLD9FKRoqDc.jpg,false,,landscape,0.0004978867364116013
real_landscape_landscape_115_q2Cv_B3_AZI.jpg,false,,landscape,2.4884011509129778e-05
real_landscape_landscape_125_4UfCRXv_tGM.jpg,false,,landscape,8.718937351659406e-06
real_landscape_landscape_092__XHphe2atWM.jpg,false,,landscape,1.2537132533907425e-05
real_landscape_landscape_109_-UsvhirEIeI.jpg,false,,landscape,0.0009852068033069372
real_landscape_landscape_129_5LyYqPEv8w0.jpg,false,,landscape,6.723545811837539e-05
real_landscape_landscape_070_uQDRDqpYJHI.jpg,false,,landscape,2.02243541025382e-06
real_landscape_landscape_71_a_black_and_white_photo_of_a_train.jpg,false,,landscape,3.703680420130695e-07
real_landscape_landscape_057_C69YOsY9lYg.jpg,false,,landscape,1.706432885839604e-05
real_landscape_landscape_089_zjOv1yyUzQg.jpg,false,,landscape,0.000395963026676327
real_landscape_landscape_130_qOxQEA8obSg.jpg,false,,landscape,4.398318924359046e-05
real_landscape_landscape_163_Bz4dHv-9PFQ.jpg,false,,landscape,4.888943294645287e-05
real_landscape_landscape_071_zjqqKVQZoNg.jpg,false,,landscape,1.046811007654469e-06
real_landscape_landscape_76_a_blue_rusted_train_engine_sitting_on_top_of_rail_tracks.jpg,false,,landscape,1.4715302313561551e-05
real_landscape_landscape_114_FCPJn1NeFdI.jpg,false,,landscape,1.1732634447980672e-05
real_landscape_landscape_156_pcgo3E7vJr4.jpg,false,,landscape,2.9773313144687563e-05
real_landscape_landscape_075_G86MS2ZsiJA.jpg,false,,landscape,6.403840870916611e-07
real_landscape_landscape_059_i7OiHRQkJHY.jpg,false,,landscape,0.000317126396112144
real_landscape_landscape_164_tMYDgAySy9w.jpg,false,,landscape,3.130912591586821e-05
real_landscape_landscape_84_part_of_train_car_with_a_door_to_the_rear_connected_to_the_c.jpg,false,,landscape,5.208372044762655e-07
real_landscape_landscape_083_DlCr9IujpJI.jpg,false,,landscape,2.0145844246144406e-05
real_landscape_landscape_04_dramatic_mountain_valley.jpg,false,,landscape,2.5112894945777953e-05
real_landscape_landscape_02_sunset_over_mountains.jpg,false,,landscape,3.820655183517374e-05
real_landscape_landscape_53_a_train_of_many_colors_is_coming_down_the_track.jpg,false,,landscape,1.3592997675004881e-05
real_landscape_landscape_100_xpLNPVL3IJA.jpg,false,,landscape,0.0015866773901507258
real_landscape_landscape_153_6SGsL73EbKM.jpg,false,,landscape,0.00010827316145878285
real_landscape_landscape_107_cssvEZacHvQ.jpg,false,,landscape,0.0002262037160107866
real_landscape_landscape_79_an_orange_train_traveling_along_train_tracks_near_a_train_ya.jpg,false,,landscape,6.683687388431281e-05
real_landscape_landscape_090_tZaA8VqJG3g.jpg,false,,landscape,0.0004656687087845057
real_landscape_landscape_73_a_tall_church_tower_sitting_on_the_side_of_a_road.jpg,false,,landscape,4.808520770893665e-06
real_landscape_landscape_61_a_wooden_bench_sitting_outside_of_a_home.jpg,false,,landscape,5.484499752128613e-07
real_landscape_landscape_03_lake_reflection.jpg,false,,landscape,3.184024171787314e-05
real_landscape_landscape_155_DqIyKlJa-2s.jpg,false,,landscape,7.766426278976724e-06
real_landscape_landscape_105_ur4NB1f3kQ8.jpg,false,,landscape,3.686877562358859e-06
real_landscape_landscape_128_MasnAA5KqDY.jpg,false,,landscape,1.5881607396295294e-05
real_landscape_landscape_134_1pFIPoOa--Y.jpg,false,,landscape,0.033344052731990814
real_landscape_landscape_097_1U6EOU8hiTM.jpg,false,,landscape,7.828151069588785e-07
real_landscape_landscape_047_58Mkqady7lE.jpg,false,,landscape,0.00034823009627871215
real_landscape_landscape_102_T-AOFf2B8Zw.jpg,false,,landscape,1.075554064300377e-05
real_landscape_landscape_83_a_small_bus_parked_in_front_of_a_bus_stop.jpg,false,,landscape,5.748759122070624e-07
real_landscape_landscape_162_3m4lH961q20.jpg,false,,landscape,2.3591614990436938e-06
real_landscape_landscape_122_K5eIMIz8kaI.jpg,false,,landscape,6.096883589634672e-05
real_landscape_landscape_069_TdoxXD7aGv8.jpg,false,,landscape,0.00018350983737036586
real_landscape_landscape_165_C2YORgsJqXs.jpg,false,,landscape,0.00010055614256998524
real_landscape_landscape_152_ayzzI9nOjWY.jpg,false,,landscape,0.000983910053037107
real_landscape_landscape_54_white_birds_are_gathered_around_a_water_puddle.jpg,false,,landscape,9.469375072512776e-06
real_landscape_landscape_078_TnLdd0LMfwk.jpg,false,,landscape,0.002576404483988881
real_landscape_landscape_068_aqS6bCynDv8.jpg,false,,landscape,0.056578200310468674
real_landscape_landscape_07_desert_dunes.jpg,false,,landscape,2.4081196897896007e-05
real_landscape_landscape_166_ioAK4HESn6k.jpg,false,,landscape,2.9400871426332742e-05
real_landscape_landscape_111_62_2KGyX13E.jpg,false,,landscape,1.4070792531128973e-05
real_landscape_landscape_60_a_red_and_silver_fire_hydrant_sitting_on_top_of_a_sidewalk.jpg,false,,landscape,1.2163433211753727e-06
real_landscape_landscape_158_QAXDmkU60OU.jpg,false,,landscape,7.052948785712942e-05
real_landscape_landscape_138_78wDBw9ajUk.jpg,false,,landscape,0.00011345540406182408
real_landscape_landscape_142_3bsVcAbqS7Q.jpg,false,,landscape,0.0002852387842722237
real_landscape_landscape_131_hoAFrPJlbT0.jpg,false,,landscape,2.094345745717874e-06
real_landscape_landscape_106_hu8Mp-XTksA.jpg,false,,landscape,1.6030591723392718e-05
real_landscape_landscape_082_ercx7zE_Mzo.jpg,false,,landscape,3.952759925596183e-06
real_landscape_landscape_132_zUEjNDEEca8.jpg,false,,landscape,5.8541114412946627e-05
real_landscape_landscape_78_a_yellow_bus_is_on_a_street_near_a_black_guard_rail.jpg,false,,landscape,9.480791618443618e-07
real_landscape_landscape_159_G4su92tyImI.jpg,false,,landscape,0.00021545439085457474
real_landscape_landscape_088_N22iRE8u3MU.jpg,false,,landscape,1.449688284083095e-06
real_landscape_landscape_168_r-PPOX0QQ1g.jpg,false,,landscape,3.274358459748328e-05
real_landscape_landscape_074_r2Ug9sXPEHA.jpg,false,,landscape,0.7281620502471924
real_landscape_landscape_57_a_yellow_and_green_train_at_stop_lights.jpg,false,,landscape,6.218576231731276e-07
real_landscape_landscape_146__MCLUFQlZ_c.jpg,false,,landscape,1.162667558674002e-05
real_landscape_landscape_096_3eC5n6gHwe8.jpg,false,,landscape,5.11026919411961e-05
real_landscape_landscape_063_Lm6mqM_KqQY.jpg,false,,landscape,5.168290590518154e-05
real_landscape_landscape_145_xZX3pXjQQSw.jpg,false,,landscape,5.781808795290999e-06
real_landscape_landscape_74_a_bathroom_with_some_orange_walls_and_a_black_and_white_coun.jpg,false,,landscape,3.174311586917611e-06
real_landscape_landscape_136_awNpFWNTGFY.jpg,false,,landscape,9.474398393649608e-05
real_landscape_landscape_061_bk4hN4Jvnac.jpg,false,,landscape,2.2024347344995476e-05
real_landscape_landscape_121_JtVkmKQ1FQI.jpg,false,,landscape,4.303559035179205e-05
real_landscape_landscape_104_6gt7AoSk5pQ.jpg,false,,landscape,6.826716708019376e-05
real_landscape_landscape_139_aoWukdAWJno.jpg,false,,landscape,2.9555205401265994e-05
real_landscape_landscape_75_a_city_traffic_signal_and_street_at_night.jpg,false,,landscape,1.661181522649713e-05
real_landscape_landscape_055_ixbSaWYYOwY.jpg,false,,landscape,4.578922380460426e-05
real_landscape_landscape_137_9CkGNheiEFQ.jpg,false,,landscape,5.623575816571247e-06
real_landscape_landscape_066_7AKHr2kdmAc.jpg,false,,landscape,3.4123342629754916e-05
real_landscape_landscape_08_ocean_waves_beach.jpg,false,,landscape,0.0001444075460312888
real_landscape_landscape_076_OrkbCipJriw.jpg,false,,landscape,5.70477868677699e-06
real_landscape_landscape_113_etJBEUW4ZDg.jpg,false,,landscape,1.2379024155961815e-05
real_landscape_landscape_123_ac9BZlaKuG4.jpg,false,,landscape,2.931316430476727e-06
real_landscape_landscape_049_yFCXHHLEZA0.jpg,false,,landscape,2.07378307095496e-05
real_landscape_landscape_151_OueojWSe66o.jpg,false,,landscape,5.5106142099248245e-05
real_landscape_landscape_087_NW-WPrJoyzc.jpg,false,,landscape,5.684825737262145e-06
real_landscape_landscape_62_two_large_jets_sitting_on_top_of_an_airport_runway.jpg,false,,landscape,7.499346975237131e-05
real_landscape_landscape_67_an_image_of_a_subway_bus_going_thru_the_subway_station.jpg,false,,landscape,4.037337930640206e-06
real_landscape_landscape_64_a_bird_sitting_on_top_of_a_park_bench.jpg,false,,landscape,1.4207109870767454e-06
real_landscape_landscape_141_F0_qeY5OWJE.jpg,false,,landscape,9.293859875469934e-06
real_landscape_landscape_149_zMhnN9FpDBE.jpg,false,,landscape,2.3170819076767657e-06
real_landscape_landscape_56_a_train_on_the_tracks_out_in_the_country.jpg,false,,landscape,9.364432571601355e-07
real_landscape_landscape_103_Yd6TC3qee6M.jpg,false,,landscape,0.0045385113917291164
real_landscape_landscape_052_Xaje8s7H9Cw.jpg,false,,landscape,1.236736625287449e-05
real_landscape_landscape_01_mountain_peaks_with_snow.jpg,false,,landscape,6.861746896902332e-06
real_landscape_landscape_058_CPIQfMbSjmM.jpg,false,,landscape,1.5830059055588208e-05
real_landscape_landscape_065_xMMh-VFGL9M.jpg,false,,landscape,2.7400210456107743e-05
real_landscape_landscape_72_a_street_corner_with_a_brown_and_white_building_on_it.jpg,false,,landscape,7.406478061966482e-07
real_landscape_landscape_094_8v_1afZJpg4.jpg,false,,landscape,0.0001655354571994394
real_landscape_landscape_150_NoSRqbXJY68.jpg,false,,landscape,4.10880466006347e-06
real_landscape_landscape_144_MZxQoMVN518.jpg,false,,landscape,3.748271183212637e-06
real_landscape_landscape_63_a_pole_with_a_street_light_and_signs_next_to_a_bare_tree.jpg,false,,landscape,9.588543434801977e-07
real_landscape_landscape_127_uFdsMOjWX58.jpg,false,,landscape,0.0001468461414333433
real_landscape_landscape_101_C27Jip4jz4k.jpg,false,,landscape,2.734190729825059e-06
real_landscape_landscape_050_nlllZxwRoLM.jpg,false,,landscape,1.1968576245635631e-06
real_landscape_landscape_054_R0hVu1Mqo7A.jpg,false,,landscape,0.0014504104619845748
real_landscape_landscape_170_rGmCuOfPwnk.jpg,false,,landscape,0.0017296060686931014
real_landscape_landscape_52_the_train_engine_is_followed_by_a_line_of_open_cars.jpg,false,,landscape,1.8981847460963763e-05
real_landscape_landscape_50_a_green_bench_sitting_on_the_side_of_a_sidewalk.jpg,false,,landscape,5.981235517538153e-06
real_landscape_landscape_65_these_toilets_are_being_used_outside_as_decor.jpg,false,,landscape,1.072453301276255e-06
real_landscape_landscape_148_qgfiux6vEmc.jpg,false,,landscape,1.4199118822944001e-06
real_landscape_landscape_169_TWvnc-oToE4.jpg,false,,landscape,2.178387512685731e-05
real_landscape_landscape_112_hfxvkEzd_I0.jpg,false,,landscape,0.00016953484737314284
real_landscape_landscape_70_a_semi_truck_is_driving_down_a_street.jpg,false,,landscape,1.2102718756068498e-06
real_landscape_landscape_084_uzWLhB7n3m8.jpg,false,,landscape,6.341018433886347e-06
real_landscape_landscape_091_Bch-Zl9ZUc8.jpg,false,,landscape,8.194212568923831e-06
real_landscape_landscape_66_a_few_meters_are_sitting_near_an_air_plane.jpg,false,,landscape,7.020243356237188e-05
real_landscape_landscape_108_LpryxGvyY-8.jpg,false,,landscape,0.0002793054445646703
