id,is_ai,generator,category,score
ai_art_qwen_2512_art_08.png,true,Qwen 2512,art,0.9999672174453735
ai_art_flux_2_flex_art_03.png,true,Flux,art,0.9998593330383301
ai_art_seedream_v3_art_07.png,true,Seedream,art,0.9999486207962036
ai_art_seedream_v3_art_06.png,true,Seedream,art,0.9999943971633911
ai_art_flux_2_flex_art_02.png,true,Flux,art,0.9924938678741455
ai_art_glm_image_art_01.png,true,GLM Image,art,0.9242247939109802
ai_art_qwen_2512_art_09.png,true,Qwen 2512,art,0.9999570846557617
ai_art_wan_v2.6_art_09.png,true,Wan v2.6,art,0.0011521050473675132
ai_art_flux_schnell_art_08.png,true,Flux Schnell,art,0.9831019043922424
ai_art_glm_image_art_03.png,true,GLM Image,art,0.9922194480895996
ai_art_seedream_v3_art_10.png,true,Seedream,art,0.998702883720398
ai_art_seedream_v3_art_04.png,true,Seedream,art,0.10687141865491867
ai_art_seedream_v3_art_05.png,true,Seedream,art,0.013649007305502892
ai_art_flux_2_flex_art_01.png,true,Flux,art,0.9999805688858032
ai_art_glm_image_art_02.png,true,GLM Image,art,0.9999921321868896
ai_art_flux_schnell_art_09.png,true,Flux Schnell,art,0.9949325919151306
ai_art_wan_v2.6_art_08.png,true,Wan v2.6,art,0.7948722243309021
ai_art_z_image_art_09.png,true,Z,art,0.9999932050704956
ai_art_glm_image_art_06.png,true,GLM Image,art,0.9999966621398926
ai_art_flux_2_flex_art_05.png,true,Flux,art,0.053954705595970154
ai_art_seedream_v3_art_01.png,true,Seedream,art,0.7825018763542175
ai_art_flux_2_flex_art_10.png,true,Flux,art,0.999998927116394
ai_art_flux_2_flex_art_04.png,true,Flux,art,0.9590076804161072
ai_art_glm_image_art_07.png,true,GLM Image,art,0.9999507665634155
ai_art_z_image_art_08.png,true,Z,art,0.999727189540863
ai_art_glm_image_art_05.png,true,GLM Image,art,0.0005190118681639433
ai_art_flux_2_flex_art_06.png,true,Flux,art,0.9999914169311523
ai_art_seedream_v3_art_02.png,true,Seedream,art,0.999895453453064
ai_art_seedream_v3_art_03.png,true,Seedream,art,0.5247992873191833
ai_art_flux_2_flex_art_07.png,true,Flux,art,0.997225284576416
ai_art_glm_image_art_10.png,true,GLM Image,art,0.999937891960144
ai_art_glm_image_art_04.png,true,GLM Image,art,0.999180018901825
ai_art_hunyuan_v3_art_07.png,true,Hunyuan v3,art,0.3666173815727234
ai_art_ideogram_v3_art_04.png,true,Ideogram v3,art,0.011645730584859848
ai_art_ideogram_v3_art_10.png,true,Ideogram v3,art,0.6861786246299744
ai_art_sd_3.5_large_art_08.png,true,Sd,art,0.9999312162399292
ai_art_seedream_v4_art_03.png,true,Seedream,art,0.0047966670244932175
ai_art_leonardo_phoenix_art_06.png,true,Leonardo Phoenix,art,0.9987120628356934
ai_art_leonardo_phoenix_art_07.png,true,Leonardo Phoenix,art,0.9994463324546814
ai_art_grok_aurora_art_01.png,true,Grok Aurora,art,0.9998847246170044
ai_art_seedream_v4_art_02.png,true,Seedream,art,0.0033630547113716602
ai_art_sd_3.5_large_art_09.png,true,Sd,art,0.3173823058605194
ai_art_ideogram_v3_art_05.png,true,Ideogram v3,art,0.9956449270248413
ai_art_hunyuan_v3_art_06.png,true,Hunyuan v3,art,0.9999781847000122
ai_art_hunyuan_v3_art_04.png,true,Hunyuan v3,art,0.9263816475868225
ai_art_hunyuan_v3_art_10.png,true,Hunyuan v3,art,0.9996739625930786
ai_art_recraft_v3_art_09.png,true,Recraft v3,art,0.9998281002044678
ai_art_ideogram_v3_art_07.png,true,Ideogram v3,art,0.023156646639108658
ai_art_grok_aurora_art_03.png,true,Grok Aurora,art,0.9999971389770508
ai_art_leonardo_phoenix_art_05.png,true,Leonardo Phoenix,art,0.9996117949485779
ai_art_leonardo_phoenix_art_10.png,true,Leonardo Phoenix,art,0.9999953508377075
ai_art_leonardo_phoenix_art_04.png,true,Leonardo Phoenix,art,0.9961367249488831
ai_art_grok_aurora_art_02.png,true,Grok Aurora,art,0.997819185256958
ai_art_seedream_v4_art_01.png,true,Seedream,art,0.5264787673950195
ai_art_ideogram_v3_art_06.png,true,Ideogram v3,art,0.9966333508491516
ai_art_recraft_v3_art_08.png,true,Recraft v3,art,0.955414354801178
ai_art_hunyuan_v3_art_05.png,true,Hunyuan v3,art,0.9288927316665649
ai_art_hunyuan_v3_art_01.png,true,Hunyuan v3,art,0.6041883230209351
ai_art_ideogram_v3_art_02.png,true,Ideogram v3,art,0.011180671863257885
ai_art_flux_pro_v1.1_art_09.png,true,Flux Pro v1.1,art,0.998670220375061
ai_art_seedream_v4_art_05.png,true,Seedream,art,0.02754989266395569
ai_art_grok_aurora_art_06.png,true,Grok Aurora,art,0.9999932050704956
ai_art_grok_aurora_art_07.png,true,Grok Aurora,art,0.14951065182685852
ai_art_leonardo_phoenix_art_01.png,true,Leonardo Phoenix,art,0.3136346638202667
ai_art_seedream_v4_art_04.png,true,Seedream,art,0.0020548482425510883
ai_art_seedream_v4_art_10.png,true,Seedream,art,0.02571761980652809
ai_art_flux_pro_v1.1_art_08.png,true,Flux Pro v1.1,art,0.9999443292617798
ai_art_ideogram_v3_art_03.png,true,Ideogram v3,art,0.8486589193344116
ai_art_hunyuan_v3_art_02.png,true,Hunyuan v3,art,0.025530098006129265
ai_art_gpt_image_1.5_art_08.png,true,Gpt,art,0.9594089984893799
ai_art_ideogram_v3_art_01.png,true,Ideogram v3,art,0.31643256545066833
ai_art_gemini_3_pro_art_09.png,true,Gemini 3 Pro,art,0.7134166359901428
ai_art_seedream_v4_art_06.png,true,Seedream,art,0.9988549947738647
ai_art_leonardo_phoenix_art_03.png,true,Leonardo Phoenix,art,0.9999446868896484
ai_art_grok_aurora_art_05.png,true,Grok Aurora,art,0.9998276233673096
ai_art_grok_aurora_art_10.png,true,Grok Aurora,art,0.9997536540031433
ai_art_grok_aurora_art_04.png,true,Grok Aurora,art,0.9974082112312317
ai_art_leonardo_phoenix_art_02.png,true,Leonardo Phoenix,art,0.8718451261520386
ai_art_seedream_v4_art_07.png,true,Seedream,art,0.0004432704299688339
ai_art_gemini_3_pro_art_08.png,true,Gemini 3 Pro,art,0.982111930847168
ai_art_gpt_image_1.5_art_09.png,true,Gpt,art,0.0069495816715061665
ai_art_hunyuan_v3_art_03.png,true,Hunyuan v3,art,0.997355580329895
ai_art_gpt_image_1.5_art_10.png,true,Gpt,art,0.8110363483428955
ai_art_recraft_v3_art_03.png,true,Recraft v3,art,0.999850869178772
ai_art_gpt_image_1.5_art_04.png,true,Gpt,art,0.007028115913271904
ai_art_sd_3.5_large_art_01.png,true,Sd,art,0.7914111018180847
ai_art_gemini_3_pro_art_05.png,true,Gemini 3 Pro,art,0.3491097092628479
ai_art_flux_pro_v1.1_art_06.png,true,Flux Pro v1.1,art,0.3924996554851532
ai_art_grok_aurora_art_09.png,true,Grok Aurora,art,0.9813639521598816
ai_art_grok_aurora_art_08.png,true,Grok Aurora,art,0.9961532950401306
ai_art_flux_pro_v1.1_art_07.png,true,Flux Pro v1.1,art,0.004507404286414385
ai_art_gemini_3_pro_art_10.png,true,Gemini 3 Pro,art,0.9999723434448242
ai_art_gemini_3_pro_art_04.png,true,Gemini 3 Pro,art,0.7747004628181458
ai_art_gpt_image_1.5_art_05.png,true,Gpt,art,0.018140988424420357
ai_art_recraft_v3_art_02.png,true,Recraft v3,art,0.9064071774482727
ai_art_gpt_image_1.5_art_07.png,true,Gpt,art,0.012643066234886646
ai_art_gemini_3_pro_art_06.png,true,Gemini 3 Pro,art,0.9999693632125854
ai_art_sd_3.5_large_art_02.png,true,Sd,art,0.9999053478240967
ai_art_flux_pro_v1.1_art_05.png,true,Flux Pro v1.1,art,0.9191896915435791
ai_art_seedream_v4_art_09.png,true,Seedream,art,0.1416270136833191
ai_art_seedream_v4_art_08.png,true,Seedream,art,0.00369875761680305
ai_art_flux_pro_v1.1_art_10.png,true,Flux Pro v1.1,art,0.9997784495353699
ai_art_flux_pro_v1.1_art_04.png,true,Flux Pro v1.1,art,0.9998859167098999
ai_art_gemini_3_pro_art_07.png,true,Gemini 3 Pro,art,0.000694461923558265
ai_art_sd_3.5_large_art_03.png,true,Sd,art,0.999610960483551
ai_art_recraft_v3_art_01.png,true,Recraft v3,art,0.36560505628585815
ai_art_gpt_image_1.5_art_06.png,true,Gpt,art,0.9999767541885376
ai_art_hunyuan_v3_art_08.png,true,Hunyuan v3,art,0.6404334902763367
ai_art_gpt_image_1.5_art_02.png,true,Gpt,art,0.9555920958518982
ai_art_recraft_v3_art_05.png,true,Recraft v3,art,0.870180070400238
ai_art_sd_3.5_large_art_07.png,true,Sd,art,0.999998927116394
ai_art_gemini_3_pro_art_03.png,true,Gemini 3 Pro,art,0.9959087371826172
ai_art_leonardo_phoenix_art_09.png,true,Leonardo Phoenix,art,0.9996178150177002
ai_art_leonardo_phoenix_art_08.png,true,Leonardo Phoenix,art,0.9834194183349609
ai_art_flux_pro_v1.1_art_01.png,true,Flux Pro v1.1,art,0.995595395565033
ai_art_sd_3.5_large_art_06.png,true,Sd,art,0.9999699592590332
ai_art_gemini_3_pro_art_02.png,true,Gemini 3 Pro,art,0.9992062449455261
ai_art_recraft_v3_art_10.png,true,Recraft v3,art,0.9994213581085205
ai_art_recraft_v3_art_04.png,true,Recraft v3,art,0.6027762293815613
ai_art_gpt_image_1.5_art_03.png,true,Gpt,art,0.5622906684875488
ai_art_hunyuan_v3_art_09.png,true,Hunyuan v3,art,0.5523464679718018
ai_art_recraft_v3_art_06.png,true,Recraft v3,art,0.9999923706054688
ai_art_gpt_image_1.5_art_01.png,true,Gpt,art,0.9488468766212463
ai_art_sd_3.5_large_art_04.png,true,Sd,art,0.9885944128036499
ai_art_sd_3.5_large_art_10.png,true,Sd,art,0.12930928170681
ai_art_ideogram_v3_art_08.png,true,Ideogram v3,art,0.9988322854042053
ai_art_flux_pro_v1.1_art_03.png,true,Flux Pro v1.1,art,0.9999896287918091
ai_art_flux_pro_v1.1_art_02.png,true,Flux Pro v1.1,art,0.9966854453086853
ai_art_ideogram_v3_art_09.png,true,Ideogram v3,art,0.9995594620704651
ai_art_gemini_3_pro_art_01.png,true,Gemini 3 Pro,art,0.9999208450317383
ai_art_sd_3.5_large_art_05.png,true,Sd,art,0.08953626453876495
ai_art_recraft_v3_art_07.png,true,Recraft v3,art,0.940485954284668
ai_art_wan_v2.6_art_03.png,true,Wan v2.6,art,0.13850563764572144
ai_art_flux_schnell_art_02.png,true,Flux Schnell,art,0.9462760090827942
ai_art_qwen_2512_art_01.png,true,Qwen 2512,art,0.9997863173484802
ai_art_z_image_art_06.png,true,Z,art,0.9999991655349731
ai_art_glm_image_art_09.png,true,GLM Image,art,0.19887445867061615
ai_art_glm_image_art_08.png,true,GLM Image,art,0.9999628067016602
ai_art_z_image_art_07.png,true,Z,art,0.9919580221176147
ai_art_flux_schnell_art_03.png,true,Flux Schnell,art,0.9999991655349731
ai_art_wan_v2.6_art_02.png,true,Wan v2.6,art,0.019848400726914406
ai_art_qwen_2512_art_02.png,true,Qwen 2512,art,0.9978197813034058
ai_art_flux_schnell_art_01.png,true,Flux Schnell,art,0.9880995154380798
ai_art_z_image_art_05.png,true,Z,art,0.9999837875366211
ai_art_flux_2_flex_art_09.png,true,Flux,art,0.0018695775652304292
ai_art_flux_2_flex_art_08.png,true,Flux,art,0.001564239850267768
ai_art_z_image_art_04.png,true,Z,art,0.9744135141372681
ai_art_z_image_art_10.png,true,Z,art,0.9996975660324097
ai_art_qwen_2512_art_03.png,true,Qwen 2512,art,0.999977707862854
ai_art_wan_v2.6_art_01.png,true,Wan v2.6,art,0.9603646993637085
ai_art_flux_schnell_art_10.png,true,Flux Schnell,art,0.9576417803764343
ai_art_wan_v2.6_art_05.png,true,Wan v2.6,art,0.5438355207443237
ai_art_flux_schnell_art_04.png,true,Flux Schnell,art,0.9878867864608765
ai_art_qwen_2512_art_07.png,true,Qwen 2512,art,0.29423749446868896
ai_art_seedream_v3_art_08.png,true,Seedream,art,0.9997901320457458
ai_art_seedream_v3_art_09.png,true,Seedream,art,0.9635235071182251
ai_art_z_image_art_01.png,true,Z,art,0.9895897507667542
ai_art_flux_schnell_art_05.png,true,Flux Schnell,art,0.9999406337738037
ai_art_wan_v2.6_art_04.png,true,Wan v2.6,art,0.48268869519233704
ai_art_qwen_2512_art_06.png,true,Qwen 2512,art,0.9998687505722046
ai_art_wan_v2.6_art_10.png,true,Wan v2.6,art,0.9305826425552368
ai_art_qwen_2512_art_04.png,true,Qwen 2512,art,0.9999294281005859
ai_art_wan_v2.6_art_06.png,true,Wan v2.6,art,0.9989294409751892
ai_art_flux_schnell_art_07.png,true,Flux Schnell,art,0.015711989253759384
ai_art_qwen_2512_art_10.png,true,Qwen 2512,art,0.9998843669891357
ai_art_z_image_art_03.png,true,Z,art,0.9793913960456848
ai_art_z_image_art_02.png,true,Z,art,0.9122019410133362
ai_art_qwen_2512_art_05.png,true,Qwen 2512,art,0.9999829530715942
ai_art_flux_schnell_art_06.png,true,Flux Schnell,art,0.9990610480308533
ai_art_wan_v2.6_art_07.png,true,Wan v2.6,art,0.9897178411483765
ai_portrait_seedream_v3_portrait_10.png,true,Seedream,portrait,0.9956654906272888
ai_portrait_seedream_v3_portrait_04.png,true,Seedream,portrait,0.8901019096374512
ai_portrait_recraft_v3_portrait_05.png,true,Recraft v3,portrait,0.9911260008811951
ai_portrait_flux_pro_v1.1_portrait_09.png,true,Flux Pro v1.1,portrait,0.9999430179595947
ai_portrait_flux_pro_v1.1_portrait_08.png,true,Flux Pro v1.1,portrait,0.34688252210617065
ai_portrait_wan_v2.6_portrait_01.png,true,Wan v2.6,portrait,0.9640486836433411
ai_portrait_recraft_v3_portrait_04.png,true,Recraft v3,portrait,0.9996610879898071
ai_portrait_recraft_v3_portrait_10.png,true,Recraft v3,portrait,0.8342273235321045
ai_portrait_seedream_v3_portrait_05.png,true,Seedream,portrait,0.9989540576934814
ai_portrait_seedream_v4_portrait_01.png,true,Seedream,portrait,0.32856541872024536
ai_portrait_seedream_v4_portrait_03.png,true,Seedream,portrait,0.676051914691925
ai_portrait_seedream_v3_portrait_07.png,true,Seedream,portrait,0.9025487899780273
ai_portrait_hunyuan_v3_portrait_09.png,true,Hunyuan v3,portrait,0.9856033325195312
ai_portrait_recraft_v3_portrait_06.png,true,Recraft v3,portrait,0.9855489134788513
ai_portrait_wan_v2.6_portrait_03.png,true,Wan v2.6,portrait,0.9978918433189392
ai_portrait_wan_v2.6_portrait_02.png,true,Wan v2.6,portrait,0.9994385838508606
ai_portrait_recraft_v3_portrait_07.png,true,Recraft v3,portrait,0.9669104814529419
ai_portrait_hunyuan_v3_portrait_08.png,true,Hunyuan v3,portrait,0.0004380497557576746
ai_portrait_seedream_v3_portrait_06.png,true,Seedream,portrait,0.9997772574424744
ai_portrait_seedream_v4_portrait_02.png,true,Seedream,portrait,0.16365619003772736
ai_portrait_seedream_v3_portrait_02.png,true,Seedream,portrait,0.2435450702905655
ai_portrait_seedream_v4_portrait_06.png,true,Seedream,portrait,0.01000409759581089
ai_portrait_recraft_v3_portrait_03.png,true,Recraft v3,portrait,0.40936484932899475
ai_portrait_grok_aurora_portrait_09.png,true,Grok Aurora,portrait,0.6221832036972046
ai_portrait_qwen_2512_portrait_08.png,true,Qwen 2512,portrait,0.629623532295227
ai_portrait_wan_v2.6_portrait_06.png,true,Wan v2.6,portrait,0.7350946664810181
ai_portrait_wan_v2.6_portrait_07.png,true,Wan v2.6,portrait,0.9933521747589111
ai_portrait_qwen_2512_portrait_09.png,true,Qwen 2512,portrait,0.9934715032577515
ai_portrait_recraft_v3_portrait_02.png,true,Recraft v3,portrait,0.3118892312049866
ai_portrait_grok_aurora_portrait_08.png,true,Grok Aurora,portrait,0.9998409748077393
ai_portrait_seedream_v4_portrait_07.png,true,Seedream,portrait,0.10787425935268402
ai_portrait_seedream_v3_portrait_03.png,true,Seedream,portrait,0.9893263578414917
ai_portrait_seedream_v3_portrait_01.png,true,Seedream,portrait,0.9998457431793213
ai_portrait_seedream_v4_portrait_05.png,true,Seedream,portrait,0.006607250310480595
ai_portrait_wan_v2.6_portrait_05.png,true,Wan v2.6,portrait,0.022932367399334908
ai_portrait_flux_schnell_portrait_08.png,true,Flux Schnell,portrait,0.7920921444892883
ai_portrait_flux_schnell_portrait_09.png,true,Flux Schnell,portrait,0.9998561143875122
ai_portrait_wan_v2.6_portrait_10.png,true,Wan v2.6,portrait,0.012315028347074986
ai_portrait_wan_v2.6_portrait_04.png,true,Wan v2.6,portrait,0.04846671223640442
ai_portrait_recraft_v3_portrait_01.png,true,Recraft v3,portrait,0.07478967308998108
ai_portrait_seedream_v4_portrait_04.png,true,Seedream,portrait,0.4632551670074463
ai_portrait_seedream_v4_portrait_10.png,true,Seedream,portrait,1.1209508556930814e-05
ai_portrait_z_image_portrait_01.png,true,Z,portrait,0.9997417330741882
ai_portrait_ideogram_v3_portrait_01.png,true,Ideogram v3,portrait,0.9997054934501648
ai_portrait_leonardo_phoenix_portrait_07.png,true,Leonardo Phoenix,portrait,0.9975784420967102
ai_portrait_sd_3.5_large_portrait_05.png,true,Sd,portrait,0.9302631616592407
ai_portrait_gpt_image_1.5_portrait_01.png,true,Gpt,portrait,0.9756711721420288
ai_portrait_flux_2_flex_portrait_03.png,true,Flux,portrait,0.9999986886978149
ai_portrait_gemini_3_pro_portrait_10.png,true,Gemini 3 Pro,portrait,0.0008336086757481098
ai_portrait_gemini_3_pro_portrait_04.png,true,Gemini 3 Pro,portrait,0.0023028661962598562
ai_portrait_gemini_3_pro_portrait_05.png,true,Gemini 3 Pro,portrait,0.0015563308261334896
ai_portrait_flux_2_flex_portrait_02.png,true,Flux,portrait,0.999962329864502
ai_portrait_sd_3.5_large_portrait_04.png,true,Sd,portrait,0.9997954964637756
ai_portrait_leonardo_phoenix_portrait_06.png,true,Leonardo Phoenix,portrait,0.9998388290405273
ai_portrait_sd_3.5_large_portrait_10.png,true,Sd,portrait,0.2507959008216858
ai_portrait_glm_image_portrait_01.png,true,GLM Image,portrait,0.9999113082885742
ai_portrait_z_image_portrait_02.png,true,Z,portrait,0.999994158744812
ai_portrait_glm_image_portrait_03.png,true,GLM Image,portrait,0.9999828338623047
ai_portrait_ideogram_v3_portrait_02.png,true,Ideogram v3,portrait,0.7979345917701721
ai_portrait_leonardo_phoenix_portrait_10.png,true,Leonardo Phoenix,portrait,0.9999992847442627
ai_portrait_sd_3.5_large_portrait_06.png,true,Sd,portrait,0.9997953772544861
ai_portrait_leonardo_phoenix_portrait_04.png,true,Leonardo Phoenix,portrait,0.9999070167541504
ai_portrait_gpt_image_1.5_portrait_02.png,true,Gpt,portrait,0.013380014337599277
ai_portrait_gemini_3_pro_portrait_07.png,true,Gemini 3 Pro,portrait,0.999784529209137
ai_portrait_gemini_3_pro_portrait_06.png,true,Gemini 3 Pro,portrait,0.5743696093559265
ai_portrait_flux_2_flex_portrait_01.png,true,Flux,portrait,0.9997547268867493
ai_portrait_gpt_image_1.5_portrait_03.png,true,Gpt,portrait,0.9986318945884705
ai_portrait_leonardo_phoenix_portrait_05.png,true,Leonardo Phoenix,portrait,0.9999986886978149
ai_portrait_sd_3.5_large_portrait_07.png,true,Sd,portrait,0.9998719692230225
ai_portrait_ideogram_v3_portrait_03.png,true,Ideogram v3,portrait,0.9930764436721802
ai_portrait_glm_image_portrait_02.png,true,GLM Image,portrait,0.9993187189102173
ai_portrait_z_image_portrait_03.png,true,Z,portrait,0.9999926090240479
ai_portrait_z_image_portrait_07.png,true,Z,portrait,0.9979008436203003
ai_portrait_glm_image_portrait_06.png,true,GLM Image,portrait,0.9999963045120239
ai_portrait_ideogram_v3_portrait_07.png,true,Ideogram v3,portrait,0.9923112988471985
ai_portrait_gpt_image_1.5_portrait_07.png,true,Gpt,portrait,0.5799352526664734
ai_portrait_sd_3.5_large_portrait_03.png,true,Sd,portrait,0.999812662601471
ai_portrait_leonardo_phoenix_portrait_01.png,true,Leonardo Phoenix,portrait,0.6085397601127625
ai_portrait_gemini_3_pro_portrait_02.png,true,Gemini 3 Pro,portrait,0.3493267893791199
ai_portrait_flux_2_flex_portrait_05.png,true,Flux,portrait,0.9987622499465942
ai_portrait_flux_2_flex_portrait_10.png,true,Flux,portrait,0.9999040365219116
ai_portrait_flux_2_flex_portrait_04.png,true,Flux,portrait,0.9903939366340637
ai_portrait_gemini_3_pro_portrait_03.png,true,Gemini 3 Pro,portrait,0.965904951095581
ai_portrait_sd_3.5_large_portrait_02.png,true,Sd,portrait,0.9999855756759644
ai_portrait_gpt_image_1.5_portrait_06.png,true,Gpt,portrait,0.016480684280395508
ai_portrait_ideogram_v3_portrait_06.png,true,Ideogram v3,portrait,0.9252538681030273
ai_portrait_glm_image_portrait_07.png,true,GLM Image,portrait,0.9999873638153076
ai_portrait_z_image_portrait_06.png,true,Z,portrait,0.9999645948410034
ai_portrait_z_image_portrait_10.png,true,Z,portrait,0.9004388451576233
ai_portrait_z_image_portrait_04.png,true,Z,portrait,0.9999700784683228
ai_portrait_glm_image_portrait_05.png,true,GLM Image,portrait,0.9623907804489136
ai_portrait_ideogram_v3_portrait_10.png,true,Ideogram v3,portrait,0.28802040219306946
ai_portrait_ideogram_v3_portrait_04.png,true,Ideogram v3,portrait,0.9476190209388733
ai_portrait_gpt_image_1.5_portrait_10.png,true,Gpt,portrait,0.987466037273407
ai_portrait_gpt_image_1.5_portrait_04.png,true,Gpt,portrait,0.006206266116350889
ai_portrait_leonardo_phoenix_portrait_02.png,true,Leonardo Phoenix,portrait,0.996625542640686
ai_portrait_gemini_3_pro_portrait_01.png,true,Gemini 3 Pro,portrait,0.012697051279246807
ai_portrait_flux_2_flex_portrait_06.png,true,Flux,portrait,0.9999979734420776
ai_portrait_flux_2_flex_portrait_07.png,true,Flux,portrait,0.9999443292617798
ai_portrait_sd_3.5_large_portrait_01.png,true,Sd,portrait,0.9953243136405945
ai_portrait_leonardo_phoenix_portrait_03.png,true,Leonardo Phoenix,portrait,0.991091787815094
ai_portrait_gpt_image_1.5_portrait_05.png,true,Gpt,portrait,0.9998581409454346
ai_portrait_ideogram_v3_portrait_05.png,true,Ideogram v3,portrait,0.1790209412574768
ai_portrait_glm_image_portrait_10.png,true,GLM Image,portrait,0.9991740584373474
ai_portrait_glm_image_portrait_04.png,true,GLM Image,portrait,0.9999605417251587
ai_portrait_z_image_portrait_05.png,true,Z,portrait,0.1688535213470459
ai_portrait_z_image_portrait_08.png,true,Z,portrait,0.9999971389770508
ai_portrait_glm_image_portrait_09.png,true,GLM Image,portrait,0.9999949932098389
ai_portrait_ideogram_v3_portrait_08.png,true,Ideogram v3,portrait,0.2674013376235962
ai_portrait_gpt_image_1.5_portrait_08.png,true,Gpt,portrait,0.0006633697194047272
ai_portrait_gpt_image_1.5_portrait_09.png,true,Gpt,portrait,0.014617091044783592
ai_portrait_ideogram_v3_portrait_09.png,true,Ideogram v3,portrait,0.2118004858493805
ai_portrait_glm_image_portrait_08.png,true,GLM Image,portrait,0.9805019497871399
ai_portrait_z_image_portrait_09.png,true,Z,portrait,0.9992620348930359
ai_portrait_flux_2_flex_portrait_09.png,true,Flux,portrait,0.9966991543769836
ai_portrait_flux_2_flex_portrait_08.png,true,Flux,portrait,0.7630157470703125
ai_portrait_leonardo_phoenix_portrait_08.png,true,Leonardo Phoenix,portrait,0.9342097043991089
ai_portrait_leonardo_phoenix_portrait_09.png,true,Leonardo Phoenix,portrait,0.9681652784347534
ai_portrait_sd_3.5_large_portrait_09.png,true,Sd,portrait,0.02345242351293564
ai_portrait_gemini_3_pro_portrait_08.png,true,Gemini 3 Pro,portrait,0.4490830898284912
ai_portrait_gemini_3_pro_portrait_09.png,true,Gemini 3 Pro,portrait,0.8391602039337158
ai_portrait_sd_3.5_large_portrait_08.png,true,Sd,portrait,0.999982476234436
ai_portrait_seedream_v4_portrait_09.png,true,Seedream,portrait,0.9156049489974976
ai_portrait_hunyuan_v3_portrait_03.png,true,Hunyuan v3,portrait,0.06126080080866814
ai_portrait_grok_aurora_portrait_06.png,true,Grok Aurora,portrait,0.7039228677749634
ai_portrait_qwen_2512_portrait_07.png,true,Qwen 2512,portrait,0.9999890327453613
ai_portrait_wan_v2.6_portrait_09.png,true,Wan v2.6,portrait,0.9999979734420776
ai_portrait_flux_schnell_portrait_04.png,true,Flux Schnell,portrait,0.9998062252998352
ai_portrait_flux_schnell_portrait_10.png,true,Flux Schnell,portrait,0.9983798265457153
ai_portrait_flux_pro_v1.1_portrait_01.png,true,Flux Pro v1.1,portrait,0.8790267705917358
ai_portrait_flux_schnell_portrait_05.png,true,Flux Schnell,portrait,0.9997286200523376
ai_portrait_wan_v2.6_portrait_08.png,true,Wan v2.6,portrait,0.14834818243980408
ai_portrait_qwen_2512_portrait_06.png,true,Qwen 2512,portrait,0.9999849796295166
ai_portrait_grok_aurora_portrait_07.png,true,Grok Aurora,portrait,0.9998444318771362
ai_portrait_hunyuan_v3_portrait_02.png,true,Hunyuan v3,portrait,0.8848596215248108
ai_portrait_seedream_v4_portrait_08.png,true,Seedream,portrait,0.021868545562028885
ai_portrait_grok_aurora_portrait_05.png,true,Grok Aurora,portrait,0.9330465197563171
ai_portrait_qwen_2512_portrait_04.png,true,Qwen 2512,portrait,0.6232592463493347
ai_portrait_qwen_2512_portrait_10.png,true,Qwen 2512,portrait,0.02268010936677456
ai_portrait_flux_schnell_portrait_07.png,true,Flux Schnell,portrait,0.9999910593032837
ai_portrait_flux_pro_v1.1_portrait_03.png,true,Flux Pro v1.1,portrait,0.9551369547843933
ai_portrait_flux_pro_v1.1_portrait_02.png,true,Flux Pro v1.1,portrait,0.9999803304672241
ai_portrait_flux_schnell_portrait_06.png,true,Flux Schnell,portrait,0.999990701675415
ai_portrait_qwen_2512_portrait_05.png,true,Qwen 2512,portrait,0.18036051094532013
ai_portrait_grok_aurora_portrait_04.png,true,Grok Aurora,portrait,0.9907047152519226
ai_portrait_grok_aurora_portrait_10.png,true,Grok Aurora,portrait,0.9999984502792358
ai_portrait_hunyuan_v3_portrait_01.png,true,Hunyuan v3,portrait,0.3924996554851532
ai_portrait_hunyuan_v3_portrait_05.png,true,Hunyuan v3,portrait,0.01926206611096859
ai_portrait_qwen_2512_portrait_01.png,true,Qwen 2512,portrait,0.9985710382461548
ai_portrait_flux_schnell_portrait_02.png,true,Flux Schnell,portrait,0.9997537732124329
ai_portrait_flux_pro_v1.1_portrait_06.png,true,Flux Pro v1.1,portrait,0.9991185069084167
ai_portrait_flux_pro_v1.1_portrait_07.png,true,Flux Pro v1.1,portrait,0.9999535083770752
ai_portrait_flux_schnell_portrait_03.png,true,Flux Schnell,portrait,0.9997485280036926
ai_portrait_grok_aurora_portrait_01.png,true,Grok Aurora,portrait,0.09595783799886703
ai_portrait_hunyuan_v3_portrait_10.png,true,Hunyuan v3,portrait,0.02699449472129345
ai_portrait_hunyuan_v3_portrait_04.png,true,Hunyuan v3,portrait,0.9955021739006042
ai_portrait_seedream_v3_portrait_08.png,true,Seedream,portrait,0.900215744972229
ai_portrait_hunyuan_v3_portrait_06.png,true,Hunyuan v3,portrait,0.06335628032684326
ai_portrait_recraft_v3_portrait_09.png,true,Recraft v3,portrait,0.18851707875728607
ai_portrait_grok_aurora_portrait_03.png,true,Grok Aurora,portrait,0.9625300168991089
ai_portrait_qwen_2512_portrait_02.png,true,Qwen 2512,portrait,0.9999877214431763
ai_portrait_flux_schnell_portrait_01.png,true,Flux Schnell,portrait,0.9998891353607178
ai_portrait_flux_pro_v1.1_portrait_05.png,true,Flux Pro v1.1,portrait,0.3443058729171753
ai_portrait_flux_pro_v1.1_portrait_10.png,true,Flux Pro v1.1,portrait,0.9986488223075867
ai_portrait_flux_pro_v1.1_portrait_04.png,true,Flux Pro v1.1,portrait,0.8581647276878357
ai_portrait_qwen_2512_portrait_03.png,true,Qwen 2512,portrait,0.9982086420059204
ai_portrait_recraft_v3_portrait_08.png,true,Recraft v3,portrait,0.990239143371582
ai_portrait_grok_aurora_portrait_02.png,true,Grok Aurora,portrait,0.9999196529388428
ai_portrait_hunyuan_v3_portrait_07.png,true,Hunyuan v3,portrait,0.8722527027130127
ai_portrait_seedream_v3_portrait_09.png,true,Seedream,portrait,0.9989836812019348
ai_product_flux_pro_v1.1_product_03.png,true,Flux Pro v1.1,product,0.0007064398960210383
ai_product_flux_2_flex_product_03.png,true,Flux,product,0.5962502956390381
ai_product_gpt_image_1.5_product_03.png,true,Gpt,product,0.00010517171904211864
ai_product_gpt_image_1.5_product_02.png,true,Gpt,product,0.8812077641487122
ai_product_flux_2_flex_product_02.png,true,Flux,product,0.1544046700000763
ai_product_flux_pro_v1.1_product_02.png,true,Flux Pro v1.1,product,0.9903225302696228
ai_product_grok_aurora_product_01.png,true,Grok Aurora,product,0.004335176199674606
ai_product_glm_image_product_08.png,true,GLM Image,product,0.9961180686950684
ai_product_grok_aurora_product_03.png,true,Grok Aurora,product,0.6559563279151917
ai_product_hunyuan_v3_product_09.png,true,Hunyuan v3,product,0.00022516242461279035
ai_product_gpt_image_1.5_product_01.png,true,Gpt,product,0.1922677457332611
ai_product_hunyuan_v3_product_08.png,true,Hunyuan v3,product,0.1634427160024643
ai_product_flux_2_flex_product_01.png,true,Flux,product,0.9889196753501892
ai_product_flux_pro_v1.1_product_01.png,true,Flux Pro v1.1,product,0.27723002433776855
ai_product_grok_aurora_product_02.png,true,Grok Aurora,product,0.9995964169502258
ai_product_glm_image_product_09.png,true,GLM Image,product,0.0015332965413108468
ai_product_grok_aurora_product_06.png,true,Grok Aurora,product,0.03793681412935257
ai_product_seedream_v4_product_08.png,true,Seedream,product,0.9892561435699463
ai_product_flux_pro_v1.1_product_05.png,true,Flux Pro v1.1,product,0.9909830093383789
ai_product_flux_2_flex_product_05.png,true,Flux,product,0.7343329787254333
ai_product_gpt_image_1.5_product_05.png,true,Gpt,product,0.002986352192237973
ai_product_gpt_image_1.5_product_10.png,true,Gpt,product,0.9978752136230469
ai_product_gpt_image_1.5_product_04.png,true,Gpt,product,0.0009663560194894671
ai_product_flux_2_flex_product_04.png,true,Flux,product,0.3931688070297241
ai_product_flux_2_flex_product_10.png,true,Flux,product,9.839273116085678e-05
ai_product_flux_pro_v1.1_product_10.png,true,Flux Pro v1.1,product,0.8689902424812317
ai_product_flux_pro_v1.1_product_04.png,true,Flux Pro v1.1,product,0.04534807801246643
ai_product_seedream_v4_product_09.png,true,Seedream,product,5.409569894254673e-06
ai_product_grok_aurora_product_07.png,true,Grok Aurora,product,0.8348539471626282
ai_product_grok_aurora_product_05.png,true,Grok Aurora,product,0.998754620552063
ai_product_flux_schnell_product_08.png,true,Flux Schnell,product,0.9990121126174927
ai_product_flux_pro_v1.1_product_06.png,true,Flux Pro v1.1,product,0.6857873797416687
ai_product_seedream_v3_product_08.png,true,Seedream,product,0.976485013961792
ai_product_flux_2_flex_product_06.png,true,Flux,product,0.0018001195276156068
ai_product_gpt_image_1.5_product_06.png,true,Gpt,product,0.20851516723632812
ai_product_gemini_3_pro_product_09.png,true,Gemini 3 Pro,product,7.045392703730613e-05
ai_product_gemini_3_pro_product_08.png,true,Gemini 3 Pro,product,0.012466326355934143
ai_product_gpt_image_1.5_product_07.png,true,Gpt,product,0.997929573059082
ai_product_flux_2_flex_product_07.png,true,Flux,product,0.02633701264858246
ai_product_seedream_v3_product_09.png,true,Seedream,product,0.003305642632767558
ai_product_flux_pro_v1.1_product_07.png,true,Flux Pro v1.1,product,0.5870641469955444
ai_product_flux_schnell_product_09.png,true,Flux Schnell,product,0.0006388500914908946
ai_product_grok_aurora_product_10.png,true,Grok Aurora,product,0.9997439980506897
ai_product_grok_aurora_product_04.png,true,Grok Aurora,product,0.005471764598041773
ai_product_recraft_v3_product_06.png,true,Recraft v3,product,0.15268859267234802
ai_product_ideogram_v3_product_01.png,true,Ideogram v3,product,3.706219285959378e-05
ai_product_recraft_v3_product_07.png,true,Recraft v3,product,0.998823344707489
ai_product_recraft_v3_product_05.png,true,Recraft v3,product,0.04711398854851723
ai_product_ideogram_v3_product_02.png,true,Ideogram v3,product,0.010560928843915462
ai_product_z_image_product_08.png,true,Z,product,0.9404734969139099
ai_product_qwen_2512_product_09.png,true,Qwen 2512,product,0.0017299973405897617
ai_product_qwen_2512_product_08.png,true,Qwen 2512,product,0.9924089908599854
ai_product_z_image_product_09.png,true,Z,product,0.9993459582328796
ai_product_ideogram_v3_product_03.png,true,Ideogram v3,product,0.011365174315869808
ai_product_recraft_v3_product_04.png,true,Recraft v3,product,0.00854114443063736
ai_product_recraft_v3_product_10.png,true,Recraft v3,product,0.8720094561576843
ai_product_sd_3.5_large_product_09.png,true,Sd,product,0.0035478516947478056
ai_product_ideogram_v3_product_07.png,true,Ideogram v3,product,0.31464019417762756
ai_product_wan_v2.6_product_08.png,true,Wan v2.6,product,0.7163484692573547
ai_product_leonardo_phoenix_product_09.png,true,Leonardo Phoenix,product,0.5762096643447876
ai_product_leonardo_phoenix_product_08.png,true,Leonardo Phoenix,product,0.999735414981842
ai_product_wan_v2.6_product_09.png,true,Wan v2.6,product,0.009903944097459316
ai_product_ideogram_v3_product_06.png,true,Ideogram v3,product,0.47861137986183167
ai_product_sd_3.5_large_product_08.png,true,Sd,product,0.9595898985862732
ai_product_recraft_v3_product_01.png,true,Recraft v3,product,0.6973842978477478
ai_product_recraft_v3_product_03.png,true,Recraft v3,product,0.3696897625923157
ai_product_ideogram_v3_product_04.png,true,Ideogram v3,product,0.2571847438812256
ai_product_ideogram_v3_product_10.png,true,Ideogram v3,product,2.5589124561520293e-05
ai_product_ideogram_v3_product_05.png,true,Ideogram v3,product,1.881650314317085e-05
ai_product_recraft_v3_product_02.png,true,Recraft v3,product,0.9909634590148926
ai_product_z_image_product_02.png,true,Z,product,0.9325403571128845
ai_product_sd_3.5_large_product_06.png,true,Sd,product,0.22698268294334412
ai_product_ideogram_v3_product_08.png,true,Ideogram v3,product,0.11315972357988358
ai_product_wan_v2.6_product_07.png,true,Wan v2.6,product,0.9881290793418884
ai_product_leonardo_phoenix_product_06.png,true,Leonardo Phoenix,product,0.983174741268158
ai_product_qwen_2512_product_03.png,true,Qwen 2512,product,0.015135603956878185
ai_product_qwen_2512_product_02.png,true,Qwen 2512,product,0.9999405145645142
ai_product_leonardo_phoenix_product_07.png,true,Leonardo Phoenix,product,0.9999576807022095
ai_product_wan_v2.6_product_06.png,true,Wan v2.6,product,0.9356849193572998
ai_product_ideogram_v3_product_09.png,true,Ideogram v3,product,3.3600477763684466e-05
ai_product_sd_3.5_large_product_07.png,true,Sd,product,0.2002391219139099
ai_product_z_image_product_03.png,true,Z,product,0.03628741204738617
ai_product_z_image_product_01.png,true,Z,product,0.010765345767140388
ai_product_sd_3.5_large_product_05.png,true,Sd,product,0.6968097686767578
ai_product_wan_v2.6_product_10.png,true,Wan v2.6,product,0.444585382938385
ai_product_wan_v2.6_product_04.png,true,Wan v2.6,product,0.0029458068311214447
ai_product_leonardo_phoenix_product_05.png,true,Leonardo Phoenix,product,0.9999958276748657
ai_product_qwen_2512_product_01.png,true,Qwen 2512,product,0.6593326926231384
ai_product_leonardo_phoenix_product_04.png,true,Leonardo Phoenix,product,0.997892439365387
ai_product_leonardo_phoenix_product_10.png,true,Leonardo Phoenix,product,0.9999744892120361
ai_product_wan_v2.6_product_05.png,true,Wan v2.6,product,2.3032127501210198e-05
ai_product_sd_3.5_large_product_04.png,true,Sd,product,0.9660816788673401
ai_product_sd_3.5_large_product_10.png,true,Sd,product,0.5693002343177795
ai_product_recraft_v3_product_09.png,true,Recraft v3,product,0.0005475003854371607
ai_product_z_image_product_10.png,true,Z,product,0.999984860420227
ai_product_z_image_product_04.png,true,Z,product,0.013591845519840717
ai_product_wan_v2.6_product_01.png,true,Wan v2.6,product,0.9267767667770386
ai_product_qwen_2512_product_05.png,true,Qwen 2512,product,0.06324758380651474
ai_product_qwen_2512_product_04.png,true,Qwen 2512,product,0.00039632405969314277
ai_product_qwen_2512_product_10.png,true,Qwen 2512,product,0.9988595247268677
ai_product_leonardo_phoenix_product_01.png,true,Leonardo Phoenix,product,0.9873399138450623
ai_product_z_image_product_05.png,true,Z,product,0.014255521818995476
ai_product_sd_3.5_large_product_01.png,true,Sd,product,0.9991647005081177
ai_product_recraft_v3_product_08.png,true,Recraft v3,product,0.9922540187835693
ai_product_sd_3.5_large_product_03.png,true,Sd,product,0.779502809047699
ai_product_z_image_product_07.png,true,Z,product,0.8997424244880676
ai_product_wan_v2.6_product_02.png,true,Wan v2.6,product,0.7259821891784668
ai_product_leonardo_phoenix_product_03.png,true,Leonardo Phoenix,product,0.9926244616508484
ai_product_qwen_2512_product_06.png,true,Qwen 2512,product,0.9474157094955444
ai_product_qwen_2512_product_07.png,true,Qwen 2512,product,0.8955815434455872
ai_product_leonardo_phoenix_product_02.png,true,Leonardo Phoenix,product,0.999674916267395
ai_product_wan_v2.6_product_03.png,true,Wan v2.6,product,0.6750207543373108
ai_product_z_image_product_06.png,true,Z,product,0.999994158744812
ai_product_sd_3.5_large_product_02.png,true,Sd,product,0.1735282838344574
ai_product_glm_image_product_02.png,true,GLM Image,product,0.9892295002937317
ai_product_grok_aurora_product_09.png,true,Grok Aurora,product,0.010188591666519642
ai_product_flux_schnell_product_10.png,true,Flux Schnell,product,0.9999799728393555
ai_product_seedream_v4_product_07.png,true,Seedream,product,0.07441685348749161
ai_product_flux_schnell_product_04.png,true,Flux Schnell,product,0.00028032934642396867
ai_product_seedream_v3_product_04.png,true,Seedream,product,0.0019658736418932676
ai_product_seedream_v3_product_10.png,true,Seedream,product,0.971192479133606
ai_product_hunyuan_v3_product_03.png,true,Hunyuan v3,product,0.015416212379932404
ai_product_gemini_3_pro_product_05.png,true,Gemini 3 Pro,product,0.0009146498632617295
ai_product_gemini_3_pro_product_04.png,true,Gemini 3 Pro,product,0.000660472665913403
ai_product_gemini_3_pro_product_10.png,true,Gemini 3 Pro,product,0.78291916847229
ai_product_hunyuan_v3_product_02.png,true,Hunyuan v3,product,0.9443657398223877
ai_product_seedream_v3_product_05.png,true,Seedream,product,0.00045367091661319137
ai_product_flux_schnell_product_05.png,true,Flux Schnell,product,0.6204813718795776
ai_product_seedream_v4_product_06.png,true,Seedream,product,0.010165400803089142
ai_product_grok_aurora_product_08.png,true,Grok Aurora,product,0.9993115663528442
ai_product_glm_image_product_03.png,true,GLM Image,product,0.9066233038902283
ai_product_glm_image_product_01.png,true,GLM Image,product,0.1962340623140335
ai_product_flux_schnell_product_07.png,true,Flux Schnell,product,0.22725220024585724
ai_product_seedream_v4_product_10.png,true,Seedream,product,0.0027146495413035154
ai_product_flux_pro_v1.1_product_09.png,true,Flux Pro v1.1,product,2.9160784833948128e-05
ai_product_seedream_v4_product_04.png,true,Seedream,product,4.971856469637714e-05
ai_product_seedream_v3_product_07.png,true,Seedream,product,0.9810590147972107
ai_product_flux_2_flex_product_09.png,true,Flux,product,0.0010215595830231905
ai_product_gpt_image_1.5_product_09.png,true,Gpt,product,3.982975613325834e-06
ai_product_gemini_3_pro_product_06.png,true,Gemini 3 Pro,product,0.2369605451822281
ai_product_gemini_3_pro_product_07.png,true,Gemini 3 Pro,product,0.7924448251724243
ai_product_gpt_image_1.5_product_08.png,true,Gpt,product,0.07196279615163803
ai_product_hunyuan_v3_product_01.png,true,Hunyuan v3,product,0.9988114833831787
ai_product_flux_2_flex_product_08.png,true,Flux,product,0.9836233854293823
ai_product_seedream_v3_product_06.png,true,Seedream,product,0.7497379779815674
ai_product_seedream_v4_product_05.png,true,Seedream,product,2.4149223463609815e-05
ai_product_flux_pro_v1.1_product_08.png,true,Flux Pro v1.1,product,0.9933211207389832
ai_product_flux_schnell_product_06.png,true,Flux Schnell,product,0.9968181848526001
ai_product_glm_image_product_10.png,true,GLM Image,product,0.7620893716812134
ai_product_glm_image_product_04.png,true,GLM Image,product,0.1317504346370697
ai_product_flux_schnell_product_02.png,true,Flux Schnell,product,0.12459654361009598
ai_product_seedream_v4_product_01.png,true,Seedream,product,0.9997135996818542
ai_product_seedream_v3_product_02.png,true,Seedream,product,0.012693285942077637
ai_product_hunyuan_v3_product_05.png,true,Hunyuan v3,product,0.0016118637286126614
ai_product_gemini_3_pro_product_03.png,true,Gemini 3 Pro,product,0.00010556296183494851
ai_product_gemini_3_pro_product_02.png,true,Gemini 3 Pro,product,0.3085319995880127
ai_product_hunyuan_v3_product_10.png,true,Hunyuan v3,product,0.05382419377565384
ai_product_hunyuan_v3_product_04.png,true,Hunyuan v3,product,0.002042220439761877
ai_product_seedream_v3_product_03.png,true,Seedream,product,0.00017311822739429772
ai_product_flux_schnell_product_03.png,true,Flux Schnell,product,0.018794145435094833
ai_product_glm_image_product_05.png,true,GLM Image,product,0.641427755355835
ai_product_glm_image_product_07.png,true,GLM Image,product,0.9980260133743286
ai_product_seedream_v4_product_02.png,true,Seedream,product,0.002907594433054328
ai_product_flux_schnell_product_01.png,true,Flux Schnell,product,0.9682669639587402
ai_product_seedream_v3_product_01.png,true,Seedream,product,0.0042966208420693874
ai_product_hunyuan_v3_product_06.png,true,Hunyuan v3,product,0.3096814453601837
ai_product_gemini_3_pro_product_01.png,true,Gemini 3 Pro,product,2.2507099856738932e-05
ai_product_hunyuan_v3_product_07.png,true,Hunyuan v3,product,0.025864625349640846
ai_product_seedream_v4_product_03.png,true,Seedream,product,0.000301461317576468
ai_product_glm_image_product_06.png,true,GLM Image,product,0.9637239575386047
ai_food_seedream_v3_food_02.png,true,Seedream,food,0.44249922037124634
ai_food_gemini_3_pro_food_04.png,true,Gemini 3 Pro,food,0.09803419560194016
ai_food_gemini_3_pro_food_10.png,true,Gemini 3 Pro,food,0.0007496114121749997
ai_food_flux_schnell_food_03.png,true,Flux Schnell,food,0.00041359494207426906
ai_food_glm_image_food_08.png,true,GLM Image,food,0.096329465508461
ai_food_leonardo_phoenix_food_05.png,true,Leonardo Phoenix,food,0.9997041821479797
ai_food_gpt_image_1.5_food_01.png,true,Gpt,food,8.553780935471877e-05
ai_food_flux_pro_v1.1_food_05.png,true,Flux Pro v1.1,food,0.0005535872187465429
ai_food_flux_pro_v1.1_food_04.png,true,Flux Pro v1.1,food,0.0021612069103866816
ai_food_flux_pro_v1.1_food_10.png,true,Flux Pro v1.1,food,0.0011193894315510988
ai_food_leonardo_phoenix_food_04.png,true,Leonardo Phoenix,food,0.9478141069412231
ai_food_glm_image_food_09.png,true,GLM Image,food,0.018147915601730347
ai_food_leonardo_phoenix_food_10.png,true,Leonardo Phoenix,food,0.8767431378364563
ai_food_flux_schnell_food_02.png,true,Flux Schnell,food,0.0419054813683033
ai_food_gemini_3_pro_food_05.png,true,Gemini 3 Pro,food,0.03226388245820999
ai_food_seedream_v3_food_03.png,true,Seedream,food,0.0020689612720161676
ai_food_seedream_v3_food_01.png,true,Seedream,food,0.7304543852806091
ai_food_gemini_3_pro_food_07.png,true,Gemini 3 Pro,food,0.008017702959477901
ai_food_leonardo_phoenix_food_06.png,true,Leonardo Phoenix,food,0.1044548824429512
ai_food_gpt_image_1.5_food_02.png,true,Gpt,food,1.2557138688862324e-05
ai_food_flux_pro_v1.1_food_06.png,true,Flux Pro v1.1,food,0.7580794095993042
ai_food_flux_pro_v1.1_food_07.png,true,Flux Pro v1.1,food,0.31644079089164734
ai_food_gpt_image_1.5_food_03.png,true,Gpt,food,4.9909198423847556e-05
ai_food_leonardo_phoenix_food_07.png,true,Leonardo Phoenix,food,0.9988941550254822
ai_food_flux_schnell_food_01.png,true,Flux Schnell,food,0.49472904205322266
ai_food_gemini_3_pro_food_06.png,true,Gemini 3 Pro,food,0.0004806895740330219
ai_food_seedream_v3_food_10.png,true,Seedream,food,0.005329926963895559
ai_food_seedream_v3_food_04.png,true,Seedream,food,0.006434205453842878
ai_food_seedream_v4_food_08.png,true,Seedream,food,6.206688703969121e-05
ai_food_gemini_3_pro_food_02.png,true,Gemini 3 Pro,food,0.005051576532423496
ai_food_flux_schnell_food_05.png,true,Flux Schnell,food,0.954102098941803
ai_food_leonardo_phoenix_food_03.png,true,Leonardo Phoenix,food,0.838890552520752
ai_food_gpt_image_1.5_food_07.png,true,Gpt,food,0.0008682129555381835
ai_food_flux_pro_v1.1_food_03.png,true,Flux Pro v1.1,food,0.70816969871521
ai_food_flux_pro_v1.1_food_02.png,true,Flux Pro v1.1,food,0.9687614440917969
ai_food_gpt_image_1.5_food_06.png,true,Gpt,food,0.001103055546991527
ai_food_leonardo_phoenix_food_02.png,true,Leonardo Phoenix,food,0.008585711941123009
ai_food_flux_schnell_food_04.png,true,Flux Schnell,food,0.004557326901704073
ai_food_flux_schnell_food_10.png,true,Flux Schnell,food,0.0015082648023962975
ai_food_gemini_3_pro_food_03.png,true,Gemini 3 Pro,food,0.0001345092459814623
ai_food_seedream_v4_food_09.png,true,Seedream,food,0.20129665732383728
ai_food_seedream_v3_food_05.png,true,Seedream,food,0.00023505266290158033
ai_food_seedream_v3_food_07.png,true,Seedream,food,0.0008595510153099895
ai_food_ideogram_v3_food_09.png,true,Ideogram v3,food,0.0034020254388451576
ai_food_gemini_3_pro_food_01.png,true,Gemini 3 Pro,food,0.00021321905660443008
ai_food_flux_schnell_food_06.png,true,Flux Schnell,food,0.9214984774589539
ai_food_gpt_image_1.5_food_04.png,true,Gpt,food,0.0002163863682653755
ai_food_grok_aurora_food_09.png,true,Grok Aurora,food,0.9992018342018127
ai_food_gpt_image_1.5_food_10.png,true,Gpt,food,0.005174187012016773
ai_food_flux_pro_v1.1_food_01.png,true,Flux Pro v1.1,food,0.989046037197113
ai_food_grok_aurora_food_08.png,true,Grok Aurora,food,0.9798156023025513
ai_food_gpt_image_1.5_food_05.png,true,Gpt,food,0.0001623077696422115
ai_food_leonardo_phoenix_food_01.png,true,Leonardo Phoenix,food,0.9996296167373657
ai_food_flux_schnell_food_07.png,true,Flux Schnell,food,0.0061070541851222515
ai_food_ideogram_v3_food_08.png,true,Ideogram v3,food,0.028742598369717598
ai_food_seedream_v3_food_06.png,true,Seedream,food,0.06100218743085861
ai_food_sd_3.5_large_food_01.png,true,Sd,food,0.09944508224725723
ai_food_flux_2_flex_food_06.png,true,Flux,food,0.0006360480911098421
ai_food_hunyuan_v3_food_08.png,true,Hunyuan v3,food,0.00017164633027277887
ai_food_hunyuan_v3_food_09.png,true,Hunyuan v3,food,0.276698499917984
ai_food_flux_2_flex_food_07.png,true,Flux,food,0.9972289204597473
ai_food_sd_3.5_large_food_02.png,true,Sd,food,0.05621243640780449
ai_food_flux_2_flex_food_05.png,true,Flux,food,8.954876102507114e-05
ai_food_qwen_2512_food_08.png,true,Qwen 2512,food,6.725116691086441e-05
ai_food_z_image_food_09.png,true,Z,food,0.9996702671051025
ai_food_z_image_food_08.png,true,Z,food,0.021116487681865692
ai_food_flux_2_flex_food_10.png,true,Flux,food,0.8488238453865051
ai_food_flux_2_flex_food_04.png,true,Flux,food,0.29946452379226685
ai_food_qwen_2512_food_09.png,true,Qwen 2512,food,0.9997298121452332
ai_food_sd_3.5_large_food_03.png,true,Sd,food,0.013755685649812222
ai_food_sd_3.5_large_food_07.png,true,Sd,food,0.9563969373703003
ai_food_wan_v2.6_food_08.png,true,Wan v2.6,food,0.017029738053679466
ai_food_wan_v2.6_food_09.png,true,Wan v2.6,food,0.8925768136978149
ai_food_flux_2_flex_food_01.png,true,Flux,food,0.05954229459166527
ai_food_sd_3.5_large_food_06.png,true,Sd,food,0.19780182838439941
ai_food_sd_3.5_large_food_10.png,true,Sd,food,0.00029244067263789475
ai_food_sd_3.5_large_food_04.png,true,Sd,food,0.0006222166121006012
ai_food_recraft_v3_food_09.png,true,Recraft v3,food,0.12941108644008636
ai_food_flux_2_flex_food_03.png,true,Flux,food,0.0020767771638929844
ai_food_flux_2_flex_food_02.png,true,Flux,food,0.9990158081054688
ai_food_sd_3.5_large_food_05.png,true,Sd,food,0.9484503269195557
ai_food_recraft_v3_food_08.png,true,Recraft v3,food,0.38030001521110535
ai_food_sd_3.5_large_food_08.png,true,Sd,food,0.00039501258288510144
ai_food_recraft_v3_food_05.png,true,Recraft v3,food,0.9977477192878723
ai_food_qwen_2512_food_02.png,true,Qwen 2512,food,0.9809369444847107
ai_food_wan_v2.6_food_07.png,true,Wan v2.6,food,0.03249945119023323
ai_food_hunyuan_v3_food_01.png,true,Hunyuan v3,food,0.011273634620010853
ai_food_z_image_food_03.png,true,Z,food,0.25883549451828003
ai_food_z_image_food_02.png,true,Z,food,0.07751141488552094
ai_food_wan_v2.6_food_06.png,true,Wan v2.6,food,0.01689480058848858
ai_food_qwen_2512_food_03.png,true,Qwen 2512,food,0.0010122971143573523
ai_food_recraft_v3_food_10.png,true,Recraft v3,food,0.8916513919830322
ai_food_sd_3.5_large_food_09.png,true,Sd,food,0.9738787412643433
ai_food_recraft_v3_food_04.png,true,Recraft v3,food,0.002299593761563301
ai_food_recraft_v3_food_06.png,true,Recraft v3,food,0.0013354122638702393
ai_food_qwen_2512_food_01.png,true,Qwen 2512,food,0.9787125587463379
ai_food_wan_v2.6_food_04.png,true,Wan v2.6,food,0.01567750610411167
ai_food_wan_v2.6_food_10.png,true,Wan v2.6,food,0.0006974765565246344
ai_food_hunyuan_v3_food_02.png,true,Hunyuan v3,food,0.0014717759331688285
ai_food_z_image_food_01.png,true,Z,food,0.002516260603442788
ai_food_hunyuan_v3_food_03.png,true,Hunyuan v3,food,0.004432866349816322
ai_food_wan_v2.6_food_05.png,true,Wan v2.6,food,0.005839000456035137
ai_food_recraft_v3_food_07.png,true,Recraft v3,food,0.0018304032273590565
ai_food_recraft_v3_food_03.png,true,Recraft v3,food,0.004612500313669443
ai_food_wan_v2.6_food_01.png,true,Wan v2.6,food,0.00010993273463100195
ai_food_qwen_2512_food_10.png,true,Qwen 2512,food,0.0006856801919639111
ai_food_flux_2_flex_food_09.png,true,Flux,food,0.5609532594680786
ai_food_qwen_2512_food_04.png,true,Qwen 2512,food,0.01714121364057064
ai_food_hunyuan_v3_food_07.png,true,Hunyuan v3,food,0.20253297686576843
ai_food_z_image_food_05.png,true,Z,food,0.007150056306272745
ai_food_z_image_food_04.png,true,Z,food,0.045783717185258865
ai_food_hunyuan_v3_food_06.png,true,Hunyuan v3,food,0.0008847310673445463
ai_food_z_image_food_10.png,true,Z,food,0.9502363801002502
ai_food_flux_2_flex_food_08.png,true,Flux,food,0.10846150666475296
ai_food_qwen_2512_food_05.png,true,Qwen 2512,food,0.0012672407319769263
ai_food_recraft_v3_food_02.png,true,Recraft v3,food,0.047772299498319626
ai_food_wan_v2.6_food_02.png,true,Wan v2.6,food,0.04318992421030998
ai_food_qwen_2512_food_07.png,true,Qwen 2512,food,0.9682328701019287
ai_food_hunyuan_v3_food_04.png,true,Hunyuan v3,food,0.00039433830534107983
ai_food_z_image_food_06.png,true,Z,food,0.2165127992630005
ai_food_hunyuan_v3_food_10.png,true,Hunyuan v3,food,1.741634332574904e-05
ai_food_z_image_food_07.png,true,Z,food,0.13338224589824677
ai_food_hunyuan_v3_food_05.png,true,Hunyuan v3,food,9.274221520172432e-05
ai_food_qwen_2512_food_06.png,true,Qwen 2512,food,0.9077179431915283
ai_food_wan_v2.6_food_03.png,true,Wan v2.6,food,0.00018268090207129717
ai_food_recraft_v3_food_01.png,true,Recraft v3,food,0.13317851722240448
ai_food_ideogram_v3_food_05.png,true,Ideogram v3,food,0.0010557917412370443
ai_food_seedream_v4_food_07.png,true,Seedream,food,0.003205171087756753
ai_food_glm_image_food_01.png,true,GLM Image,food,0.9974098801612854
ai_food_grok_aurora_food_05.png,true,Grok Aurora,food,0.03427056595683098
ai_food_gpt_image_1.5_food_08.png,true,Gpt,food,0.0018187592504546046
ai_food_gpt_image_1.5_food_09.png,true,Gpt,food,0.002220356138423085
ai_food_grok_aurora_food_04.png,true,Grok Aurora,food,0.1652718037366867
ai_food_grok_aurora_food_10.png,true,Grok Aurora,food,0.48421943187713623
ai_food_seedream_v4_food_06.png,true,Seedream,food,0.009105506353080273
ai_food_ideogram_v3_food_10.png,true,Ideogram v3,food,0.000763376650866121
ai_food_ideogram_v3_food_04.png,true,Ideogram v3,food,0.030636664479970932
ai_food_seedream_v3_food_08.png,true,Seedream,food,0.00017824274254962802
ai_food_seedream_v4_food_04.png,true,Seedream,food,4.255130988894962e-05
ai_food_seedream_v4_food_10.png,true,Seedream,food,1.8572654880699702e-06
ai_food_ideogram_v3_food_06.png,true,Ideogram v3,food,0.004683738108724356
ai_food_flux_schnell_food_09.png,true,Flux Schnell,food,0.33704161643981934
ai_food_glm_image_food_02.png,true,GLM Image,food,0.008941215462982655
ai_food_grok_aurora_food_06.png,true,Grok Aurora,food,0.03302333876490593
ai_food_grok_aurora_food_07.png,true,Grok Aurora,food,0.405196875333786
ai_food_glm_image_food_03.png,true,GLM Image,food,0.005653219297528267
ai_food_flux_schnell_food_08.png,true,Flux Schnell,food,0.0010310359066352248
ai_food_ideogram_v3_food_07.png,true,Ideogram v3,food,0.001574417226947844
ai_food_seedream_v4_food_05.png,true,Seedream,food,0.00010763482714537531
ai_food_seedream_v3_food_09.png,true,Seedream,food,0.01888703554868698
ai_food_seedream_v4_food_01.png,true,Seedream,food,5.824376057717018e-05
ai_food_ideogram_v3_food_03.png,true,Ideogram v3,food,0.09941679984331131
ai_food_glm_image_food_07.png,true,GLM Image,food,0.019542349502444267
ai_food_grok_aurora_food_03.png,true,Grok Aurora,food,0.06978107243776321
ai_food_grok_aurora_food_02.png,true,Grok Aurora,food,0.0007948406273499131
ai_food_glm_image_food_06.png,true,GLM Image,food,0.19209828972816467
ai_food_ideogram_v3_food_02.png,true,Ideogram v3,food,0.000460805487819016
ai_food_gemini_3_pro_food_08.png,true,Gemini 3 Pro,food,0.00010843259224202484
ai_food_seedream_v4_food_02.png,true,Seedream,food,0.00015140429604798555
ai_food_leonardo_phoenix_food_09.png,true,Leonardo Phoenix,food,0.999993085861206
ai_food_glm_image_food_10.png,true,GLM Image,food,0.08866532146930695
ai_food_glm_image_food_04.png,true,GLM Image,food,0.01707589440047741
ai_food_flux_pro_v1.1_food_09.png,true,Flux Pro v1.1,food,0.45891839265823364
ai_food_flux_pro_v1.1_food_08.png,true,Flux Pro v1.1,food,0.0006804087315686047
ai_food_grok_aurora_food_01.png,true,Grok Aurora,food,0.06812336295843124
ai_food_glm_image_food_05.png,true,GLM Image,food,0.533974826335907
ai_food_leonardo_phoenix_food_08.png,true,Leonardo Phoenix,food,0.004581012297421694
ai_food_seedream_v4_food_03.png,true,Seedream,food,3.30890943587292e-05
ai_food_ideogram_v3_food_01.png,true,Ideogram v3,food,0.0051096961833536625
ai_food_gemini_3_pro_food_09.png,true,Gemini 3 Pro,food,0.0323396697640419
ai_animal_flux_pro_v1.1_animal_07.png,true,Flux Pro v1.1,animal,0.49581319093704224
ai_animal_seedream_v3_animal_10.png,true,Seedream,animal,0.784995973110199
ai_animal_seedream_v3_animal_04.png,true,Seedream,animal,0.007305751089006662
ai_animal_ideogram_v3_animal_03.png,true,Ideogram v3,animal,0.5383560061454773
ai_animal_flux_2_flex_animal_07.png,true,Flux,animal,0.004346034489572048
ai_animal_seedream_v4_animal_01.png,true,Seedream,animal,0.0013639889657497406
ai_animal_flux_2_flex_animal_06.png,true,Flux,animal,0.9999736547470093
ai_animal_gemini_3_pro_animal_01.png,true,Gemini 3 Pro,animal,0.015131887048482895
ai_animal_ideogram_v3_animal_02.png,true,Ideogram v3,animal,0.9971842169761658
ai_animal_seedream_v3_animal_05.png,true,Seedream,animal,0.0022484567016363144
ai_animal_flux_pro_v1.1_animal_06.png,true,Flux Pro v1.1,animal,0.5618736743927002
ai_animal_flux_pro_v1.1_animal_04.png,true,Flux Pro v1.1,animal,0.9999891519546509
ai_animal_flux_pro_v1.1_animal_10.png,true,Flux Pro v1.1,animal,0.9989039897918701
ai_animal_seedream_v3_animal_07.png,true,Seedream,animal,0.980379581451416
ai_animal_sd_3.5_large_animal_09.png,true,Sd,animal,0.7110400795936584
ai_animal_gemini_3_pro_animal_03.png,true,Gemini 3 Pro,animal,0.0004431424313224852
ai_animal_flux_2_flex_animal_04.png,true,Flux,animal,0.6133689284324646
ai_animal_flux_2_flex_animal_10.png,true,Flux,animal,0.9989386200904846
ai_animal_seedream_v4_animal_03.png,true,Seedream,animal,0.001877565635368228
ai_animal_seedream_v4_animal_02.png,true,Seedream,animal,0.4869365692138672
ai_animal_flux_2_flex_animal_05.png,true,Flux,animal,0.004921338055282831
ai_animal_gemini_3_pro_animal_02.png,true,Gemini 3 Pro,animal,0.24759292602539062
ai_animal_ideogram_v3_animal_01.png,true,Ideogram v3,animal,0.00012617006723303348
ai_animal_sd_3.5_large_animal_08.png,true,Sd,animal,0.9989521503448486
ai_animal_seedream_v3_animal_06.png,true,Seedream,animal,0.9986416697502136
ai_animal_flux_pro_v1.1_animal_05.png,true,Flux Pro v1.1,animal,0.15763609111309052
ai_animal_seedream_v3_animal_02.png,true,Seedream,animal,0.9991583824157715
ai_animal_flux_pro_v1.1_animal_01.png,true,Flux Pro v1.1,animal,0.9999955892562866
ai_animal_gemini_3_pro_animal_06.png,true,Gemini 3 Pro,animal,0.2594730257987976
ai_animal_ideogram_v3_animal_05.png,true,Ideogram v3,animal,0.007493454497307539
ai_animal_flux_2_flex_animal_01.png,true,Flux,animal,0.9999960660934448
ai_animal_seedream_v4_animal_06.png,true,Seedream,animal,0.9915410876274109
ai_animal_seedream_v4_animal_07.png,true,Seedream,animal,4.550974699668586e-05
ai_animal_ideogram_v3_animal_10.png,true,Ideogram v3,animal,0.15835750102996826
ai_animal_ideogram_v3_animal_04.png,true,Ideogram v3,animal,0.24422571063041687
ai_animal_gemini_3_pro_animal_07.png,true,Gemini 3 Pro,animal,0.0007295676623471081
ai_animal_seedream_v3_animal_03.png,true,Seedream,animal,0.9988746047019958
ai_animal_seedream_v3_animal_01.png,true,Seedream,animal,0.9927082657814026
ai_animal_flux_pro_v1.1_animal_02.png,true,Flux Pro v1.1,animal,0.9999336004257202
ai_animal_gemini_3_pro_animal_05.png,true,Gemini 3 Pro,animal,0.0002755784662440419
ai_animal_ideogram_v3_animal_06.png,true,Ideogram v3,animal,0.9998063445091248
ai_animal_flux_2_flex_animal_02.png,true,Flux,animal,0.9997327923774719
ai_animal_seedream_v4_animal_05.png,true,Seedream,animal,1.8184657164965756e-05
ai_animal_qwen_2512_animal_08.png,true,Qwen 2512,animal,0.9698578715324402
ai_animal_qwen_2512_animal_09.png,true,Qwen 2512,animal,0.08702751994132996
ai_animal_seedream_v4_animal_10.png,true,Seedream,animal,1.681904359429609e-05
ai_animal_seedream_v4_animal_04.png,true,Seedream,animal,0.0772424042224884
ai_animal_flux_2_flex_animal_03.png,true,Flux,animal,0.9833795428276062
ai_animal_ideogram_v3_animal_07.png,true,Ideogram v3,animal,2.2894033463671803e-05
ai_animal_gemini_3_pro_animal_04.png,true,Gemini 3 Pro,animal,0.0004505014803726226
ai_animal_gemini_3_pro_animal_10.png,true,Gemini 3 Pro,animal,0.0018746814457699656
ai_animal_flux_pro_v1.1_animal_03.png,true,Flux Pro v1.1,animal,0.9998726844787598
ai_animal_flux_schnell_animal_01.png,true,Flux Schnell,animal,0.9999973773956299
ai_animal_z_image_animal_06.png,true,Z,animal,0.9999611377716064
ai_animal_grok_aurora_animal_10.png,true,Grok Aurora,animal,0.9997949004173279
ai_animal_grok_aurora_animal_04.png,true,Grok Aurora,animal,0.9421359300613403
ai_animal_glm_image_animal_06.png,true,GLM Image,animal,0.9999589920043945
ai_animal_recraft_v3_animal_02.png,true,Recraft v3,animal,0.9936724901199341
ai_animal_glm_image_animal_07.png,true,GLM Image,animal,0.48808935284614563
ai_animal_recraft_v3_animal_03.png,true,Recraft v3,animal,0.037663158029317856
ai_animal_grok_aurora_animal_05.png,true,Grok Aurora,animal,0.9970170259475708
ai_animal_z_image_animal_07.png,true,Z,animal,0.2738978862762451
ai_animal_flux_schnell_animal_02.png,true,Flux Schnell,animal,0.9999959468841553
ai_animal_z_image_animal_05.png,true,Z,animal,0.4790163040161133
ai_animal_grok_aurora_animal_07.png,true,Grok Aurora,animal,2.2154405087349005e-05
ai_animal_recraft_v3_animal_01.png,true,Recraft v3,animal,0.971515953540802
ai_animal_glm_image_animal_05.png,true,GLM Image,animal,0.9999972581863403
ai_animal_glm_image_animal_10.png,true,GLM Image,animal,0.12945841252803802
ai_animal_glm_image_animal_04.png,true,GLM Image,animal,0.02691894769668579
ai_animal_grok_aurora_animal_06.png,true,Grok Aurora,animal,0.9991082549095154
ai_animal_z_image_animal_10.png,true,Z,animal,0.9999973773956299
ai_animal_z_image_animal_04.png,true,Z,animal,0.18286274373531342
ai_animal_flux_schnell_animal_03.png,true,Flux Schnell,animal,0.991826057434082
ai_animal_flux_schnell_animal_07.png,true,Flux Schnell,animal,0.8588194251060486
ai_animal_wan_v2.6_animal_09.png,true,Wan v2.6,animal,0.012383499182760715
ai_animal_hunyuan_v3_animal_09.png,true,Hunyuan v3,animal,0.00022484127839561552
ai_animal_grok_aurora_animal_02.png,true,Grok Aurora,animal,0.9963592886924744
ai_animal_recraft_v3_animal_04.png,true,Recraft v3,animal,0.9837560653686523
ai_animal_recraft_v3_animal_10.png,true,Recraft v3,animal,0.9998249411582947
ai_animal_gpt_image_1.5_animal_08.png,true,Gpt,animal,4.719470962299965e-05
ai_animal_gpt_image_1.5_animal_09.png,true,Gpt,animal,0.00020728615345433354
ai_animal_glm_image_animal_01.png,true,GLM Image,animal,0.9992045760154724
ai_animal_recraft_v3_animal_05.png,true,Recraft v3,animal,0.3651179075241089
ai_animal_grok_aurora_animal_03.png,true,Grok Aurora,animal,0.9994450211524963
ai_animal_hunyuan_v3_animal_08.png,true,Hunyuan v3,animal,0.0075316885486245155
ai_animal_flux_schnell_animal_06.png,true,Flux Schnell,animal,0.9989491105079651
ai_animal_wan_v2.6_animal_08.png,true,Wan v2.6,animal,0.008601482957601547
ai_animal_z_image_animal_01.png,true,Z,animal,0.9999743700027466
ai_animal_z_image_animal_03.png,true,Z,animal,0.8584381937980652
ai_animal_flux_schnell_animal_04.png,true,Flux Schnell,animal,0.8059931397438049
ai_animal_flux_schnell_animal_10.png,true,Flux Schnell,animal,0.9998615980148315
ai_animal_grok_aurora_animal_01.png,true,Grok Aurora,animal,0.7569518089294434
ai_animal_leonardo_phoenix_animal_08.png,true,Leonardo Phoenix,animal,0.022084619849920273
ai_animal_recraft_v3_animal_07.png,true,Recraft v3,animal,0.009676314890384674
ai_animal_glm_image_animal_03.png,true,GLM Image,animal,0.9995706677436829
ai_animal_recraft_v3_animal_06.png,true,Recraft v3,animal,0.9918911457061768
ai_animal_glm_image_animal_02.png,true,GLM Image,animal,0.9999545812606812
ai_animal_leonardo_phoenix_animal_09.png,true,Leonardo Phoenix,animal,0.9969114661216736
ai_animal_flux_schnell_animal_05.png,true,Flux Schnell,animal,0.4178307056427002
ai_animal_z_image_animal_02.png,true,Z,animal,0.9971444010734558
ai_animal_wan_v2.6_animal_06.png,true,Wan v2.6,animal,0.8132579922676086
ai_animal_flux_schnell_animal_08.png,true,Flux Schnell,animal,0.9990684390068054
ai_animal_hunyuan_v3_animal_06.png,true,Hunyuan v3,animal,0.1987912952899933
ai_animal_leonardo_phoenix_animal_10.png,true,Leonardo Phoenix,animal,0.9999978542327881
ai_animal_leonardo_phoenix_animal_04.png,true,Leonardo Phoenix,animal,0.32009783387184143
ai_animal_gpt_image_1.5_animal_07.png,true,Gpt,animal,8.718532626517117e-05
ai_animal_gpt_image_1.5_animal_06.png,true,Gpt,animal,0.00019267137395218015
ai_animal_leonardo_phoenix_animal_05.png,true,Leonardo Phoenix,animal,0.208570197224617
ai_animal_hunyuan_v3_animal_07.png,true,Hunyuan v3,animal,0.0007319223950617015
ai_animal_wan_v2.6_animal_07.png,true,Wan v2.6,animal,0.01041664183139801
ai_animal_flux_schnell_animal_09.png,true,Flux Schnell,animal,0.0017708179075270891
ai_animal_wan_v2.6_animal_05.png,true,Wan v2.6,animal,0.00015180630725808442
ai_animal_hunyuan_v3_animal_05.png,true,Hunyuan v3,animal,0.35965219140052795
ai_animal_leonardo_phoenix_animal_07.png,true,Leonardo Phoenix,animal,0.965682327747345
ai_animal_recraft_v3_animal_08.png,true,Recraft v3,animal,0.7094748616218567
ai_animal_gpt_image_1.5_animal_04.png,true,Gpt,animal,0.0002490204351488501
ai_animal_gpt_image_1.5_animal_10.png,true,Gpt,animal,0.9058732390403748
ai_animal_gpt_image_1.5_animal_05.png,true,Gpt,animal,6.092187686590478e-05
ai_animal_recraft_v3_animal_09.png,true,Recraft v3,animal,0.9979731440544128
ai_animal_leonardo_phoenix_animal_06.png,true,Leonardo Phoenix,animal,0.4639025032520294
ai_animal_hunyuan_v3_animal_10.png,true,Hunyuan v3,animal,0.14747001230716705
ai_animal_hunyuan_v3_animal_04.png,true,Hunyuan v3,animal,0.0012261957162991166
ai_animal_wan_v2.6_animal_10.png,true,Wan v2.6,animal,9.339861571788788e-05
ai_animal_wan_v2.6_animal_04.png,true,Wan v2.6,animal,0.00023648908245377243
ai_animal_z_image_animal_09.png,true,Z,animal,0.7243392467498779
ai_animal_leonardo_phoenix_animal_02.png,true,Leonardo Phoenix,animal,0.980962872505188
ai_animal_gpt_image_1.5_animal_01.png,true,Gpt,animal,0.010662209242582321
ai_animal_glm_image_animal_09.png,true,GLM Image,animal,0.20552986860275269
ai_animal_glm_image_animal_08.png,true,GLM Image,animal,0.3263816833496094
ai_animal_leonardo_phoenix_animal_03.png,true,Leonardo Phoenix,animal,0.02524598129093647
ai_animal_hunyuan_v3_animal_01.png,true,Hunyuan v3,animal,0.013404535129666328
ai_animal_z_image_animal_08.png,true,Z,animal,0.9999138116836548
ai_animal_wan_v2.6_animal_01.png,true,Wan v2.6,animal,0.23553401231765747
ai_animal_wan_v2.6_animal_03.png,true,Wan v2.6,animal,0.0009151322883553803
ai_animal_grok_aurora_animal_08.png,true,Grok Aurora,animal,0.00041084596887230873
ai_animal_hunyuan_v3_animal_03.png,true,Hunyuan v3,animal,0.9919257760047913
ai_animal_leonardo_phoenix_animal_01.png,true,Leonardo Phoenix,animal,0.9770972728729248
ai_animal_gpt_image_1.5_animal_02.png,true,Gpt,animal,0.0005925543373450637
ai_animal_gpt_image_1.5_animal_03.png,true,Gpt,animal,0.0016247049206867814
ai_animal_hunyuan_v3_animal_02.png,true,Hunyuan v3,animal,0.9994475245475769
ai_animal_grok_aurora_animal_09.png,true,Grok Aurora,animal,0.22333720326423645
ai_animal_wan_v2.6_animal_02.png,true,Wan v2.6,animal,0.002475737128406763
ai_animal_sd_3.5_large_animal_03.png,true,Sd,animal,0.005428482312709093
ai_animal_gemini_3_pro_animal_09.png,true,Gemini 3 Pro,animal,0.43606120347976685
ai_animal_qwen_2512_animal_04.png,true,Qwen 2512,animal,0.000502781243994832
ai_animal_seedream_v4_animal_09.png,true,Seedream,animal,6.26942710368894e-06
ai_animal_qwen_2512_animal_10.png,true,Qwen 2512,animal,0.9813891053199768
ai_animal_seedream_v4_animal_08.png,true,Seedream,animal,2.2129657736513764e-05
ai_animal_qwen_2512_animal_05.png,true,Qwen 2512,animal,0.0004510246217250824
ai_animal_gemini_3_pro_animal_08.png,true,Gemini 3 Pro,animal,2.678935561561957e-05
ai_animal_sd_3.5_large_animal_02.png,true,Sd,animal,0.9999796152114868
ai_animal_ideogram_v3_animal_09.png,true,Ideogram v3,animal,0.06872842460870743
ai_animal_qwen_2512_animal_07.png,true,Qwen 2512,animal,0.004488371778279543
ai_animal_qwen_2512_animal_06.png,true,Qwen 2512,animal,0.999313235282898
ai_animal_ideogram_v3_animal_08.png,true,Ideogram v3,animal,6.257943459786475e-05
ai_animal_sd_3.5_large_animal_01.png,true,Sd,animal,0.7415385246276855
ai_animal_flux_pro_v1.1_animal_08.png,true,Flux Pro v1.1,animal,0.014862071722745895
ai_animal_sd_3.5_large_animal_05.png,true,Sd,animal,0.038111362606287
ai_animal_flux_2_flex_animal_08.png,true,Flux,animal,0.022886332124471664
ai_animal_qwen_2512_animal_02.png,true,Qwen 2512,animal,0.5248689651489258
ai_animal_qwen_2512_animal_03.png,true,Qwen 2512,animal,0.9928885102272034
ai_animal_flux_2_flex_animal_09.png,true,Flux,animal,0.7780333161354065
ai_animal_sd_3.5_large_animal_10.png,true,Sd,animal,0.994886577129364
ai_animal_sd_3.5_large_animal_04.png,true,Sd,animal,0.011619634926319122
ai_animal_flux_pro_v1.1_animal_09.png,true,Flux Pro v1.1,animal,0.024726426228880882
ai_animal_seedream_v3_animal_08.png,true,Seedream,animal,0.00016736109682824463
ai_animal_sd_3.5_large_animal_06.png,true,Sd,animal,0.990601658821106
ai_animal_qwen_2512_animal_01.png,true,Qwen 2512,animal,0.9999897480010986
ai_animal_sd_3.5_large_animal_07.png,true,Sd,animal,0.1044316440820694
ai_animal_seedream_v3_animal_09.png,true,Seedream,animal,0.0010665648151189089
ai_landscape_gemini_3_pro_landscape_04.png,true,Gemini 3 Pro,landscape,0.0015598060563206673
ai_landscape_gemini_3_pro_landscape_10.png,true,Gemini 3 Pro,landscape,0.8023456335067749
ai_landscape_flux_schnell_landscape_01.png,true,Flux Schnell,landscape,0.8149338364601135
ai_landscape_gemini_3_pro_landscape_05.png,true,Gemini 3 Pro,landscape,0.02016531303524971
ai_landscape_gpt_image_1.5_landscape_08.png,true,Gpt,landscape,0.9999606609344482
ai_landscape_hunyuan_v3_landscape_09.png,true,Hunyuan v3,landscape,0.00012450688518583775
ai_landscape_sd_3.5_large_landscape_09.png,true,Sd,landscape,0.0003783261636272073
ai_landscape_gemini_3_pro_landscape_07.png,true,Gemini 3 Pro,landscape,0.5868627429008484
ai_landscape_flux_schnell_landscape_02.png,true,Flux Schnell,landscape,0.0010352308163419366
ai_landscape_flux_schnell_landscape_03.png,true,Flux Schnell,landscape,0.0590670183300972
ai_landscape_gemini_3_pro_landscape_06.png,true,Gemini 3 Pro,landscape,0.0018127942457795143
ai_landscape_sd_3.5_large_landscape_08.png,true,Sd,landscape,0.9997768998146057
ai_landscape_hunyuan_v3_landscape_08.png,true,Hunyuan v3,landscape,0.005172312259674072
ai_landscape_gpt_image_1.5_landscape_09.png,true,Gpt,landscape,0.0021254406310617924
ai_landscape_gemini_3_pro_landscape_02.png,true,Gemini 3 Pro,landscape,0.00013694516383111477
ai_landscape_flux_schnell_landscape_07.png,true,Flux Schnell,landscape,0.9759069085121155
ai_landscape_flux_schnell_landscape_06.png,true,Flux Schnell,landscape,0.02544005960226059
ai_landscape_gemini_3_pro_landscape_03.png,true,Gemini 3 Pro,landscape,0.8538438081741333
ai_landscape_gemini_3_pro_landscape_01.png,true,Gemini 3 Pro,landscape,0.3191540539264679
ai_landscape_z_image_landscape_09.png,true,Z,landscape,0.996619462966919
ai_landscape_flux_schnell_landscape_04.png,true,Flux Schnell,landscape,0.33182188868522644
ai_landscape_flux_schnell_landscape_10.png,true,Flux Schnell,landscape,0.00031219972879625857
ai_landscape_flux_schnell_landscape_05.png,true,Flux Schnell,landscape,0.917718231678009
ai_landscape_z_image_landscape_08.png,true,Z,landscape,0.9974613189697266
ai_landscape_leonardo_phoenix_landscape_04.png,true,Leonardo Phoenix,landscape,0.0454973541200161
ai_landscape_flux_pro_v1.1_landscape_04.png,true,Flux Pro v1.1,landscape,0.116902194917202
ai_landscape_flux_pro_v1.1_landscape_10.png,true,Flux Pro v1.1,landscape,0.9594991207122803
ai_landscape_ideogram_v3_landscape_08.png,true,Ideogram v3,landscape,5.4122324399941135e-06
ai_landscape_qwen_2512_landscape_08.png,true,Qwen 2512,landscape,0.9999566078186035
ai_landscape_grok_aurora_landscape_03.png,true,Grok Aurora,landscape,0.9860361814498901
ai_landscape_wan_v2.6_landscape_05.png,true,Wan v2.6,landscape,0.10421960055828094
ai_landscape_recraft_v3_landscape_09.png,true,Recraft v3,landscape,0.9519461989402771
ai_landscape_seedream_v4_landscape_05.png,true,Seedream,landscape,0.877953827381134
ai_landscape_seedream_v4_landscape_04.png,true,Seedream,landscape,0.0012380488915368915
ai_landscape_seedream_v4_landscape_10.png,true,Seedream,landscape,0.06732768565416336
ai_landscape_recraft_v3_landscape_08.png,true,Recraft v3,landscape,0.9960590600967407
ai_landscape_wan_v2.6_landscape_04.png,true,Wan v2.6,landscape,0.03343658894300461
ai_landscape_wan_v2.6_landscape_10.png,true,Wan v2.6,landscape,0.00019822180911432952
ai_landscape_grok_aurora_landscape_02.png,true,Grok Aurora,landscape,0.8854433298110962
ai_landscape_qwen_2512_landscape_09.png,true,Qwen 2512,landscape,0.007288339082151651
ai_landscape_ideogram_v3_landscape_09.png,true,Ideogram v3,landscape,4.836275184061378e-05
ai_landscape_flux_pro_v1.1_landscape_05.png,true,Flux Pro v1.1,landscape,0.9989975094795227
ai_landscape_leonardo_phoenix_landscape_07.png,true,Leonardo Phoenix,landscape,0.9992790818214417
ai_landscape_flux_2_flex_landscape_08.png,true,Flux,landscape,0.7567564249038696
ai_landscape_seedream_v3_landscape_08.png,true,Seedream,landscape,0.17192652821540833
ai_landscape_glm_image_landscape_09.png,true,GLM Image,landscape,0.17312933504581451
ai_landscape_flux_pro_v1.1_landscape_07.png,true,Flux Pro v1.1,landscape,0.8638551235198975
ai_landscape_wan_v2.6_landscape_06.png,true,Wan v2.6,landscape,0.8887942433357239
ai_landscape_seedream_v4_landscape_06.png,true,Seedream,landscape,0.00043608970008790493
ai_landscape_seedream_v4_landscape_07.png,true,Seedream,landscape,0.9934784173965454
ai_landscape_wan_v2.6_landscape_07.png,true,Wan v2.6,landscape,0.1495014727115631
ai_landscape_grok_aurora_landscape_01.png,true,Grok Aurora,landscape,0.9888421297073364
ai_landscape_flux_pro_v1.1_landscape_06.png,true,Flux Pro v1.1,landscape,0.21263857185840607
ai_landscape_glm_image_landscape_08.png,true,GLM Image,landscape,0.9999704360961914
ai_landscape_seedream_v3_landscape_09.png,true,Seedream,landscape,0.20686037838459015
ai_landscape_flux_2_flex_landscape_09.png,true,Flux,landscape,0.0003383240255061537
ai_landscape_leonardo_phoenix_landscape_06.png,true,Leonardo Phoenix,landscape,0.9999023675918579
ai_landscape_leonardo_phoenix_landscape_02.png,true,Leonardo Phoenix,landscape,0.9702439308166504
ai_landscape_flux_pro_v1.1_landscape_02.png,true,Flux Pro v1.1,landscape,0.14901907742023468
ai_landscape_grok_aurora_landscape_05.png,true,Grok Aurora,landscape,0.08613941073417664
ai_landscape_wan_v2.6_landscape_03.png,true,Wan v2.6,landscape,0.8696959614753723
ai_landscape_seedream_v4_landscape_03.png,true,Seedream,landscape,0.0011109113693237305
ai_landscape_seedream_v4_landscape_02.png,true,Seedream,landscape,0.0006032490055076778
ai_landscape_wan_v2.6_landscape_02.png,true,Wan v2.6,landscape,0.10578751564025879
ai_landscape_grok_aurora_landscape_04.png,true,Grok Aurora,landscape,0.9999402761459351
ai_landscape_grok_aurora_landscape_10.png,true,Grok Aurora,landscape,0.6447435021400452
ai_landscape_flux_pro_v1.1_landscape_03.png,true,Flux Pro v1.1,landscape,0.9941575527191162
ai_landscape_leonardo_phoenix_landscape_03.png,true,Leonardo Phoenix,landscape,0.7961207628250122
ai_landscape_leonardo_phoenix_landscape_01.png,true,Leonardo Phoenix,landscape,0.463117778301239
ai_landscape_flux_pro_v1.1_landscape_01.png,true,Flux Pro v1.1,landscape,0.9367331862449646
ai_landscape_grok_aurora_landscape_06.png,true,Grok Aurora,landscape,0.9997952580451965
ai_landscape_seedream_v4_landscape_01.png,true,Seedream,landscape,0.001258067786693573
ai_landscape_wan_v2.6_landscape_01.png,true,Wan v2.6,landscape,0.7002963423728943
ai_landscape_grok_aurora_landscape_07.png,true,Grok Aurora,landscape,0.9999926090240479
ai_landscape_flux_2_flex_landscape_02.png,true,Flux,landscape,0.5401272773742676
ai_landscape_glm_image_landscape_03.png,true,GLM Image,landscape,0.8847679495811462
ai_landscape_seedream_v3_landscape_02.png,true,Seedream,landscape,0.0002450265164952725
ai_landscape_ideogram_v3_landscape_01.png,true,Ideogram v3,landscape,0.0048914458602666855
ai_landscape_qwen_2512_landscape_01.png,true,Qwen 2512,landscape,0.9948475360870361
ai_landscape_recraft_v3_landscape_01.png,true,Recraft v3,landscape,0.9842260479927063
ai_landscape_seedream_v3_landscape_03.png,true,Seedream,landscape,0.3298244774341583
ai_landscape_glm_image_landscape_02.png,true,GLM Image,landscape,0.4950447678565979
ai_landscape_flux_2_flex_landscape_03.png,true,Flux,landscape,0.9960307478904724
ai_landscape_flux_2_flex_landscape_01.png,true,Flux,landscape,0.9986153841018677
ai_landscape_seedream_v3_landscape_01.png,true,Seedream,landscape,0.991033136844635
ai_landscape_ideogram_v3_landscape_02.png,true,Ideogram v3,landscape,0.00017487684090156108
ai_landscape_qwen_2512_landscape_02.png,true,Qwen 2512,landscape,0.040137775242328644
ai_landscape_grok_aurora_landscape_09.png,true,Grok Aurora,landscape,0.021673433482646942
ai_landscape_recraft_v3_landscape_03.png,true,Recraft v3,landscape,0.8971390128135681
ai_landscape_recraft_v3_landscape_02.png,true,Recraft v3,landscape,0.9174984097480774
ai_landscape_grok_aurora_landscape_08.png,true,Grok Aurora,landscape,0.9744405746459961
ai_landscape_qwen_2512_landscape_03.png,true,Qwen 2512,landscape,0.013636117801070213
ai_landscape_ideogram_v3_landscape_03.png,true,Ideogram v3,landscape,0.005454903468489647
ai_landscape_glm_image_landscape_01.png,true,GLM Image,landscape,0.999288022518158
ai_landscape_flux_2_flex_landscape_10.png,true,Flux,landscape,0.00038314657285809517
ai_landscape_flux_2_flex_landscape_04.png,true,Flux,landscape,0.6492000222206116
ai_landscape_seedream_v3_landscape_10.png,true,Seedream,landscape,0.0028763178270310163
ai_landscape_seedream_v3_landscape_04.png,true,Seedream,landscape,0.00686126621440053
ai_landscape_glm_image_landscape_05.png,true,GLM Image,landscape,0.9022077918052673
ai_landscape_ideogram_v3_landscape_07.png,true,Ideogram v3,landscape,0.9975988268852234
ai_landscape_qwen_2512_landscape_07.png,true,Qwen 2512,landscape,0.9978452920913696
ai_landscape_recraft_v3_landscape_06.png,true,Recraft v3,landscape,0.851610541343689
ai_landscape_recraft_v3_landscape_07.png,true,Recraft v3,landscape,0.9993082284927368
ai_landscape_qwen_2512_landscape_06.png,true,Qwen 2512,landscape,0.7289425134658813
ai_landscape_ideogram_v3_landscape_06.png,true,Ideogram v3,landscape,0.0007515369215980172
ai_landscape_glm_image_landscape_10.png,true,GLM Image,landscape,0.9991663694381714
ai_landscape_glm_image_landscape_04.png,true,GLM Image,landscape,0.2125910520553589
ai_landscape_seedream_v3_landscape_05.png,true,Seedream,landscape,0.03065459616482258
ai_landscape_flux_2_flex_landscape_05.png,true,Flux,landscape,0.005106461234390736
ai_landscape_flux_2_flex_landscape_07.png,true,Flux,landscape,0.9964465498924255
ai_landscape_leonardo_phoenix_landscape_08.png,true,Leonardo Phoenix,landscape,0.9994866847991943
ai_landscape_seedream_v3_landscape_07.png,true,Seedream,landscape,0.43946582078933716
ai_landscape_glm_image_landscape_06.png,true,GLM Image,landscape,0.9994781613349915
ai_landscape_flux_pro_v1.1_landscape_08.png,true,Flux Pro v1.1,landscape,0.044392939656972885
ai_landscape_ideogram_v3_landscape_10.png,true,Ideogram v3,landscape,3.526906584738754e-05
ai_landscape_ideogram_v3_landscape_04.png,true,Ideogram v3,landscape,0.13291721045970917
ai_landscape_qwen_2512_landscape_10.png,true,Qwen 2512,landscape,0.003121450310572982
ai_landscape_qwen_2512_landscape_04.png,true,Qwen 2512,landscape,0.39631250500679016
ai_landscape_wan_v2.6_landscape_09.png,true,Wan v2.6,landscape,3.29390459228307e-05
ai_landscape_recraft_v3_landscape_05.png,true,Recraft v3,landscape,0.9999798536300659
ai_landscape_seedream_v4_landscape_09.png,true,Seedream,landscape,0.001440547057427466
ai_landscape_seedream_v4_landscape_08.png,true,Seedream,landscape,0.19793513417243958
ai_landscape_recraft_v3_landscape_10.png,true,Recraft v3,landscape,0.9999699592590332
ai_landscape_recraft_v3_landscape_04.png,true,Recraft v3,landscape,0.09375102818012238
ai_landscape_wan_v2.6_landscape_08.png,true,Wan v2.6,landscape,0.9999265670776367
ai_landscape_qwen_2512_landscape_05.png,true,Qwen 2512,landscape,0.9352625012397766
ai_landscape_ideogram_v3_landscape_05.png,true,Ideogram v3,landscape,0.0008738533942960203
ai_landscape_flux_pro_v1.1_landscape_09.png,true,Flux Pro v1.1,landscape,0.8057718873023987
ai_landscape_glm_image_landscape_07.png,true,GLM Image,landscape,0.9837855100631714
ai_landscape_seedream_v3_landscape_06.png,true,Seedream,landscape,0.0005336027825251222
ai_landscape_leonardo_phoenix_landscape_09.png,true,Leonardo Phoenix,landscape,0.9997413754463196
ai_landscape_flux_2_flex_landscape_06.png,true,Flux,landscape,0.06975273042917252
ai_landscape_gpt_image_1.5_landscape_02.png,true,Gpt,landscape,0.0006287621799856424
ai_landscape_hunyuan_v3_landscape_03.png,true,Hunyuan v3,landscape,0.00022995815379545093
ai_landscape_z_image_landscape_05.png,true,Z,landscape,0.9997456669807434
ai_landscape_sd_3.5_large_landscape_03.png,true,Sd,landscape,0.9871887564659119
ai_landscape_flux_schnell_landscape_08.png,true,Flux Schnell,landscape,0.984124481678009
ai_landscape_flux_schnell_landscape_09.png,true,Flux Schnell,landscape,0.4159221053123474
ai_landscape_z_image_landscape_10.png,true,Z,landscape,0.9999908208847046
ai_landscape_sd_3.5_large_landscape_02.png,true,Sd,landscape,0.0018266965635120869
ai_landscape_z_image_landscape_04.png,true,Z,landscape,0.9999676942825317
ai_landscape_hunyuan_v3_landscape_02.png,true,Hunyuan v3,landscape,0.00022201887622941285
ai_landscape_gpt_image_1.5_landscape_03.png,true,Gpt,landscape,0.017701955512166023
ai_landscape_gpt_image_1.5_landscape_01.png,true,Gpt,landscape,0.06152902916073799
ai_landscape_z_image_landscape_06.png,true,Z,landscape,0.8656119108200073
ai_landscape_sd_3.5_large_landscape_01.png,true,Sd,landscape,0.8370242118835449
ai_landscape_z_image_landscape_07.png,true,Z,landscape,0.999830961227417
ai_landscape_hunyuan_v3_landscape_01.png,true,Hunyuan v3,landscape,0.0006288208533078432
ai_landscape_gpt_image_1.5_landscape_04.png,true,Gpt,landscape,0.05862881988286972
ai_landscape_gpt_image_1.5_landscape_10.png,true,Gpt,landscape,0.007308937143534422
ai_landscape_hunyuan_v3_landscape_05.png,true,Hunyuan v3,landscape,0.00010150809248443693
ai_landscape_sd_3.5_large_landscape_05.png,true,Sd,landscape,0.9972938895225525
ai_landscape_z_image_landscape_03.png,true,Z,landscape,0.9992865920066833
ai_landscape_z_image_landscape_02.png,true,Z,landscape,0.9975245594978333
ai_landscape_sd_3.5_large_landscape_04.png,true,Sd,landscape,0.013620881363749504
ai_landscape_sd_3.5_large_landscape_10.png,true,Sd,landscape,0.0017012746538966894
ai_landscape_hunyuan_v3_landscape_04.png,true,Hunyuan v3,landscape,0.006477431394159794
ai_landscape_hunyuan_v3_landscape_10.png,true,Hunyuan v3,landscape,0.00046639572246931493
ai_landscape_gpt_image_1.5_landscape_05.png,true,Gpt,landscape,0.9956258535385132
ai_landscape_gpt_image_1.5_landscape_07.png,true,Gpt,landscape,0.038659192621707916
ai_landscape_hunyuan_v3_landscape_06.png,true,Hunyuan v3,landscape,0.00040055415593087673
ai_landscape_sd_3.5_large_landscape_06.png,true,Sd,landscape,0.02492164447903633
ai_landscape_gemini_3_pro_landscape_08.png,true,Gemini 3 Pro,landscape,0.46750569343566895
ai_landscape_gemini_3_pro_landscape_09.png,true,Gemini 3 Pro,landscape,0.0009095324785448611
ai_landscape_z_image_landscape_01.png,true,Z,landscape,0.9298118352890015
ai_landscape_sd_3.5_large_landscape_07.png,true,Sd,landscape,0.972252607345581
ai_landscape_hunyuan_v3_landscape_07.png,true,Hunyuan v3,landscape,0.5810526609420776
ai_landscape_gpt_image_1.5_landscape_06.png,true,Gpt,landscape,0.00113577616866678
real_art_art_79_oil_painting_of_countryside_landscape_in_frame.jpg,false,,art,0.6931942701339722
real_art_art_163_tLQRMO33DeI.jpg,false,,art,0.006972704082727432
real_art_art_082_wzSfjeKGiLk.jpg,false,,art,0.007029766216874123
real_art_art_114_11SmxL6FI1A.jpg,false,,art,0.014149153605103493
real_art_art_58_watercolor_landscape_painting.jpg,false,,art,0.011534003540873528
real_art_art_040_T2LEdBxpm54.jpg,false,,art,0.005356470588594675
real_art_art_105_HzNNbeGmJko.jpg,false,,art,0.0003520992468111217
real_art_art_68_vintage_botanical_illustration.jpg,false,,art,0.3845928907394409
real_art_art_164_GoJrwnPNPbg.jpg,false,,art,0.0010634216014295816
real_art_art_73_colorful_street_art_graffiti_mural.jpg,false,,art,0.7224438190460205
real_art_art_112_zelgyeLINKc.jpg,false,,art,0.23717960715293884
real_art_art_034_bkY4pok-UM0.jpg,false,,art,4.9321137339575216e-05
real_art_art_132_xnyXLEyE8L0.jpg,false,,art,0.007109011523425579
real_art_art_149_fnoCqGw7AMg.jpg,false,,art,0.0007845729705877602
real_art_art_166_vDZCV1akWss.jpg,false,,art,2.708458669076208e-05
real_art_art_113_Cn2YpUFVkCo.jpg,false,,art,0.009981737472116947
real_art_art_78_mosaic_tile_artwork_pattern.jpg,false,,art,0.714407205581665
real_art_art_72_pastel_colors_watercolor_wash.jpg,false,,art,0.011534003540873528
real_art_art_074_QTWm4dJ_Z2E.jpg,false,,art,0.0003704162663780153
real_art_art_65_abstract_geometric_modern_art.jpg,false,,art,0.0025815435219556093
real_art_art_056_riFTrh0K4pg.jpg,false,,art,0.00018714532779995352
real_art_art_096_gzXhH-RiydU.jpg,false,,art,0.6654907464981079
real_art_art_094_JqpsJelnXb8.jpg,false,,art,0.029236996546387672
real_art_art_56_pencil_and_watercolor_art_supplies_on_table.jpg,false,,art,0.00044058606727048755
real_art_art_160_PDAzh1rSIa8.jpg,false,,art,0.0014931444311514497
real_art_art_152_uH3wpt7gKnQ.jpg,false,,art,0.011900389567017555
real_art_art_088_8qigdir-PfA.jpg,false,,art,0.004226679913699627
real_art_art_070_AYYbqlo5af0.jpg,false,,art,9.567275264998898e-05
real_art_art_80_digital_art_printed_on_gallery_wall.jpg,false,,art,0.06440391391515732
real_art_art_120_NiV9YsPFhM8.jpg,false,,art,0.0023350038100034
real_art_art_093_3qoP52UWFiY.jpg,false,,art,0.0036029675975441933
real_art_art_092_IhDDZyvwwC4.jpg,false,,art,3.63604849553667e-05
real_art_art_108_XOyxignLq1E.jpg,false,,art,0.008627228438854218
real_art_art_127_P2LmtHXV2Wc.jpg,false,,art,0.000165429271874018
real_art_art_104_gQxrO5kOABU.jpg,false,,art,0.00016130106814671308
real_art_art_097_hBhfEXkihOs.jpg,false,,art,0.0031500328332185745
real_art_art_085_Zm74mm1xEDY.jpg,false,,art,0.00014023773837834597
real_art_art_050_hyoJJZd_hhI.jpg,false,,art,6.233416206669062e-05
real_art_art_053_jdhYNL0KrCA.jpg,false,,art,0.03427879139780998
real_art_art_045_dFA5XycbhoQ.jpg,false,,art,0.19730739295482635
real_art_art_057_m-e3AFsfOs0.jpg,false,,art,0.004115702584385872
real_art_art_033_cpAKc-G6lPg.jpg,false,,art,0.0008360903011634946
real_art_art_159_U0_hlwXFLn0.jpg,false,,art,0.001159786363132298
real_art_art_051_PHdLDymaV90.jpg,false,,art,0.00018211532733403146
real_art_art_170_Vbbz9pZmn5o.jpg,false,,art,0.00046298076631501317
real_art_art_046_DQZl8fxpSp8.jpg,false,,art,3.542027116054669e-05
real_art_art_118_BsAzhHIIwxg.jpg,false,,art,0.00038694494287483394
real_art_art_117_5MteLUU9FGI.jpg,false,,art,0.00029717033612541854
real_art_art_66_still_life_oil_painting_with_fruit.jpg,false,,art,0.0014002781827002764
real_art_art_121_iKPxCjUU_bg.jpg,false,,art,0.00018023789743892848
real_art_art_157_8ezfg5oYHNY.jpg,false,,art,0.0001022529395413585
real_art_art_081_w5bYMd9leus.jpg,false,,art,0.0001412313140463084
real_art_art_062_dP9U-tIfU3M.jpg,false,,art,0.0012316316133365035
real_art_art_032_puf8VwPLAug.jpg,false,,art,0.018895966932177544
real_art_art_119_iplwfXCe8a4.jpg,false,,art,0.0001207342284033075
real_art_art_142_svOht0lwbyk.jpg,false,,art,0.07297720015048981
real_art_art_068_J7w12ShptC0.jpg,false,,art,6.755203503416851e-05
real_art_art_147_oZKmdQlIVds.jpg,false,,art,0.21546778082847595
real_art_art_145_E_JDMtW_l0Y.jpg,false,,art,0.24393421411514282
real_art_art_52_watercolor_painting_supplies_on_table.jpg,false,,art,0.00044058606727048755
real_art_art_144_8XIAf776Fqg.jpg,false,,art,0.008414827287197113
real_art_art_126_wpw8sHoBtSY.jpg,false,,art,0.08418524265289307
real_art_art_066_OnAwhivaqrU.jpg,false,,art,0.0802430510520935
real_art_art_124_VHX-eIns4Wo.jpg,false,,art,0.00348560675047338
real_art_art_158_I0QTg9ctFDY.jpg,false,,art,0.007902337238192558
real_art_art_128_XzG9XYwxgXc.jpg,false,,art,0.00014732580166310072
real_art_art_62_impressionist_landscape_painting_in_ornate_frame.jpg,false,,art,0.9240752458572388
real_art_art_047_OfTVSQTuQ5Y.jpg,false,,art,0.00011439269292168319
real_art_art_098_sKHf8VwwFdo.jpg,false,,art,1.541311212349683e-05
real_art_art_130_D1IS5s5O9xo.jpg,false,,art,0.007955590263009071
real_art_art_129_0RTmv1Kx9Qk.jpg,false,,art,0.009072450920939445
real_art_art_136_rGu8w3QP48o.jpg,false,,art,0.0025480373296886683
real_art_art_060_BXkYKWKL7TA.jpg,false,,art,8.480643009534106e-05
real_art_art_123__yrdstGC_rg.jpg,false,,art,0.0003880801668856293
real_art_art_64_colorful_mural_on_building_exterior.jpg,false,,art,0.3620823621749878
real_art_art_071_n00dm9FBwrs.jpg,false,,art,0.1696731001138687
real_art_art_064_1cVQMljvsnw.jpg,false,,art,0.00836893729865551
real_art_art_107_7xemAmqHhLc.jpg,false,,art,0.00011874969641212374
real_art_art_091_IF9x9SGOh1w.jpg,false,,art,0.00017571757780387998
real_art_art_058_TOcmDVAo2jo.jpg,false,,art,6.892483361298218e-05
real_art_art_150_1CcjT68gMRM.jpg,false,,art,0.004597286228090525
real_art_art_100_9pU5knbOtgY.jpg,false,,art,0.0028309274930506945
real_art_art_083_jBV3_PRk1-U.jpg,false,,art,0.000986845581792295
real_art_art_035_S0c_wsCmlXE.jpg,false,,art,0.00044085580157116055
real_art_art_122_nnIzqn6B6fA.jpg,false,,art,0.0015042207669466734
real_art_art_099_3kIPqGmmgwI.jpg,false,,art,0.0007898911717347801
real_art_art_141_vsYrMcvb5nQ.jpg,false,,art,0.0028803988825529814
real_art_art_70_art_gallery_interior_with_paintings_on_walls.jpg,false,,art,0.9088872671127319
real_art_art_048__j6wbAlQ1ow.jpg,false,,art,0.007211965974420309
real_art_art_079_93aN5XCAlJs.jpg,false,,art,0.06344287097454071
real_art_art_135_lvqcncxBYqw.jpg,false,,art,0.0024260333739221096
real_art_art_111_DVauUHIJby0.jpg,false,,art,0.014236030168831348
real_art_art_161_StV72L0DH4A.jpg,false,,art,0.0005656543071381748
real_art_art_087_U3NtClWLRd4.jpg,false,,art,2.0086458789592143e-06
real_art_art_055_e-XPbBr0NhU.jpg,false,,art,0.0008448290755040944
real_art_art_043_e6xd2HXuy0A.jpg,false,,art,1.8009553969022818e-05
real_art_art_109_GY_YJtmwPas.jpg,false,,art,0.3916958272457123
real_art_art_61_charcoal_drawing_on_paper.jpg,false,,art,0.9973194003105164
real_art_art_137_70l86REbjmk.jpg,false,,art,0.029201067984104156
real_art_art_154_kBzQNk9AgOg.jpg,false,,art,0.0061688958667218685
real_art_art_037_cuddQwqncLc.jpg,false,,art,0.007694241125136614
real_art_art_74_gallery_wall_with_multiple_framed_artworks.jpg,false,,art,0.992255449295044
real_art_art_116_tEbRUeGJDfw.jpg,false,,art,0.0010277138790115714
real_art_art_125_ajAj3-55G2A.jpg,false,,art,0.00010116533667314798
real_art_art_67_acrylic_pour_painting_abstract.jpg,false,,art,0.04024103656411171
real_art_art_51_modern_art_gallery_with_paintings_on_white_walls.jpg,false,,art,0.9088872671127319
real_art_art_049_ZW8dIPP4S4U.jpg,false,,art,0.012868665158748627
real_art_art_139_DD1fSz2HF1s.jpg,false,,art,0.0008163941092789173
real_art_art_50_abstract_colorful_painting_on_canvas.jpg,false,,art,4.190954132354818e-05
real_art_art_165_yN5c71nvg6g.jpg,false,,art,0.0003554350696504116
real_art_art_153_rleYWWVY4Pc.jpg,false,,art,0.0005458361702039838
real_art_art_134_tClS6SPq8Zo.jpg,false,,art,4.262616130290553e-05
real_art_art_090_yCWQevKzkkM.jpg,false,,art,0.08737197518348694
real_art_art_101_YJCRjsg1LQw.jpg,false,,art,0.0007839626632630825
real_art_art_042_eN6FkYAetF8.jpg,false,,art,0.029018323868513107
real_art_art_059_yjiZAbTDkik.jpg,false,,art,0.00036103857564739883
real_art_art_54_oil_painting_of_flowers_in_vase.jpg,false,,art,0.08250695466995239
real_art_art_089_IMZ3bM611eA.jpg,false,,art,0.0034421596210449934
real_art_art_146_n1mVt4pyFow.jpg,false,,art,0.0491923987865448
real_art_art_169_Uo5MWyegjog.jpg,false,,art,0.0010032027494162321
real_art_art_073_n3VWZXx5n9I.jpg,false,,art,0.002889858325943351
real_art_art_076_I7BDP_5WPqE.jpg,false,,art,0.00012738426448777318
real_art_art_53_colorful_abstract_oil_painting_closeup.jpg,false,,art,0.00018583197379484773
real_art_art_080_nNqBDh_l3oE.jpg,false,,art,0.0016993521712720394
real_art_art_061_XuHkodhmiyk.jpg,false,,art,0.005748485680669546
real_art_art_60_colorful_paint_brushstrokes_close_up_texture.jpg,false,,art,0.00018583197379484773
real_art_art_71_renaissance_painting_in_gilded_frame.jpg,false,,art,0.0033511719666421413
real_art_art_69_mixed_media_collage_artwork.jpg,false,,art,0.06688559055328369
real_art_art_168_u7zd4x6-dx8.jpg,false,,art,0.00101886922493577
real_art_art_095_9_vYkYnWn2w.jpg,false,,art,0.012667005881667137
real_art_art_138_007R8JewpwU.jpg,false,,art,0.0032257207203656435
real_art_art_069_ziIJiGSkfR4.jpg,false,,art,0.0051656425930559635
real_art_art_63_sculpture_in_art_museum_with_natural_light.jpg,false,,art,0.8439916968345642
real_art_art_106_cqKG2s6WP6s.jpg,false,,art,0.0003491705283522606
real_art_art_59_classical_oil_portrait_painting_in_museum.jpg,false,,art,0.05876273661851883
real_art_art_039_izfOdN-3zw0.jpg,false,,art,9.80534969130531e-05
real_art_art_57_graffiti_street_art_on_brick_wall.jpg,false,,art,0.08769647032022476
real_art_art_084_JPFWudeuc54.jpg,false,,art,0.005192830692976713
real_art_art_133_h1jyIBttST0.jpg,false,,art,0.20862425863742828
real_art_art_038_UwKXPb7N9UY.jpg,false,,art,0.009060121141374111
real_art_art_054_Erf1Kz7ZE5Y.jpg,false,,art,0.0003747538139577955
real_art_art_078_RYtFleIk_4U.jpg,false,,art,0.0028133282903581858
real_art_art_75_oil_painting_landscape_with_trees.jpg,false,,art,0.0004529935249593109
real_art_art_041_4POG9GQo7Aw.jpg,false,,art,0.012944797053933144
real_art_art_162_jrDzerLmfW0.jpg,false,,art,1.6835989299579524e-05
real_art_art_167_Jpjj_v1-5OM.jpg,false,,art,0.006375724449753761
real_art_art_102_rXtXA42Lgzs.jpg,false,,art,5.2275292546255514e-05
real_art_art_140_Rq74Wkhffok.jpg,false,,art,0.000673617294523865
real_art_art_086_OTP0nlljatI.jpg,false,,art,0.00936876330524683
real_art_art_036_KQBsTXCvGwM.jpg,false,,art,0.0020917104557156563
real_art_art_76_handwritten_calligraphy_on_white_paper.jpg,false,,art,0.5458570718765259
real_art_art_072_F2olcCyRQBw.jpg,false,,art,0.995310366153717
real_art_art_067_LOvJ2ECcUJY.jpg,false,,art,0.034222736954689026
real_art_art_052_OpqAtrUNJeI.jpg,false,,art,0.010964772664010525
real_art_art_044_hptNUC-iitA.jpg,false,,art,0.0011904847342520952
real_art_art_151_tuU1puvTmWw.jpg,false,,art,2.6914705813396722e-05
real_art_art_103_cLRvJPVw69U.jpg,false,,art,0.0023551525082439184
real_art_art_065_akbHiqZy4Pg.jpg,false,,art,0.00017850499716587365
real_art_art_148_-bA6TkrToiY.jpg,false,,art,0.0010100024519488215
real_art_art_77_street_art_portrait_on_concrete_wall.jpg,false,,art,0.6020723581314087
real_art_art_131_bPqJ9ssfjqs.jpg,false,,art,9.004764433484524e-05
real_art_art_55_art_museum_gallery_room_with_framed_paintings.jpg,false,,art,0.0018236100440844893
real_art_art_110_hY3KGFVG-i0.jpg,false,,art,0.020174909383058548
real_art_art_156_u2RlwQc1qiQ.jpg,false,,art,0.7165358066558838
real_art_art_075_ff0HoIx3PzU.jpg,false,,art,0.004274748731404543
real_art_art_143_TzAydhJ4QzE.jpg,false,,art,0.0002355500473640859
real_art_art_077_IExOV9fFQBM.jpg,false,,art,0.003472487209364772
real_art_art_155_KWpm9MmEo2s.jpg,false,,art,0.022430112585425377
real_art_art_063_heeEKtHAYEg.jpg,false,,art,0.007555399090051651
real_art_art_115_iMdsjoiftZo.jpg,false,,art,0.048168331384658813
real_portrait_portrait_76_a_group_of_people_standing_around_a_white_cake.jpg,false,,portrait,0.9995019435882568
real_portrait_portrait_55_a_woman_holding_a_smart_phone_next_to_a_group_of_people.jpg,false,,portrait,0.00020417492487467825
real_portrait_portrait_118_iJGhIMWKz7w.jpg,false,,portrait,0.00045452662743628025
real_portrait_portrait_094_7A5eK3q9qUA.jpg,false,,portrait,8.109467307804152e-05
real_portrait_portrait_62_a_group_of_men_standing_and_sitting_next_to_each_other.jpg,false,,portrait,0.8939800262451172
real_portrait_portrait_51_a_woman_is_helping_a_child_put_on_skis.jpg,false,,portrait,0.7424073219299316
real_portrait_portrait_065_6lWqkLIh5L8.jpg,false,,portrait,0.00021641774219460785
real_portrait_portrait_039_ZW3dnRiZD9U.jpg,false,,portrait,2.9168490073061548e-05
real_portrait_portrait_135_BZzHWmQUszE.jpg,false,,portrait,0.0003746330621652305
real_portrait_portrait_83_a_tennis_player_who_has_just_made_a_shot.jpg,false,,portrait,0.009518838487565517
real_portrait_portrait_57_a_young_man_and_woman_holding_their_heads_close_to_each_othe.jpg,false,,portrait,0.3622499704360962
real_portrait_portrait_67_there_are_many_bike_riders_racing_in_a_street_race.jpg,false,,portrait,0.00018243721569888294
real_portrait_portrait_058_dWiK1hrTl14.jpg,false,,portrait,7.821135659469292e-05
real_portrait_portrait_086_kpR9Mwgkj8c.jpg,false,,portrait,1.2895511645183433e-05
real_portrait_portrait_075_VQRm94PV_20.jpg,false,,portrait,0.0009404186275787652
real_portrait_portrait_151_LlHgaeBwYVE.jpg,false,,portrait,0.0003082155017182231
real_portrait_portrait_077_IIWiU1QXmWY.jpg,false,,portrait,0.00013254568330012262
real_portrait_portrait_100_2FM9g-vAkJg.jpg,false,,portrait,0.0009207968832924962
real_portrait_portrait_098_wX7NeTEXq_w.jpg,false,,portrait,6.460945587605238e-05
real_portrait_portrait_071__lP2UOoZJKk.jpg,false,,portrait,0.008574586361646652
real_portrait_portrait_81_two_men_next_to_each_other_holding_wine_glasses.jpg,false,,portrait,4.790569619217422e-06
real_portrait_portrait_114_VcWRNg2ju7Y.jpg,false,,portrait,6.49883622827474e-06
real_portrait_portrait_65_three_women_sitting_on_a_train_seat_on_cellphones.jpg,false,,portrait,0.002873379038646817
real_portrait_portrait_054_cFgCc3PM-A0.jpg,false,,portrait,7.024214573903009e-05
real_portrait_portrait_067_ua9Im1zPoGM.jpg,false,,portrait,0.006878403946757317
real_portrait_portrait_63_a_man_sitting_at_a_table_eating_food_from_a_plate.jpg,false,,portrait,0.0032227265182882547
real_portrait_portrait_119_lAAmMH2c2gU.jpg,false,,portrait,0.0002017763035837561
real_portrait_portrait_72_a_man_swinging_a_tennis_racket_at_a_tennis_ball.jpg,false,,portrait,2.4721844965824857e-05
real_portrait_portrait_77_three_men_smiling_holding_a_wii_controller_in_their_hands.jpg,false,,portrait,0.44544634222984314
real_portrait_portrait_70_two_sets_of_hands_are_each_holding_a_cell_phone_while_anothe.jpg,false,,portrait,0.0005361912772059441
real_portrait_portrait_168_ht1JkZ7tYmY.jpg,false,,portrait,0.0006656512268818915
real_portrait_portrait_58_woman_listening_on_her_phone_while_smoking_a_cigarette.jpg,false,,portrait,0.05297226458787918
real_portrait_portrait_137_O5BSKKHYiEU.jpg,false,,portrait,5.4809454013593495e-05
real_portrait_portrait_59_a_woman_taking_a_selfie_with_a_mobile_phone.jpg,false,,portrait,0.0003421239380259067
real_portrait_portrait_060_wyCDQSzN8XE.jpg,false,,portrait,0.0009474758990108967
real_portrait_portrait_081_2EmLMaTshko.jpg,false,,portrait,9.470343502471223e-05
real_portrait_portrait_059_pFbJuxSwuhI.jpg,false,,portrait,0.0013906823005527258
real_portrait_portrait_048_8sbwihARadA.jpg,false,,portrait,0.0017458666115999222
real_portrait_portrait_167_guDkXldTxy8.jpg,false,,portrait,0.9983808994293213
real_portrait_portrait_095_E38Gb_nVPck.jpg,false,,portrait,0.0012206574901938438
real_portrait_portrait_043_aDvDvH428RQ.jpg,false,,portrait,0.009458216838538647
real_portrait_portrait_133_iiQ-mmG2NxI.jpg,false,,portrait,0.00017591255891602486
real_portrait_portrait_128_nE6EPBrM-EA.jpg,false,,portrait,0.0004844058130402118
real_portrait_portrait_050_eoAubhPm6H8.jpg,false,,portrait,0.0017330594127997756
real_portrait_portrait_134_UY52j2uUvdU.jpg,false,,portrait,0.0013720503775402904
real_portrait_portrait_104_eq9FtP7XwJI.jpg,false,,portrait,0.001749024260789156
real_portrait_portrait_092_uTad53fcxss.jpg,false,,portrait,0.0008230240782722831
real_portrait_portrait_062_ILz31HBGEak.jpg,false,,portrait,0.028515789657831192
real_portrait_portrait_085_qV16cq3T420.jpg,false,,portrait,8.067435373959597e-06
real_portrait_portrait_170_cQPUosG9dQE.jpg,false,,portrait,0.00018567079678177834
real_portrait_portrait_147_RYNTlcn0e3k.jpg,false,,portrait,9.82712153927423e-05
real_portrait_portrait_103_TsvawNBQ7k0.jpg,false,,portrait,2.2064800759835634e-06
real_portrait_portrait_047_kN_F83xqdiM.jpg,false,,portrait,0.4902828335762024
real_portrait_portrait_105_Knvzw8_L_80.jpg,false,,portrait,0.0008427550783380866
real_portrait_portrait_101_WXp2BT0AgnE.jpg,false,,portrait,0.0001688620977802202
real_portrait_portrait_153_k_NkqIaRhro.jpg,false,,portrait,0.001623370568268001
real_portrait_portrait_71_a_woman_brushes_her_teeth_with_foamy_toothpaste.jpg,false,,portrait,0.002346514258533716
real_portrait_portrait_142_mJaDIZr6eMY.jpg,false,,portrait,0.000272392644546926
real_portrait_portrait_083_LN8t4ZAGZFQ.jpg,false,,portrait,0.0001246867614099756
real_portrait_portrait_115_82NWNb5AGWc.jpg,false,,portrait,5.224603955866769e-05
real_portrait_portrait_64_a_woman_smiles_from_behind_the_book_she_has_been_reading.jpg,false,,portrait,2.217098199253087e-06
real_portrait_portrait_102_QGMWr63tKoo.jpg,false,,portrait,0.0017059004167094827
real_portrait_portrait_037_M34IAftLLsY.jpg,false,,portrait,0.0017433820758014917
real_portrait_portrait_79_a_copse_of_men_sitting_next_to_each_other_at_a_table.jpg,false,,portrait,0.00016989944560918957
real_portrait_portrait_068_g_eJl04NKEY.jpg,false,,portrait,0.002000743756070733
real_portrait_portrait_53_two_men_wearing_suits_and_hats_are_walking_together.jpg,false,,portrait,0.00012960907770320773
real_portrait_portrait_055_ycF8akmJ_RU.jpg,false,,portrait,0.153150275349617
real_portrait_portrait_129_jqsprpPrn9w.jpg,false,,portrait,0.005000179633498192
real_portrait_portrait_138_NOcaza8sIBg.jpg,false,,portrait,0.053954098373651505
real_portrait_portrait_78_a_woman_holding_a_plate_of_cake_covered_in_frosting.jpg,false,,portrait,0.06578348577022552
real_portrait_portrait_130_4wIY3oykWMo.jpg,false,,portrait,0.002204383024945855
real_portrait_portrait_099_dKH-4ml-5I4.jpg,false,,portrait,5.752660217694938e-05
real_portrait_portrait_093_8gRw4V0_XJA.jpg,false,,portrait,0.00276515306904912
real_portrait_portrait_109_IOkL3ZqAapM.jpg,false,,portrait,0.0010153972543776035
real_portrait_portrait_74_a_person_helping_a_woman_put_on_a_tie.jpg,false,,portrait,0.0005177598213776946
real_portrait_portrait_121_hQBQ1ATvH10.jpg,false,,portrait,4.4372376578394324e-05
real_portrait_portrait_076_6fc0hcXapYU.jpg,false,,portrait,0.013811021111905575
real_portrait_portrait_155_3kWZ-gVZAG0.jpg,false,,portrait,0.0007504805689677596
real_portrait_portrait_140_83BjY5qcPKg.jpg,false,,portrait,0.0005956454551778734
real_portrait_portrait_087_gENx9JQeQWs.jpg,false,,portrait,0.0005923521821387112
real_portrait_portrait_084_7BDP97v-tT8.jpg,false,,portrait,0.010651013813912868
real_portrait_portrait_040_kl22CsySpcw.jpg,false,,portrait,0.21227343380451202
real_portrait_portrait_161_Tay3IMQpKHA.jpg,false,,portrait,0.0004998024669475853
real_portrait_portrait_045_3F6Jo667E4w.jpg,false,,portrait,0.7094197273254395
real_portrait_portrait_116_L4CAMVlnRlg.jpg,false,,portrait,9.35842253966257e-05
real_portrait_portrait_072_VlOrWGCFl_w.jpg,false,,portrait,0.0004955614567734301
real_portrait_portrait_044_NljdMbT3s30.jpg,false,,portrait,0.0014715727884322405
real_portrait_portrait_122_LpIy3YxbDA4.jpg,false,,portrait,0.013677552342414856
real_portrait_portrait_156_HC2t702jdGo.jpg,false,,portrait,6.615981692448258e-05
real_portrait_portrait_69_a_crowd_of_people_standing_around_each_other.jpg,false,,portrait,0.008198329247534275
real_portrait_portrait_73_a_baseball_player_talks_with_an_umpire.jpg,false,,portrait,0.34463614225387573
real_portrait_portrait_096_Rur5fFIrWNY.jpg,false,,portrait,0.0001602217525942251
real_portrait_portrait_61_a_clown_talking_on_a_phone_next_to_a_building.jpg,false,,portrait,3.399339038878679e-05
real_portrait_portrait_090_UNJ3hCbuHXA.jpg,false,,portrait,0.0003343136340845376
real_portrait_portrait_148_ofgYwK8j_cQ.jpg,false,,portrait,0.0009693523752503097
real_portrait_portrait_113_J_I5FfqShJw.jpg,false,,portrait,0.728208601474762
real_portrait_portrait_152_P7ASbD-vHW8.jpg,false,,portrait,5.185495319892652e-05
real_portrait_portrait_56_a_woman_holding_her_cell_phone_tucked_in_a_wool_cover.jpg,false,,portrait,8.939637336879969e-05
real_portrait_portrait_107_W80TTxhRRU4.jpg,false,,portrait,0.0013597672805190086
real_portrait_portrait_073_yAsJE9nFiFw.jpg,false,,portrait,1.103686008718796e-05
real_portrait_portrait_091_xX9r2xULy7s.jpg,false,,portrait,0.0002257157175336033
real_portrait_portrait_082_QwsCqHTim98.jpg,false,,portrait,0.0002218343724962324
real_portrait_portrait_132_shb8l1o-0Zk.jpg,false,,portrait,0.0017147583421319723
real_portrait_portrait_078_cT4-8tBBJDA.jpg,false,,portrait,0.000684000551700592
real_portrait_portrait_160_PEgf72cgr-w.jpg,false,,portrait,0.00022622160031460226
real_portrait_portrait_038_62Ims7pw_X8.jpg,false,,portrait,0.00010156860662391409
real_portrait_portrait_75_a_man_wearing_a_suit_and_tie_and_red_hat_with_a_silver_buckl.jpg,false,,portrait,6.484195910161361e-05
real_portrait_portrait_051_63KDwZUZQw8.jpg,false,,portrait,9.932761895470321e-05
real_portrait_portrait_82_a_man_wearing_a_tie_jacket_and_white_shirt.jpg,false,,portrait,0.524058997631073
real_portrait_portrait_52_three_students_check_their_cell_phones_in_a_classroom.jpg,false,,portrait,0.004289715085178614
real_portrait_portrait_063_Qm4yrKLiawY.jpg,false,,portrait,0.9703978300094604
real_portrait_portrait_84_three_young_men_playing_wii_on_a_projection_television.jpg,false,,portrait,0.0012291523162275553
real_portrait_portrait_159_o47Lif2bfqI.jpg,false,,portrait,0.00014506156730931252
real_portrait_portrait_041_vCZFKRZes_0.jpg,false,,portrait,0.0020538540557026863
real_portrait_portrait_064_KrLXXQSojYs.jpg,false,,portrait,0.01700677163898945
real_portrait_portrait_112_OxPuMO3zQ9s.jpg,false,,portrait,9.806040179682896e-05
real_portrait_portrait_145_DQ9dW9v65Fc.jpg,false,,portrait,0.019299311563372612
real_portrait_portrait_117_4XrEyN5sXhA.jpg,false,,portrait,1.8361164620728232e-05
real_portrait_portrait_070_kNZd7qT8ASY.jpg,false,,portrait,0.00018153557903133333
real_portrait_portrait_146_I03ZQjTt4WI.jpg,false,,portrait,0.010048042051494122
real_portrait_portrait_163_6qRpAg4pPEU.jpg,false,,portrait,0.002046487294137478
real_portrait_portrait_80_two_men_smiling_and_taking_a_picture_together.jpg,false,,portrait,0.2255980223417282
real_portrait_portrait_150_itdkHUjTuIY.jpg,false,,portrait,0.0005987070617265999
real_portrait_portrait_046_k1QqUSvRObc.jpg,false,,portrait,0.0033617266453802586
real_portrait_portrait_056_JxbqicKm-ko.jpg,false,,portrait,0.0007369834347628057
real_portrait_portrait_042_2xf2beBy7Wo.jpg,false,,portrait,0.9467557072639465
real_portrait_portrait_126_jxltRrbjtdI.jpg,false,,portrait,0.02313329465687275
real_portrait_portrait_061_IppB3SB9f6s.jpg,false,,portrait,4.462127435544971e-06
real_portrait_portrait_68_a_photo_of_a_young_male_in_a_suit_jacket_and_tie.jpg,false,,portrait,0.9954385161399841
real_portrait_portrait_124_Hd2T6EzW_2Q.jpg,false,,portrait,0.0003494875563774258
real_portrait_portrait_50_a_man_wearing_a_top_hat_and_a_red_tie.jpg,false,,portrait,0.00017574742378201336
real_portrait_portrait_057_ZbvHaiUwVfo.jpg,false,,portrait,7.155923958634958e-05
real_portrait_portrait_079_fGfUJnZD3Mw.jpg,false,,portrait,0.9605591297149658
real_portrait_portrait_127_ZhJsD9T_20Q.jpg,false,,portrait,1.904346027004067e-05
real_portrait_portrait_136_SwcnAmIRZYc.jpg,false,,portrait,0.008425775915384293
real_portrait_portrait_110_9iAIfjrSFYw.jpg,false,,portrait,1.9326822439325042e-05
real_portrait_portrait_139_5Uvy1WMaUHw.jpg,false,,portrait,6.756564744136995e-06
real_portrait_portrait_097_JibO_kC6vh4.jpg,false,,portrait,0.00046009139623492956
real_portrait_portrait_157_jG4xhAmz-uQ.jpg,false,,portrait,0.004504540003836155
real_portrait_portrait_141_l7PnmcqTj5Q.jpg,false,,portrait,0.0017921780236065388
real_portrait_portrait_125_Oz7_usBqwuY.jpg,false,,portrait,0.28340432047843933
real_portrait_portrait_143_peP3zrquunA.jpg,false,,portrait,9.849016350926831e-05
real_portrait_portrait_165_rEKKAV83i-8.jpg,false,,portrait,0.12058108299970627
real_portrait_portrait_069_Q7p9V_xHe08.jpg,false,,portrait,0.016692958772182465
real_portrait_portrait_144_WUhpW32kBek.jpg,false,,portrait,1.9162020180374384e-05
real_portrait_portrait_089_dgGWnapezLs.jpg,false,,portrait,0.0024931866209954023
real_portrait_portrait_074_P_pjzMeIbj8.jpg,false,,portrait,9.043574391398579e-05
real_portrait_portrait_036_IHJtKBe9xNs.jpg,false,,portrait,0.14098107814788818
real_portrait_portrait_049_-lb-Wob1TeQ.jpg,false,,portrait,0.040982287377119064
real_portrait_portrait_66_a_woman_holding_a_child_wrapped_in_a_towel_brushing_her_teet.jpg,false,,portrait,0.00016147387214004993
real_portrait_portrait_54_the_young_boy_just_finished_eating_the_banana.jpg,false,,portrait,0.9697510004043579
real_portrait_portrait_60_there_are_people_playing_a_soccer_game_on_the_field.jpg,false,,portrait,0.012496735900640488
real_portrait_portrait_166_w-pEeDGN1w0.jpg,false,,portrait,0.004461813718080521
real_portrait_portrait_123_o1iV6Di2FX0.jpg,false,,portrait,0.0001439953048247844
real_portrait_portrait_162_1kJy_HK3eGI.jpg,false,,portrait,0.00969954114407301
real_portrait_portrait_108_xz-qq9KNgwk.jpg,false,,portrait,0.0010402664775028825
real_portrait_portrait_149_qj1vIzXOtYo.jpg,false,,portrait,5.290206172503531e-05
real_portrait_portrait_164_qk6CnpKNmVw.jpg,false,,portrait,0.00011906637519132346
real_portrait_portrait_131_rcXU8Tezb_k.jpg,false,,portrait,7.878099131630734e-05
real_portrait_portrait_053_oKA8kDSZpCc.jpg,false,,portrait,1.1811004696937744e-05
real_portrait_portrait_066_bSNJ6R5Qrt4.jpg,false,,portrait,0.023286784067749977
real_portrait_portrait_120_WSxluGgdlFQ.jpg,false,,portrait,5.1264938520034775e-05
real_portrait_portrait_169_-7JAEi4PhTU.jpg,false,,portrait,0.025821547955274582
real_portrait_portrait_158_8kDx62gZRzk.jpg,false,,portrait,3.209981514373794e-05
real_portrait_portrait_052_FvrjfNKpITc.jpg,false,,portrait,4.219190486765001e-06
real_portrait_portrait_088_iMYRUK-oadw.jpg,false,,portrait,0.005168054718524218
real_portrait_portrait_154_fXik2Do-bB4.jpg,false,,portrait,0.0006224734243005514
real_portrait_portrait_080_uOnxXwB3KNE.jpg,false,,portrait,0.0021673545707017183
real_portrait_portrait_106_ZzNLsAPymuI.jpg,false,,portrait,0.2620082199573517
real_portrait_portrait_111_tEQV_wnx3U8.jpg,false,,portrait,0.00036121829180046916
real_product_product_161_paw_7bdZ8Xg.jpg,false,,product,0.02197003737092018
real_product_product_118_0ON2rLuvo5c.jpg,false,,product,5.441277608042583e-05
real_product_product_035_s9TJ2ncyLcQ.jpg,false,,product,0.0005710098193958402
real_product_product_162_iCW61HY_vjg.jpg,false,,product,0.011655004695057869
real_product_product_039_AaRflAurGmg.jpg,false,,product,0.007906745187938213
real_product_product_140_xRyL63AwZFE.jpg,false,,product,0.0022201258689165115
real_product_product_067_IWOOT4ChLjM.jpg,false,,product,0.0016033746069297194
real_product_product_066_-jXsYZeA7tQ.jpg,false,,product,0.0010703931329771876
real_product_product_70_a_young_woman_sitting_cross_legged_on_an_apartment_sofa.jpg,false,,product,0.8607425689697266
real_product_product_115_a0dGKKDQUQ8.jpg,false,,product,0.003491355339065194
real_product_product_130_BDFWZ3fLxrg.jpg,false,,product,0.7215307950973511
real_product_product_094_oZzoDW61aoM.jpg,false,,product,0.04483139514923096
real_product_product_077_oyr64kMIz98.jpg,false,,product,0.24970810115337372
real_product_product_50_a_living_room_filled_with_furniture_and_decor.jpg,false,,product,0.011417057365179062
real_product_product_168_qsYM_gFgliw.jpg,false,,product,5.256162694422528e-06
real_product_product_125_Re8T5DwoMic.jpg,false,,product,0.1488945186138153
real_product_product_166_P_fMqU34A3I.jpg,false,,product,0.006436885800212622
real_product_product_046_G59UIKfHz6o.jpg,false,,product,0.44779738783836365
real_product_product_139_5JuLcub3dYg.jpg,false,,product,0.03764143958687782
real_product_product_058_fX8leXj8Q4o.jpg,false,,product,7.643616118002683e-05
real_product_product_087__vAuxGCAfjQ.jpg,false,,product,2.85415399048361e-06
real_product_product_078_1UFTd1eRamE.jpg,false,,product,6.888159259688109e-05
real_product_product_80_kitchen_area_with_counter_top_space_and_dining_room_table.jpg,false,,product,0.00018126230861525983
real_product_product_81_a_pizza_sitting_on_top_of_a_plate_next_to_a_foil_bag_of_food.jpg,false,,product,0.0007040919153951108
real_product_product_60_three_laptop_computers_and_a_desktop_computer_sit_next_to_ea.jpg,false,,product,1.0333302270737477e-05
real_product_product_042_NydHbLFLoS8.jpg,false,,product,0.0001363876654068008
real_product_product_050_udHDq62Dgpc.jpg,false,,product,0.4277431070804596
real_product_product_145_F7FhTijeOG8.jpg,false,,product,0.004710547160357237
real_product_product_137_OmfMncXSshw.jpg,false,,product,0.005825739819556475
real_product_product_041_iW1l64BMMR0.jpg,false,,product,0.001477846410125494
real_product_product_103_i4Tv0A_n4EQ.jpg,false,,product,0.002245043870061636
real_product_product_073_m3MWJTeKGBg.jpg,false,,product,0.010284174233675003
real_product_product_036_ww2S2eKgbKE.jpg,false,,product,0.0017412904417142272
real_product_product_111_utu66oQU6vI.jpg,false,,product,0.0006025016773492098
real_product_product_68_a_woman_holding_a_cigarette_smiling_at_the_camera_on_a_sunny.jpg,false,,product,0.0001483220694353804
real_product_product_045_00y8k1-0DlA.jpg,false,,product,0.056676995009183884
real_product_product_63_a_picture_of_a_cluttered_home_office_desk.jpg,false,,product,5.460729425976751e-06
real_product_product_54_young_children_sharing_a_laptop_in_a_messy_room_with_several.jpg,false,,product,1.0023228469435708e-06
real_product_product_079_8LotN6HsaT4.jpg,false,,product,0.003471401520073414
real_product_product_095_UaaqY7j09B8.jpg,false,,product,1.3124492397764698e-05
real_product_product_71_the_child_smiles_brightly_while_being_handed_a_pink_umbrella.jpg,false,,product,9.456526458961889e-05
real_product_product_101_G6ntxf-QoSI.jpg,false,,product,0.00025499280309304595
real_product_product_66_a_woman_holding_up_a_large_carrot_in_a_backyard.jpg,false,,product,0.022637568414211273
real_product_product_099_s_IHISlORGo.jpg,false,,product,0.00040448224171996117
real_product_product_069_3dVjKoVYgD0.jpg,false,,product,9.31057074922137e-05
real_product_product_061_nRVn-_k1uMI.jpg,false,,product,6.349901923385914e-06
real_product_product_64_a_cat_lying_down_in_a_sink_in_a_bathroom.jpg,false,,product,2.5142730009974912e-05
real_product_product_049_9ouht2FSTDU.jpg,false,,product,0.9946645498275757
real_product_product_104_CoNkFbYZzBI.jpg,false,,product,2.051567025773693e-05
real_product_product_144_TE4vKu9w5lI.jpg,false,,product,1.330609757133061e-05
real_product_product_076_MhPJdWYWbWI.jpg,false,,product,1.94756194105139e-05
real_product_product_77_a_motorized_cart_fills_a_train_with_luggage.jpg,false,,product,0.0004175445646978915
real_product_product_106_kF8pH4lMkyc.jpg,false,,product,0.0005066617741249502
real_product_product_068_fUd_0iyYFVg.jpg,false,,product,3.166832902934402e-05
real_product_product_73_a_laptop_in_a_bright_yellow_coffee_house.jpg,false,,product,0.6962376832962036
real_product_product_127_EIH4dHgb6Tg.jpg,false,,product,0.003285502316430211
real_product_product_149_KBqiQ6coMcI.jpg,false,,product,1.1020568308595102e-05
real_product_product_72_a_group_of_people_are_reading_a_menu_at_the_table.jpg,false,,product,0.37813040614128113
real_product_product_085_Si69OZ_9tg0.jpg,false,,product,0.0002515052619855851
real_product_product_083_OAlYImdG1IQ.jpg,false,,product,0.0034861566964536905
real_product_product_141_92bRtruSyPU.jpg,false,,product,0.0002424923295620829
real_product_product_117_vnCxhLnaxS8.jpg,false,,product,0.004859416279941797
real_product_product_105_skF1azpN4rk.jpg,false,,product,1.8413542420603335e-05
real_product_product_072_9rWHrdJfZBw.jpg,false,,product,0.00030338644864968956
real_product_product_132_aJm2XW384QA.jpg,false,,product,0.002051335060968995
real_product_product_057_AZiyMfuAum4.jpg,false,,product,6.666138506261632e-05
real_product_product_097_g1MocwsEZhI.jpg,false,,product,1.1214695405215025e-05
real_product_product_74_two_computers_sitting_on_top_of_a_desk.jpg,false,,product,0.7179794907569885
real_product_product_043_B8_YF4fjPwo.jpg,false,,product,0.0004569307202473283
real_product_product_047_BXlSfmhVEzE.jpg,false,,product,0.0005737054743804038
real_product_product_062_4Q4LpNP-UAs.jpg,false,,product,0.0011346136452630162
real_product_product_69_a_desk_with_a_cup_plate_laptop_monitor_and_keyboard.jpg,false,,product,4.548371634882642e-07
real_product_product_133_5GibcyAX20Q.jpg,false,,product,0.0016452685231342912
real_product_product_170_z14hF-2ssM0.jpg,false,,product,7.083387754391879e-05
real_product_product_120_63EhFafADqI.jpg,false,,product,0.23755115270614624
real_product_product_086_vWR6FDWA5hk.jpg,false,,product,0.015441673807799816
real_product_product_100_Pledx042HMI.jpg,false,,product,0.8720188140869141
real_product_product_053_AxdlcxaModc.jpg,false,,product,0.05311752110719681
real_product_product_110_9yY6qj6N4Ek.jpg,false,,product,0.0003984824870713055
real_product_product_138_gR8QukPoAvQ.jpg,false,,product,0.00010392047988716513
real_product_product_090_xepikEyPgmI.jpg,false,,product,0.008194774389266968
real_product_product_165_b2_pVdk4lGI.jpg,false,,product,2.8864080377388746e-05
real_product_product_136_TH4Ug5gGgD8.jpg,false,,product,3.207515328540467e-05
real_product_product_096_1CQjStL89kQ.jpg,false,,product,0.7778493762016296
real_product_product_52_a_room_with_a_desktop_computer_and_a_picture_of_a_mummy.jpg,false,,product,9.999161557061598e-05
real_product_product_044_P3BwhD8sa6M.jpg,false,,product,0.0029811249114573
real_product_product_084__pA5RUGRPvg.jpg,false,,product,0.003512626513838768
real_product_product_153_CjcqO587KRI.jpg,false,,product,0.005107973236590624
real_product_product_071_XYq2hcSmakA.jpg,false,,product,0.00016766888438723981
real_product_product_129_bQjEEII7G5E.jpg,false,,product,3.674433901323937e-05
real_product_product_164_pNRLVLA1gNU.jpg,false,,product,0.014991571195423603
real_product_product_67_a_floor_filled_with_the_contents_of_a_womans_bag.jpg,false,,product,0.007279884070158005
real_product_product_158_Ow4X45p6mIw.jpg,false,,product,0.4859953820705414
real_product_product_123_T4xh5oV8LuY.jpg,false,,product,0.0003649439022410661
real_product_product_147_Dx47EsVBnEo.jpg,false,,product,6.522921466967091e-05
real_product_product_148_UlNDzqInCXk.jpg,false,,product,0.0002668365777935833
real_product_product_064_A_fBQe39A4k.jpg,false,,product,0.10080142319202423
real_product_product_169_en-RjVJurms.jpg,false,,product,0.026063207536935806
real_product_product_088_XLnkWVCPuoU.jpg,false,,product,0.003063466399908066
real_product_product_61_a_marine_that_is_looking_at_his_cell_phone.jpg,false,,product,0.010574299842119217
real_product_product_109_UuAs_sR4frs.jpg,false,,product,0.06307738274335861
real_product_product_056_ZQm_wg8jxhI.jpg,false,,product,0.00031638442305848
real_product_product_052_Lwqv4tEIKOU.jpg,false,,product,6.293628757703118e-06
real_product_product_093_MzFclBeMwSo.jpg,false,,product,0.0024504868779331446
real_product_product_082_gRPFfk_c0HE.jpg,false,,product,0.020336585119366646
real_product_product_055_PMhYnFuj1ls.jpg,false,,product,0.0005411614547483623
real_product_product_152_eORbhX0F4_4.jpg,false,,product,0.0027841508854180574
real_product_product_160_iwwMFnt1GTc.jpg,false,,product,0.44552743434906006
real_product_product_75_a_computer_mouse_is_beside_a_notebook_computer.jpg,false,,product,9.719246918393765e-07
real_product_product_122_TVWBH7UHQ7Y.jpg,false,,product,0.0002565953473094851
real_product_product_070_LDlC-35X2uU.jpg,false,,product,0.00043657509377226233
real_product_product_051_MdZFPwlWMYs.jpg,false,,product,0.00013922140351496637
real_product_product_060_RAmpnn20rmY.jpg,false,,product,7.794889097567648e-05
real_product_product_143_kVuPfz-3HKw.jpg,false,,product,6.579082401003689e-05
real_product_product_034_VlgzxZZKQOQ.jpg,false,,product,0.00409182021394372
real_product_product_128_wk8ilTaXqw4.jpg,false,,product,0.045875512063503265
real_product_product_82_a_crowd_of_people_with_umbrellas_on_a_street.jpg,false,,product,0.5338315963745117
real_product_product_119_0QP-0DUaCo4.jpg,false,,product,0.0004324277688283473
real_product_product_159_AWWUNRA1KFw.jpg,false,,product,0.14983487129211426
real_product_product_57_a_big_fancy_glass_chandelier_hanging_in_a_small_kitchen.jpg,false,,product,0.1350477784872055
real_product_product_124_yb3hsmz4utg.jpg,false,,product,0.01851658709347248
real_product_product_78_a_woman_with_suitcases_waiting_for_a_train.jpg,false,,product,4.012957288068719e-05
real_product_product_155_fSoJ_Kj59zs.jpg,false,,product,0.0018753338372334838
real_product_product_156_qiMmrWdYZfg.jpg,false,,product,0.00013418834714684635
real_product_product_121_mFFATULxMBU.jpg,false,,product,1.931016959133558e-05
real_product_product_134_n1bbNrNSJH8.jpg,false,,product,0.002840468194335699
real_product_product_074_y26NHYSTZRk.jpg,false,,product,4.1301864257548004e-05
real_product_product_135_YZIdz19jhqs.jpg,false,,product,5.285145107336575e-06
real_product_product_58_a_beautiful_woman_taking_a_picture_with_her_smart_phone.jpg,false,,product,7.090175586199621e-06
real_product_product_51_a_group_of_people_walking_across_a_busy_city_street.jpg,false,,product,7.566028216388077e-05
real_product_product_098_pkfwwofpNUw.jpg,false,,product,0.9754319190979004
real_product_product_081_e6z6DVc_JqQ.jpg,false,,product,0.002252297243103385
real_product_product_76_a_man_in_a_gray_shirt_holds_his_phone_as_he_sits_by_a_man_in.jpg,false,,product,2.8012947950628586e-05
real_product_product_037_sxh5dE2bD50.jpg,false,,product,0.0022964889649301767
real_product_product_091_kcy3tHgHpcs.jpg,false,,product,0.003259131219238043
real_product_product_048__CSr-_ZICSY.jpg,false,,product,0.01863229274749756
real_product_product_167_xWeSCy5BdfI.jpg,false,,product,0.0030974552500993013
real_product_product_107_xVptEZzgVfo.jpg,false,,product,0.9956178665161133
real_product_product_151_ICAxsNRt_WM.jpg,false,,product,0.004582071211189032
real_product_product_038_3Cgmcux-cpY.jpg,false,,product,5.9655943914549425e-05
real_product_product_56_two_computer_monitors_are_turned_on_on_a_computer_desk.jpg,false,,product,5.507152309291996e-05
real_product_product_054_eAaoUuAMb7M.jpg,false,,product,0.0005362163065001369
real_product_product_163_r1BS0pzlr1M.jpg,false,,product,0.0011819188948720694
real_product_product_108_5GKdpmo0wI8.jpg,false,,product,0.0005264146020635962
real_product_product_112_aokIiOCtnXk.jpg,false,,product,0.0020567704923450947
real_product_product_62_a_few_different_computers_are_placed_on_the_desk.jpg,false,,product,0.0008995128446258605
real_product_product_102_kjfdacDML9M.jpg,false,,product,0.00022408367658499628
real_product_product_150_kFDyajOyqTA.jpg,false,,product,0.0030821342952549458
real_product_product_59_a_refrigerator_next_to_a_red_wall_in_the_kitchen.jpg,false,,product,6.400431448128074e-05
real_product_product_059_Lcqz6UUKXRU.jpg,false,,product,0.00011476570944068953
real_product_product_089_IYvYz0j7zpA.jpg,false,,product,0.00023418360797222704
real_product_product_092_7QyUPe30vqU.jpg,false,,product,0.00024150250828824937
real_product_product_116_xUpbmUINv9o.jpg,false,,product,0.0005597058916464448
real_product_product_142_oNte8riFdX0.jpg,false,,product,0.00032108122832141817
real_product_product_146_wW1raPiIJIU.jpg,false,,product,0.00015085841005202383
real_product_product_79_a_group_of_commuters_standing_around_a_train_station.jpg,false,,product,0.4340381622314453
real_product_product_126_MHBJeSSQfx8.jpg,false,,product,4.139099928579526e-06
real_product_product_065_Yu-xv5OzGgo.jpg,false,,product,0.0010227165184915066
real_product_product_113_pOCcShZwNcs.jpg,false,,product,0.020048018544912338
real_product_product_075_MUv_7l-GRKU.jpg,false,,product,0.00010649302566889673
real_product_product_55_there_is_a_lap_top_computer_on_the_desk.jpg,false,,product,2.738376281286037e-07
real_product_product_157_fVIiTknYim8.jpg,false,,product,0.0012557099107652903
real_product_product_65_people_laying_in_chairs_walking_and_playing_in_the_water_on.jpg,false,,product,2.113051050400827e-05
real_product_product_154_nwhqGZ5DcOY.jpg,false,,product,0.00032663531601428986
real_product_product_080_QESicPqs_XE.jpg,false,,product,0.0008259864989668131
real_product_product_063_cD_obz7W774.jpg,false,,product,0.0032414065208286047
real_product_product_53_a_woman_walking_next_to_a_man_riding_a_pink_bike.jpg,false,,product,0.8591883182525635
real_product_product_131_F-e4-hd1-oA.jpg,false,,product,0.000182471310836263
real_product_product_040_uWrLpDAT81g.jpg,false,,product,0.18430966138839722
real_product_product_114_vGhpfizChpY.jpg,false,,product,7.238751277327538e-05
real_food_food_084_-BSvBlnCvUU.jpg,false,,food,2.7465745006338693e-05
real_food_food_58_man_cutting_a_cake_on_the_table_in_the_kitchen.jpg,false,,food,0.0027325814589858055
real_food_food_035_91czTE5wmCg.jpg,false,,food,0.035283830016851425
real_food_food_039_pGCwAAk04BU.jpg,false,,food,0.0009748635930009186
real_food_food_157_-dm8WfhnQU4.jpg,false,,food,0.0001416495506418869
real_food_food_141_MUdGuohE-Mk.jpg,false,,food,0.0045425803400576115
real_food_food_159_K3q1KVUeGQY.jpg,false,,food,0.1638336032629013
real_food_food_117_dv5SSMfXbs4.jpg,false,,food,7.09941450622864e-05
real_food_food_131_l8Y9fVgxrEE.jpg,false,,food,2.048626629402861e-05
real_food_food_170_rDLBArZUl1c.jpg,false,,food,4.471445208764635e-05
real_food_food_123_49EKj06dQCc.jpg,false,,food,0.0002746781974565238
real_food_food_155_h5yMpgOI5nI.jpg,false,,food,0.0003922578471247107
real_food_food_165_9PDBbyJc2eE.jpg,false,,food,0.0001908446429297328
real_food_food_063_bgHJL294VVY.jpg,false,,food,1.9144885300192982e-05
real_food_food_118_xXIRSZmzvU8.jpg,false,,food,2.204216616519261e-05
real_food_food_037_dQIcaRtNZtQ.jpg,false,,food,0.00034597792546264827
real_food_food_110_o8PCoxDO8PQ.jpg,false,,food,0.004927675239741802
real_food_food_59_a_white_plate_with_some_food_and_two_trays_of_sauce.jpg,false,,food,0.1846216320991516
real_food_food_81_a_table_topped_with_plates_bowls_and_containers_of_food.jpg,false,,food,0.34426385164260864
real_food_food_056_qw6_11-Ob48.jpg,false,,food,0.048233721405267715
real_food_food_169_T5Pm7ZId3sc.jpg,false,,food,0.0038250393699854612
real_food_food_048_BxY-nv-RBsA.jpg,false,,food,0.00033267942490056157
real_food_food_036_HkaSi5Fvc0s.jpg,false,,food,3.4812666854122654e-05
real_food_food_077_LOdAL10JejI.jpg,false,,food,0.0010072264121845365
real_food_food_069_av5GTf-KxcI.jpg,false,,food,0.001421168795786798
real_food_food_152_gDwonOrdh0Q.jpg,false,,food,0.0001422936620656401
real_food_food_68_a_bunch_of_oranges_are_sitting_in_a_clear_fruit_bowl.jpg,false,,food,0.9954661130905151
real_food_food_167_3Vr4qQvQn34.jpg,false,,food,0.0059970770962536335
real_food_food_163_vExD0Y0Aei0.jpg,false,,food,0.001293982844799757
real_food_food_151_FyDHcvRi3QI.jpg,false,,food,0.0009363377466797829
real_food_food_135_jdcifvdsJZg.jpg,false,,food,3.951076359953731e-05
real_food_food_57_the_meal_of_fish_has_a_side_of_broccoli.jpg,false,,food,0.003376917215064168
real_food_food_164_1Uqr_jqi3c4.jpg,false,,food,1.549637090647593e-05
real_food_food_072_t1_BuMsRRsI.jpg,false,,food,1.3082603800285142e-05
real_food_food_096_JVd2FchPjCg.jpg,false,,food,0.00011085815640399233
real_food_food_114_ozVQrfENFOs.jpg,false,,food,0.0014426852576434612
real_food_food_78_three_round_plates_filled_with_artistically_presented_food.jpg,false,,food,3.8282843206616235e-07
real_food_food_051_GCEK8Jo_vGM.jpg,false,,food,2.107994987454731e-05
real_food_food_130_QYU_U2wXxig.jpg,false,,food,4.838627774006454e-06
real_food_food_089_sp2lfKOUzAM.jpg,false,,food,0.040871839970350266
real_food_food_52_a_kitchen_that_has_a_table_and_a_chair.jpg,false,,food,0.09487282484769821
real_food_food_149_G8qVZEiyCJU.jpg,false,,food,0.006231870502233505
real_food_food_078_tz0moLxAMCc.jpg,false,,food,0.0003769239701796323
real_food_food_080_zyLgpFi4Tvg.jpg,false,,food,0.0019184466218575835
real_food_food_068_aFa_Fu12bj8.jpg,false,,food,0.9997639060020447
real_food_food_050_M5kI-5OFviE.jpg,false,,food,0.00019331765361130238
real_food_food_034_dY7ONzZzoU8.jpg,false,,food,4.140702912991401e-06
real_food_food_143_1fxcQYy5OXc.jpg,false,,food,0.00019202324619982392
real_food_food_148_6dC5tYPiD2s.jpg,false,,food,4.45260548076476e-06
real_food_food_64_a_kitchen_with_a_bright_window_and_house_plants.jpg,false,,food,1.5014128393886494e-06
real_food_food_046_YQPTf86GvpM.jpg,false,,food,0.0009610585984773934
real_food_food_052_n5Wvn6wU1Xw.jpg,false,,food,3.3271696793235606e-06
real_food_food_80_a_lot_of_food_that_are_in_some_baskets.jpg,false,,food,1.1440986781963147e-05
real_food_food_124_hhZDn50B17c.jpg,false,,food,0.0002541597932577133
real_food_food_139_8v38azmFYr8.jpg,false,,food,0.0038799382746219635
real_food_food_094_9oUL0x_puck.jpg,false,,food,0.00022527236433234066
real_food_food_075_SidputyP-eE.jpg,false,,food,0.0022298265248537064
real_food_food_053_rf0XgpH-2ao.jpg,false,,food,0.005525636952370405
real_food_food_67_a_person_adjusting_a_metal_object_hanging_from_a_ceiling.jpg,false,,food,5.232292824075557e-05
real_food_food_53_a_group_of_people_sitting_around_a_table_filled_with_food.jpg,false,,food,3.246298001613468e-05
real_food_food_104_0byawXfQl5c.jpg,false,,food,0.0005355763132683933
real_food_food_125_NNddPCQDhyw.jpg,false,,food,0.0006273572216741741
real_food_food_128_GVxJRsudSIU.jpg,false,,food,0.006109578534960747
real_food_food_079_POg3Z47YPkM.jpg,false,,food,0.18651416897773743
real_food_food_72_a_newly_married_couple_sharing_a_piece_of_there_wedding_cake.jpg,false,,food,0.00012397448881529272
real_food_food_055_dSZQC7vVf5M.jpg,false,,food,5.8198456827085465e-05
real_food_food_54_two_birds_preparing_to_eat_food_off_of_a_plate_that_was_left.jpg,false,,food,0.07947263866662979
real_food_food_138_E1ZwXiBD7LA.jpg,false,,food,5.425251947599463e-05
real_food_food_147_cRPz6-ryzSg.jpg,false,,food,8.562907169107348e-06
real_food_food_054_mV4oTSZR4eA.jpg,false,,food,0.0004003091307822615
real_food_food_62_a_man_that_is_sitting_down_on_a_bench_in_front_of_a_table.jpg,false,,food,1.091775902750669e-05
real_food_food_61_food_on_a_train_with_a_pie_and_some_vegetable.jpg,false,,food,0.0034995570313185453
real_food_food_50_bride_and_grooms_arms_cutting_the_wedding_cake_with_fruit_on.jpg,false,,food,7.609194767610461e-07
real_food_food_56_a_breakfast_plate_with_toast_vegetables_eggs_and_meat.jpg,false,,food,1.5804747818037868e-05
real_food_food_038_eD3gkNVlm94.jpg,false,,food,9.726304415380582e-05
real_food_food_132_ONeUTPIkoEs.jpg,false,,food,4.342341071605915e-06
real_food_food_093_7DpEKohpOhQ.jpg,false,,food,0.0004025788512080908
real_food_food_137_AELjKcCaNSk.jpg,false,,food,4.477568290894851e-05
real_food_food_070_4l5BlL6OX7A.jpg,false,,food,0.9984000325202942
real_food_food_090_YwH212PJk0Q.jpg,false,,food,9.921183664118871e-05
real_food_food_121_xd0g61tGBgc.jpg,false,,food,0.001699616783298552
real_food_food_133_PMOAfRP_kLI.jpg,false,,food,0.00039519788697361946
real_food_food_150_tIvWsbppj5k.jpg,false,,food,0.00015056913252919912
real_food_food_059_ELISIYFi-ws.jpg,false,,food,2.986919980685343e-06
real_food_food_140_PBXZSIQ0XTg.jpg,false,,food,4.501140574575402e-05
real_food_food_75_a_group_of_people_that_are_standing_in_front_of_a_island.jpg,false,,food,0.8803707361221313
real_food_food_062_JZ5WREw9664.jpg,false,,food,0.005634388420730829
real_food_food_098__WuZ9cOPc6M.jpg,false,,food,8.449323649983853e-05
real_food_food_044_s-4i34Z07To.jpg,false,,food,0.0007103504613041878
real_food_food_064_cuaxqIA_pk0.jpg,false,,food,1.3500318345904816e-05
real_food_food_074_v9MpHbQimqY.jpg,false,,food,0.0003294339985586703
real_food_food_156_XU1-sAMZFqc.jpg,false,,food,0.0027033453807234764
real_food_food_120_raakZHcgWWw.jpg,false,,food,0.07992473244667053
real_food_food_060_dUeD4im5YSQ.jpg,false,,food,0.0001552875473862514
real_food_food_145_aw47u5DHXEg.jpg,false,,food,0.002641674131155014
real_food_food_058_ue4AfKGEQoA.jpg,false,,food,0.00013433543790597469
real_food_food_127_OKT6Ce9fwqI.jpg,false,,food,0.0003798032703343779
real_food_food_067_3OSiYv09hhs.jpg,false,,food,0.0038946301210671663
real_food_food_168_sFPxZsn8cwU.jpg,false,,food,3.941224349546246e-05
real_food_food_091_nrfSpR3_4yE.jpg,false,,food,2.7218484319746494e-06
real_food_food_144_YvEGiuPZ0Sg.jpg,false,,food,0.004143000114709139
real_food_food_107_f87RdAQSoJk.jpg,false,,food,0.0015129123348742723
real_food_food_126_AgWVcQz1bOA.jpg,false,,food,2.2322583390632644e-05
real_food_food_158_j1KUsXahuXk.jpg,false,,food,0.00031237720395438373
real_food_food_049_BPsqF6C_Ou8.jpg,false,,food,0.0006921107997186482
real_food_food_042_pyFWN-TrXvk.jpg,false,,food,1.1709675163729116e-05
real_food_food_111_GlWOWrJXk5s.jpg,false,,food,0.00013290473725646734
real_food_food_71_belgium_waffle_loaded_with_bananas_topped_with_powdered_suga.jpg,false,,food,3.191843279637396e-05
real_food_food_092_69P8Y4ErG0Y.jpg,false,,food,0.0045364368706941605
real_food_food_73_a_plate_with_bacon_eggs_and_hamburger_topped_with_bananas.jpg,false,,food,7.058506980683887e-06
real_food_food_076_IrM6Fvhmc9k.jpg,false,,food,2.9223059755167924e-05
real_food_food_136_ZHW1qo-VRXM.jpg,false,,food,4.3839139834744856e-05
real_food_food_083_HgoEnDWOGrA.jpg,false,,food,0.013416181318461895
real_food_food_109_HbQj2RAanTs.jpg,false,,food,0.0006346426671370864
real_food_food_043_siHk8IfK_Ec.jpg,false,,food,0.0004660756967496127
real_food_food_113_n2sQQ6XjqfE.jpg,false,,food,0.37207281589508057
real_food_food_82_a_kitchen_with_a_center_white_island_topped_with_a_bowl_of_g.jpg,false,,food,6.354312063194811e-06
real_food_food_51_a_bowl_of_some_broccoli_that_is_chopped.jpg,false,,food,1.751650052028708e-05
real_food_food_154_VpjPHuFAI-4.jpg,false,,food,0.0006586880190297961
real_food_food_162_f4GdYFpUyH8.jpg,false,,food,4.5120086724637076e-05
real_food_food_045_iRVq6avVGDE.jpg,false,,food,0.00015777995577082038
real_food_food_129_3P0BmvFk5rg.jpg,false,,food,3.122757107121288e-06
real_food_food_74_a_sandwich_with_nachos_and_a_salad_on_a_plate.jpg,false,,food,4.9724126256478485e-06
real_food_food_071_9cH-uVU__0c.jpg,false,,food,5.491822594194673e-05
real_food_food_79_a_tray_of_various_foods_next_to_drinks_on_a_table.jpg,false,,food,6.592794647986011e-07
real_food_food_115_YjJFJDai9zg.jpg,false,,food,0.0033481696154922247
real_food_food_100_OSwea3yxjT0.jpg,false,,food,2.4266730179078877e-05
real_food_food_088_QPKJZvqMaDs.jpg,false,,food,0.03518703207373619
real_food_food_040_a7nzCe8FlT4.jpg,false,,food,1.3536659935198259e-05
real_food_food_108_ixC7gmLcKaQ.jpg,false,,food,0.00345362676307559
real_food_food_63_a_man_preparing_food_in_a_restaurant_kitchen.jpg,false,,food,2.451089494570624e-05
real_food_food_066_s0oNVwpU9NE.jpg,false,,food,0.0013756139669567347
real_food_food_134_T-tgZmKFRZU.jpg,false,,food,0.001045623910613358
real_food_food_161_AX8z0xXzrUo.jpg,false,,food,0.011613289825618267
real_food_food_69_a_scene_of_an_apartment_with_a_dining_table_and_a_couple_of.jpg,false,,food,0.9090448021888733
real_food_food_073_kswmO8BRzQQ.jpg,false,,food,0.0005408277502283454
real_food_food_66_a_plate_of_bananas_and_sliced_oranges_covered_in_butterflies.jpg,false,,food,0.04978817328810692
real_food_food_102_DuObvMLmc8M.jpg,false,,food,3.662525386971538e-06
real_food_food_097_jT86IpheR2w.jpg,false,,food,0.0030176194850355387
real_food_food_103_Fff5ve-rGVA.jpg,false,,food,0.0038084271363914013
real_food_food_081_lgvvFFplBHw.jpg,false,,food,0.00038973274058662355
real_food_food_041_qDdv33C-BSw.jpg,false,,food,0.01865565963089466
real_food_food_085_WT_nZUfAmBc.jpg,false,,food,0.006703773979097605
real_food_food_047_qpZlQ8IIghI.jpg,false,,food,0.02199680544435978
real_food_food_160_uRqMI5Nw4Yc.jpg,false,,food,0.0026360631454735994
real_food_food_065_Q5QspluNZmM.jpg,false,,food,0.00041524117114022374
real_food_food_119_47urRDhCphA.jpg,false,,food,0.0001674907107371837
real_food_food_095_WY_EKY3taJE.jpg,false,,food,0.0030345155391842127
real_food_food_087_oYllk_NdgA0.jpg,false,,food,0.8386013507843018
real_food_food_061_DCZGNIZjz_Q.jpg,false,,food,0.6280200481414795
real_food_food_65_a_small_bowl_of_fruit_on_a_table.jpg,false,,food,0.32222431898117065
real_food_food_76_three_bowls_filled_with_vegetables_on_top_of_a_table.jpg,false,,food,2.4691027647349983e-05
real_food_food_146_fv7ttjeTgyM.jpg,false,,food,0.001555215218104422
real_food_food_70_a_sandwich_sitting_on_top_of_a_pile_of_fries.jpg,false,,food,3.307624410808785e-06
real_food_food_099_gyaPIZZjV_A.jpg,false,,food,4.159720447205473e-06
real_food_food_057_v8-cAH5cmTU.jpg,false,,food,7.917004404589534e-05
real_food_food_77_a_bowl_that_has_soup_and_a_spoon_in_it.jpg,false,,food,0.8763963580131531
real_food_food_166_lZ98dwbkTws.jpg,false,,food,0.0001361650793114677
real_food_food_082_w-LpijUp8yw.jpg,false,,food,4.355037526693195e-05
real_food_food_101_OZhdQm_OjX4.jpg,false,,food,4.827386510442011e-05
real_food_food_153_Rh8vxWHc5DA.jpg,false,,food,0.000644252693746239
real_food_food_112_T8I3UuK-QXY.jpg,false,,food,0.00011544985318323597
real_food_food_106_0b4sfNTqBLU.jpg,false,,food,0.08953456580638885
real_food_food_105_jCTo3MAtzjA.jpg,false,,food,6.007268893881701e-06
real_food_food_122_4Y_bVu4j0cA.jpg,false,,food,0.000209833073313348
real_food_food_142_YY5uHzZV6Wo.jpg,false,,food,0.038732029497623444
real_food_food_086_lz8rih2cNJQ.jpg,false,,food,0.000996112241409719
real_food_food_55_a_beautiful_dessert_waiting_to_be_shared_by_two_people.jpg,false,,food,2.01975240088359e-06
real_food_food_116_dpQqhZRyF7w.jpg,false,,food,0.00024402147391811013
real_food_food_60_two_computers_sitting_on_top_of_a_desk.jpg,false,,food,0.7179794907569885
real_animal_animal_141_L79Jcm80Y3U.jpg,false,,animal,0.00012756367505062371
real_animal_animal_050_CBK17BPteJE.jpg,false,,animal,0.0006251438171602786
real_animal_animal_044_7pMTQP_kIhg.jpg,false,,animal,0.0005530205671675503
real_animal_animal_132_J4DL0onKVng.jpg,false,,animal,0.4227997660636902
real_animal_animal_50_a_calico_cat_drinking_from_a_sink_faucet.jpg,false,,animal,1.0162812941416632e-05
real_animal_animal_142_ScLYGfuCqQg.jpg,false,,animal,0.010258168913424015
real_animal_animal_061_KKK-mavLRIY.jpg,false,,animal,0.030055681243538857
real_animal_animal_131_NoNqa205O40.jpg,false,,animal,0.00019399644224904478
real_animal_animal_163_ujOHucbnC94.jpg,false,,animal,0.0004380177997518331
real_animal_animal_058_UsDyOmKQjzo.jpg,false,,animal,0.0019404753111302853
real_animal_animal_118_O-dnv951XTY.jpg,false,,animal,0.0004020344349555671
real_animal_animal_124_idMSI66-1NQ.jpg,false,,animal,7.755079423077404e-06
real_animal_animal_69_a_couple_of_people_that_are_biking_down_a_road.jpg,false,,animal,0.021098077297210693
real_animal_animal_089_4KV3SKyHNjE.jpg,false,,animal,0.00023857402266003191
real_animal_animal_61_a_dog_laying_down_licking_food_off_of_a_plate.jpg,false,,animal,0.0030812609475106
real_animal_animal_140_bj7ALDr6E-o.jpg,false,,animal,0.0006627567927353084
real_animal_animal_097_sCgBFOArERk.jpg,false,,animal,0.0012648049741983414
real_animal_animal_054_Qv8NgYRjSn4.jpg,false,,animal,0.01021743193268776
real_animal_animal_082_hvkcofV0bvw.jpg,false,,animal,0.0002127968182321638
real_animal_animal_107_4rezxlfTrGA.jpg,false,,animal,0.00023691021488048136
real_animal_animal_126_IOvOeZRGanM.jpg,false,,animal,9.062168828677386e-05
real_animal_animal_127_4sMVrh8-S1g.jpg,false,,animal,0.8918975591659546
real_animal_animal_078_YzfCevgzsPI.jpg,false,,animal,2.237198168586474e-05
real_animal_animal_062_J7X_npgVujU.jpg,false,,animal,0.010297880508005619
real_animal_animal_53_bird_sits_atop_cattle_on_snow_covered_field.jpg,false,,animal,3.401388676138595e-05
real_animal_animal_096_nvDnfWuSyD8.jpg,false,,animal,0.0028449015226215124
real_animal_animal_048_YvYBOSiBJE8.jpg,false,,animal,0.0005008273292332888
real_animal_animal_038_CiacXjCwb3g.jpg,false,,animal,1.6734855307731777e-05
real_animal_animal_103__GQCzeh1oWk.jpg,false,,animal,3.0463363145827316e-05
real_animal_animal_115_qvkA4FMTNKo.jpg,false,,animal,0.0005077597452327609
real_animal_animal_150_eNi9DGpVYWk.jpg,false,,animal,5.181417509447783e-05
real_animal_animal_037_j3JAI9KXJ-c.jpg,false,,animal,1.1277016710664611e-05
real_animal_animal_071_zjKxb4xhBXc.jpg,false,,animal,0.9749941825866699
real_animal_animal_064_uLMM6TyPfGw.jpg,false,,animal,0.0655001550912857
real_animal_animal_152_JkVNRBpFSK8.jpg,false,,animal,2.3264314222615212e-05
real_animal_animal_145_Qtg_270Aa_I.jpg,false,,animal,0.00045103346928954124
real_animal_animal_060_lZts59erQVw.jpg,false,,animal,0.01653240993618965
real_animal_animal_114_J0-ZaraetTE.jpg,false,,animal,0.0003668855060823262
real_animal_animal_79_a_herd_of_cattle_and_zebra_standing_next_to_each_other_on_a.jpg,false,,animal,2.0664667317760177e-05
real_animal_animal_047_uHHA_YklxMc.jpg,false,,animal,0.0010167242726311088
real_animal_animal_036_xlTolOtNLZM.jpg,false,,animal,0.00187719298992306
real_animal_animal_169_rxFkfMJL9tw.jpg,false,,animal,0.010873482562601566
real_animal_animal_074_TfakEsc83HU.jpg,false,,animal,0.006773230619728565
real_animal_animal_138_t5rBtxLiHj8.jpg,false,,animal,0.0010063127847388387
real_animal_animal_049_nwaiAiHAVEY.jpg,false,,animal,0.0037969634868204594
real_animal_animal_043_Dv45FbzLiik.jpg,false,,animal,0.0013094297610223293
real_animal_animal_091_yRdK7ijQPNw.jpg,false,,animal,0.00043137502507306635
real_animal_animal_053_CACQDEJknBs.jpg,false,,animal,0.002884098794311285
real_animal_animal_170_P6s8EbcSgmA.jpg,false,,animal,0.001622440991923213
real_animal_animal_166_jh6YaoB0TBw.jpg,false,,animal,0.0004356670833658427
real_animal_animal_144_ihivSSUOpno.jpg,false,,animal,0.0002168206701753661
real_animal_animal_158_fkxUyu6F2L8.jpg,false,,animal,0.0016165937995538116
real_animal_animal_046_88Kt5KHUe_8.jpg,false,,animal,0.000989911612123251
real_animal_animal_73_a_small_motor_bike_outside_of_the_garage.jpg,false,,animal,1.3824320603816886e-06
real_animal_animal_108_JNHrBVfdT_A.jpg,false,,animal,0.00048594168038107455
real_animal_animal_151_8LPgWfHgcMg.jpg,false,,animal,0.00024827837478369474
real_animal_animal_075_PA3F7YWHUPM.jpg,false,,animal,0.0003233911411371082
real_animal_animal_041_-96qBKyFefQ.jpg,false,,animal,0.001882942277006805
real_animal_animal_095_iuoIlOvTa6g.jpg,false,,animal,0.00025964766973629594
real_animal_animal_139_i80SbIDgFf8.jpg,false,,animal,0.00016662671987432986
real_animal_animal_092_mg-k04n58xY.jpg,false,,animal,0.0012851516949012876
real_animal_animal_068_ZBR7NAYRR4M.jpg,false,,animal,5.9346810303395614e-05
real_animal_animal_083_2QHHOAPI--I.jpg,false,,animal,0.0059501295909285545
real_animal_animal_143_7xYdOPDfNcE.jpg,false,,animal,0.03147145360708237
real_animal_animal_094_bmwUCv0wMIU.jpg,false,,animal,0.11192138493061066
real_animal_animal_70_a_street_scene_with_a_person_on_a_motorcycle.jpg,false,,animal,4.122584141441621e-05
real_animal_animal_56_a_flock_of_goats_and_some_men_watching_them.jpg,false,,animal,0.0012035489780828357
real_animal_animal_123_o-c4UrB0WBA.jpg,false,,animal,1.504568263044348e-05
real_animal_animal_066_rh7KA6jVJFM.jpg,false,,animal,0.0001501298538642004
real_animal_animal_134_GVe30cQ8CWU.jpg,false,,animal,2.5597912099328823e-05
real_animal_animal_160_A_unG6e0Cug.jpg,false,,animal,0.00039550469955429435
real_animal_animal_070_iY8qBtToC0o.jpg,false,,animal,0.05499983951449394
real_animal_animal_111_22_r4pgeL28.jpg,false,,animal,0.6133924722671509
real_animal_animal_113_knB89oNur0A.jpg,false,,animal,0.047362156212329865
real_animal_animal_78_a_giraffe_standing_in_a_field_next_to_a_fence.jpg,false,,animal,0.0005613513640128076
real_animal_animal_063_oajraKUY0uQ.jpg,false,,animal,0.003771849675104022
real_animal_animal_155_85YNg0KtSPw.jpg,false,,animal,0.0006720168748870492
real_animal_animal_056_Nzzk-pOcqvA.jpg,false,,animal,0.0003039588045794517
real_animal_animal_161_f3Os5oCc874.jpg,false,,animal,0.002433856250718236
real_animal_animal_067_KmmVj3LY4lA.jpg,false,,animal,1.3101505828672089e-05
real_animal_animal_60_a_grouping_of_zebras_in_a_pen_next_to_a_giraffe.jpg,false,,animal,0.00016102584777399898
real_animal_animal_133_nzPivGosPIQ.jpg,false,,animal,0.00023414073802996427
real_animal_animal_122_t81H__wdxlc.jpg,false,,animal,3.858692434732802e-05
real_animal_animal_098_RMj_T-DMgDA.jpg,false,,animal,0.0008158307173289359
real_animal_animal_077_vVh9BUJIizQ.jpg,false,,animal,0.0051706270314753056
real_animal_animal_087__qLFof8-Loo.jpg,false,,animal,0.00022502166393678635
real_animal_animal_088_1tXeMpkssik.jpg,false,,animal,0.00010228619794361293
real_animal_animal_164_wAP_IBPhn-4.jpg,false,,animal,0.00024046262842603028
real_animal_animal_76_a_dog_is_tied_to_a_fire_hydrant.jpg,false,,animal,7.31010441086255e-05
real_animal_animal_080_49TMUrNQDQ0.jpg,false,,animal,0.0016246206359937787
real_animal_animal_75_a_family_of_giraffes_by_a_few_zebras_and_a_gazelle.jpg,false,,animal,4.011327473563142e-05
real_animal_animal_085_U9frYiUp1Qg.jpg,false,,animal,0.00031260837567970157
real_animal_animal_100_PJTfOzSo8fQ.jpg,false,,animal,4.688138506026007e-05
real_animal_animal_51_a_bunch_of_sheep_in_the_snow_behind_a_barbed_wire_fence.jpg,false,,animal,2.4276358089991845e-05
real_animal_animal_072_eX45lve1DIo.jpg,false,,animal,8.039701242523734e-06
real_animal_animal_105_DORi0W_afqk.jpg,false,,animal,1.1599861863942351e-05
real_animal_animal_148_Xr4TYgSEXqQ.jpg,false,,animal,0.00043269788147881627
real_animal_animal_65_a_cats_sits_on_the_table_with_a_dog_outside.jpg,false,,animal,0.013927063904702663
real_animal_animal_102_Cl8iDlk008c.jpg,false,,animal,1.2725697160931304e-05
real_animal_animal_147_nlF8qaFWI0w.jpg,false,,animal,0.0013791313394904137
real_animal_animal_63_rear_view_mirror_reflection_showing_a_dog_in_the_back_seat.jpg,false,,animal,0.001231290865689516
real_animal_animal_045_eo93HAoalwQ.jpg,false,,animal,0.04513545706868172
real_animal_animal_77_a_herd_of_sheep_standing_next_to_each_other_on_dirt_ground.jpg,false,,animal,0.00038309470983222127
real_animal_animal_081_TNMOJYUteDU.jpg,false,,animal,0.00025844783522188663
real_animal_animal_64_a_dog_following_a_man_on_his_horse_in_a_field.jpg,false,,animal,0.008267033845186234
real_animal_animal_120_EdlNaRhg9ik.jpg,false,,animal,0.00015820660337340087
real_animal_animal_052_tmrQPLJpBrk.jpg,false,,animal,0.0002610952069517225
real_animal_animal_129_IwiaImVNcQU.jpg,false,,animal,0.0006532525294460356
real_animal_animal_042_1qT-zMTRFp0.jpg,false,,animal,0.014641170389950275
real_animal_animal_74_a_cat_standing_on_the_edge_of_a_sink_drink_water.jpg,false,,animal,0.016623347997665405
real_animal_animal_125_snhqHThkCRE.jpg,false,,animal,4.4696244003716856e-05
real_animal_animal_153_FBOP5an6h74.jpg,false,,animal,0.0002516170497983694
real_animal_animal_66_a_bunch_of_sheep_make_their_way_through_the_crowded_city_str.jpg,false,,animal,1.6078494127214071e-06
real_animal_animal_168_g9M46POadWU.jpg,false,,animal,0.0012569298269227147
real_animal_animal_101_iQC6u4ejuGE.jpg,false,,animal,0.0027187075465917587
real_animal_animal_57_a_cat_walking_through_a_kitchen_by_a_eating_tray.jpg,false,,animal,1.0192222362093162e-05
real_animal_animal_149_E12vXZq9AZA.jpg,false,,animal,3.885581827489659e-05
real_animal_animal_156_yiwB58St4bE.jpg,false,,animal,0.0010131467133760452
real_animal_animal_093_mYxtYpSJvbw.jpg,false,,animal,3.455234400462359e-05
real_animal_animal_165_PChlguQgbCw.jpg,false,,animal,1.635720946069341e-05
real_animal_animal_62_a_cat_eating_a_bird_it_has_caught.jpg,false,,animal,0.0036176990251988173
real_animal_animal_084_QRzQlECEbsk.jpg,false,,animal,0.004229627083986998
real_animal_animal_109_P6InS7LxUS4.jpg,false,,animal,0.0003851981891784817
real_animal_animal_121_ZOGamuDrPJw.jpg,false,,animal,0.0001934334432007745
real_animal_animal_81_three_sheep_are_grazing_in_the_field_next_to_the_water.jpg,false,,animal,1.618347414478194e-05
real_animal_animal_157_VSVcEzWsqyc.jpg,false,,animal,0.0012931813253089786
real_animal_animal_80_many_woolly_sheep_standing_together_in_the_field.jpg,false,,animal,4.120972516830079e-05
real_animal_animal_090_fRJGUAQ6uNg.jpg,false,,animal,3.1578972993884236e-05
real_animal_animal_110_HPHtMOJvHDM.jpg,false,,animal,0.0011686984216794372
real_animal_animal_055_feos9QXjxJY.jpg,false,,animal,0.005693058017641306
real_animal_animal_069_q0J6zQPO-zw.jpg,false,,animal,0.023479009047150612
real_animal_animal_58_two_men_herding_a_pack_of_elephants_across_a_field.jpg,false,,animal,0.0036969485227018595
real_animal_animal_104_1Ytzecs_XU4.jpg,false,,animal,0.0025793800596147776
real_animal_animal_55_a_horse_in_a_pasture_of_tall_grass_observing_an_energetic_do.jpg,false,,animal,5.478056664287578e-06
real_animal_animal_079_m_wgaQ-sQPQ.jpg,false,,animal,0.030877502635121346
real_animal_animal_112_cPyHO3eDlsE.jpg,false,,animal,9.930790838552639e-05
real_animal_animal_034_-Ylz_tc8NOk.jpg,false,,animal,0.15232855081558228
real_animal_animal_051_PpwK032gSao.jpg,false,,animal,0.021272102370858192
real_animal_animal_099_m5Zy3Ulb3g0.jpg,false,,animal,0.00010664230649126694
real_animal_animal_059_2_3g53wNQk8.jpg,false,,animal,8.432484173681587e-05
real_animal_animal_039_i_Z1o10BPPk.jpg,false,,animal,4.4413354771677405e-05
real_animal_animal_136_fXqOgYJgNBk.jpg,false,,animal,0.003104531904682517
real_animal_animal_59_a_dog_standing_on_the_back_of_a_brown_car.jpg,false,,animal,0.0014697338920086622
real_animal_animal_119_70s5ZKzNkac.jpg,false,,animal,0.0002716408052947372
real_animal_animal_52_a_cat_sitting_on_the_floor_watching_television.jpg,false,,animal,1.361235263175331e-05
real_animal_animal_82_a_couple_of_cows_and_some_birds_flying_in_the_sky.jpg,false,,animal,0.0003829508204944432
real_animal_animal_154_IHHiw3VMZvc.jpg,false,,animal,4.232080027577467e-05
real_animal_animal_035_vQvq16ZQM60.jpg,false,,animal,4.4560147216543555e-05
real_animal_animal_54_a_man_riding_a_horse_drawn_carriage_on_a_race_track.jpg,false,,animal,8.630536467535421e-05
real_animal_animal_117_DmnOlnAWRdE.jpg,false,,animal,0.0002444296551402658
real_animal_animal_040_7jXA55Tl4xU.jpg,false,,animal,0.020187342539429665
real_animal_animal_68_a_cat_outside_looking_through_a_window.jpg,false,,animal,0.0206148698925972
real_animal_animal_159_gjDKWxrKrgk.jpg,false,,animal,0.0002452583867125213
real_animal_animal_076_JHxFiw603QA.jpg,false,,animal,0.00029971631010994315
real_animal_animal_162_vLCMWwg5TAs.jpg,false,,animal,0.013627666048705578
real_animal_animal_128_dtYCvr0r_X4.jpg,false,,animal,0.001014675828628242
real_animal_animal_057_n4tWGvk_gWY.jpg,false,,animal,6.290719466051087e-05
real_animal_animal_146_tvH8ECkyQKI.jpg,false,,animal,0.0021520107984542847
real_animal_animal_67_a_sheepdog_runs_around_a_herd_of_cows_in_a_fencedin_field.jpg,false,,animal,0.0001188523237942718
real_animal_animal_72_a_cat_sprawled_out_over_the_top_of_a_laptop_computer_keyboar.jpg,false,,animal,1.445549241907429e-05
real_animal_animal_167_u3XMyl-4OSY.jpg,false,,animal,0.0034219948574900627
real_animal_animal_106_ejAz1xfCyNM.jpg,false,,animal,0.16215424239635468
real_animal_animal_086_YSoqrTfEWcI.jpg,false,,animal,4.5594104449264705e-05
real_animal_animal_116_dSAzIH5UtOI.jpg,false,,animal,9.729374141898006e-05
real_animal_animal_073_MVQPTvPYsJs.jpg,false,,animal,0.00027961155865341425
real_animal_animal_065_M8uSC8OPXco.jpg,false,,animal,4.6512930566677824e-05
real_animal_animal_137_lHeXOpxzok8.jpg,false,,animal,0.000398180476622656
real_animal_animal_71_a_black_ct_with_green_eyes_sitting_in_the_sun.jpg,false,,animal,1.0006599950429518e-05
real_animal_animal_135_Tu_lH5CFFZw.jpg,false,,animal,0.00011288453242741525
real_animal_animal_130_vPyhiJjBlSM.jpg,false,,animal,0.003755958052352071
real_landscape_landscape_80_this_highway_is_empty_this_early_on_the_morning.jpg,false,,landscape,0.04613160341978073
real_landscape_landscape_59_a_passenger_bus_that_is_parked_in_a_parking_lot.jpg,false,,landscape,0.9813532829284668
real_landscape_landscape_073_gtabImSzH-g.jpg,false,,landscape,0.006021352019160986
real_landscape_landscape_160_yaj-SndYOb0.jpg,false,,landscape,0.028157606720924377
real_landscape_landscape_140_pNMH4SDf8us.jpg,false,,landscape,0.011442708782851696
real_landscape_landscape_117_KQX4AEXEV1g.jpg,false,,landscape,0.003324550809338689
real_landscape_landscape_056_TqfJUbdnCxM.jpg,false,,landscape,0.00019291936769150198
real_landscape_landscape_05_foggy_forest_hills.jpg,false,,landscape,1.6727657566661946e-05
real_landscape_landscape_118_z7IW1w4C870.jpg,false,,landscape,4.4311567762633786e-05
real_landscape_landscape_135_Bwkl85sszNM.jpg,false,,landscape,0.001181555911898613
real_landscape_landscape_053_E9CrQou9K0Y.jpg,false,,landscape,0.0034669307060539722
real_landscape_landscape_064_pnFNoPuilVI.jpg,false,,landscape,0.000557968916837126
real_landscape_landscape_154_VFjGgIGNWlI.jpg,false,,landscape,0.0006754217320121825
real_landscape_landscape_09_starry_night_mountains.jpg,false,,landscape,0.0020274335984140635
real_landscape_landscape_124__rsGm7nob3w.jpg,false,,landscape,0.00037882369360886514
real_landscape_landscape_079_n6hzRDQ9CM8.jpg,false,,landscape,2.1668096451321617e-05
real_landscape_landscape_095_YzJlElq6Pc0.jpg,false,,landscape,0.0003628739505074918
real_landscape_landscape_098_F4dGVi1g8rQ.jpg,false,,landscape,0.01762367971241474
real_landscape_landscape_062_oGrOhXJaHME.jpg,false,,landscape,0.0004569797602016479
real_landscape_landscape_68_a_wooden_bench_and_a_fire_hydrant_on_a_field.jpg,false,,landscape,1.4494891729555093e-05
real_landscape_landscape_119_ENkQJj-7orc.jpg,false,,landscape,2.4361335817957297e-05
real_landscape_landscape_81_a_dog_rests_his_head_on_the_edge_of_a_boat_at_sea.jpg,false,,landscape,3.153208672301844e-05
real_landscape_landscape_51_a_green_traffic_light_suspended_above_a_street.jpg,false,,landscape,0.0003399728157091886
real_landscape_landscape_085_cCthPLHmrzI.jpg,false,,landscape,0.002436896087601781
real_landscape_landscape_060_jdaigQmK-qA.jpg,false,,landscape,0.6758291721343994
real_landscape_landscape_58_a_passenger_train_that_has_some_graffiti_on_it.jpg,false,,landscape,0.00011484145215945318
real_landscape_landscape_077_ID4OhGirKvg.jpg,false,,landscape,0.0009778309613466263
real_landscape_landscape_133_-5eZ1-Ie68w.jpg,false,,landscape,1.8640508642420173e-05
real_landscape_landscape_086_ke-voL7t_I8.jpg,false,,landscape,0.00012248230632394552
real_landscape_landscape_143_-hbbmFHQYiw.jpg,false,,landscape,0.07884349673986435
real_landscape_landscape_080_1DPIP44atys.jpg,false,,landscape,0.01222286093980074
real_landscape_landscape_110_02YdrfDb3UE.jpg,false,,landscape,4.4772135879611596e-05
real_landscape_landscape_116_sNKwtrVQ4hU.jpg,false,,landscape,0.00011026333959307522
real_landscape_landscape_157_nMhbF-YMdXE.jpg,false,,landscape,0.0036068952176719904
real_landscape_landscape_051_4k8UHZC1-6k.jpg,false,,landscape,0.00021255128376651555
real_landscape_landscape_161_CL665uHJb7c.jpg,false,,landscape,0.007755749858915806
real_landscape_landscape_093_UazfuoH2sRU.jpg,false,,landscape,3.915988054359332e-05
real_landscape_landscape_55_a_green_traffic_light_a_street_some_buildings_and_some_other.jpg,false,,landscape,0.8857979774475098
real_landscape_landscape_82_a_large_bus_on_the_side_of_the_road.jpg,false,,landscape,9.953226253855973e-06
real_landscape_landscape_045_W3wgy9tDgto.jpg,false,,landscape,0.03944362327456474
real_landscape_landscape_120_afwi-D9xmt4.jpg,false,,landscape,0.0228564515709877
real_landscape_landscape_099_kDrTt4sCC7I.jpg,false,,landscape,0.0001975817431230098
real_landscape_landscape_167_60cbKmNJ-ls.jpg,false,,landscape,1.1310608897474594e-05
real_landscape_landscape_046_wgH3Lzgmm_c.jpg,false,,landscape,0.0002326047542737797
real_landscape_landscape_072_jYkvecfWgx0.jpg,false,,landscape,0.05493432283401489
real_landscape_landscape_048_PA0KerQ0lHg.jpg,false,,landscape,0.005494902841746807
real_landscape_landscape_126_Cmjq13jc_2g.jpg,false,,landscape,0.0958457961678505
real_landscape_landscape_081_0PgC0jve7u4.jpg,false,,landscape,0.0006055246340110898
real_landscape_landscape_06_waterfall_in_forest.jpg,false,,landscape,0.0012091535609215498
real_landscape_landscape_77_rear_view_mirror_reflection_showing_a_dog_in_the_back_seat.jpg,false,,landscape,0.001231290865689516
real_landscape_landscape_147_bUhzlj3gGso.jpg,false,,landscape,0.0021654251031577587
real_landscape_landscape_69_a_yellow_bus_that_is_sitting_in_the_grass.jpg,false,,landscape,2.9895540137658827e-05
real_landscape_landscape_067_LLD9FKRoqDc.jpg,false,,landscape,0.0026465216651558876
real_landscape_landscape_115_q2Cv_B3_AZI.jpg,false,,landscape,0.0012507394421845675
real_landscape_landscape_125_4UfCRXv_tGM.jpg,false,,landscape,5.3387728257803246e-05
real_landscape_landscape_092__XHphe2atWM.jpg,false,,landscape,9.733995830174536e-05
real_landscape_landscape_109_-UsvhirEIeI.jpg,false,,landscape,0.33256420493125916
real_landscape_landscape_129_5LyYqPEv8w0.jpg,false,,landscape,0.38663896918296814
real_landscape_landscape_070_uQDRDqpYJHI.jpg,false,,landscape,3.289195956313051e-05
real_landscape_landscape_71_a_black_and_white_photo_of_a_train.jpg,false,,landscape,1.3293172742123716e-05
real_landscape_landscape_057_C69YOsY9lYg.jpg,false,,landscape,6.81565870763734e-05
real_landscape_landscape_089_zjOv1yyUzQg.jpg,false,,landscape,0.005535750184208155
real_landscape_landscape_130_qOxQEA8obSg.jpg,false,,landscape,0.994655966758728
real_landscape_landscape_163_Bz4dHv-9PFQ.jpg,false,,landscape,0.00012324734416324645
real_landscape_landscape_071_zjqqKVQZoNg.jpg,false,,landscape,0.0016749828355386853
real_landscape_landscape_76_a_blue_rusted_train_engine_sitting_on_top_of_rail_tracks.jpg,false,,landscape,0.00012900563888251781
real_landscape_landscape_114_FCPJn1NeFdI.jpg,false,,landscape,0.004444115795195103
real_landscape_landscape_156_pcgo3E7vJr4.jpg,false,,landscape,0.0012447887565940619
real_landscape_landscape_075_G86MS2ZsiJA.jpg,false,,landscape,1.762374040481518e-06
real_landscape_landscape_059_i7OiHRQkJHY.jpg,false,,landscape,0.011712576262652874
real_landscape_landscape_164_tMYDgAySy9w.jpg,false,,landscape,0.00033412405173294246
real_landscape_landscape_84_part_of_train_car_with_a_door_to_the_rear_connected_to_the_c.jpg,false,,landscape,6.0048514569643885e-06
real_landscape_landscape_083_DlCr9IujpJI.jpg,false,,landscape,0.0002282891218783334
real_landscape_landscape_04_dramatic_mountain_valley.jpg,false,,landscape,0.0002669569512363523
real_landscape_landscape_02_sunset_over_mountains.jpg,false,,landscape,0.016048140823841095
real_landscape_landscape_53_a_train_of_many_colors_is_coming_down_the_track.jpg,false,,landscape,0.00013941853831056505
real_landscape_landscape_100_xpLNPVL3IJA.jpg,false,,landscape,0.002474007662385702
real_landscape_landscape_153_6SGsL73EbKM.jpg,false,,landscape,0.010885658673942089
real_landscape_landscape_107_cssvEZacHvQ.jpg,false,,landscape,0.0012091535609215498
real_landscape_landscape_79_an_orange_train_traveling_along_train_tracks_near_a_train_ya.jpg,false,,landscape,0.012685902416706085
real_landscape_landscape_090_tZaA8VqJG3g.jpg,false,,landscape,0.08759001642465591
real_landscape_landscape_73_a_tall_church_tower_sitting_on_the_side_of_a_road.jpg,false,,landscape,5.535225500352681e-05
real_landscape_landscape_61_a_wooden_bench_sitting_outside_of_a_home.jpg,false,,landscape,7.364183716163097e-07
real_landscape_landscape_03_lake_reflection.jpg,false,,landscape,0.0007196313817985356
real_landscape_landscape_155_DqIyKlJa-2s.jpg,false,,landscape,0.0008809381979517639
real_landscape_landscape_105_ur4NB1f3kQ8.jpg,false,,landscape,1.1778150110330898e-05
real_landscape_landscape_128_MasnAA5KqDY.jpg,false,,landscape,0.0001288476778427139
real_landscape_landscape_134_1pFIPoOa--Y.jpg,false,,landscape,0.03042224608361721
real_landscape_landscape_097_1U6EOU8hiTM.jpg,false,,landscape,1.175621036964003e-05
real_landscape_landscape_047_58Mkqady7lE.jpg,false,,landscape,0.013348131440579891
real_landscape_landscape_102_T-AOFf2B8Zw.jpg,false,,landscape,0.00012385491572786123
real_landscape_landscape_83_a_small_bus_parked_in_front_of_a_bus_stop.jpg,false,,landscape,9.571745067660231e-06
real_landscape_landscape_162_3m4lH961q20.jpg,false,,landscape,9.703366959001869e-05
real_landscape_landscape_122_K5eIMIz8kaI.jpg,false,,landscape,0.013503890484571457
real_landscape_landscape_069_TdoxXD7aGv8.jpg,false,,landscape,0.018586523830890656
real_landscape_landscape_165_C2YORgsJqXs.jpg,false,,landscape,0.0010456523159518838
real_landscape_landscape_152_ayzzI9nOjWY.jpg,false,,landscape,0.28210943937301636
real_landscape_landscape_54_white_birds_are_gathered_around_a_water_puddle.jpg,false,,landscape,3.317029040772468e-05
real_landscape_landscape_078_TnLdd0LMfwk.jpg,false,,landscape,0.05760986730456352
real_landscape_landscape_068_aqS6bCynDv8.jpg,false,,landscape,0.87277752161026
real_landscape_landscape_07_desert_dunes.jpg,false,,landscape,0.029046036303043365
real_landscape_landscape_166_ioAK4HESn6k.jpg,false,,landscape,3.352209387230687e-05
real_landscape_landscape_111_62_2KGyX13E.jpg,false,,landscape,0.0015874088276177645
real_landscape_landscape_60_a_red_and_silver_fire_hydrant_sitting_on_top_of_a_sidewalk.jpg,false,,landscape,6.507307261927053e-06
real_landscape_landscape_158_QAXDmkU60OU.jpg,false,,landscape,0.0494188591837883
real_landscape_landscape_138_78wDBw9ajUk.jpg,false,,landscape,0.0018301777308806777
real_landscape_landscape_142_3bsVcAbqS7Q.jpg,false,,landscape,0.00016075183521024883
real_landscape_landscape_131_hoAFrPJlbT0.jpg,false,,landscape,0.00012842043361160904
real_landscape_landscape_106_hu8Mp-XTksA.jpg,false,,landscape,0.000163020464242436
real_landscape_landscape_082_ercx7zE_Mzo.jpg,false,,landscape,5.313939618645236e-05
real_landscape_landscape_132_zUEjNDEEca8.jpg,false,,landscape,0.00021674070740118623
real_landscape_landscape_78_a_yellow_bus_is_on_a_street_near_a_black_guard_rail.jpg,false,,landscape,7.241283583425684e-06
real_landscape_landscape_159_G4su92tyImI.jpg,false,,landscape,0.012768736109137535
real_landscape_landscape_088_N22iRE8u3MU.jpg,false,,landscape,2.877031329262536e-05
real_landscape_landscape_168_r-PPOX0QQ1g.jpg,false,,landscape,0.01269167847931385
real_landscape_landscape_074_r2Ug9sXPEHA.jpg,false,,landscape,0.6674017906188965
real_landscape_landscape_57_a_yellow_and_green_train_at_stop_lights.jpg,false,,landscape,3.0642740966868587e-06
real_landscape_landscape_146__MCLUFQlZ_c.jpg,false,,landscape,0.00023297542065847665
real_landscape_landscape_096_3eC5n6gHwe8.jpg,false,,landscape,0.0012506828643381596
real_landscape_landscape_063_Lm6mqM_KqQY.jpg,false,,landscape,0.00367106799967587
real_landscape_landscape_145_xZX3pXjQQSw.jpg,false,,landscape,0.005806849803775549
real_landscape_landscape_74_a_bathroom_with_some_orange_walls_and_a_black_and_white_coun.jpg,false,,landscape,5.2881579904351383e-05
real_landscape_landscape_136_awNpFWNTGFY.jpg,false,,landscape,0.0002184298209613189
real_landscape_landscape_061_bk4hN4Jvnac.jpg,false,,landscape,0.019382799044251442
real_landscape_landscape_121_JtVkmKQ1FQI.jpg,false,,landscape,0.002674946328625083
real_landscape_landscape_104_6gt7AoSk5pQ.jpg,false,,landscape,0.006369117647409439
real_landscape_landscape_139_aoWukdAWJno.jpg,false,,landscape,0.0003648129350040108
real_landscape_landscape_75_a_city_traffic_signal_and_street_at_night.jpg,false,,landscape,0.06468290835618973
real_landscape_landscape_055_ixbSaWYYOwY.jpg,false,,landscape,0.0001555952476337552
real_landscape_landscape_137_9CkGNheiEFQ.jpg,false,,landscape,0.0001449476258130744
real_landscape_landscape_066_7AKHr2kdmAc.jpg,false,,landscape,0.000175641558598727
real_landscape_landscape_08_ocean_waves_beach.jpg,false,,landscape,0.006476844660937786
real_landscape_landscape_076_OrkbCipJriw.jpg,false,,landscape,0.00038818709435872734
real_landscape_landscape_113_etJBEUW4ZDg.jpg,false,,landscape,5.589009742834605e-05
real_landscape_landscape_123_ac9BZlaKuG4.jpg,false,,landscape,0.00015253442688845098
real_landscape_landscape_049_yFCXHHLEZA0.jpg,false,,landscape,0.0003015092806890607
real_landscape_landscape_151_OueojWSe66o.jpg,false,,landscape,0.001587755628861487
real_landscape_landscape_087_NW-WPrJoyzc.jpg,false,,landscape,5.040818723500706e-05
real_landscape_landscape_62_two_large_jets_sitting_on_top_of_an_airport_runway.jpg,false,,landscape,0.00027995833079330623
real_landscape_landscape_67_an_image_of_a_subway_bus_going_thru_the_subway_station.jpg,false,,landscape,0.00033445260487496853
real_landscape_landscape_64_a_bird_sitting_on_top_of_a_park_bench.jpg,false,,landscape,2.2751777578378096e-05
real_landscape_landscape_141_F0_qeY5OWJE.jpg,false,,landscape,0.0001900547358673066
real_landscape_landscape_149_zMhnN9FpDBE.jpg,false,,landscape,0.0003036812995560467
real_landscape_landscape_56_a_train_on_the_tracks_out_in_the_country.jpg,false,,landscape,0.00018182714120484889
real_landscape_landscape_103_Yd6TC3qee6M.jpg,false,,landscape,0.38899120688438416
real_landscape_landscape_052_Xaje8s7H9Cw.jpg,false,,landscape,7.76065353420563e-05
real_landscape_landscape_01_mountain_peaks_with_snow.jpg,false,,landscape,0.00011230369273107499
real_landscape_landscape_058_CPIQfMbSjmM.jpg,false,,landscape,0.001547968597151339
real_landscape_landscape_065_xMMh-VFGL9M.jpg,false,,landscape,0.0010952093871310353
real_landscape_landscape_72_a_street_corner_with_a_brown_and_white_building_on_it.jpg,false,,landscape,8.402565981668886e-06
real_landscape_landscape_094_8v_1afZJpg4.jpg,false,,landscape,0.019097033888101578
real_landscape_landscape_150_NoSRqbXJY68.jpg,false,,landscape,0.0004745965707115829
real_landscape_landscape_144_MZxQoMVN518.jpg,false,,landscape,1.7072663467843086e-05
real_landscape_landscape_63_a_pole_with_a_street_light_and_signs_next_to_a_bare_tree.jpg,false,,landscape,3.733657649718225e-06
real_landscape_landscape_127_uFdsMOjWX58.jpg,false,,landscape,0.001989801414310932
real_landscape_landscape_101_C27Jip4jz4k.jpg,false,,landscape,0.00020255910931155086
real_landscape_landscape_050_nlllZxwRoLM.jpg,false,,landscape,5.069839971838519e-05
real_landscape_landscape_054_R0hVu1Mqo7A.jpg,false,,landscape,0.0029119858518242836
real_landscape_landscape_170_rGmCuOfPwnk.jpg,false,,landscape,0.11403270810842514
real_landscape_landscape_52_the_train_engine_is_followed_by_a_line_of_open_cars.jpg,false,,landscape,0.00012133934797020629
real_landscape_landscape_50_a_green_bench_sitting_on_the_side_of_a_sidewalk.jpg,false,,landscape,1.827575579227414e-05
real_landscape_landscape_65_these_toilets_are_being_used_outside_as_decor.jpg,false,,landscape,5.78372782911174e-05
real_landscape_landscape_148_qgfiux6vEmc.jpg,false,,landscape,3.6978737625759095e-05
real_landscape_landscape_169_TWvnc-oToE4.jpg,false,,landscape,0.00045315202441997826
real_landscape_landscape_112_hfxvkEzd_I0.jpg,false,,landscape,0.006726938299834728
real_landscape_landscape_70_a_semi_truck_is_driving_down_a_street.jpg,false,,landscape,0.00014240482414606959
real_landscape_landscape_084_uzWLhB7n3m8.jpg,false,,landscape,6.395830860128626e-05
real_landscape_landscape_091_Bch-Zl9ZUc8.jpg,false,,landscape,0.00014025619020685554
real_landscape_landscape_66_a_few_meters_are_sitting_near_an_air_plane.jpg,false,,landscape,3.90999557566829e-05
real_landscape_landscape_108_LpryxGvyY-8.jpg,false,,landscape,0.001794154872186482
