id,is_ai,generator,category,score
ai_art_qwen_2512_art_08.png,true,Qwen 2512,art,0.995055079460144
ai_art_flux_2_flex_art_03.png,true,Flux,art,0.8851306438446045
ai_art_seedream_v3_art_07.png,true,Seedream,art,0.02518031746149063
ai_art_seedream_v3_art_06.png,true,Seedream,art,0.014519795775413513
ai_art_flux_2_flex_art_02.png,true,Flux,art,0.12965427339076996
ai_art_glm_image_art_01.png,true,GLM Image,art,4.981642996426672e-05
ai_art_qwen_2512_art_09.png,true,Qwen 2512,art,0.003448870964348316
ai_art_wan_v2.6_art_09.png,true,Wan v2.6,art,1.6170019989658613e-06
ai_art_flux_schnell_art_08.png,true,Flux Schnell,art,0.002736995229497552
ai_art_glm_image_art_03.png,true,GLM Image,art,0.002998562529683113
ai_art_seedream_v3_art_10.png,true,Seedream,art,8.509115104970988e-06
ai_art_seedream_v3_art_04.png,true,Seedream,art,0.00010304668103344738
ai_art_seedream_v3_art_05.png,true,Seedream,art,2.946170070572407e-06
ai_art_flux_2_flex_art_01.png,true,Flux,art,0.19177572429180145
ai_art_glm_image_art_02.png,true,GLM Image,art,0.9941707253456116
ai_art_flux_schnell_art_09.png,true,Flux Schnell,art,1.5251439435814973e-06
ai_art_wan_v2.6_art_08.png,true,Wan v2.6,art,0.0001076113258022815
ai_art_z_image_art_09.png,true,Z,art,1.071197061719431e-06
ai_art_glm_image_art_06.png,true,GLM Image,art,0.943867564201355
ai_art_flux_2_flex_art_05.png,true,Flux,art,5.521314392353815e-07
ai_art_seedream_v3_art_01.png,true,Seedream,art,2.883896195271518e-05
ai_art_flux_2_flex_art_10.png,true,Flux,art,0.9999797344207764
ai_art_flux_2_flex_art_04.png,true,Flux,art,0.006973364390432835
ai_art_glm_image_art_07.png,true,GLM Image,art,0.9485699534416199
ai_art_z_image_art_08.png,true,Z,art,0.023780636489391327
ai_art_glm_image_art_05.png,true,GLM Image,art,2.293193972491281e-07
ai_art_flux_2_flex_art_06.png,true,Flux,art,0.13812412321567535
ai_art_seedream_v3_art_02.png,true,Seedream,art,0.04337180405855179
ai_art_seedream_v3_art_03.png,true,Seedream,art,2.801548362185713e-05
ai_art_flux_2_flex_art_07.png,true,Flux,art,0.9971725344657898
ai_art_glm_image_art_10.png,true,GLM Image,art,0.009271678514778614
ai_art_glm_image_art_04.png,true,GLM Image,art,0.007298192009329796
ai_art_hunyuan_v3_art_07.png,true,Hunyuan v3,art,1.1126774552394636e-05
ai_art_ideogram_v3_art_04.png,true,Ideogram v3,art,2.6693747713579796e-05
ai_art_ideogram_v3_art_10.png,true,Ideogram v3,art,0.3374083936214447
ai_art_sd_3.5_large_art_08.png,true,Sd,art,2.507321914890781e-05
ai_art_seedream_v4_art_03.png,true,Seedream,art,1.8971577446791343e-06
ai_art_leonardo_phoenix_art_06.png,true,Leonardo Phoenix,art,0.0030759458895772696
ai_art_leonardo_phoenix_art_07.png,true,Leonardo Phoenix,art,0.3243235945701599
ai_art_grok_aurora_art_01.png,true,Grok Aurora,art,0.3533007502555847
ai_art_seedream_v4_art_02.png,true,Seedream,art,7.156197625590721e-06
ai_art_sd_3.5_large_art_09.png,true,Sd,art,1.0701494375098264e-06
ai_art_ideogram_v3_art_05.png,true,Ideogram v3,art,0.006650950759649277
ai_art_hunyuan_v3_art_06.png,true,Hunyuan v3,art,0.22780278325080872
ai_art_hunyuan_v3_art_04.png,true,Hunyuan v3,art,0.0004347684734966606
ai_art_hunyuan_v3_art_10.png,true,Hunyuan v3,art,0.00016395485727116466
ai_art_recraft_v3_art_09.png,true,Recraft v3,art,2.9278069632709958e-05
ai_art_ideogram_v3_art_07.png,true,Ideogram v3,art,1.959953806363046e-05
ai_art_grok_aurora_art_03.png,true,Grok Aurora,art,0.0016756313852965832
ai_art_leonardo_phoenix_art_05.png,true,Leonardo Phoenix,art,0.5000694394111633
ai_art_leonardo_phoenix_art_10.png,true,Leonardo Phoenix,art,0.9983934760093689
ai_art_leonardo_phoenix_art_04.png,true,Leonardo Phoenix,art,0.0037395497784018517
ai_art_grok_aurora_art_02.png,true,Grok Aurora,art,0.18693727254867554
ai_art_seedream_v4_art_01.png,true,Seedream,art,0.003179876832291484
ai_art_ideogram_v3_art_06.png,true,Ideogram v3,art,0.00011724971409421414
ai_art_recraft_v3_art_08.png,true,Recraft v3,art,6.905928330525057e-06
ai_art_hunyuan_v3_art_05.png,true,Hunyuan v3,art,2.0110956029384397e-06
ai_art_hunyuan_v3_art_01.png,true,Hunyuan v3,art,9.61559489951469e-05
ai_art_ideogram_v3_art_02.png,true,Ideogram v3,art,6.867912452435121e-05
ai_art_flux_pro_v1.1_art_09.png,true,Flux Pro v1.1,art,3.82017606170848e-06
ai_art_seedream_v4_art_05.png,true,Seedream,art,7.961222650010313e-07
ai_art_grok_aurora_art_06.png,true,Grok Aurora,art,0.6741214990615845
ai_art_grok_aurora_art_07.png,true,Grok Aurora,art,5.3222061978885904e-05
ai_art_leonardo_phoenix_art_01.png,true,Leonardo Phoenix,art,2.5424445993849076e-05
ai_art_seedream_v4_art_04.png,true,Seedream,art,1.0546646990405861e-05
ai_art_seedream_v4_art_10.png,true,Seedream,art,5.752395736635663e-06
ai_art_flux_pro_v1.1_art_08.png,true,Flux Pro v1.1,art,0.002438555471599102
ai_art_ideogram_v3_art_03.png,true,Ideogram v3,art,8.013163096620701e-06
ai_art_hunyuan_v3_art_02.png,true,Hunyuan v3,art,1.8192098650615662e-05
ai_art_gpt_image_1.5_art_08.png,true,Gpt,art,0.001084952731616795
ai_art_ideogram_v3_art_01.png,true,Ideogram v3,art,0.0016211268957704306
ai_art_gemini_3_pro_art_09.png,true,Gemini 3 Pro,art,8.93335538876272e-07
ai_art_seedream_v4_art_06.png,true,Seedream,art,2.1633575670421124e-05
ai_art_leonardo_phoenix_art_03.png,true,Leonardo Phoenix,art,0.0175422765314579
ai_art_grok_aurora_art_05.png,true,Grok Aurora,art,2.9694838303839788e-06
ai_art_grok_aurora_art_10.png,true,Grok Aurora,art,4.432743025972741e-06
ai_art_grok_aurora_art_04.png,true,Grok Aurora,art,0.0002230864338343963
ai_art_leonardo_phoenix_art_02.png,true,Leonardo Phoenix,art,7.399830064969137e-05
ai_art_seedream_v4_art_07.png,true,Seedream,art,7.211257980088703e-06
ai_art_gemini_3_pro_art_08.png,true,Gemini 3 Pro,art,0.0001814078859752044
ai_art_gpt_image_1.5_art_09.png,true,Gpt,art,7.104579822225787e-07
ai_art_hunyuan_v3_art_03.png,true,Hunyuan v3,art,3.3466709282947704e-05
ai_art_gpt_image_1.5_art_10.png,true,Gpt,art,5.058091119281016e-05
ai_art_recraft_v3_art_03.png,true,Recraft v3,art,8.40591819724068e-05
ai_art_gpt_image_1.5_art_04.png,true,Gpt,art,6.0788461269112304e-05
ai_art_sd_3.5_large_art_01.png,true,Sd,art,7.397191075142473e-05
ai_art_gemini_3_pro_art_05.png,true,Gemini 3 Pro,art,1.1215454378543654e-06
ai_art_flux_pro_v1.1_art_06.png,true,Flux Pro v1.1,art,0.19167359173297882
ai_art_grok_aurora_art_09.png,true,Grok Aurora,art,2.004917860176647e-06
ai_art_grok_aurora_art_08.png,true,Grok Aurora,art,0.00010134251351701096
ai_art_flux_pro_v1.1_art_07.png,true,Flux Pro v1.1,art,3.007176383107435e-05
ai_art_gemini_3_pro_art_10.png,true,Gemini 3 Pro,art,0.006395355798304081
ai_art_gemini_3_pro_art_04.png,true,Gemini 3 Pro,art,0.00022713928774464875
ai_art_gpt_image_1.5_art_05.png,true,Gpt,art,3.4751838029478677e-07
ai_art_recraft_v3_art_02.png,true,Recraft v3,art,0.00019440210598986596
ai_art_gpt_image_1.5_art_07.png,true,Gpt,art,0.018130194395780563
ai_art_gemini_3_pro_art_06.png,true,Gemini 3 Pro,art,0.011311742477118969
ai_art_sd_3.5_large_art_02.png,true,Sd,art,8.138277917169034e-05
ai_art_flux_pro_v1.1_art_05.png,true,Flux Pro v1.1,art,5.357840109354584e-07
ai_art_seedream_v4_art_09.png,true,Seedream,art,6.153105005068937e-06
ai_art_seedream_v4_art_08.png,true,Seedream,art,2.7059262720285915e-05
ai_art_flux_pro_v1.1_art_10.png,true,Flux Pro v1.1,art,0.001032391912303865
ai_art_flux_pro_v1.1_art_04.png,true,Flux Pro v1.1,art,0.0005676359287463129
ai_art_gemini_3_pro_art_07.png,true,Gemini 3 Pro,art,0.00010958702478092164
ai_art_sd_3.5_large_art_03.png,true,Sd,art,4.052004442200996e-05
ai_art_recraft_v3_art_01.png,true,Recraft v3,art,8.578837878303602e-06
ai_art_gpt_image_1.5_art_06.png,true,Gpt,art,0.8018286824226379
ai_art_hunyuan_v3_art_08.png,true,Hunyuan v3,art,5.00837923027575e-05
ai_art_gpt_image_1.5_art_02.png,true,Gpt,art,0.0001633313368074596
ai_art_recraft_v3_art_05.png,true,Recraft v3,art,2.467983222231851e-07
ai_art_sd_3.5_large_art_07.png,true,Sd,art,0.9999626874923706
ai_art_gemini_3_pro_art_03.png,true,Gemini 3 Pro,art,0.00022867100778967142
ai_art_leonardo_phoenix_art_09.png,true,Leonardo Phoenix,art,0.009287877008318901
ai_art_leonardo_phoenix_art_08.png,true,Leonardo Phoenix,art,0.00013050247798673809
ai_art_flux_pro_v1.1_art_01.png,true,Flux Pro v1.1,art,5.4669817473040894e-05
ai_art_sd_3.5_large_art_06.png,true,Sd,art,0.017367159947752953
ai_art_gemini_3_pro_art_02.png,true,Gemini 3 Pro,art,0.00024017755640670657
ai_art_recraft_v3_art_10.png,true,Recraft v3,art,3.07766117657593e-06
ai_art_recraft_v3_art_04.png,true,Recraft v3,art,7.334277324844152e-05
ai_art_gpt_image_1.5_art_03.png,true,Gpt,art,4.551729580271058e-05
ai_art_hunyuan_v3_art_09.png,true,Hunyuan v3,art,5.090383183414815e-06
ai_art_recraft_v3_art_06.png,true,Recraft v3,art,0.007690866943448782
ai_art_gpt_image_1.5_art_01.png,true,Gpt,art,0.0001906969555420801
ai_art_sd_3.5_large_art_04.png,true,Sd,art,0.002380900550633669
ai_art_sd_3.5_large_art_10.png,true,Sd,art,1.3593883068097057e-06
ai_art_ideogram_v3_art_08.png,true,Ideogram v3,art,0.005063759163022041
ai_art_flux_pro_v1.1_art_03.png,true,Flux Pro v1.1,art,3.414970706216991e-05
ai_art_flux_pro_v1.1_art_02.png,true,Flux Pro v1.1,art,4.817908120458014e-05
ai_art_ideogram_v3_art_09.png,true,Ideogram v3,art,0.0023647949565201998
ai_art_gemini_3_pro_art_01.png,true,Gemini 3 Pro,art,0.0004999430384486914
ai_art_sd_3.5_large_art_05.png,true,Sd,art,2.9280172952894645e-07
ai_art_recraft_v3_art_07.png,true,Recraft v3,art,1.481496565247653e-05
ai_art_wan_v2.6_art_03.png,true,Wan v2.6,art,5.950949798716465e-06
ai_art_flux_schnell_art_02.png,true,Flux Schnell,art,4.27966624556575e-05
ai_art_qwen_2512_art_01.png,true,Qwen 2512,art,0.09567833691835403
ai_art_z_image_art_06.png,true,Z,art,0.15226568281650543
ai_art_glm_image_art_09.png,true,GLM Image,art,1.69315441667095e-07
ai_art_glm_image_art_08.png,true,GLM Image,art,0.25350266695022583
ai_art_z_image_art_07.png,true,Z,art,0.055361464619636536
ai_art_flux_schnell_art_03.png,true,Flux Schnell,art,0.23357227444648743
ai_art_wan_v2.6_art_02.png,true,Wan v2.6,art,0.000696472532581538
ai_art_qwen_2512_art_02.png,true,Qwen 2512,art,0.06548675894737244
ai_art_flux_schnell_art_01.png,true,Flux Schnell,art,2.8601172743947245e-05
ai_art_z_image_art_05.png,true,Z,art,0.011503403075039387
ai_art_flux_2_flex_art_09.png,true,Flux,art,3.967406598803791e-07
ai_art_flux_2_flex_art_08.png,true,Flux,art,1.502351642557187e-05
ai_art_z_image_art_04.png,true,Z,art,0.000642457336653024
ai_art_z_image_art_10.png,true,Z,art,0.4610839784145355
ai_art_qwen_2512_art_03.png,true,Qwen 2512,art,0.07221394032239914
ai_art_wan_v2.6_art_01.png,true,Wan v2.6,art,0.0005325731472112238
ai_art_flux_schnell_art_10.png,true,Flux Schnell,art,5.3500712965615094e-05
ai_art_wan_v2.6_art_05.png,true,Wan v2.6,art,6.452266461565159e-06
ai_art_flux_schnell_art_04.png,true,Flux Schnell,art,0.010953856632113457
ai_art_qwen_2512_art_07.png,true,Qwen 2512,art,0.0026409984566271305
ai_art_seedream_v3_art_08.png,true,Seedream,art,0.001827823813073337
ai_art_seedream_v3_art_09.png,true,Seedream,art,3.946609012928093e-06
ai_art_z_image_art_01.png,true,Z,art,1.8237800759379752e-05
ai_art_flux_schnell_art_05.png,true,Flux Schnell,art,3.5364748327992857e-05
ai_art_wan_v2.6_art_04.png,true,Wan v2.6,art,0.0002663587511051446
ai_art_qwen_2512_art_06.png,true,Qwen 2512,art,0.9576370120048523
ai_art_wan_v2.6_art_10.png,true,Wan v2.6,art,0.0002005315327551216
ai_art_qwen_2512_art_04.png,true,Qwen 2512,art,0.914989173412323
ai_art_wan_v2.6_art_06.png,true,Wan v2.6,art,0.48383671045303345
ai_art_flux_schnell_art_07.png,true,Flux Schnell,art,4.163237008469878e-06
ai_art_qwen_2512_art_10.png,true,Qwen 2512,art,2.211140963481739e-05
ai_art_z_image_art_03.png,true,Z,art,4.99866291647777e-06
ai_art_z_image_art_02.png,true,Z,art,0.00014232596731744707
ai_art_qwen_2512_art_05.png,true,Qwen 2512,art,0.8443887829780579
ai_art_flux_schnell_art_06.png,true,Flux Schnell,art,0.00993987638503313
ai_art_wan_v2.6_art_07.png,true,Wan v2.6,art,0.636213481426239
ai_portrait_seedream_v3_portrait_10.png,true,Seedream,portrait,0.0002719219774007797
ai_portrait_seedream_v3_portrait_04.png,true,Seedream,portrait,3.3174080726894317e-06
ai_portrait_recraft_v3_portrait_05.png,true,Recraft v3,portrait,0.0029255314730107784
ai_portrait_flux_pro_v1.1_portrait_09.png,true,Flux Pro v1.1,portrait,0.0034565660171210766
ai_portrait_flux_pro_v1.1_portrait_08.png,true,Flux Pro v1.1,portrait,1.642295319470577e-05
ai_portrait_wan_v2.6_portrait_01.png,true,Wan v2.6,portrait,6.644097447860986e-05
ai_portrait_recraft_v3_portrait_04.png,true,Recraft v3,portrait,9.075720299733803e-05
ai_portrait_recraft_v3_portrait_10.png,true,Recraft v3,portrait,1.092588149731455e-06
ai_portrait_seedream_v3_portrait_05.png,true,Seedream,portrait,0.0048285918310284615
ai_portrait_seedream_v4_portrait_01.png,true,Seedream,portrait,7.727071533736307e-06
ai_portrait_seedream_v4_portrait_03.png,true,Seedream,portrait,8.771270586294122e-06
ai_portrait_seedream_v3_portrait_07.png,true,Seedream,portrait,0.0003783436550293118
ai_portrait_hunyuan_v3_portrait_09.png,true,Hunyuan v3,portrait,0.0003531709953676909
ai_portrait_recraft_v3_portrait_06.png,true,Recraft v3,portrait,4.1679481910250615e-06
ai_portrait_wan_v2.6_portrait_03.png,true,Wan v2.6,portrait,0.00026892474852502346
ai_portrait_wan_v2.6_portrait_02.png,true,Wan v2.6,portrait,0.3316629230976105
ai_portrait_recraft_v3_portrait_07.png,true,Recraft v3,portrait,2.1258148990455084e-05
ai_portrait_hunyuan_v3_portrait_08.png,true,Hunyuan v3,portrait,3.2698741847525525e-07
ai_portrait_seedream_v3_portrait_06.png,true,Seedream,portrait,0.018670497462153435
ai_portrait_seedream_v4_portrait_02.png,true,Seedream,portrait,5.068342943559401e-06
ai_portrait_seedream_v3_portrait_02.png,true,Seedream,portrait,7.239124784064188e-07
ai_portrait_seedream_v4_portrait_06.png,true,Seedream,portrait,1.1422206398492563e-06
ai_portrait_recraft_v3_portrait_03.png,true,Recraft v3,portrait,1.6369974673580145e-06
ai_portrait_grok_aurora_portrait_09.png,true,Grok Aurora,portrait,1.9860233635426994e-07
ai_portrait_qwen_2512_portrait_08.png,true,Qwen 2512,portrait,4.3841268052347004e-05
ai_portrait_wan_v2.6_portrait_06.png,true,Wan v2.6,portrait,0.00010081104846904054
ai_portrait_wan_v2.6_portrait_07.png,true,Wan v2.6,portrait,0.005916041787713766
ai_portrait_qwen_2512_portrait_09.png,true,Qwen 2512,portrait,0.00026943496777676046
ai_portrait_recraft_v3_portrait_02.png,true,Recraft v3,portrait,2.03615286409331e-06
ai_portrait_grok_aurora_portrait_08.png,true,Grok Aurora,portrait,0.0004903972148895264
ai_portrait_seedream_v4_portrait_07.png,true,Seedream,portrait,5.486776353791356e-05
ai_portrait_seedream_v3_portrait_03.png,true,Seedream,portrait,1.359119687549537e-05
ai_portrait_seedream_v3_portrait_01.png,true,Seedream,portrait,0.8998901844024658
ai_portrait_seedream_v4_portrait_05.png,true,Seedream,portrait,8.807964331936091e-05
ai_portrait_wan_v2.6_portrait_05.png,true,Wan v2.6,portrait,4.483537486521527e-05
ai_portrait_flux_schnell_portrait_08.png,true,Flux Schnell,portrait,0.00011280587932560593
ai_portrait_flux_schnell_portrait_09.png,true,Flux Schnell,portrait,0.008189125917851925
ai_portrait_wan_v2.6_portrait_10.png,true,Wan v2.6,portrait,0.00018290331354364753
ai_portrait_wan_v2.6_portrait_04.png,true,Wan v2.6,portrait,1.0874822692130692e-05
ai_portrait_recraft_v3_portrait_01.png,true,Recraft v3,portrait,1.541467099741567e-06
ai_portrait_seedream_v4_portrait_04.png,true,Seedream,portrait,0.00015797792002558708
ai_portrait_seedream_v4_portrait_10.png,true,Seedream,portrait,9.43083364290942e-07
ai_portrait_z_image_portrait_01.png,true,Z,portrait,0.12122815102338791
ai_portrait_ideogram_v3_portrait_01.png,true,Ideogram v3,portrait,0.001179055543616414
ai_portrait_leonardo_phoenix_portrait_07.png,true,Leonardo Phoenix,portrait,0.9564236402511597
ai_portrait_sd_3.5_large_portrait_05.png,true,Sd,portrait,0.0005238368175923824
ai_portrait_gpt_image_1.5_portrait_01.png,true,Gpt,portrait,0.0003420892171561718
ai_portrait_flux_2_flex_portrait_03.png,true,Flux,portrait,0.9998807907104492
ai_portrait_gemini_3_pro_portrait_10.png,true,Gemini 3 Pro,portrait,5.50845743418904e-06
ai_portrait_gemini_3_pro_portrait_04.png,true,Gemini 3 Pro,portrait,2.036016894635395e-06
ai_portrait_gemini_3_pro_portrait_05.png,true,Gemini 3 Pro,portrait,3.666365728349774e-06
ai_portrait_flux_2_flex_portrait_02.png,true,Flux,portrait,0.002384972060099244
ai_portrait_sd_3.5_large_portrait_04.png,true,Sd,portrait,0.2401018887758255
ai_portrait_leonardo_phoenix_portrait_06.png,true,Leonardo Phoenix,portrait,0.02780015394091606
ai_portrait_sd_3.5_large_portrait_10.png,true,Sd,portrait,1.847915655162069e-06
ai_portrait_glm_image_portrait_01.png,true,GLM Image,portrait,0.2082400619983673
ai_portrait_z_image_portrait_02.png,true,Z,portrait,5.706991578335874e-05
ai_portrait_glm_image_portrait_03.png,true,GLM Image,portrait,0.00013219744141679257
ai_portrait_ideogram_v3_portrait_02.png,true,Ideogram v3,portrait,0.00012146888911956921
ai_portrait_leonardo_phoenix_portrait_10.png,true,Leonardo Phoenix,portrait,0.9036158919334412
ai_portrait_sd_3.5_large_portrait_06.png,true,Sd,portrait,0.008821267634630203
ai_portrait_leonardo_phoenix_portrait_04.png,true,Leonardo Phoenix,portrait,0.00041011819848790765
ai_portrait_gpt_image_1.5_portrait_02.png,true,Gpt,portrait,3.367261456332926e-07
ai_portrait_gemini_3_pro_portrait_07.png,true,Gemini 3 Pro,portrait,0.0007497404585592449
ai_portrait_gemini_3_pro_portrait_06.png,true,Gemini 3 Pro,portrait,3.97659187001409e-06
ai_portrait_flux_2_flex_portrait_01.png,true,Flux,portrait,0.6293109655380249
ai_portrait_gpt_image_1.5_portrait_03.png,true,Gpt,portrait,0.0024413166102021933
ai_portrait_leonardo_phoenix_portrait_05.png,true,Leonardo Phoenix,portrait,0.001720556989312172
ai_portrait_sd_3.5_large_portrait_07.png,true,Sd,portrait,0.00024272457812912762
ai_portrait_ideogram_v3_portrait_03.png,true,Ideogram v3,portrait,4.101717786397785e-05
ai_portrait_glm_image_portrait_02.png,true,GLM Image,portrait,3.2031368846219266e-06
ai_portrait_z_image_portrait_03.png,true,Z,portrait,0.00037521065678447485
ai_portrait_z_image_portrait_07.png,true,Z,portrait,8.209418592741713e-05
ai_portrait_glm_image_portrait_06.png,true,GLM Image,portrait,0.014707468450069427
ai_portrait_ideogram_v3_portrait_07.png,true,Ideogram v3,portrait,0.001192749827168882
ai_portrait_gpt_image_1.5_portrait_07.png,true,Gpt,portrait,0.00033317998168058693
ai_portrait_sd_3.5_large_portrait_03.png,true,Sd,portrait,2.011064907492255e-06
ai_portrait_leonardo_phoenix_portrait_01.png,true,Leonardo Phoenix,portrait,0.0002659950696397573
ai_portrait_gemini_3_pro_portrait_02.png,true,Gemini 3 Pro,portrait,1.0692435807868605e-06
ai_portrait_flux_2_flex_portrait_05.png,true,Flux,portrait,0.8506128787994385
ai_portrait_flux_2_flex_portrait_10.png,true,Flux,portrait,0.30711624026298523
ai_portrait_flux_2_flex_portrait_04.png,true,Flux,portrait,0.049152545630931854
ai_portrait_gemini_3_pro_portrait_03.png,true,Gemini 3 Pro,portrait,0.0003103618510067463
ai_portrait_sd_3.5_large_portrait_02.png,true,Sd,portrait,1.6803860489744693e-05
ai_portrait_gpt_image_1.5_portrait_06.png,true,Gpt,portrait,1.3593870562544907e-06
ai_portrait_ideogram_v3_portrait_06.png,true,Ideogram v3,portrait,1.6918751498451456e-05
ai_portrait_glm_image_portrait_07.png,true,GLM Image,portrait,0.9057154655456543
ai_portrait_z_image_portrait_06.png,true,Z,portrait,0.023180857300758362
ai_portrait_z_image_portrait_10.png,true,Z,portrait,1.9960878489655443e-05
ai_portrait_z_image_portrait_04.png,true,Z,portrait,0.00556802935898304
ai_portrait_glm_image_portrait_05.png,true,GLM Image,portrait,0.002184581244364381
ai_portrait_ideogram_v3_portrait_10.png,true,Ideogram v3,portrait,7.008791726548225e-05
ai_portrait_ideogram_v3_portrait_04.png,true,Ideogram v3,portrait,0.00043494757846929133
ai_portrait_gpt_image_1.5_portrait_10.png,true,Gpt,portrait,0.0004918969934806228
ai_portrait_gpt_image_1.5_portrait_04.png,true,Gpt,portrait,1.725439233268844e-06
ai_portrait_leonardo_phoenix_portrait_02.png,true,Leonardo Phoenix,portrait,2.3451168544852408e-06
ai_portrait_gemini_3_pro_portrait_01.png,true,Gemini 3 Pro,portrait,1.3024640566072776e-06
ai_portrait_flux_2_flex_portrait_06.png,true,Flux,portrait,0.9999896287918091
ai_portrait_flux_2_flex_portrait_07.png,true,Flux,portrait,0.978091299533844
ai_portrait_sd_3.5_large_portrait_01.png,true,Sd,portrait,0.0009749755263328552
ai_portrait_leonardo_phoenix_portrait_03.png,true,Leonardo Phoenix,portrait,4.5464430513675325e-06
ai_portrait_gpt_image_1.5_portrait_05.png,true,Gpt,portrait,0.035396818071603775
ai_portrait_ideogram_v3_portrait_05.png,true,Ideogram v3,portrait,8.464581333100796e-05
ai_portrait_glm_image_portrait_10.png,true,GLM Image,portrait,0.01918499544262886
ai_portrait_glm_image_portrait_04.png,true,GLM Image,portrait,0.015883052721619606
ai_portrait_z_image_portrait_05.png,true,Z,portrait,1.9738230548682623e-05
ai_portrait_z_image_portrait_08.png,true,Z,portrait,0.54705411195755
ai_portrait_glm_image_portrait_09.png,true,GLM Image,portrait,0.0003613482986111194
ai_portrait_ideogram_v3_portrait_08.png,true,Ideogram v3,portrait,3.1124021916184574e-05
ai_portrait_gpt_image_1.5_portrait_08.png,true,Gpt,portrait,1.2605663641807041e-06
ai_portrait_gpt_image_1.5_portrait_09.png,true,Gpt,portrait,4.137431801609637e-07
ai_portrait_ideogram_v3_portrait_09.png,true,Ideogram v3,portrait,9.272620445699431e-06
ai_portrait_glm_image_portrait_08.png,true,GLM Image,portrait,1.0096899131895043e-05
ai_portrait_z_image_portrait_09.png,true,Z,portrait,0.0028044921346008778
ai_portrait_flux_2_flex_portrait_09.png,true,Flux,portrait,0.0010571843013167381
ai_portrait_flux_2_flex_portrait_08.png,true,Flux,portrait,0.0005203803884796798
ai_portrait_leonardo_phoenix_portrait_08.png,true,Leonardo Phoenix,portrait,2.6815955607162323e-06
ai_portrait_leonardo_phoenix_portrait_09.png,true,Leonardo Phoenix,portrait,8.957139652920887e-05
ai_portrait_sd_3.5_large_portrait_09.png,true,Sd,portrait,1.0700186976464465e-06
ai_portrait_gemini_3_pro_portrait_08.png,true,Gemini 3 Pro,portrait,3.0838527891319245e-05
ai_portrait_gemini_3_pro_portrait_09.png,true,Gemini 3 Pro,portrait,9.868411143543199e-05
ai_portrait_sd_3.5_large_portrait_08.png,true,Sd,portrait,0.10529839247465134
ai_portrait_seedream_v4_portrait_09.png,true,Seedream,portrait,3.919212394976057e-05
ai_portrait_hunyuan_v3_portrait_03.png,true,Hunyuan v3,portrait,2.8789572752430104e-06
ai_portrait_grok_aurora_portrait_06.png,true,Grok Aurora,portrait,4.286634430172853e-05
ai_portrait_qwen_2512_portrait_07.png,true,Qwen 2512,portrait,0.5713045597076416
ai_portrait_wan_v2.6_portrait_09.png,true,Wan v2.6,portrait,0.8622376322746277
ai_portrait_flux_schnell_portrait_04.png,true,Flux Schnell,portrait,0.025735804811120033
ai_portrait_flux_schnell_portrait_10.png,true,Flux Schnell,portrait,0.08358176052570343
ai_portrait_flux_pro_v1.1_portrait_01.png,true,Flux Pro v1.1,portrait,2.839818534994265e-06
ai_portrait_flux_schnell_portrait_05.png,true,Flux Schnell,portrait,0.011692998930811882
ai_portrait_wan_v2.6_portrait_08.png,true,Wan v2.6,portrait,0.0005141051951795816
ai_portrait_qwen_2512_portrait_06.png,true,Qwen 2512,portrait,0.32724398374557495
ai_portrait_grok_aurora_portrait_07.png,true,Grok Aurora,portrait,0.0003147462848573923
ai_portrait_hunyuan_v3_portrait_02.png,true,Hunyuan v3,portrait,4.240054840920493e-05
ai_portrait_seedream_v4_portrait_08.png,true,Seedream,portrait,1.5354151400970295e-05
ai_portrait_grok_aurora_portrait_05.png,true,Grok Aurora,portrait,5.878882802790031e-06
ai_portrait_qwen_2512_portrait_04.png,true,Qwen 2512,portrait,7.540930710092653e-06
ai_portrait_qwen_2512_portrait_10.png,true,Qwen 2512,portrait,0.00038714142283424735
ai_portrait_flux_schnell_portrait_07.png,true,Flux Schnell,portrait,0.002766225952655077
ai_portrait_flux_pro_v1.1_portrait_03.png,true,Flux Pro v1.1,portrait,9.6950395800377e-07
ai_portrait_flux_pro_v1.1_portrait_02.png,true,Flux Pro v1.1,portrait,0.01229069847613573
ai_portrait_flux_schnell_portrait_06.png,true,Flux Schnell,portrait,0.003422195091843605
ai_portrait_qwen_2512_portrait_05.png,true,Qwen 2512,portrait,2.1031979485997e-05
ai_portrait_grok_aurora_portrait_04.png,true,Grok Aurora,portrait,7.305047347472282e-06
ai_portrait_grok_aurora_portrait_10.png,true,Grok Aurora,portrait,0.9992161989212036
ai_portrait_hunyuan_v3_portrait_01.png,true,Hunyuan v3,portrait,0.19167359173297882
ai_portrait_hunyuan_v3_portrait_05.png,true,Hunyuan v3,portrait,1.535624687676318e-05
ai_portrait_qwen_2512_portrait_01.png,true,Qwen 2512,portrait,0.0144783491268754
ai_portrait_flux_schnell_portrait_02.png,true,Flux Schnell,portrait,4.584251655614935e-06
ai_portrait_flux_pro_v1.1_portrait_06.png,true,Flux Pro v1.1,portrait,0.0007421813206747174
ai_portrait_flux_pro_v1.1_portrait_07.png,true,Flux Pro v1.1,portrait,3.598424882511608e-05
ai_portrait_flux_schnell_portrait_03.png,true,Flux Schnell,portrait,0.0004965185071341693
ai_portrait_grok_aurora_portrait_01.png,true,Grok Aurora,portrait,1.260706631001085e-05
ai_portrait_hunyuan_v3_portrait_10.png,true,Hunyuan v3,portrait,4.151667326368624e-06
ai_portrait_hunyuan_v3_portrait_04.png,true,Hunyuan v3,portrait,0.00015229375276248902
ai_portrait_seedream_v3_portrait_08.png,true,Seedream,portrait,6.637201749981614e-06
ai_portrait_hunyuan_v3_portrait_06.png,true,Hunyuan v3,portrait,5.2213949857105035e-06
ai_portrait_recraft_v3_portrait_09.png,true,Recraft v3,portrait,2.5385377284692368e-06
ai_portrait_grok_aurora_portrait_03.png,true,Grok Aurora,portrait,2.047694579232484e-06
ai_portrait_qwen_2512_portrait_02.png,true,Qwen 2512,portrait,0.02074352093040943
ai_portrait_flux_schnell_portrait_01.png,true,Flux Schnell,portrait,0.9016077518463135
ai_portrait_flux_pro_v1.1_portrait_05.png,true,Flux Pro v1.1,portrait,4.438058749656193e-05
ai_portrait_flux_pro_v1.1_portrait_10.png,true,Flux Pro v1.1,portrait,0.0005843220860697329
ai_portrait_flux_pro_v1.1_portrait_04.png,true,Flux Pro v1.1,portrait,7.221889973152429e-06
ai_portrait_qwen_2512_portrait_03.png,true,Qwen 2512,portrait,1.6842541299411096e-05
ai_portrait_recraft_v3_portrait_08.png,true,Recraft v3,portrait,4.051837549923221e-06
ai_portrait_grok_aurora_portrait_02.png,true,Grok Aurora,portrait,0.0015149234095588326
ai_portrait_hunyuan_v3_portrait_07.png,true,Hunyuan v3,portrait,1.1147815712320153e-05
ai_portrait_seedream_v3_portrait_09.png,true,Seedream,portrait,8.067623275564983e-05
ai_product_flux_pro_v1.1_product_03.png,true,Flux Pro v1.1,product,7.326943887164816e-07
ai_product_flux_2_flex_product_03.png,true,Flux,product,0.001395602710545063
ai_product_gpt_image_1.5_product_03.png,true,Gpt,product,1.1215614676984842e-06
ai_product_gpt_image_1.5_product_02.png,true,Gpt,product,0.0035789520479738712
ai_product_flux_2_flex_product_02.png,true,Flux,product,0.00013563467655330896
ai_product_flux_pro_v1.1_product_02.png,true,Flux Pro v1.1,product,2.8428796213120222e-05
ai_product_grok_aurora_product_01.png,true,Grok Aurora,product,6.910342449373275e-07
ai_product_glm_image_product_08.png,true,GLM Image,product,2.9071154585835757e-06
ai_product_grok_aurora_product_03.png,true,Grok Aurora,product,2.550301815062994e-06
ai_product_hunyuan_v3_product_09.png,true,Hunyuan v3,product,5.17244870934519e-06
ai_product_gpt_image_1.5_product_01.png,true,Gpt,product,0.0033719476778060198
ai_product_hunyuan_v3_product_08.png,true,Hunyuan v3,product,1.0733910130511504e-05
ai_product_flux_2_flex_product_01.png,true,Flux,product,0.04986026883125305
ai_product_flux_pro_v1.1_product_01.png,true,Flux Pro v1.1,product,8.099188448795758e-07
ai_product_grok_aurora_product_02.png,true,Grok Aurora,product,2.7164000130142085e-05
ai_product_glm_image_product_09.png,true,GLM Image,product,5.474907084135339e-06
ai_product_grok_aurora_product_06.png,true,Grok Aurora,product,8.570047612010967e-06
ai_product_seedream_v4_product_08.png,true,Seedream,product,0.00032176278182305396
ai_product_flux_pro_v1.1_product_05.png,true,Flux Pro v1.1,product,1.8183509098435024e-07
ai_product_flux_2_flex_product_05.png,true,Flux,product,4.992240974388551e-06
ai_product_gpt_image_1.5_product_05.png,true,Gpt,product,2.3898718382042716e-07
ai_product_gpt_image_1.5_product_10.png,true,Gpt,product,0.00022935663582757115
ai_product_gpt_image_1.5_product_04.png,true,Gpt,product,1.0291645367033198e-06
ai_product_flux_2_flex_product_04.png,true,Flux,product,0.00011474830535007641
ai_product_flux_2_flex_product_10.png,true,Flux,product,2.935068152964959e-07
ai_product_flux_pro_v1.1_product_10.png,true,Flux Pro v1.1,product,9.083869940695877e-07
ai_product_flux_pro_v1.1_product_04.png,true,Flux Pro v1.1,product,1.1971316098424722e-06
ai_product_seedream_v4_product_09.png,true,Seedream,product,7.06652997450874e-07
ai_product_grok_aurora_product_07.png,true,Grok Aurora,product,1.911631625262089e-05
ai_product_grok_aurora_product_05.png,true,Grok Aurora,product,2.8577045668498613e-05
ai_product_flux_schnell_product_08.png,true,Flux Schnell,product,0.00012065113696735352
ai_product_flux_pro_v1.1_product_06.png,true,Flux Pro v1.1,product,7.504777022404596e-05
ai_product_seedream_v3_product_08.png,true,Seedream,product,1.7492280903752544e-06
ai_product_flux_2_flex_product_06.png,true,Flux,product,1.1550375347724184e-05
ai_product_gpt_image_1.5_product_06.png,true,Gpt,product,0.002132932422682643
ai_product_gemini_3_pro_product_09.png,true,Gemini 3 Pro,product,2.0495583612500923e-06
ai_product_gemini_3_pro_product_08.png,true,Gemini 3 Pro,product,1.1149761576234596e-06
ai_product_gpt_image_1.5_product_07.png,true,Gpt,product,0.21468685567378998
ai_product_flux_2_flex_product_07.png,true,Flux,product,0.0014357679756358266
ai_product_seedream_v3_product_09.png,true,Seedream,product,7.559287951153237e-07
ai_product_flux_pro_v1.1_product_07.png,true,Flux Pro v1.1,product,1.0285765711159911e-05
ai_product_flux_schnell_product_09.png,true,Flux Schnell,product,7.087248832249315e-07
ai_product_grok_aurora_product_10.png,true,Grok Aurora,product,7.497529850297724e-07
ai_product_grok_aurora_product_04.png,true,Grok Aurora,product,1.478151006040207e-07
ai_product_recraft_v3_product_06.png,true,Recraft v3,product,3.349688540765783e-06
ai_product_ideogram_v3_product_01.png,true,Ideogram v3,product,4.011873215858941e-07
ai_product_recraft_v3_product_07.png,true,Recraft v3,product,0.0015349662862718105
ai_product_recraft_v3_product_05.png,true,Recraft v3,product,2.623486636821326e-07
ai_product_ideogram_v3_product_02.png,true,Ideogram v3,product,3.0736853659618646e-05
ai_product_z_image_product_08.png,true,Z,product,0.00014353785081766546
ai_product_qwen_2512_product_09.png,true,Qwen 2512,product,2.4210637548094383e-06
ai_product_qwen_2512_product_08.png,true,Qwen 2512,product,3.334364737384021e-05
ai_product_z_image_product_09.png,true,Z,product,0.0028075501322746277
ai_product_ideogram_v3_product_03.png,true,Ideogram v3,product,0.004504702519625425
ai_product_recraft_v3_product_04.png,true,Recraft v3,product,1.9612390644851985e-07
ai_product_recraft_v3_product_10.png,true,Recraft v3,product,3.1921435947879218e-06
ai_product_sd_3.5_large_product_09.png,true,Sd,product,1.941469690791564e-06
ai_product_ideogram_v3_product_07.png,true,Ideogram v3,product,0.00024571854737587273
ai_product_wan_v2.6_product_08.png,true,Wan v2.6,product,0.007799071259796619
ai_product_leonardo_phoenix_product_09.png,true,Leonardo Phoenix,product,6.066464993637055e-05
ai_product_leonardo_phoenix_product_08.png,true,Leonardo Phoenix,product,0.008209564723074436
ai_product_wan_v2.6_product_09.png,true,Wan v2.6,product,0.024586832150816917
ai_product_ideogram_v3_product_06.png,true,Ideogram v3,product,0.012990296818315983
ai_product_sd_3.5_large_product_08.png,true,Sd,product,2.4167177343770163e-06
ai_product_recraft_v3_product_01.png,true,Recraft v3,product,7.146473990360391e-07
ai_product_recraft_v3_product_03.png,true,Recraft v3,product,5.208898414821306e-07
ai_product_ideogram_v3_product_04.png,true,Ideogram v3,product,4.660743343265494e-06
ai_product_ideogram_v3_product_10.png,true,Ideogram v3,product,1.756731080604368e-07
ai_product_ideogram_v3_product_05.png,true,Ideogram v3,product,2.4208091531363607e-07
ai_product_recraft_v3_product_02.png,true,Recraft v3,product,8.066351142588246e-07
ai_product_z_image_product_02.png,true,Z,product,7.52876148908399e-05
ai_product_sd_3.5_large_product_06.png,true,Sd,product,2.7023210350307636e-05
ai_product_ideogram_v3_product_08.png,true,Ideogram v3,product,0.0036549221258610487
ai_product_wan_v2.6_product_07.png,true,Wan v2.6,product,0.16650763154029846
ai_product_leonardo_phoenix_product_06.png,true,Leonardo Phoenix,product,0.4399696886539459
ai_product_qwen_2512_product_03.png,true,Qwen 2512,product,0.00011145448661409318
ai_product_qwen_2512_product_02.png,true,Qwen 2512,product,0.21905258297920227
ai_product_leonardo_phoenix_product_07.png,true,Leonardo Phoenix,product,0.9618887901306152
ai_product_wan_v2.6_product_06.png,true,Wan v2.6,product,0.07345641404390335
ai_product_ideogram_v3_product_09.png,true,Ideogram v3,product,1.4786248812015401e-06
ai_product_sd_3.5_large_product_07.png,true,Sd,product,1.5011208915893803e-06
ai_product_z_image_product_03.png,true,Z,product,1.4195667063177098e-05
ai_product_z_image_product_01.png,true,Z,product,3.4998990372514527e-07
ai_product_sd_3.5_large_product_05.png,true,Sd,product,1.0383939297753386e-05
ai_product_wan_v2.6_product_10.png,true,Wan v2.6,product,1.7361651771352626e-05
ai_product_wan_v2.6_product_04.png,true,Wan v2.6,product,1.8943095710710622e-05
ai_product_leonardo_phoenix_product_05.png,true,Leonardo Phoenix,product,0.9999185800552368
ai_product_qwen_2512_product_01.png,true,Qwen 2512,product,6.971749098738655e-05
ai_product_leonardo_phoenix_product_04.png,true,Leonardo Phoenix,product,5.658420195686631e-05
ai_product_leonardo_phoenix_product_10.png,true,Leonardo Phoenix,product,0.9691808223724365
ai_product_wan_v2.6_product_05.png,true,Wan v2.6,product,4.4669116050499724e-07
ai_product_sd_3.5_large_product_04.png,true,Sd,product,2.4295477487612516e-06
ai_product_sd_3.5_large_product_10.png,true,Sd,product,1.3952984545539948e-06
ai_product_recraft_v3_product_09.png,true,Recraft v3,product,3.7326360597944586e-06
ai_product_z_image_product_10.png,true,Z,product,0.9737532734870911
ai_product_z_image_product_04.png,true,Z,product,6.055187782294524e-07
ai_product_wan_v2.6_product_01.png,true,Wan v2.6,product,0.00022604502737522125
ai_product_qwen_2512_product_05.png,true,Qwen 2512,product,4.4155029172543436e-05
ai_product_qwen_2512_product_04.png,true,Qwen 2512,product,4.783159965882078e-07
ai_product_qwen_2512_product_10.png,true,Qwen 2512,product,0.009022806771099567
ai_product_leonardo_phoenix_product_01.png,true,Leonardo Phoenix,product,0.058717720210552216
ai_product_z_image_product_05.png,true,Z,product,2.00683729190132e-07
ai_product_sd_3.5_large_product_01.png,true,Sd,product,0.011038028635084629
ai_product_recraft_v3_product_08.png,true,Recraft v3,product,0.00035385158844292164
ai_product_sd_3.5_large_product_03.png,true,Sd,product,1.4828068742644973e-05
ai_product_z_image_product_07.png,true,Z,product,0.00092935876455158
ai_product_wan_v2.6_product_02.png,true,Wan v2.6,product,0.0030281615909188986
ai_product_leonardo_phoenix_product_03.png,true,Leonardo Phoenix,product,1.4042841939954087e-05
ai_product_qwen_2512_product_06.png,true,Qwen 2512,product,0.0009710144368000329
ai_product_qwen_2512_product_07.png,true,Qwen 2512,product,0.0003321172553114593
ai_product_leonardo_phoenix_product_02.png,true,Leonardo Phoenix,product,0.060281600803136826
ai_product_wan_v2.6_product_03.png,true,Wan v2.6,product,0.11850929260253906
ai_product_z_image_product_06.png,true,Z,product,0.227294921875
ai_product_sd_3.5_large_product_02.png,true,Sd,product,6.675159625046945e-07
ai_product_glm_image_product_02.png,true,GLM Image,product,2.5313378500868566e-05
ai_product_grok_aurora_product_09.png,true,Grok Aurora,product,5.482794449562789e-07
ai_product_flux_schnell_product_10.png,true,Flux Schnell,product,0.00011262809857726097
ai_product_seedream_v4_product_07.png,true,Seedream,product,5.90562958677765e-05
ai_product_flux_schnell_product_04.png,true,Flux Schnell,product,6.109288506195298e-07
ai_product_seedream_v3_product_04.png,true,Seedream,product,3.3557560641384043e-07
ai_product_seedream_v3_product_10.png,true,Seedream,product,1.6585175899308524e-06
ai_product_hunyuan_v3_product_03.png,true,Hunyuan v3,product,4.660182355564757e-07
ai_product_gemini_3_pro_product_05.png,true,Gemini 3 Pro,product,3.997871544925147e-07
ai_product_gemini_3_pro_product_04.png,true,Gemini 3 Pro,product,5.412901487034105e-07
ai_product_gemini_3_pro_product_10.png,true,Gemini 3 Pro,product,3.2762949558673427e-05
ai_product_hunyuan_v3_product_02.png,true,Hunyuan v3,product,5.164580579730682e-05
ai_product_seedream_v3_product_05.png,true,Seedream,product,1.8955793734676263e-07
ai_product_flux_schnell_product_05.png,true,Flux Schnell,product,2.4801511244731955e-07
ai_product_seedream_v4_product_06.png,true,Seedream,product,2.6895968403550796e-06
ai_product_grok_aurora_product_08.png,true,Grok Aurora,product,0.00012692026211880147
ai_product_glm_image_product_03.png,true,GLM Image,product,0.00330963428132236
ai_product_glm_image_product_01.png,true,GLM Image,product,8.090480605460471e-07
ai_product_flux_schnell_product_07.png,true,Flux Schnell,product,1.8303489923710003e-05
ai_product_seedream_v4_product_10.png,true,Seedream,product,1.0910241599049186e-06
ai_product_flux_pro_v1.1_product_09.png,true,Flux Pro v1.1,product,2.6489013293939934e-07
ai_product_seedream_v4_product_04.png,true,Seedream,product,4.783834697263956e-07
ai_product_seedream_v3_product_07.png,true,Seedream,product,8.86607522261329e-05
ai_product_flux_2_flex_product_09.png,true,Flux,product,8.678066478751134e-06
ai_product_gpt_image_1.5_product_09.png,true,Gpt,product,3.4029562812065706e-07
ai_product_gemini_3_pro_product_06.png,true,Gemini 3 Pro,product,0.00013637090160045773
ai_product_gemini_3_pro_product_07.png,true,Gemini 3 Pro,product,0.00011045665451092646
ai_product_gpt_image_1.5_product_08.png,true,Gpt,product,1.0843443305930123e-05
ai_product_hunyuan_v3_product_01.png,true,Hunyuan v3,product,0.0016703836154192686
ai_product_flux_2_flex_product_08.png,true,Flux,product,0.08183370530605316
ai_product_seedream_v3_product_06.png,true,Seedream,product,6.539606692967936e-05
ai_product_seedream_v4_product_05.png,true,Seedream,product,8.486048841405136e-08
ai_product_flux_pro_v1.1_product_08.png,true,Flux Pro v1.1,product,5.2331157348817214e-05
ai_product_flux_schnell_product_06.png,true,Flux Schnell,product,0.00028047236264683306
ai_product_glm_image_product_10.png,true,GLM Image,product,8.087288006208837e-05
ai_product_glm_image_product_04.png,true,GLM Image,product,2.0858306015725248e-06
ai_product_flux_schnell_product_02.png,true,Flux Schnell,product,5.008310836274177e-06
ai_product_seedream_v4_product_01.png,true,Seedream,product,0.03052765130996704
ai_product_seedream_v3_product_02.png,true,Seedream,product,9.491616765444633e-06
ai_product_hunyuan_v3_product_05.png,true,Hunyuan v3,product,9.532299571901603e-08
ai_product_gemini_3_pro_product_03.png,true,Gemini 3 Pro,product,4.944325837641372e-07
ai_product_gemini_3_pro_product_02.png,true,Gemini 3 Pro,product,2.79659911939234e-06
ai_product_hunyuan_v3_product_10.png,true,Hunyuan v3,product,4.109159021936648e-07
ai_product_hunyuan_v3_product_04.png,true,Hunyuan v3,product,1.376567183797306e-06
ai_product_seedream_v3_product_03.png,true,Seedream,product,5.426960569820949e-07
ai_product_flux_schnell_product_03.png,true,Flux Schnell,product,9.639891686674673e-06
ai_product_glm_image_product_05.png,true,GLM Image,product,2.2404072296922095e-05
ai_product_glm_image_product_07.png,true,GLM Image,product,0.0006090140668675303
ai_product_seedream_v4_product_02.png,true,Seedream,product,2.327963557036128e-06
ai_product_flux_schnell_product_01.png,true,Flux Schnell,product,5.576573130383622e-06
ai_product_seedream_v3_product_01.png,true,Seedream,product,7.140962452467647e-07
ai_product_hunyuan_v3_product_06.png,true,Hunyuan v3,product,0.0002611141244415194
ai_product_gemini_3_pro_product_01.png,true,Gemini 3 Pro,product,2.5558188099239487e-07
ai_product_hunyuan_v3_product_07.png,true,Hunyuan v3,product,4.074490425409749e-05
ai_product_seedream_v4_product_03.png,true,Seedream,product,3.3310780054307543e-06
ai_product_glm_image_product_06.png,true,GLM Image,product,0.0002615957928355783
ai_food_seedream_v3_food_02.png,true,Seedream,food,0.00011493271449580789
ai_food_gemini_3_pro_food_04.png,true,Gemini 3 Pro,food,1.990043710975442e-05
ai_food_gemini_3_pro_food_10.png,true,Gemini 3 Pro,food,4.808566700376105e-07
ai_food_flux_schnell_food_03.png,true,Flux Schnell,food,8.000335469660058e-07
ai_food_glm_image_food_08.png,true,GLM Image,food,2.9877262477384647e-06
ai_food_leonardo_phoenix_food_05.png,true,Leonardo Phoenix,food,0.25966018438339233
ai_food_gpt_image_1.5_food_01.png,true,Gpt,food,3.2131231364473933e-06
ai_food_flux_pro_v1.1_food_05.png,true,Flux Pro v1.1,food,8.5390672666108e-07
ai_food_flux_pro_v1.1_food_04.png,true,Flux Pro v1.1,food,2.220371698058443e-06
ai_food_flux_pro_v1.1_food_10.png,true,Flux Pro v1.1,food,3.27237870578756e-07
ai_food_leonardo_phoenix_food_04.png,true,Leonardo Phoenix,food,2.770230821624864e-05
ai_food_glm_image_food_09.png,true,GLM Image,food,6.402402959793108e-06
ai_food_leonardo_phoenix_food_10.png,true,Leonardo Phoenix,food,1.4661051864095498e-05
ai_food_flux_schnell_food_02.png,true,Flux Schnell,food,0.00011441659444244578
ai_food_gemini_3_pro_food_05.png,true,Gemini 3 Pro,food,1.4373345038620755e-06
ai_food_seedream_v3_food_03.png,true,Seedream,food,3.5908223594560695e-07
ai_food_seedream_v3_food_01.png,true,Seedream,food,1.7093532733269967e-05
ai_food_gemini_3_pro_food_07.png,true,Gemini 3 Pro,food,5.971029167994857e-05
ai_food_leonardo_phoenix_food_06.png,true,Leonardo Phoenix,food,1.8371918486081995e-05
ai_food_gpt_image_1.5_food_02.png,true,Gpt,food,8.708274208402145e-07
ai_food_flux_pro_v1.1_food_06.png,true,Flux Pro v1.1,food,0.049959760159254074
ai_food_flux_pro_v1.1_food_07.png,true,Flux Pro v1.1,food,0.000525604875292629
ai_food_gpt_image_1.5_food_03.png,true,Gpt,food,1.5251454215103877e-06
ai_food_leonardo_phoenix_food_07.png,true,Leonardo Phoenix,food,0.0024187176022678614
ai_food_flux_schnell_food_01.png,true,Flux Schnell,food,2.472469304848346e-06
ai_food_gemini_3_pro_food_06.png,true,Gemini 3 Pro,food,3.1905306059343275e-06
ai_food_seedream_v3_food_10.png,true,Seedream,food,1.5273650433300645e-07
ai_food_seedream_v3_food_04.png,true,Seedream,food,1.156699113380455e-06
ai_food_seedream_v4_food_08.png,true,Seedream,food,1.9742976746783825e-06
ai_food_gemini_3_pro_food_02.png,true,Gemini 3 Pro,food,8.762567631492857e-06
ai_food_flux_schnell_food_05.png,true,Flux Schnell,food,0.0005242092302069068
ai_food_leonardo_phoenix_food_03.png,true,Leonardo Phoenix,food,6.722872058162466e-06
ai_food_gpt_image_1.5_food_07.png,true,Gpt,food,8.893374615581706e-05
ai_food_flux_pro_v1.1_food_03.png,true,Flux Pro v1.1,food,8.492820597894024e-06
ai_food_flux_pro_v1.1_food_02.png,true,Flux Pro v1.1,food,1.5832549252081662e-05
ai_food_gpt_image_1.5_food_06.png,true,Gpt,food,7.630274922121316e-05
ai_food_leonardo_phoenix_food_02.png,true,Leonardo Phoenix,food,1.3072290130367037e-05
ai_food_flux_schnell_food_04.png,true,Flux Schnell,food,1.3622391747958318e-07
ai_food_flux_schnell_food_10.png,true,Flux Schnell,food,4.4182945657667005e-07
ai_food_gemini_3_pro_food_03.png,true,Gemini 3 Pro,food,3.6561385741151753e-07
ai_food_seedream_v4_food_09.png,true,Seedream,food,2.4710578145459294e-05
ai_food_seedream_v3_food_05.png,true,Seedream,food,4.3178306441404857e-07
ai_food_seedream_v3_food_07.png,true,Seedream,food,3.1673957892053295e-06
ai_food_ideogram_v3_food_09.png,true,Ideogram v3,food,4.686969987233169e-06
ai_food_gemini_3_pro_food_01.png,true,Gemini 3 Pro,food,3.522988833992713e-07
ai_food_flux_schnell_food_06.png,true,Flux Schnell,food,0.0001703244197415188
ai_food_gpt_image_1.5_food_04.png,true,Gpt,food,2.6390800940134795e-06
ai_food_grok_aurora_food_09.png,true,Grok Aurora,food,5.446029831546184e-07
ai_food_gpt_image_1.5_food_10.png,true,Gpt,food,2.72829623781945e-07
ai_food_flux_pro_v1.1_food_01.png,true,Flux Pro v1.1,food,3.9143438357314153e-07
ai_food_grok_aurora_food_08.png,true,Grok Aurora,food,0.0001576396607561037
ai_food_gpt_image_1.5_food_05.png,true,Gpt,food,2.6786869966599625e-07
ai_food_leonardo_phoenix_food_01.png,true,Leonardo Phoenix,food,0.3600744903087616
ai_food_flux_schnell_food_07.png,true,Flux Schnell,food,3.596675014705397e-05
ai_food_ideogram_v3_food_08.png,true,Ideogram v3,food,1.9896508092642762e-05
ai_food_seedream_v3_food_06.png,true,Seedream,food,1.7950148958334466e-06
ai_food_sd_3.5_large_food_01.png,true,Sd,food,1.8482206769476761e-06
ai_food_flux_2_flex_food_06.png,true,Flux,food,6.868516720714979e-06
ai_food_hunyuan_v3_food_08.png,true,Hunyuan v3,food,8.365063308701792e-07
ai_food_hunyuan_v3_food_09.png,true,Hunyuan v3,food,2.337194382562302e-05
ai_food_flux_2_flex_food_07.png,true,Flux,food,0.977018415927887
ai_food_sd_3.5_large_food_02.png,true,Sd,food,0.0002475812507327646
ai_food_flux_2_flex_food_05.png,true,Flux,food,1.0043743259302573e-06
ai_food_qwen_2512_food_08.png,true,Qwen 2512,food,1.533126692265796e-06
ai_food_z_image_food_09.png,true,Z,food,2.017857923419797e-06
ai_food_z_image_food_08.png,true,Z,food,7.471009666915052e-06
ai_food_flux_2_flex_food_10.png,true,Flux,food,3.5572124033933505e-05
ai_food_flux_2_flex_food_04.png,true,Flux,food,7.36188521841541e-05
ai_food_qwen_2512_food_09.png,true,Qwen 2512,food,0.00034189881989732385
ai_food_sd_3.5_large_food_03.png,true,Sd,food,7.929806429274322e-07
ai_food_sd_3.5_large_food_07.png,true,Sd,food,0.0004147071158513427
ai_food_wan_v2.6_food_08.png,true,Wan v2.6,food,3.5949709854321554e-05
ai_food_wan_v2.6_food_09.png,true,Wan v2.6,food,0.0032218198757618666
ai_food_flux_2_flex_food_01.png,true,Flux,food,0.0011271658586338162
ai_food_sd_3.5_large_food_06.png,true,Sd,food,5.221645551500842e-05
ai_food_sd_3.5_large_food_10.png,true,Sd,food,5.322394827089738e-07
ai_food_sd_3.5_large_food_04.png,true,Sd,food,4.4548937694344204e-07
ai_food_recraft_v3_food_09.png,true,Recraft v3,food,3.2518698844796745e-06
ai_food_flux_2_flex_food_03.png,true,Flux,food,1.023906224872917e-05
ai_food_flux_2_flex_food_02.png,true,Flux,food,0.9950760006904602
ai_food_sd_3.5_large_food_05.png,true,Sd,food,3.952010047214571e-06
ai_food_recraft_v3_food_08.png,true,Recraft v3,food,3.8234711610130034e-06
ai_food_sd_3.5_large_food_08.png,true,Sd,food,2.57203510045656e-07
ai_food_recraft_v3_food_05.png,true,Recraft v3,food,1.2734304618788883e-05
ai_food_qwen_2512_food_02.png,true,Qwen 2512,food,0.7827543020248413
ai_food_wan_v2.6_food_07.png,true,Wan v2.6,food,0.00035808535176329315
ai_food_hunyuan_v3_food_01.png,true,Hunyuan v3,food,1.3923666301707271e-05
ai_food_z_image_food_03.png,true,Z,food,4.6106933382361603e-07
ai_food_z_image_food_02.png,true,Z,food,1.4820167962170672e-05
ai_food_wan_v2.6_food_06.png,true,Wan v2.6,food,2.5072597054531798e-05
ai_food_qwen_2512_food_03.png,true,Qwen 2512,food,8.612403235019883e-07
ai_food_recraft_v3_food_10.png,true,Recraft v3,food,9.631500688556116e-06
ai_food_sd_3.5_large_food_09.png,true,Sd,food,1.956407459147158e-06
ai_food_recraft_v3_food_04.png,true,Recraft v3,food,2.408436614587117e-07
ai_food_recraft_v3_food_06.png,true,Recraft v3,food,4.88710043100582e-07
ai_food_qwen_2512_food_01.png,true,Qwen 2512,food,0.8284432888031006
ai_food_wan_v2.6_food_04.png,true,Wan v2.6,food,8.063239511102438e-05
ai_food_wan_v2.6_food_10.png,true,Wan v2.6,food,7.9386893503397e-07
ai_food_hunyuan_v3_food_02.png,true,Hunyuan v3,food,1.6067900787675171e-06
ai_food_z_image_food_01.png,true,Z,food,1.1825782308960697e-07
ai_food_hunyuan_v3_food_03.png,true,Hunyuan v3,food,1.5875829149081255e-06
ai_food_wan_v2.6_food_05.png,true,Wan v2.6,food,7.206070586107671e-05
ai_food_recraft_v3_food_07.png,true,Recraft v3,food,2.3477596187149175e-06
ai_food_recraft_v3_food_03.png,true,Recraft v3,food,1.4436951687457622e-06
ai_food_wan_v2.6_food_01.png,true,Wan v2.6,food,2.8843710424553137e-06
ai_food_qwen_2512_food_10.png,true,Qwen 2512,food,1.3398006331044598e-06
ai_food_flux_2_flex_food_09.png,true,Flux,food,5.180218522582436e-06
ai_food_qwen_2512_food_04.png,true,Qwen 2512,food,6.921187014086172e-05
ai_food_hunyuan_v3_food_07.png,true,Hunyuan v3,food,6.48972054477781e-05
ai_food_z_image_food_05.png,true,Z,food,2.874431004329381e-07
ai_food_z_image_food_04.png,true,Z,food,9.786950840862119e-07
ai_food_hunyuan_v3_food_06.png,true,Hunyuan v3,food,1.42911867442308e-05
ai_food_z_image_food_10.png,true,Z,food,6.706695216962544e-07
ai_food_flux_2_flex_food_08.png,true,Flux,food,0.00014830708096269518
ai_food_qwen_2512_food_05.png,true,Qwen 2512,food,2.054738843071391e-06
ai_food_recraft_v3_food_02.png,true,Recraft v3,food,9.796916856430471e-06
ai_food_wan_v2.6_food_02.png,true,Wan v2.6,food,0.00436030700802803
ai_food_qwen_2512_food_07.png,true,Qwen 2512,food,0.21430674195289612
ai_food_hunyuan_v3_food_04.png,true,Hunyuan v3,food,1.037112724588951e-06
ai_food_z_image_food_06.png,true,Z,food,3.140535409329459e-05
ai_food_hunyuan_v3_food_10.png,true,Hunyuan v3,food,3.4399118931105477e-07
ai_food_z_image_food_07.png,true,Z,food,7.094281045283424e-06
ai_food_hunyuan_v3_food_05.png,true,Hunyuan v3,food,4.1028468444892496e-07
ai_food_qwen_2512_food_06.png,true,Qwen 2512,food,0.003776433877646923
ai_food_wan_v2.6_food_03.png,true,Wan v2.6,food,3.1233437312039314e-06
ai_food_recraft_v3_food_01.png,true,Recraft v3,food,1.708492163743358e-06
ai_food_ideogram_v3_food_05.png,true,Ideogram v3,food,2.9340482797124423e-05
ai_food_seedream_v4_food_07.png,true,Seedream,food,8.067704584391322e-06
ai_food_glm_image_food_01.png,true,GLM Image,food,0.0049482979811728
ai_food_grok_aurora_food_05.png,true,Grok Aurora,food,4.927783834318689e-07
ai_food_gpt_image_1.5_food_08.png,true,Gpt,food,2.688355607460835e-06
ai_food_gpt_image_1.5_food_09.png,true,Gpt,food,4.939880909660133e-06
ai_food_grok_aurora_food_04.png,true,Grok Aurora,food,4.912117219646461e-07
ai_food_grok_aurora_food_10.png,true,Grok Aurora,food,1.6365150656838523e-07
ai_food_seedream_v4_food_06.png,true,Seedream,food,6.616334303544136e-06
ai_food_ideogram_v3_food_10.png,true,Ideogram v3,food,1.733737917675171e-07
ai_food_ideogram_v3_food_04.png,true,Ideogram v3,food,1.3248054528958164e-05
ai_food_seedream_v3_food_08.png,true,Seedream,food,8.466210488222714e-07
ai_food_seedream_v4_food_04.png,true,Seedream,food,1.1614589539021836e-06
ai_food_seedream_v4_food_10.png,true,Seedream,food,2.2718420211731427e-07
ai_food_ideogram_v3_food_06.png,true,Ideogram v3,food,5.015700935473433e-06
ai_food_flux_schnell_food_09.png,true,Flux Schnell,food,7.583159913338022e-07
ai_food_glm_image_food_02.png,true,GLM Image,food,8.237786346398934e-07
ai_food_grok_aurora_food_06.png,true,Grok Aurora,food,1.921620605571661e-05
ai_food_grok_aurora_food_07.png,true,Grok Aurora,food,1.2003441952401772e-05
ai_food_glm_image_food_03.png,true,GLM Image,food,7.794196790200658e-07
ai_food_flux_schnell_food_08.png,true,Flux Schnell,food,2.197263529524207e-05
ai_food_ideogram_v3_food_07.png,true,Ideogram v3,food,3.251332964282483e-05
ai_food_seedream_v4_food_05.png,true,Seedream,food,8.936345921028988e-07
ai_food_seedream_v3_food_09.png,true,Seedream,food,6.89852981849981e-07
ai_food_seedream_v4_food_01.png,true,Seedream,food,3.9517885852546897e-07
ai_food_ideogram_v3_food_03.png,true,Ideogram v3,food,1.3330521142052021e-05
ai_food_glm_image_food_07.png,true,GLM Image,food,9.511243661108892e-06
ai_food_grok_aurora_food_03.png,true,Grok Aurora,food,4.334135041972331e-07
ai_food_grok_aurora_food_02.png,true,Grok Aurora,food,6.602566031688184e-07
ai_food_glm_image_food_06.png,true,GLM Image,food,0.00014385435497388244
ai_food_ideogram_v3_food_02.png,true,Ideogram v3,food,4.1022223740583286e-05
ai_food_gemini_3_pro_food_08.png,true,Gemini 3 Pro,food,7.409248041767569e-07
ai_food_seedream_v4_food_02.png,true,Seedream,food,8.54373774927808e-06
ai_food_leonardo_phoenix_food_09.png,true,Leonardo Phoenix,food,0.4869800806045532
ai_food_glm_image_food_10.png,true,GLM Image,food,4.126936346438015e-06
ai_food_glm_image_food_04.png,true,GLM Image,food,2.6467673706065398e-06
ai_food_flux_pro_v1.1_food_09.png,true,Flux Pro v1.1,food,9.787604540179018e-07
ai_food_flux_pro_v1.1_food_08.png,true,Flux Pro v1.1,food,1.8293309267392033e-06
ai_food_grok_aurora_food_01.png,true,Grok Aurora,food,3.9898347381495114e-07
ai_food_glm_image_food_05.png,true,GLM Image,food,1.8106485413227347e-06
ai_food_leonardo_phoenix_food_08.png,true,Leonardo Phoenix,food,0.0002705531660467386
ai_food_seedream_v4_food_03.png,true,Seedream,food,3.3908048635566956e-07
ai_food_ideogram_v3_food_01.png,true,Ideogram v3,food,5.621849595627282e-06
ai_food_gemini_3_pro_food_09.png,true,Gemini 3 Pro,food,3.7954607705614762e-06
ai_animal_flux_pro_v1.1_animal_07.png,true,Flux Pro v1.1,animal,3.1361392757389694e-05
ai_animal_seedream_v3_animal_10.png,true,Seedream,animal,1.5312300092773512e-05
ai_animal_seedream_v3_animal_04.png,true,Seedream,animal,1.6652296608299366e-06
ai_animal_ideogram_v3_animal_03.png,true,Ideogram v3,animal,5.0580045353854075e-05
ai_animal_flux_2_flex_animal_07.png,true,Flux,animal,1.2010046930299723e-06
ai_animal_seedream_v4_animal_01.png,true,Seedream,animal,2.387296080996748e-05
ai_animal_flux_2_flex_animal_06.png,true,Flux,animal,0.9716971516609192
ai_animal_gemini_3_pro_animal_01.png,true,Gemini 3 Pro,animal,3.9073171365089365e-07
ai_animal_ideogram_v3_animal_02.png,true,Ideogram v3,animal,0.0004200174880679697
ai_animal_seedream_v3_animal_05.png,true,Seedream,animal,6.071511506888783e-07
ai_animal_flux_pro_v1.1_animal_06.png,true,Flux Pro v1.1,animal,2.7420132028055377e-05
ai_animal_flux_pro_v1.1_animal_04.png,true,Flux Pro v1.1,animal,0.9804392457008362
ai_animal_flux_pro_v1.1_animal_10.png,true,Flux Pro v1.1,animal,0.0695275366306305
ai_animal_seedream_v3_animal_07.png,true,Seedream,animal,4.517335128184641e-06
ai_animal_sd_3.5_large_animal_09.png,true,Sd,animal,0.0005066485027782619
ai_animal_gemini_3_pro_animal_03.png,true,Gemini 3 Pro,animal,9.304735044679546e-07
ai_animal_flux_2_flex_animal_04.png,true,Flux,animal,0.0009355876827612519
ai_animal_flux_2_flex_animal_10.png,true,Flux,animal,0.7015002965927124
ai_animal_seedream_v4_animal_03.png,true,Seedream,animal,1.7208478766406188e-06
ai_animal_seedream_v4_animal_02.png,true,Seedream,animal,4.801473914994858e-05
ai_animal_flux_2_flex_animal_05.png,true,Flux,animal,3.748986273421906e-06
ai_animal_gemini_3_pro_animal_02.png,true,Gemini 3 Pro,animal,8.42124507016706e-07
ai_animal_ideogram_v3_animal_01.png,true,Ideogram v3,animal,6.308792421805265e-07
ai_animal_sd_3.5_large_animal_08.png,true,Sd,animal,0.00026749479002319276
ai_animal_seedream_v3_animal_06.png,true,Seedream,animal,5.337117545423098e-05
ai_animal_flux_pro_v1.1_animal_05.png,true,Flux Pro v1.1,animal,4.2716391135400045e-07
ai_animal_seedream_v3_animal_02.png,true,Seedream,animal,0.00040718886884860694
ai_animal_flux_pro_v1.1_animal_01.png,true,Flux Pro v1.1,animal,0.9981020092964172
ai_animal_gemini_3_pro_animal_06.png,true,Gemini 3 Pro,animal,1.5549339877907187e-06
ai_animal_ideogram_v3_animal_05.png,true,Ideogram v3,animal,6.309614946076181e-06
ai_animal_flux_2_flex_animal_01.png,true,Flux,animal,0.9815535545349121
ai_animal_seedream_v4_animal_06.png,true,Seedream,animal,0.00013751990627497435
ai_animal_seedream_v4_animal_07.png,true,Seedream,animal,5.596284040620958e-07
ai_animal_ideogram_v3_animal_10.png,true,Ideogram v3,animal,0.0015811410266906023
ai_animal_ideogram_v3_animal_04.png,true,Ideogram v3,animal,6.117455086496193e-06
ai_animal_gemini_3_pro_animal_07.png,true,Gemini 3 Pro,animal,2.2255861154008016e-07
ai_animal_seedream_v3_animal_03.png,true,Seedream,animal,6.788661266909912e-05
ai_animal_seedream_v3_animal_01.png,true,Seedream,animal,5.236914148554206e-06
ai_animal_flux_pro_v1.1_animal_02.png,true,Flux Pro v1.1,animal,0.3856378495693207
ai_animal_gemini_3_pro_animal_05.png,true,Gemini 3 Pro,animal,2.0589404812199064e-06
ai_animal_ideogram_v3_animal_06.png,true,Ideogram v3,animal,0.02097778581082821
ai_animal_flux_2_flex_animal_02.png,true,Flux,animal,0.6338752508163452
ai_animal_seedream_v4_animal_05.png,true,Seedream,animal,1.0241027439406025e-06
ai_animal_qwen_2512_animal_08.png,true,Qwen 2512,animal,5.650433195114601e-06
ai_animal_qwen_2512_animal_09.png,true,Qwen 2512,animal,0.0008692696574144065
ai_animal_seedream_v4_animal_10.png,true,Seedream,animal,9.711204711493338e-07
ai_animal_seedream_v4_animal_04.png,true,Seedream,animal,3.007302620972041e-05
ai_animal_flux_2_flex_animal_03.png,true,Flux,animal,0.002664967905730009
ai_animal_ideogram_v3_animal_07.png,true,Ideogram v3,animal,2.3073324939559825e-07
ai_animal_gemini_3_pro_animal_04.png,true,Gemini 3 Pro,animal,3.413458102841105e-07
ai_animal_gemini_3_pro_animal_10.png,true,Gemini 3 Pro,animal,2.280490889461362e-06
ai_animal_flux_pro_v1.1_animal_03.png,true,Flux Pro v1.1,animal,0.03374239057302475
ai_animal_flux_schnell_animal_01.png,true,Flux Schnell,animal,0.9613954424858093
ai_animal_z_image_animal_06.png,true,Z,animal,0.9324712157249451
ai_animal_grok_aurora_animal_10.png,true,Grok Aurora,animal,4.4686188630294055e-05
ai_animal_grok_aurora_animal_04.png,true,Grok Aurora,animal,8.261777111329138e-05
ai_animal_glm_image_animal_06.png,true,GLM Image,animal,0.9336374998092651
ai_animal_recraft_v3_animal_02.png,true,Recraft v3,animal,8.546443132217973e-05
ai_animal_glm_image_animal_07.png,true,GLM Image,animal,2.5572942377039e-06
ai_animal_recraft_v3_animal_03.png,true,Recraft v3,animal,1.958117309186491e-06
ai_animal_grok_aurora_animal_05.png,true,Grok Aurora,animal,1.0578049796095002e-06
ai_animal_z_image_animal_07.png,true,Z,animal,2.489478447387228e-06
ai_animal_flux_schnell_animal_02.png,true,Flux Schnell,animal,0.9992087483406067
ai_animal_z_image_animal_05.png,true,Z,animal,3.2559932151343673e-05
ai_animal_grok_aurora_animal_07.png,true,Grok Aurora,animal,1.8591707373616373e-07
ai_animal_recraft_v3_animal_01.png,true,Recraft v3,animal,4.135888048040215e-06
ai_animal_glm_image_animal_05.png,true,GLM Image,animal,0.9999164342880249
ai_animal_glm_image_animal_10.png,true,GLM Image,animal,5.538142318073369e-07
ai_animal_glm_image_animal_04.png,true,GLM Image,animal,9.511821554042399e-05
ai_animal_grok_aurora_animal_06.png,true,Grok Aurora,animal,7.921809128674795e-07
ai_animal_z_image_animal_10.png,true,Z,animal,0.9977003931999207
ai_animal_z_image_animal_04.png,true,Z,animal,4.881640961684752e-06
ai_animal_flux_schnell_animal_03.png,true,Flux Schnell,animal,1.0430198926769663e-05
ai_animal_flux_schnell_animal_07.png,true,Flux Schnell,animal,1.7143225704785436e-05
ai_animal_wan_v2.6_animal_09.png,true,Wan v2.6,animal,5.361328294384293e-05
ai_animal_hunyuan_v3_animal_09.png,true,Hunyuan v3,animal,3.595822818169836e-06
ai_animal_grok_aurora_animal_02.png,true,Grok Aurora,animal,0.000226875432417728
ai_animal_recraft_v3_animal_04.png,true,Recraft v3,animal,2.8008485969621688e-05
ai_animal_recraft_v3_animal_10.png,true,Recraft v3,animal,8.97282825462753e-06
ai_animal_gpt_image_1.5_animal_08.png,true,Gpt,animal,5.242648057901533e-07
ai_animal_gpt_image_1.5_animal_09.png,true,Gpt,animal,5.932193744229153e-06
ai_animal_glm_image_animal_01.png,true,GLM Image,animal,1.1859605365316384e-05
ai_animal_recraft_v3_animal_05.png,true,Recraft v3,animal,1.0662701015462517e-06
ai_animal_grok_aurora_animal_03.png,true,Grok Aurora,animal,0.00011331257701385766
ai_animal_hunyuan_v3_animal_08.png,true,Hunyuan v3,animal,1.7463643189330469e-06
ai_animal_flux_schnell_animal_06.png,true,Flux Schnell,animal,0.000716650509275496
ai_animal_wan_v2.6_animal_08.png,true,Wan v2.6,animal,2.137024011972244e-06
ai_animal_z_image_animal_01.png,true,Z,animal,0.003628252539783716
ai_animal_z_image_animal_03.png,true,Z,animal,4.783722761203535e-05
ai_animal_flux_schnell_animal_04.png,true,Flux Schnell,animal,0.00011205198825336993
ai_animal_flux_schnell_animal_10.png,true,Flux Schnell,animal,0.098568394780159
ai_animal_grok_aurora_animal_01.png,true,Grok Aurora,animal,1.1431784514570609e-06
ai_animal_leonardo_phoenix_animal_08.png,true,Leonardo Phoenix,animal,0.00011779647320508957
ai_animal_recraft_v3_animal_07.png,true,Recraft v3,animal,1.3535810694520478e-06
ai_animal_glm_image_animal_03.png,true,GLM Image,animal,2.8826751076849177e-05
ai_animal_recraft_v3_animal_06.png,true,Recraft v3,animal,1.3045078958384693e-05
ai_animal_glm_image_animal_02.png,true,GLM Image,animal,0.0036564695183187723
ai_animal_leonardo_phoenix_animal_09.png,true,Leonardo Phoenix,animal,0.013330131769180298
ai_animal_flux_schnell_animal_05.png,true,Flux Schnell,animal,1.92921993402706e-06
ai_animal_z_image_animal_02.png,true,Z,animal,2.1109563022037037e-05
ai_animal_wan_v2.6_animal_06.png,true,Wan v2.6,animal,9.983617928810418e-06
ai_animal_flux_schnell_animal_08.png,true,Flux Schnell,animal,4.257680120645091e-05
ai_animal_hunyuan_v3_animal_06.png,true,Hunyuan v3,animal,0.00010525368270464242
ai_animal_leonardo_phoenix_animal_10.png,true,Leonardo Phoenix,animal,0.6436986923217773
ai_animal_leonardo_phoenix_animal_04.png,true,Leonardo Phoenix,animal,4.710442226496525e-05
ai_animal_gpt_image_1.5_animal_07.png,true,Gpt,animal,6.154368179522862e-07
ai_animal_gpt_image_1.5_animal_06.png,true,Gpt,animal,4.080518749560724e-07
ai_animal_leonardo_phoenix_animal_05.png,true,Leonardo Phoenix,animal,8.532514357284526e-07
ai_animal_hunyuan_v3_animal_07.png,true,Hunyuan v3,animal,1.0392304830020294e-06
ai_animal_wan_v2.6_animal_07.png,true,Wan v2.6,animal,8.029186574276537e-05
ai_animal_flux_schnell_animal_09.png,true,Flux Schnell,animal,1.2979818166058976e-05
ai_animal_wan_v2.6_animal_05.png,true,Wan v2.6,animal,1.7809470591600984e-05
ai_animal_hunyuan_v3_animal_05.png,true,Hunyuan v3,animal,2.0964314899174497e-05
ai_animal_leonardo_phoenix_animal_07.png,true,Leonardo Phoenix,animal,0.0001386132644256577
ai_animal_recraft_v3_animal_08.png,true,Recraft v3,animal,1.8737431446425035e-06
ai_animal_gpt_image_1.5_animal_04.png,true,Gpt,animal,3.0391662221518345e-05
ai_animal_gpt_image_1.5_animal_10.png,true,Gpt,animal,0.0025094349402934313
ai_animal_gpt_image_1.5_animal_05.png,true,Gpt,animal,7.599333002872299e-07
ai_animal_recraft_v3_animal_09.png,true,Recraft v3,animal,0.29720816016197205
ai_animal_leonardo_phoenix_animal_06.png,true,Leonardo Phoenix,animal,6.833600764366565e-06
ai_animal_hunyuan_v3_animal_10.png,true,Hunyuan v3,animal,1.7829268472269177e-05
ai_animal_hunyuan_v3_animal_04.png,true,Hunyuan v3,animal,2.087314896925818e-06
ai_animal_wan_v2.6_animal_10.png,true,Wan v2.6,animal,2.605539521027822e-06
ai_animal_wan_v2.6_animal_04.png,true,Wan v2.6,animal,2.36731102631893e-06
ai_animal_z_image_animal_09.png,true,Z,animal,0.00022601720411330462
ai_animal_leonardo_phoenix_animal_02.png,true,Leonardo Phoenix,animal,0.000101809564512223
ai_animal_gpt_image_1.5_animal_01.png,true,Gpt,animal,1.1875990821863525e-06
ai_animal_glm_image_animal_09.png,true,GLM Image,animal,1.2410738236212637e-05
ai_animal_glm_image_animal_08.png,true,GLM Image,animal,9.702441275294404e-06
ai_animal_leonardo_phoenix_animal_03.png,true,Leonardo Phoenix,animal,2.222871898993617e-06
ai_animal_hunyuan_v3_animal_01.png,true,Hunyuan v3,animal,3.181768988724798e-05
ai_animal_z_image_animal_08.png,true,Z,animal,8.2714532254613e-06
ai_animal_wan_v2.6_animal_01.png,true,Wan v2.6,animal,1.1012173672497738e-05
ai_animal_wan_v2.6_animal_03.png,true,Wan v2.6,animal,2.0288587165850913e-06
ai_animal_grok_aurora_animal_08.png,true,Grok Aurora,animal,5.15673832524044e-07
ai_animal_hunyuan_v3_animal_03.png,true,Hunyuan v3,animal,0.00032684620236977935
ai_animal_leonardo_phoenix_animal_01.png,true,Leonardo Phoenix,animal,0.0005913455388508737
ai_animal_gpt_image_1.5_animal_02.png,true,Gpt,animal,8.420329322689213e-07
ai_animal_gpt_image_1.5_animal_03.png,true,Gpt,animal,1.509516096120933e-06
ai_animal_hunyuan_v3_animal_02.png,true,Hunyuan v3,animal,0.12626613676548004
ai_animal_grok_aurora_animal_09.png,true,Grok Aurora,animal,1.0653309345798334e-06
ai_animal_wan_v2.6_animal_02.png,true,Wan v2.6,animal,1.4719475984747987e-06
ai_animal_sd_3.5_large_animal_03.png,true,Sd,animal,2.8014762847305974e-06
ai_animal_gemini_3_pro_animal_09.png,true,Gemini 3 Pro,animal,0.00045753788435831666
ai_animal_qwen_2512_animal_04.png,true,Qwen 2512,animal,1.95525672097574e-06
ai_animal_seedream_v4_animal_09.png,true,Seedream,animal,1.0764392754936125e-06
ai_animal_qwen_2512_animal_10.png,true,Qwen 2512,animal,0.08309248834848404
ai_animal_seedream_v4_animal_08.png,true,Seedream,animal,2.2207104848348536e-06
ai_animal_qwen_2512_animal_05.png,true,Qwen 2512,animal,6.957225195947103e-06
ai_animal_gemini_3_pro_animal_08.png,true,Gemini 3 Pro,animal,4.919655793855782e-07
ai_animal_sd_3.5_large_animal_02.png,true,Sd,animal,0.01444470975548029
ai_animal_ideogram_v3_animal_09.png,true,Ideogram v3,animal,0.00011194038961548358
ai_animal_qwen_2512_animal_07.png,true,Qwen 2512,animal,4.221005383442389e-06
ai_animal_qwen_2512_animal_06.png,true,Qwen 2512,animal,0.007167798466980457
ai_animal_ideogram_v3_animal_08.png,true,Ideogram v3,animal,1.10102814687707e-06
ai_animal_sd_3.5_large_animal_01.png,true,Sd,animal,2.108744956785813e-05
ai_animal_flux_pro_v1.1_animal_08.png,true,Flux Pro v1.1,animal,3.187189463460527e-07
ai_animal_sd_3.5_large_animal_05.png,true,Sd,animal,1.260784074474941e-06
ai_animal_flux_2_flex_animal_08.png,true,Flux,animal,2.0500372102105757e-06
ai_animal_qwen_2512_animal_02.png,true,Qwen 2512,animal,0.00026951846666634083
ai_animal_qwen_2512_animal_03.png,true,Qwen 2512,animal,0.0006412180373445153
ai_animal_flux_2_flex_animal_09.png,true,Flux,animal,0.0751461535692215
ai_animal_sd_3.5_large_animal_10.png,true,Sd,animal,7.619942334713414e-05
ai_animal_sd_3.5_large_animal_04.png,true,Sd,animal,6.488101007562364e-07
ai_animal_flux_pro_v1.1_animal_09.png,true,Flux Pro v1.1,animal,2.1010027921875007e-05
ai_animal_seedream_v3_animal_08.png,true,Seedream,animal,1.704731005247595e-07
ai_animal_sd_3.5_large_animal_06.png,true,Sd,animal,4.430586704984307e-05
ai_animal_qwen_2512_animal_01.png,true,Qwen 2512,animal,0.8092529773712158
ai_animal_sd_3.5_large_animal_07.png,true,Sd,animal,3.7245929433993297e-06
ai_animal_seedream_v3_animal_09.png,true,Seedream,animal,9.376108209835365e-06
ai_landscape_gemini_3_pro_landscape_04.png,true,Gemini 3 Pro,landscape,1.2443522336980095e-06
ai_landscape_gemini_3_pro_landscape_10.png,true,Gemini 3 Pro,landscape,3.4378304007987026e-06
ai_landscape_flux_schnell_landscape_01.png,true,Flux Schnell,landscape,4.20317428506678e-06
ai_landscape_gemini_3_pro_landscape_05.png,true,Gemini 3 Pro,landscape,2.5969609396270243e-06
ai_landscape_gpt_image_1.5_landscape_08.png,true,Gpt,landscape,0.02350083738565445
ai_landscape_hunyuan_v3_landscape_09.png,true,Hunyuan v3,landscape,3.487368189780682e-07
ai_landscape_sd_3.5_large_landscape_09.png,true,Sd,landscape,5.4306851779983845e-06
ai_landscape_gemini_3_pro_landscape_07.png,true,Gemini 3 Pro,landscape,8.487807463097852e-06
ai_landscape_flux_schnell_landscape_02.png,true,Flux Schnell,landscape,2.2633876142208464e-05
ai_landscape_flux_schnell_landscape_03.png,true,Flux Schnell,landscape,6.314188794931397e-06
ai_landscape_gemini_3_pro_landscape_06.png,true,Gemini 3 Pro,landscape,5.1246106522739865e-06
ai_landscape_sd_3.5_large_landscape_08.png,true,Sd,landscape,0.00021427558385767043
ai_landscape_hunyuan_v3_landscape_08.png,true,Hunyuan v3,landscape,1.2361660992610268e-06
ai_landscape_gpt_image_1.5_landscape_09.png,true,Gpt,landscape,1.2565810720843729e-05
ai_landscape_gemini_3_pro_landscape_02.png,true,Gemini 3 Pro,landscape,2.8505689897428965e-06
ai_landscape_flux_schnell_landscape_07.png,true,Flux Schnell,landscape,3.420165285206167e-06
ai_landscape_flux_schnell_landscape_06.png,true,Flux Schnell,landscape,4.930434442940168e-06
ai_landscape_gemini_3_pro_landscape_03.png,true,Gemini 3 Pro,landscape,0.0009952778927981853
ai_landscape_gemini_3_pro_landscape_01.png,true,Gemini 3 Pro,landscape,9.286984095524531e-06
ai_landscape_z_image_landscape_09.png,true,Z,landscape,0.5389325618743896
ai_landscape_flux_schnell_landscape_04.png,true,Flux Schnell,landscape,1.605073885002639e-05
ai_landscape_flux_schnell_landscape_10.png,true,Flux Schnell,landscape,2.3562805040455714e-07
ai_landscape_flux_schnell_landscape_05.png,true,Flux Schnell,landscape,2.805010581141687e-06
ai_landscape_z_image_landscape_08.png,true,Z,landscape,7.064102101139724e-05
ai_landscape_leonardo_phoenix_landscape_04.png,true,Leonardo Phoenix,landscape,5.213945769355632e-06
ai_landscape_flux_pro_v1.1_landscape_04.png,true,Flux Pro v1.1,landscape,5.428055374068208e-06
ai_landscape_flux_pro_v1.1_landscape_10.png,true,Flux Pro v1.1,landscape,1.5669021991016052e-07
ai_landscape_ideogram_v3_landscape_08.png,true,Ideogram v3,landscape,1.0845301403605845e-06
ai_landscape_qwen_2512_landscape_08.png,true,Qwen 2512,landscape,0.19743606448173523
ai_landscape_grok_aurora_landscape_03.png,true,Grok Aurora,landscape,2.038214006461203e-06
ai_landscape_wan_v2.6_landscape_05.png,true,Wan v2.6,landscape,2.151032822439447e-05
ai_landscape_recraft_v3_landscape_09.png,true,Recraft v3,landscape,0.00019319806597195566
ai_landscape_seedream_v4_landscape_05.png,true,Seedream,landscape,3.5720029700314626e-05
ai_landscape_seedream_v4_landscape_04.png,true,Seedream,landscape,1.064545358531177e-05
ai_landscape_seedream_v4_landscape_10.png,true,Seedream,landscape,2.7967646474280627e-06
ai_landscape_recraft_v3_landscape_08.png,true,Recraft v3,landscape,0.0003172086435370147
ai_landscape_wan_v2.6_landscape_04.png,true,Wan v2.6,landscape,7.076980546116829e-05
ai_landscape_wan_v2.6_landscape_10.png,true,Wan v2.6,landscape,1.9294352568977047e-06
ai_landscape_grok_aurora_landscape_02.png,true,Grok Aurora,landscape,5.7712813941179775e-06
ai_landscape_qwen_2512_landscape_09.png,true,Qwen 2512,landscape,4.072652882314287e-05
ai_landscape_ideogram_v3_landscape_09.png,true,Ideogram v3,landscape,6.6269053604628425e-06
ai_landscape_flux_pro_v1.1_landscape_05.png,true,Flux Pro v1.1,landscape,7.4254294304409996e-06
ai_landscape_leonardo_phoenix_landscape_07.png,true,Leonardo Phoenix,landscape,0.002442927798256278
ai_landscape_flux_2_flex_landscape_08.png,true,Flux,landscape,4.10235152230598e-05
ai_landscape_seedream_v3_landscape_08.png,true,Seedream,landscape,2.4869370918167988e-06
ai_landscape_glm_image_landscape_09.png,true,GLM Image,landscape,9.981298353523016e-05
ai_landscape_flux_pro_v1.1_landscape_07.png,true,Flux Pro v1.1,landscape,1.7473454363425844e-06
ai_landscape_wan_v2.6_landscape_06.png,true,Wan v2.6,landscape,0.15520434081554413
ai_landscape_seedream_v4_landscape_06.png,true,Seedream,landscape,6.643000460826443e-07
ai_landscape_seedream_v4_landscape_07.png,true,Seedream,landscape,2.5491249289189e-06
ai_landscape_wan_v2.6_landscape_07.png,true,Wan v2.6,landscape,0.00036244644434191287
ai_landscape_grok_aurora_landscape_01.png,true,Grok Aurora,landscape,1.011935091810301e-05
ai_landscape_flux_pro_v1.1_landscape_06.png,true,Flux Pro v1.1,landscape,1.0748975682872697e-06
ai_landscape_glm_image_landscape_08.png,true,GLM Image,landscape,0.04684333875775337
ai_landscape_seedream_v3_landscape_09.png,true,Seedream,landscape,3.0375116693903692e-05
ai_landscape_flux_2_flex_landscape_09.png,true,Flux,landscape,1.2365891961962916e-05
ai_landscape_leonardo_phoenix_landscape_06.png,true,Leonardo Phoenix,landscape,0.6151290535926819
ai_landscape_leonardo_phoenix_landscape_02.png,true,Leonardo Phoenix,landscape,0.00015087955398485065
ai_landscape_flux_pro_v1.1_landscape_02.png,true,Flux Pro v1.1,landscape,4.7333310249086935e-06
ai_landscape_grok_aurora_landscape_05.png,true,Grok Aurora,landscape,1.4588418935090885e-06
ai_landscape_wan_v2.6_landscape_03.png,true,Wan v2.6,landscape,0.17621782422065735
ai_landscape_seedream_v4_landscape_03.png,true,Seedream,landscape,9.45523424888961e-06
ai_landscape_seedream_v4_landscape_02.png,true,Seedream,landscape,3.487132971713436e-06
ai_landscape_wan_v2.6_landscape_02.png,true,Wan v2.6,landscape,0.0011820151703432202
ai_landscape_grok_aurora_landscape_04.png,true,Grok Aurora,landscape,7.93422877904959e-05
ai_landscape_grok_aurora_landscape_10.png,true,Grok Aurora,landscape,2.690495080059918e-07
ai_landscape_flux_pro_v1.1_landscape_03.png,true,Flux Pro v1.1,landscape,0.001218087156303227
ai_landscape_leonardo_phoenix_landscape_03.png,true,Leonardo Phoenix,landscape,0.006388687063008547
ai_landscape_leonardo_phoenix_landscape_01.png,true,Leonardo Phoenix,landscape,2.8515301892184652e-05
ai_landscape_flux_pro_v1.1_landscape_01.png,true,Flux Pro v1.1,landscape,1.4094000107434113e-05
ai_landscape_grok_aurora_landscape_06.png,true,Grok Aurora,landscape,0.0003556706360541284
ai_landscape_seedream_v4_landscape_01.png,true,Seedream,landscape,4.282409008737886e-06
ai_landscape_wan_v2.6_landscape_01.png,true,Wan v2.6,landscape,0.0016512610018253326
ai_landscape_grok_aurora_landscape_07.png,true,Grok Aurora,landscape,0.2781141400337219
ai_landscape_flux_2_flex_landscape_02.png,true,Flux,landscape,2.4523054889868945e-05
ai_landscape_glm_image_landscape_03.png,true,GLM Image,landscape,0.0001707398914732039
ai_landscape_seedream_v3_landscape_02.png,true,Seedream,landscape,6.302063866314711e-07
ai_landscape_ideogram_v3_landscape_01.png,true,Ideogram v3,landscape,4.636704886706866e-07
ai_landscape_qwen_2512_landscape_01.png,true,Qwen 2512,landscape,0.0005580896395258605
ai_landscape_recraft_v3_landscape_01.png,true,Recraft v3,landscape,0.012540160678327084
ai_landscape_seedream_v3_landscape_03.png,true,Seedream,landscape,9.178473192150705e-06
ai_landscape_glm_image_landscape_02.png,true,GLM Image,landscape,0.00011504872236400843
ai_landscape_flux_2_flex_landscape_03.png,true,Flux,landscape,0.0004963620449416339
ai_landscape_flux_2_flex_landscape_01.png,true,Flux,landscape,0.004496848676353693
ai_landscape_seedream_v3_landscape_01.png,true,Seedream,landscape,0.00019316583347972482
ai_landscape_ideogram_v3_landscape_02.png,true,Ideogram v3,landscape,1.3069146689304034e-06
ai_landscape_qwen_2512_landscape_02.png,true,Qwen 2512,landscape,3.711931640282273e-05
ai_landscape_grok_aurora_landscape_09.png,true,Grok Aurora,landscape,6.358452083077282e-06
ai_landscape_recraft_v3_landscape_03.png,true,Recraft v3,landscape,4.896520476904698e-05
ai_landscape_recraft_v3_landscape_02.png,true,Recraft v3,landscape,0.00024248052795883268
ai_landscape_grok_aurora_landscape_08.png,true,Grok Aurora,landscape,8.350151006197848e-07
ai_landscape_qwen_2512_landscape_03.png,true,Qwen 2512,landscape,1.1414853361202404e-05
ai_landscape_ideogram_v3_landscape_03.png,true,Ideogram v3,landscape,9.526966096018441e-06
ai_landscape_glm_image_landscape_01.png,true,GLM Image,landscape,0.003984199836850166
ai_landscape_flux_2_flex_landscape_10.png,true,Flux,landscape,3.2944387839961564e-07
ai_landscape_flux_2_flex_landscape_04.png,true,Flux,landscape,2.249725002911873e-05
ai_landscape_seedream_v3_landscape_10.png,true,Seedream,landscape,3.898856562045694e-07
ai_landscape_seedream_v3_landscape_04.png,true,Seedream,landscape,1.7871064983410179e-06
ai_landscape_glm_image_landscape_05.png,true,GLM Image,landscape,2.871678225346841e-05
ai_landscape_ideogram_v3_landscape_07.png,true,Ideogram v3,landscape,0.00268516200594604
ai_landscape_qwen_2512_landscape_07.png,true,Qwen 2512,landscape,0.015918197110295296
ai_landscape_recraft_v3_landscape_06.png,true,Recraft v3,landscape,5.650228104059352e-06
ai_landscape_recraft_v3_landscape_07.png,true,Recraft v3,landscape,9.488321666140109e-05
ai_landscape_qwen_2512_landscape_06.png,true,Qwen 2512,landscape,0.0007835470605641603
ai_landscape_ideogram_v3_landscape_06.png,true,Ideogram v3,landscape,6.59968463878613e-06
ai_landscape_glm_image_landscape_10.png,true,GLM Image,landscape,3.23378735629376e-05
ai_landscape_glm_image_landscape_04.png,true,GLM Image,landscape,2.938840452770819e-06
ai_landscape_seedream_v3_landscape_05.png,true,Seedream,landscape,1.3935349443272571e-06
ai_landscape_flux_2_flex_landscape_05.png,true,Flux,landscape,3.3152066407637903e-06
ai_landscape_flux_2_flex_landscape_07.png,true,Flux,landscape,0.0046394867822527885
ai_landscape_leonardo_phoenix_landscape_08.png,true,Leonardo Phoenix,landscape,0.00013629498425871134
ai_landscape_seedream_v3_landscape_07.png,true,Seedream,landscape,5.001309546059929e-06
ai_landscape_glm_image_landscape_06.png,true,GLM Image,landscape,0.019979529082775116
ai_landscape_flux_pro_v1.1_landscape_08.png,true,Flux Pro v1.1,landscape,3.390007123016403e-06
ai_landscape_ideogram_v3_landscape_10.png,true,Ideogram v3,landscape,5.429538418866287e-07
ai_landscape_ideogram_v3_landscape_04.png,true,Ideogram v3,landscape,7.256188109749928e-05
ai_landscape_qwen_2512_landscape_10.png,true,Qwen 2512,landscape,4.393303072447452e-07
ai_landscape_qwen_2512_landscape_04.png,true,Qwen 2512,landscape,1.5015696590126026e-05
ai_landscape_wan_v2.6_landscape_09.png,true,Wan v2.6,landscape,7.743846254015807e-06
ai_landscape_recraft_v3_landscape_05.png,true,Recraft v3,landscape,7.15664828021545e-06
ai_landscape_seedream_v4_landscape_09.png,true,Seedream,landscape,2.4508346541551873e-05
ai_landscape_seedream_v4_landscape_08.png,true,Seedream,landscape,3.6113904116064077e-06
ai_landscape_recraft_v3_landscape_10.png,true,Recraft v3,landscape,0.0002941657439805567
ai_landscape_recraft_v3_landscape_04.png,true,Recraft v3,landscape,3.4492618397052865e-06
ai_landscape_wan_v2.6_landscape_08.png,true,Wan v2.6,landscape,0.3038376569747925
ai_landscape_qwen_2512_landscape_05.png,true,Qwen 2512,landscape,0.00010471598216099665
ai_landscape_ideogram_v3_landscape_05.png,true,Ideogram v3,landscape,1.9311250980535988e-06
ai_landscape_flux_pro_v1.1_landscape_09.png,true,Flux Pro v1.1,landscape,0.0004783578624483198
ai_landscape_glm_image_landscape_07.png,true,GLM Image,landscape,0.0032751266844570637
ai_landscape_seedream_v3_landscape_06.png,true,Seedream,landscape,1.5512858908550697e-06
ai_landscape_leonardo_phoenix_landscape_09.png,true,Leonardo Phoenix,landscape,0.9174573421478271
ai_landscape_flux_2_flex_landscape_06.png,true,Flux,landscape,0.0009367561433464289
ai_landscape_gpt_image_1.5_landscape_02.png,true,Gpt,landscape,2.9754878596577328e-06
ai_landscape_hunyuan_v3_landscape_03.png,true,Hunyuan v3,landscape,3.024126726813847e-06
ai_landscape_z_image_landscape_05.png,true,Z,landscape,0.0002994667156599462
ai_landscape_sd_3.5_large_landscape_03.png,true,Sd,landscape,0.0002481082337908447
ai_landscape_flux_schnell_landscape_08.png,true,Flux Schnell,landscape,3.7020274703536415e-06
ai_landscape_flux_schnell_landscape_09.png,true,Flux Schnell,landscape,0.0002520912676118314
ai_landscape_z_image_landscape_10.png,true,Z,landscape,0.00038673458038829267
ai_landscape_sd_3.5_large_landscape_02.png,true,Sd,landscape,6.309698619588744e-06
ai_landscape_z_image_landscape_04.png,true,Z,landscape,0.03321203589439392
ai_landscape_hunyuan_v3_landscape_02.png,true,Hunyuan v3,landscape,6.667463821941055e-06
ai_landscape_gpt_image_1.5_landscape_03.png,true,Gpt,landscape,3.2008072139433352e-06
ai_landscape_gpt_image_1.5_landscape_01.png,true,Gpt,landscape,3.944915533793392e-06
ai_landscape_z_image_landscape_06.png,true,Z,landscape,7.05681031831773e-06
ai_landscape_sd_3.5_large_landscape_01.png,true,Sd,landscape,1.9451525076874532e-05
ai_landscape_z_image_landscape_07.png,true,Z,landscape,2.9665754482266493e-05
ai_landscape_hunyuan_v3_landscape_01.png,true,Hunyuan v3,landscape,1.9725962374650408e-06
ai_landscape_gpt_image_1.5_landscape_04.png,true,Gpt,landscape,1.1525705303938594e-05
ai_landscape_gpt_image_1.5_landscape_10.png,true,Gpt,landscape,2.56977671142522e-07
ai_landscape_hunyuan_v3_landscape_05.png,true,Hunyuan v3,landscape,7.807803967807558e-07
ai_landscape_sd_3.5_large_landscape_05.png,true,Sd,landscape,8.035858627408743e-05
ai_landscape_z_image_landscape_03.png,true,Z,landscape,0.001893242821097374
ai_landscape_z_image_landscape_02.png,true,Z,landscape,0.0005618007853627205
ai_landscape_sd_3.5_large_landscape_04.png,true,Sd,landscape,6.562192538694944e-06
ai_landscape_sd_3.5_large_landscape_10.png,true,Sd,landscape,1.029810505315254e-06
ai_landscape_hunyuan_v3_landscape_04.png,true,Hunyuan v3,landscape,7.727292540948838e-06
ai_landscape_hunyuan_v3_landscape_10.png,true,Hunyuan v3,landscape,1.2830381592721096e-06
ai_landscape_gpt_image_1.5_landscape_05.png,true,Gpt,landscape,1.4609633581130765e-05
ai_landscape_gpt_image_1.5_landscape_07.png,true,Gpt,landscape,1.2163676501586451e-06
ai_landscape_hunyuan_v3_landscape_06.png,true,Hunyuan v3,landscape,5.620594947686186e-06
ai_landscape_sd_3.5_large_landscape_06.png,true,Sd,landscape,2.554949969635345e-05
ai_landscape_gemini_3_pro_landscape_08.png,true,Gemini 3 Pro,landscape,6.034617399564013e-06
ai_landscape_gemini_3_pro_landscape_09.png,true,Gemini 3 Pro,landscape,1.1848494068544824e-05
ai_landscape_z_image_landscape_01.png,true,Z,landscape,1.9333661839482374e-05
ai_landscape_sd_3.5_large_landscape_07.png,true,Sd,landscape,5.218119895289419e-06
ai_landscape_hunyuan_v3_landscape_07.png,true,Hunyuan v3,landscape,1.7002259482978843e-05
ai_landscape_gpt_image_1.5_landscape_06.png,true,Gpt,landscape,2.1908904273004737e-06
real_art_art_79_oil_painting_of_countryside_landscape_in_frame.jpg,false,,art,2.4280921934405342e-05
real_art_art_163_tLQRMO33DeI.jpg,false,,art,0.00012927975330967456
real_art_art_082_wzSfjeKGiLk.jpg,false,,art,0.0003382829308975488
real_art_art_114_11SmxL6FI1A.jpg,false,,art,4.175969479547348e-06
real_art_art_58_watercolor_landscape_painting.jpg,false,,art,7.920320967969019e-06
real_art_art_040_T2LEdBxpm54.jpg,false,,art,2.3864902686909772e-05
real_art_art_105_HzNNbeGmJko.jpg,false,,art,9.894688446365763e-07
real_art_art_68_vintage_botanical_illustration.jpg,false,,art,0.00011438549699960276
real_art_art_164_GoJrwnPNPbg.jpg,false,,art,9.677313528300147e-07
real_art_art_73_colorful_street_art_graffiti_mural.jpg,false,,art,9.124837379204109e-05
real_art_art_112_zelgyeLINKc.jpg,false,,art,9.88805709312146e-07
real_art_art_034_bkY4pok-UM0.jpg,false,,art,1.4910632728515338e-07
real_art_art_132_xnyXLEyE8L0.jpg,false,,art,1.3464573385135736e-05
real_art_art_149_fnoCqGw7AMg.jpg,false,,art,2.0451267118914984e-05
real_art_art_166_vDZCV1akWss.jpg,false,,art,2.734527129177877e-07
real_art_art_113_Cn2YpUFVkCo.jpg,false,,art,9.072641091734113e-07
real_art_art_78_mosaic_tile_artwork_pattern.jpg,false,,art,1.5085431641637115e-06
real_art_art_72_pastel_colors_watercolor_wash.jpg,false,,art,7.920320967969019e-06
real_art_art_074_QTWm4dJ_Z2E.jpg,false,,art,9.00909708434483e-06
real_art_art_65_abstract_geometric_modern_art.jpg,false,,art,2.675585164979566e-06
real_art_art_056_riFTrh0K4pg.jpg,false,,art,3.712429133884143e-06
real_art_art_096_gzXhH-RiydU.jpg,false,,art,3.2930297493294347e-06
real_art_art_094_JqpsJelnXb8.jpg,false,,art,0.0002204692573286593
real_art_art_56_pencil_and_watercolor_art_supplies_on_table.jpg,false,,art,7.343222705458174e-07
real_art_art_160_PDAzh1rSIa8.jpg,false,,art,4.4772550609195605e-06
real_art_art_152_uH3wpt7gKnQ.jpg,false,,art,3.9050592022249475e-06
real_art_art_088_8qigdir-PfA.jpg,false,,art,1.1484826245578006e-06
real_art_art_070_AYYbqlo5af0.jpg,false,,art,1.2816220760214492e-06
real_art_art_80_digital_art_printed_on_gallery_wall.jpg,false,,art,3.719358574016951e-05
real_art_art_120_NiV9YsPFhM8.jpg,false,,art,9.37613640417112e-06
real_art_art_093_3qoP52UWFiY.jpg,false,,art,7.00283067089913e-07
real_art_art_092_IhDDZyvwwC4.jpg,false,,art,5.895163894820143e-07
real_art_art_108_XOyxignLq1E.jpg,false,,art,1.4755737538507674e-06
real_art_art_127_P2LmtHXV2Wc.jpg,false,,art,6.75081821555068e-07
real_art_art_104_gQxrO5kOABU.jpg,false,,art,1.7982771396418684e-06
real_art_art_097_hBhfEXkihOs.jpg,false,,art,1.1428566722315736e-05
real_art_art_085_Zm74mm1xEDY.jpg,false,,art,1.735324076435063e-06
real_art_art_050_hyoJJZd_hhI.jpg,false,,art,2.8977765964555147e-07
real_art_art_053_jdhYNL0KrCA.jpg,false,,art,0.00020457517530303448
real_art_art_045_dFA5XycbhoQ.jpg,false,,art,0.001990732504054904
real_art_art_057_m-e3AFsfOs0.jpg,false,,art,1.3341891644813586e-05
real_art_art_033_cpAKc-G6lPg.jpg,false,,art,3.7906573879809e-07
real_art_art_159_U0_hlwXFLn0.jpg,false,,art,7.10932397396391e-07
real_art_art_051_PHdLDymaV90.jpg,false,,art,3.5491197536430263e-07
real_art_art_170_Vbbz9pZmn5o.jpg,false,,art,1.7675631170277484e-05
real_art_art_046_DQZl8fxpSp8.jpg,false,,art,8.757092473388184e-07
real_art_art_118_BsAzhHIIwxg.jpg,false,,art,1.789775637917046e-06
real_art_art_117_5MteLUU9FGI.jpg,false,,art,8.470737157040276e-06
real_art_art_66_still_life_oil_painting_with_fruit.jpg,false,,art,7.2164243647421245e-06
real_art_art_121_iKPxCjUU_bg.jpg,false,,art,7.76418255554745e-06
real_art_art_157_8ezfg5oYHNY.jpg,false,,art,2.562811403095111e-07
real_art_art_081_w5bYMd9leus.jpg,false,,art,3.5036089229834033e-07
real_art_art_062_dP9U-tIfU3M.jpg,false,,art,4.897962071481743e-07
real_art_art_032_puf8VwPLAug.jpg,false,,art,8.527946192771196e-05
real_art_art_119_iplwfXCe8a4.jpg,false,,art,3.682316389586049e-07
real_art_art_142_svOht0lwbyk.jpg,false,,art,2.9122738851583563e-05
real_art_art_068_J7w12ShptC0.jpg,false,,art,7.801023684805841e-07
real_art_art_147_oZKmdQlIVds.jpg,false,,art,0.10488379746675491
real_art_art_145_E_JDMtW_l0Y.jpg,false,,art,6.618379302381072e-06
real_art_art_52_watercolor_painting_supplies_on_table.jpg,false,,art,7.343222705458174e-07
real_art_art_144_8XIAf776Fqg.jpg,false,,art,3.2571679184911773e-06
real_art_art_126_wpw8sHoBtSY.jpg,false,,art,0.003152294782921672
real_art_art_066_OnAwhivaqrU.jpg,false,,art,1.8999942767550237e-05
real_art_art_124_VHX-eIns4Wo.jpg,false,,art,1.8677146726986393e-05
real_art_art_158_I0QTg9ctFDY.jpg,false,,art,1.9122489902656525e-06
real_art_art_128_XzG9XYwxgXc.jpg,false,,art,3.321437816339312e-06
real_art_art_62_impressionist_landscape_painting_in_ornate_frame.jpg,false,,art,3.839145847450709e-06
real_art_art_047_OfTVSQTuQ5Y.jpg,false,,art,3.95159645449894e-07
real_art_art_098_sKHf8VwwFdo.jpg,false,,art,6.590298653463833e-07
real_art_art_130_D1IS5s5O9xo.jpg,false,,art,2.9885638923587976e-06
real_art_art_129_0RTmv1Kx9Qk.jpg,false,,art,3.6742101201525657e-06
real_art_art_136_rGu8w3QP48o.jpg,false,,art,2.812186323808419e-07
real_art_art_060_BXkYKWKL7TA.jpg,false,,art,1.8401431134407176e-07
real_art_art_123__yrdstGC_rg.jpg,false,,art,3.18003941401912e-07
real_art_art_64_colorful_mural_on_building_exterior.jpg,false,,art,2.1991170342516853e-06
real_art_art_071_n00dm9FBwrs.jpg,false,,art,0.0017106077866628766
real_art_art_064_1cVQMljvsnw.jpg,false,,art,7.909052328614052e-06
real_art_art_107_7xemAmqHhLc.jpg,false,,art,8.088358640634397e-07
real_art_art_091_IF9x9SGOh1w.jpg,false,,art,2.2634305878455052e-06
real_art_art_058_TOcmDVAo2jo.jpg,false,,art,3.887298134941375e-06
real_art_art_150_1CcjT68gMRM.jpg,false,,art,1.2426812645571772e-06
real_art_art_100_9pU5knbOtgY.jpg,false,,art,7.53493907268421e-07
real_art_art_083_jBV3_PRk1-U.jpg,false,,art,0.0007445570663549006
real_art_art_035_S0c_wsCmlXE.jpg,false,,art,1.6472110928589245e-06
real_art_art_122_nnIzqn6B6fA.jpg,false,,art,9.1704678197857e-06
real_art_art_099_3kIPqGmmgwI.jpg,false,,art,3.106456006207736e-06
real_art_art_141_vsYrMcvb5nQ.jpg,false,,art,5.195894914322707e-07
real_art_art_70_art_gallery_interior_with_paintings_on_walls.jpg,false,,art,1.1342139259795658e-05
real_art_art_048__j6wbAlQ1ow.jpg,false,,art,7.435938641719986e-06
real_art_art_079_93aN5XCAlJs.jpg,false,,art,2.8356942038954003e-06
real_art_art_135_lvqcncxBYqw.jpg,false,,art,2.271367520734202e-07
real_art_art_111_DVauUHIJby0.jpg,false,,art,1.1734066902135964e-05
real_art_art_161_StV72L0DH4A.jpg,false,,art,4.531967078946764e-06
real_art_art_087_U3NtClWLRd4.jpg,false,,art,1.2432225560132792e-07
real_art_art_055_e-XPbBr0NhU.jpg,false,,art,3.6635697142628487e-06
real_art_art_043_e6xd2HXuy0A.jpg,false,,art,3.501968990349269e-07
real_art_art_109_GY_YJtmwPas.jpg,false,,art,2.0327930542407557e-05
real_art_art_61_charcoal_drawing_on_paper.jpg,false,,art,3.408278280403465e-05
real_art_art_137_70l86REbjmk.jpg,false,,art,0.00017683245823718607
real_art_art_154_kBzQNk9AgOg.jpg,false,,art,0.00015016880934126675
real_art_art_037_cuddQwqncLc.jpg,false,,art,0.00016159447841346264
real_art_art_74_gallery_wall_with_multiple_framed_artworks.jpg,false,,art,0.1493871808052063
real_art_art_116_tEbRUeGJDfw.jpg,false,,art,1.7387932530255057e-05
real_art_art_125_ajAj3-55G2A.jpg,false,,art,8.775304394248451e-08
real_art_art_67_acrylic_pour_painting_abstract.jpg,false,,art,4.613055182289827e-07
real_art_art_51_modern_art_gallery_with_paintings_on_white_walls.jpg,false,,art,1.1342139259795658e-05
real_art_art_049_ZW8dIPP4S4U.jpg,false,,art,7.083682618258536e-08
real_art_art_139_DD1fSz2HF1s.jpg,false,,art,6.267073899834941e-07
real_art_art_50_abstract_colorful_painting_on_canvas.jpg,false,,art,4.6699167910446704e-07
real_art_art_165_yN5c71nvg6g.jpg,false,,art,3.1128388400247786e-07
real_art_art_153_rleYWWVY4Pc.jpg,false,,art,3.902615935658105e-05
real_art_art_134_tClS6SPq8Zo.jpg,false,,art,1.94252024243724e-07
real_art_art_090_yCWQevKzkkM.jpg,false,,art,0.0005398348439484835
real_art_art_101_YJCRjsg1LQw.jpg,false,,art,0.00010490828572073951
real_art_art_042_eN6FkYAetF8.jpg,false,,art,0.04765181988477707
real_art_art_059_yjiZAbTDkik.jpg,false,,art,4.82419750369445e-07
real_art_art_54_oil_painting_of_flowers_in_vase.jpg,false,,art,4.9483955081086606e-05
real_art_art_089_IMZ3bM611eA.jpg,false,,art,3.8778307498432696e-07
real_art_art_146_n1mVt4pyFow.jpg,false,,art,1.0852042464648548e-07
real_art_art_169_Uo5MWyegjog.jpg,false,,art,8.991783602141368e-07
real_art_art_073_n3VWZXx5n9I.jpg,false,,art,1.3527356713893823e-05
real_art_art_076_I7BDP_5WPqE.jpg,false,,art,5.85610791858926e-07
real_art_art_53_colorful_abstract_oil_painting_closeup.jpg,false,,art,4.0241926058115496e-07
real_art_art_080_nNqBDh_l3oE.jpg,false,,art,4.917498230838646e-08
real_art_art_061_XuHkodhmiyk.jpg,false,,art,5.153368692845106e-05
real_art_art_60_colorful_paint_brushstrokes_close_up_texture.jpg,false,,art,4.0241926058115496e-07
real_art_art_71_renaissance_painting_in_gilded_frame.jpg,false,,art,8.02178055892e-06
real_art_art_69_mixed_media_collage_artwork.jpg,false,,art,5.585371127381222e-06
real_art_art_168_u7zd4x6-dx8.jpg,false,,art,5.394431923377851e-07
real_art_art_095_9_vYkYnWn2w.jpg,false,,art,3.710243618115783e-05
real_art_art_138_007R8JewpwU.jpg,false,,art,2.0261420559108956e-06
real_art_art_069_ziIJiGSkfR4.jpg,false,,art,2.5745060838744394e-07
real_art_art_63_sculpture_in_art_museum_with_natural_light.jpg,false,,art,0.0007119040819816291
real_art_art_106_cqKG2s6WP6s.jpg,false,,art,5.435729804048606e-07
real_art_art_59_classical_oil_portrait_painting_in_museum.jpg,false,,art,6.0802713051089086e-06
real_art_art_039_izfOdN-3zw0.jpg,false,,art,5.440895733954676e-07
real_art_art_57_graffiti_street_art_on_brick_wall.jpg,false,,art,5.226715984463226e-06
real_art_art_084_JPFWudeuc54.jpg,false,,art,4.4069718569517136e-05
real_art_art_133_h1jyIBttST0.jpg,false,,art,1.0813749895532965e-06
real_art_art_038_UwKXPb7N9UY.jpg,false,,art,3.7602291058647097e-07
real_art_art_054_Erf1Kz7ZE5Y.jpg,false,,art,6.943855623831041e-07
real_art_art_078_RYtFleIk_4U.jpg,false,,art,4.0381397070632374e-07
real_art_art_75_oil_painting_landscape_with_trees.jpg,false,,art,3.44996522017027e-07
real_art_art_041_4POG9GQo7Aw.jpg,false,,art,4.696338748999551e-07
real_art_art_162_jrDzerLmfW0.jpg,false,,art,3.2539031735723256e-07
real_art_art_167_Jpjj_v1-5OM.jpg,false,,art,3.653144858617452e-06
real_art_art_102_rXtXA42Lgzs.jpg,false,,art,5.889802991987381e-07
real_art_art_140_Rq74Wkhffok.jpg,false,,art,3.6774213185708504e-06
real_art_art_086_OTP0nlljatI.jpg,false,,art,8.995506846076751e-07
real_art_art_036_KQBsTXCvGwM.jpg,false,,art,2.3488468286814168e-05
real_art_art_76_handwritten_calligraphy_on_white_paper.jpg,false,,art,3.5609253245638683e-05
real_art_art_072_F2olcCyRQBw.jpg,false,,art,6.9836150942137465e-06
real_art_art_067_LOvJ2ECcUJY.jpg,false,,art,9.232198863173835e-06
real_art_art_052_OpqAtrUNJeI.jpg,false,,art,1.1579988495213911e-05
real_art_art_044_hptNUC-iitA.jpg,false,,art,1.575639998918632e-06
real_art_art_151_tuU1puvTmWw.jpg,false,,art,5.042386987952341e-07
real_art_art_103_cLRvJPVw69U.jpg,false,,art,8.169486704900919e-07
real_art_art_065_akbHiqZy4Pg.jpg,false,,art,7.149119340965626e-08
real_art_art_148_-bA6TkrToiY.jpg,false,,art,1.2866458746429998e-05
real_art_art_77_street_art_portrait_on_concrete_wall.jpg,false,,art,3.141083652735688e-05
real_art_art_131_bPqJ9ssfjqs.jpg,false,,art,2.1832438505953178e-06
real_art_art_55_art_museum_gallery_room_with_framed_paintings.jpg,false,,art,2.9962120606796816e-06
real_art_art_110_hY3KGFVG-i0.jpg,false,,art,1.762261126714293e-05
real_art_art_156_u2RlwQc1qiQ.jpg,false,,art,6.469700019806623e-05
real_art_art_075_ff0HoIx3PzU.jpg,false,,art,4.843037118007487e-07
real_art_art_143_TzAydhJ4QzE.jpg,false,,art,2.4649540364407585e-07
real_art_art_077_IExOV9fFQBM.jpg,false,,art,7.363865279330639e-06
real_art_art_155_KWpm9MmEo2s.jpg,false,,art,4.1387698729522526e-05
real_art_art_063_heeEKtHAYEg.jpg,false,,art,3.882993041770533e-06
real_art_art_115_iMdsjoiftZo.jpg,false,,art,0.0004594943893607706
real_portrait_portrait_76_a_group_of_people_standing_around_a_white_cake.jpg,false,,portrait,5.218942169449292e-05
real_portrait_portrait_55_a_woman_holding_a_smart_phone_next_to_a_group_of_people.jpg,false,,portrait,3.750119503820315e-07
real_portrait_portrait_118_iJGhIMWKz7w.jpg,false,,portrait,5.095547521705157e-07
real_portrait_portrait_094_7A5eK3q9qUA.jpg,false,,portrait,7.851821806070802e-07
real_portrait_portrait_62_a_group_of_men_standing_and_sitting_next_to_each_other.jpg,false,,portrait,4.9312857299810275e-05
real_portrait_portrait_51_a_woman_is_helping_a_child_put_on_skis.jpg,false,,portrait,3.4917916309495922e-06
real_portrait_portrait_065_6lWqkLIh5L8.jpg,false,,portrait,7.419242137984838e-06
real_portrait_portrait_039_ZW3dnRiZD9U.jpg,false,,portrait,4.762490561915911e-07
real_portrait_portrait_135_BZzHWmQUszE.jpg,false,,portrait,2.237420204664886e-07
real_portrait_portrait_83_a_tennis_player_who_has_just_made_a_shot.jpg,false,,portrait,2.2180680048222712e-07
real_portrait_portrait_57_a_young_man_and_woman_holding_their_heads_close_to_each_othe.jpg,false,,portrait,3.074880794429191e-07
real_portrait_portrait_67_there_are_many_bike_riders_racing_in_a_street_race.jpg,false,,portrait,5.485917426995002e-07
real_portrait_portrait_058_dWiK1hrTl14.jpg,false,,portrait,1.4487289945464e-07
real_portrait_portrait_086_kpR9Mwgkj8c.jpg,false,,portrait,5.019472268941172e-07
real_portrait_portrait_075_VQRm94PV_20.jpg,false,,portrait,4.438245923665818e-06
real_portrait_portrait_151_LlHgaeBwYVE.jpg,false,,portrait,7.657709829800297e-06
real_portrait_portrait_077_IIWiU1QXmWY.jpg,false,,portrait,1.3020189726375975e-07
real_portrait_portrait_100_2FM9g-vAkJg.jpg,false,,portrait,7.548636858700775e-06
real_portrait_portrait_098_wX7NeTEXq_w.jpg,false,,portrait,1.7245444041691371e-06
real_portrait_portrait_071__lP2UOoZJKk.jpg,false,,portrait,1.3365654922381509e-05
real_portrait_portrait_81_two_men_next_to_each_other_holding_wine_glasses.jpg,false,,portrait,4.110894735731563e-08
real_portrait_portrait_114_VcWRNg2ju7Y.jpg,false,,portrait,9.995463301493146e-08
real_portrait_portrait_65_three_women_sitting_on_a_train_seat_on_cellphones.jpg,false,,portrait,9.330311456778873e-08
real_portrait_portrait_054_cFgCc3PM-A0.jpg,false,,portrait,1.6328531273757108e-06
real_portrait_portrait_067_ua9Im1zPoGM.jpg,false,,portrait,7.376407324954926e-07
real_portrait_portrait_63_a_man_sitting_at_a_table_eating_food_from_a_plate.jpg,false,,portrait,2.522638851587544e-06
real_portrait_portrait_119_lAAmMH2c2gU.jpg,false,,portrait,7.393292435153853e-06
real_portrait_portrait_72_a_man_swinging_a_tennis_racket_at_a_tennis_ball.jpg,false,,portrait,2.102465543885046e-07
real_portrait_portrait_77_three_men_smiling_holding_a_wii_controller_in_their_hands.jpg,false,,portrait,6.236883200472221e-05
real_portrait_portrait_70_two_sets_of_hands_are_each_holding_a_cell_phone_while_anothe.jpg,false,,portrait,2.423331579848309e-07
real_portrait_portrait_168_ht1JkZ7tYmY.jpg,false,,portrait,6.08919151545706e-07
real_portrait_portrait_58_woman_listening_on_her_phone_while_smoking_a_cigarette.jpg,false,,portrait,0.009684909135103226
real_portrait_portrait_137_O5BSKKHYiEU.jpg,false,,portrait,3.107301438376453e-07
real_portrait_portrait_59_a_woman_taking_a_selfie_with_a_mobile_phone.jpg,false,,portrait,6.651957846770529e-07
real_portrait_portrait_060_wyCDQSzN8XE.jpg,false,,portrait,2.3324540165958751e-07
real_portrait_portrait_081_2EmLMaTshko.jpg,false,,portrait,3.310860847705044e-07
real_portrait_portrait_059_pFbJuxSwuhI.jpg,false,,portrait,5.496443122865458e-07
real_portrait_portrait_048_8sbwihARadA.jpg,false,,portrait,8.102031188172987e-07
real_portrait_portrait_167_guDkXldTxy8.jpg,false,,portrait,1.6461823406643816e-06
real_portrait_portrait_095_E38Gb_nVPck.jpg,false,,portrait,7.137775241972122e-07
real_portrait_portrait_043_aDvDvH428RQ.jpg,false,,portrait,1.324215531894879e-06
real_portrait_portrait_133_iiQ-mmG2NxI.jpg,false,,portrait,3.0330522804433713e-07
real_portrait_portrait_128_nE6EPBrM-EA.jpg,false,,portrait,1.7618578567635268e-05
real_portrait_portrait_050_eoAubhPm6H8.jpg,false,,portrait,1.4503422107736696e-07
real_portrait_portrait_134_UY52j2uUvdU.jpg,false,,portrait,6.859437462480855e-07
real_portrait_portrait_104_eq9FtP7XwJI.jpg,false,,portrait,7.448507858498488e-06
real_portrait_portrait_092_uTad53fcxss.jpg,false,,portrait,5.2727150432474446e-06
real_portrait_portrait_062_ILz31HBGEak.jpg,false,,portrait,1.914092354127206e-05
real_portrait_portrait_085_qV16cq3T420.jpg,false,,portrait,1.2264298732134193e-07
real_portrait_portrait_170_cQPUosG9dQE.jpg,false,,portrait,6.259380711526319e-07
real_portrait_portrait_147_RYNTlcn0e3k.jpg,false,,portrait,2.1847507980510272e-07
real_portrait_portrait_103_TsvawNBQ7k0.jpg,false,,portrait,1.9448336274763278e-07
real_portrait_portrait_047_kN_F83xqdiM.jpg,false,,portrait,7.1769877649785485e-06
real_portrait_portrait_105_Knvzw8_L_80.jpg,false,,portrait,2.5656703428467154e-07
real_portrait_portrait_101_WXp2BT0AgnE.jpg,false,,portrait,2.9121329703230003e-07
real_portrait_portrait_153_k_NkqIaRhro.jpg,false,,portrait,1.2930887578477268e-06
real_portrait_portrait_71_a_woman_brushes_her_teeth_with_foamy_toothpaste.jpg,false,,portrait,2.8994380045332946e-05
real_portrait_portrait_142_mJaDIZr6eMY.jpg,false,,portrait,2.8860495149274357e-06
real_portrait_portrait_083_LN8t4ZAGZFQ.jpg,false,,portrait,5.454314759845147e-07
real_portrait_portrait_115_82NWNb5AGWc.jpg,false,,portrait,1.8533431500600273e-07
real_portrait_portrait_64_a_woman_smiles_from_behind_the_book_she_has_been_reading.jpg,false,,portrait,4.273903897455966e-08
real_portrait_portrait_102_QGMWr63tKoo.jpg,false,,portrait,1.5636466059731902e-06
real_portrait_portrait_037_M34IAftLLsY.jpg,false,,portrait,8.390813945879927e-07
real_portrait_portrait_79_a_copse_of_men_sitting_next_to_each_other_at_a_table.jpg,false,,portrait,7.948614921815533e-08
real_portrait_portrait_068_g_eJl04NKEY.jpg,false,,portrait,3.341500018905208e-07
real_portrait_portrait_53_two_men_wearing_suits_and_hats_are_walking_together.jpg,false,,portrait,1.4552163918324368e-07
real_portrait_portrait_055_ycF8akmJ_RU.jpg,false,,portrait,0.024955186992883682
real_portrait_portrait_129_jqsprpPrn9w.jpg,false,,portrait,1.5646863005258638e-07
real_portrait_portrait_138_NOcaza8sIBg.jpg,false,,portrait,1.761126986821182e-05
real_portrait_portrait_78_a_woman_holding_a_plate_of_cake_covered_in_frosting.jpg,false,,portrait,5.653833454744017e-07
real_portrait_portrait_130_4wIY3oykWMo.jpg,false,,portrait,6.66747655486688e-06
real_portrait_portrait_099_dKH-4ml-5I4.jpg,false,,portrait,5.869353572052205e-07
real_portrait_portrait_093_8gRw4V0_XJA.jpg,false,,portrait,2.8214378744451096e-06
real_portrait_portrait_109_IOkL3ZqAapM.jpg,false,,portrait,2.61334098468069e-05
real_portrait_portrait_74_a_person_helping_a_woman_put_on_a_tie.jpg,false,,portrait,1.7342372871098632e-07
real_portrait_portrait_121_hQBQ1ATvH10.jpg,false,,portrait,1.621050245148581e-07
real_portrait_portrait_076_6fc0hcXapYU.jpg,false,,portrait,0.00019288956536911428
real_portrait_portrait_155_3kWZ-gVZAG0.jpg,false,,portrait,7.533157599937113e-07
real_portrait_portrait_140_83BjY5qcPKg.jpg,false,,portrait,3.2685895234862983e-07
real_portrait_portrait_087_gENx9JQeQWs.jpg,false,,portrait,2.248593773401808e-06
real_portrait_portrait_084_7BDP97v-tT8.jpg,false,,portrait,1.2557429727166891e-06
real_portrait_portrait_040_kl22CsySpcw.jpg,false,,portrait,7.592204269712965e-07
real_portrait_portrait_161_Tay3IMQpKHA.jpg,false,,portrait,1.437892592548451e-06
real_portrait_portrait_045_3F6Jo667E4w.jpg,false,,portrait,4.227733370498754e-06
real_portrait_portrait_116_L4CAMVlnRlg.jpg,false,,portrait,1.4730344446434174e-06
real_portrait_portrait_072_VlOrWGCFl_w.jpg,false,,portrait,2.2390875642486208e-07
real_portrait_portrait_044_NljdMbT3s30.jpg,false,,portrait,1.619220824977674e-06
real_portrait_portrait_122_LpIy3YxbDA4.jpg,false,,portrait,9.593247341399547e-06
real_portrait_portrait_156_HC2t702jdGo.jpg,false,,portrait,7.715898391325027e-07
real_portrait_portrait_69_a_crowd_of_people_standing_around_each_other.jpg,false,,portrait,3.7203324154688744e-07
real_portrait_portrait_73_a_baseball_player_talks_with_an_umpire.jpg,false,,portrait,1.7493514405941823e-06
real_portrait_portrait_096_Rur5fFIrWNY.jpg,false,,portrait,5.952119295216107e-07
real_portrait_portrait_61_a_clown_talking_on_a_phone_next_to_a_building.jpg,false,,portrait,1.1202354244232993e-07
real_portrait_portrait_090_UNJ3hCbuHXA.jpg,false,,portrait,3.8017748948959706e-08
real_portrait_portrait_148_ofgYwK8j_cQ.jpg,false,,portrait,3.556322951681068e-07
real_portrait_portrait_113_J_I5FfqShJw.jpg,false,,portrait,3.308881844077405e-07
real_portrait_portrait_152_P7ASbD-vHW8.jpg,false,,portrait,3.7658313090105366e-07
real_portrait_portrait_56_a_woman_holding_her_cell_phone_tucked_in_a_wool_cover.jpg,false,,portrait,1.418809745246108e-07
real_portrait_portrait_107_W80TTxhRRU4.jpg,false,,portrait,5.277395871416957e-07
real_portrait_portrait_073_yAsJE9nFiFw.jpg,false,,portrait,2.6750822712529043e-07
real_portrait_portrait_091_xX9r2xULy7s.jpg,false,,portrait,3.5518795016287186e-07
real_portrait_portrait_082_QwsCqHTim98.jpg,false,,portrait,2.76284509936886e-07
real_portrait_portrait_132_shb8l1o-0Zk.jpg,false,,portrait,0.00018921899027191103
real_portrait_portrait_078_cT4-8tBBJDA.jpg,false,,portrait,3.858415766444523e-06
real_portrait_portrait_160_PEgf72cgr-w.jpg,false,,portrait,2.43136412336753e-07
real_portrait_portrait_038_62Ims7pw_X8.jpg,false,,portrait,1.370345444229315e-06
real_portrait_portrait_75_a_man_wearing_a_suit_and_tie_and_red_hat_with_a_silver_buckl.jpg,false,,portrait,2.136120400564323e-07
real_portrait_portrait_051_63KDwZUZQw8.jpg,false,,portrait,3.46562870845446e-07
real_portrait_portrait_82_a_man_wearing_a_tie_jacket_and_white_shirt.jpg,false,,portrait,0.00010671727795852348
real_portrait_portrait_52_three_students_check_their_cell_phones_in_a_classroom.jpg,false,,portrait,6.534412477776641e-08
real_portrait_portrait_063_Qm4yrKLiawY.jpg,false,,portrait,0.6664631962776184
real_portrait_portrait_84_three_young_men_playing_wii_on_a_projection_television.jpg,false,,portrait,1.553850239588428e-07
real_portrait_portrait_159_o47Lif2bfqI.jpg,false,,portrait,1.4553957043972332e-06
real_portrait_portrait_041_vCZFKRZes_0.jpg,false,,portrait,7.88486886449391e-07
real_portrait_portrait_064_KrLXXQSojYs.jpg,false,,portrait,9.643924840929685e-07
real_portrait_portrait_112_OxPuMO3zQ9s.jpg,false,,portrait,1.0477607474967954e-06
real_portrait_portrait_145_DQ9dW9v65Fc.jpg,false,,portrait,0.00011866705608554184
real_portrait_portrait_117_4XrEyN5sXhA.jpg,false,,portrait,2.1607581857097102e-07
real_portrait_portrait_070_kNZd7qT8ASY.jpg,false,,portrait,9.472304896007699e-07
real_portrait_portrait_146_I03ZQjTt4WI.jpg,false,,portrait,1.8707332571921143e-07
real_portrait_portrait_163_6qRpAg4pPEU.jpg,false,,portrait,7.0055884862085804e-06
real_portrait_portrait_80_two_men_smiling_and_taking_a_picture_together.jpg,false,,portrait,2.877791018818243e-07
real_portrait_portrait_150_itdkHUjTuIY.jpg,false,,portrait,1.6496082935191225e-06
real_portrait_portrait_046_k1QqUSvRObc.jpg,false,,portrait,3.66728556855378e-07
real_portrait_portrait_056_JxbqicKm-ko.jpg,false,,portrait,2.2293991719379846e-07
real_portrait_portrait_042_2xf2beBy7Wo.jpg,false,,portrait,0.0024935093242675066
real_portrait_portrait_126_jxltRrbjtdI.jpg,false,,portrait,1.1149463716719765e-06
real_portrait_portrait_061_IppB3SB9f6s.jpg,false,,portrait,2.1652654424997309e-07
real_portrait_portrait_68_a_photo_of_a_young_male_in_a_suit_jacket_and_tie.jpg,false,,portrait,3.0885174055583775e-05
real_portrait_portrait_124_Hd2T6EzW_2Q.jpg,false,,portrait,7.582024181829183e-07
real_portrait_portrait_50_a_man_wearing_a_top_hat_and_a_red_tie.jpg,false,,portrait,1.3001110801269533e-06
real_portrait_portrait_057_ZbvHaiUwVfo.jpg,false,,portrait,4.381052463031665e-07
real_portrait_portrait_079_fGfUJnZD3Mw.jpg,false,,portrait,1.305335217693937e-06
real_portrait_portrait_127_ZhJsD9T_20Q.jpg,false,,portrait,1.3087763761632232e-07
real_portrait_portrait_136_SwcnAmIRZYc.jpg,false,,portrait,3.1904497177492885e-07
real_portrait_portrait_110_9iAIfjrSFYw.jpg,false,,portrait,1.2303308949412894e-07
real_portrait_portrait_139_5Uvy1WMaUHw.jpg,false,,portrait,1.594436582763592e-07
real_portrait_portrait_097_JibO_kC6vh4.jpg,false,,portrait,7.680782800889574e-07
real_portrait_portrait_157_jG4xhAmz-uQ.jpg,false,,portrait,5.616666840069229e-06
real_portrait_portrait_141_l7PnmcqTj5Q.jpg,false,,portrait,7.490250027331058e-06
real_portrait_portrait_125_Oz7_usBqwuY.jpg,false,,portrait,0.00046397835831157863
real_portrait_portrait_143_peP3zrquunA.jpg,false,,portrait,4.306925802666228e-06
real_portrait_portrait_165_rEKKAV83i-8.jpg,false,,portrait,5.69404861039402e-08
real_portrait_portrait_069_Q7p9V_xHe08.jpg,false,,portrait,6.667352863587439e-05
real_portrait_portrait_144_WUhpW32kBek.jpg,false,,portrait,1.9463718103907013e-07
real_portrait_portrait_089_dgGWnapezLs.jpg,false,,portrait,7.144633968891867e-07
real_portrait_portrait_074_P_pjzMeIbj8.jpg,false,,portrait,6.706758313157479e-07
real_portrait_portrait_036_IHJtKBe9xNs.jpg,false,,portrait,2.258749373140745e-05
real_portrait_portrait_049_-lb-Wob1TeQ.jpg,false,,portrait,5.170289796296856e-07
real_portrait_portrait_66_a_woman_holding_a_child_wrapped_in_a_towel_brushing_her_teet.jpg,false,,portrait,6.483747228003267e-08
real_portrait_portrait_54_the_young_boy_just_finished_eating_the_banana.jpg,false,,portrait,2.9177567739679944e-07
real_portrait_portrait_60_there_are_people_playing_a_soccer_game_on_the_field.jpg,false,,portrait,9.094688380173466e-07
real_portrait_portrait_166_w-pEeDGN1w0.jpg,false,,portrait,1.0898646678469959e-06
real_portrait_portrait_123_o1iV6Di2FX0.jpg,false,,portrait,1.8186401575803757e-06
real_portrait_portrait_162_1kJy_HK3eGI.jpg,false,,portrait,5.592491561401403e-06
real_portrait_portrait_108_xz-qq9KNgwk.jpg,false,,portrait,1.6549706742807757e-06
real_portrait_portrait_149_qj1vIzXOtYo.jpg,false,,portrait,2.9436264981086424e-07
real_portrait_portrait_164_qk6CnpKNmVw.jpg,false,,portrait,2.7004867320101766e-07
real_portrait_portrait_131_rcXU8Tezb_k.jpg,false,,portrait,5.24445852079225e-07
real_portrait_portrait_053_oKA8kDSZpCc.jpg,false,,portrait,1.4257055624966597e-07
real_portrait_portrait_066_bSNJ6R5Qrt4.jpg,false,,portrait,6.927049298610655e-07
real_portrait_portrait_120_WSxluGgdlFQ.jpg,false,,portrait,1.7889244929847337e-07
real_portrait_portrait_169_-7JAEi4PhTU.jpg,false,,portrait,4.752853328682249e-06
real_portrait_portrait_158_8kDx62gZRzk.jpg,false,,portrait,6.178102580634004e-07
real_portrait_portrait_052_FvrjfNKpITc.jpg,false,,portrait,1.3716250180095813e-07
real_portrait_portrait_088_iMYRUK-oadw.jpg,false,,portrait,1.152176309915376e-06
real_portrait_portrait_154_fXik2Do-bB4.jpg,false,,portrait,4.3446507902444864e-07
real_portrait_portrait_080_uOnxXwB3KNE.jpg,false,,portrait,1.2611443708010484e-05
real_portrait_portrait_106_ZzNLsAPymuI.jpg,false,,portrait,1.5129044186323881e-06
real_portrait_portrait_111_tEQV_wnx3U8.jpg,false,,portrait,1.005588615043962e-06
real_product_product_161_paw_7bdZ8Xg.jpg,false,,product,3.2318894227501005e-07
real_product_product_118_0ON2rLuvo5c.jpg,false,,product,2.657907032244111e-07
real_product_product_035_s9TJ2ncyLcQ.jpg,false,,product,1.0880371519306209e-05
real_product_product_162_iCW61HY_vjg.jpg,false,,product,9.264626754657002e-08
real_product_product_039_AaRflAurGmg.jpg,false,,product,2.3029253952699946e-06
real_product_product_140_xRyL63AwZFE.jpg,false,,product,2.140816150131286e-06
real_product_product_067_IWOOT4ChLjM.jpg,false,,product,8.437009455519728e-07
real_product_product_066_-jXsYZeA7tQ.jpg,false,,product,2.172522499677143e-06
real_product_product_70_a_young_woman_sitting_cross_legged_on_an_apartment_sofa.jpg,false,,product,1.5803924213741993e-07
real_product_product_115_a0dGKKDQUQ8.jpg,false,,product,4.944164174958132e-05
real_product_product_130_BDFWZ3fLxrg.jpg,false,,product,2.5517992980894633e-05
real_product_product_094_oZzoDW61aoM.jpg,false,,product,0.001703197485767305
real_product_product_077_oyr64kMIz98.jpg,false,,product,7.505695521103917e-06
real_product_product_50_a_living_room_filled_with_furniture_and_decor.jpg,false,,product,2.3169506846443255e-07
real_product_product_168_qsYM_gFgliw.jpg,false,,product,2.1503521452359564e-07
real_product_product_125_Re8T5DwoMic.jpg,false,,product,1.1036901241823216e-06
real_product_product_166_P_fMqU34A3I.jpg,false,,product,1.163414481197833e-06
real_product_product_046_G59UIKfHz6o.jpg,false,,product,0.003616410307586193
real_product_product_139_5JuLcub3dYg.jpg,false,,product,9.025565077536157e-07
real_product_product_058_fX8leXj8Q4o.jpg,false,,product,3.2069272037915653e-06
real_product_product_087__vAuxGCAfjQ.jpg,false,,product,1.1029182900301748e-07
real_product_product_078_1UFTd1eRamE.jpg,false,,product,5.893629122510902e-07
real_product_product_80_kitchen_area_with_counter_top_space_and_dining_room_table.jpg,false,,product,1.9191789135675208e-07
real_product_product_81_a_pizza_sitting_on_top_of_a_plate_next_to_a_foil_bag_of_food.jpg,false,,product,4.8460073287515115e-08
real_product_product_60_three_laptop_computers_and_a_desktop_computer_sit_next_to_ea.jpg,false,,product,5.43026352772813e-08
real_product_product_042_NydHbLFLoS8.jpg,false,,product,1.687805252004182e-06
real_product_product_050_udHDq62Dgpc.jpg,false,,product,4.0261463141177956e-07
real_product_product_145_F7FhTijeOG8.jpg,false,,product,1.0585961263132049e-06
real_product_product_137_OmfMncXSshw.jpg,false,,product,3.29868562403135e-05
real_product_product_041_iW1l64BMMR0.jpg,false,,product,4.006539029433043e-07
real_product_product_103_i4Tv0A_n4EQ.jpg,false,,product,8.947756214183755e-06
real_product_product_073_m3MWJTeKGBg.jpg,false,,product,5.627499922411516e-05
real_product_product_036_ww2S2eKgbKE.jpg,false,,product,2.5936147721949965e-05
real_product_product_111_utu66oQU6vI.jpg,false,,product,5.625474841508549e-06
real_product_product_68_a_woman_holding_a_cigarette_smiling_at_the_camera_on_a_sunny.jpg,false,,product,1.8097095733082824e-07
real_product_product_045_00y8k1-0DlA.jpg,false,,product,3.4779432098730467e-06
real_product_product_63_a_picture_of_a_cluttered_home_office_desk.jpg,false,,product,6.628838633560008e-08
real_product_product_54_young_children_sharing_a_laptop_in_a_messy_room_with_several.jpg,false,,product,5.2848001530492184e-08
real_product_product_079_8LotN6HsaT4.jpg,false,,product,0.012696841731667519
real_product_product_095_UaaqY7j09B8.jpg,false,,product,4.605749666097836e-07
real_product_product_71_the_child_smiles_brightly_while_being_handed_a_pink_umbrella.jpg,false,,product,2.3450290598248102e-07
real_product_product_101_G6ntxf-QoSI.jpg,false,,product,2.9035522857157048e-06
real_product_product_66_a_woman_holding_up_a_large_carrot_in_a_backyard.jpg,false,,product,2.396963623141346e-07
real_product_product_099_s_IHISlORGo.jpg,false,,product,1.4136247727947193e-07
real_product_product_069_3dVjKoVYgD0.jpg,false,,product,8.78142941473925e-07
real_product_product_061_nRVn-_k1uMI.jpg,false,,product,5.886327016924042e-07
real_product_product_64_a_cat_lying_down_in_a_sink_in_a_bathroom.jpg,false,,product,8.147951291448408e-08
real_product_product_049_9ouht2FSTDU.jpg,false,,product,0.00011045455903513357
real_product_product_104_CoNkFbYZzBI.jpg,false,,product,9.811136578719015e-07
real_product_product_144_TE4vKu9w5lI.jpg,false,,product,2.2346672778894572e-07
real_product_product_076_MhPJdWYWbWI.jpg,false,,product,9.656781685407623e-07
real_product_product_77_a_motorized_cart_fills_a_train_with_luggage.jpg,false,,product,1.9849630916723981e-07
real_product_product_106_kF8pH4lMkyc.jpg,false,,product,6.913968491062406e-07
real_product_product_068_fUd_0iyYFVg.jpg,false,,product,1.1089643976447405e-06
real_product_product_73_a_laptop_in_a_bright_yellow_coffee_house.jpg,false,,product,3.00797410091036e-07
real_product_product_127_EIH4dHgb6Tg.jpg,false,,product,8.47030878503574e-06
real_product_product_149_KBqiQ6coMcI.jpg,false,,product,1.8605774698698951e-07
real_product_product_72_a_group_of_people_are_reading_a_menu_at_the_table.jpg,false,,product,8.366267820747453e-07
real_product_product_085_Si69OZ_9tg0.jpg,false,,product,1.8464221795966296e-07
real_product_product_083_OAlYImdG1IQ.jpg,false,,product,2.421645831418573e-06
real_product_product_141_92bRtruSyPU.jpg,false,,product,6.798135814278794e-07
real_product_product_117_vnCxhLnaxS8.jpg,false,,product,3.357671175763244e-06
real_product_product_105_skF1azpN4rk.jpg,false,,product,2.329984027937826e-07
real_product_product_072_9rWHrdJfZBw.jpg,false,,product,8.332506240549264e-07
real_product_product_132_aJm2XW384QA.jpg,false,,product,1.414905273122713e-05
real_product_product_057_AZiyMfuAum4.jpg,false,,product,5.227295787335606e-07
real_product_product_097_g1MocwsEZhI.jpg,false,,product,2.491525492587243e-07
real_product_product_74_two_computers_sitting_on_top_of_a_desk.jpg,false,,product,7.867901103963959e-07
real_product_product_043_B8_YF4fjPwo.jpg,false,,product,2.8627355277421884e-06
real_product_product_047_BXlSfmhVEzE.jpg,false,,product,1.1575340977287851e-05
real_product_product_062_4Q4LpNP-UAs.jpg,false,,product,3.0980625069787493e-06
real_product_product_69_a_desk_with_a_cup_plate_laptop_monitor_and_keyboard.jpg,false,,product,1.660014703475099e-07
real_product_product_133_5GibcyAX20Q.jpg,false,,product,5.599086216534488e-05
real_product_product_170_z14hF-2ssM0.jpg,false,,product,2.163825683965115e-06
real_product_product_120_63EhFafADqI.jpg,false,,product,7.162472320487723e-05
real_product_product_086_vWR6FDWA5hk.jpg,false,,product,1.0251472986055887e-06
real_product_product_100_Pledx042HMI.jpg,false,,product,0.15792641043663025
real_product_product_053_AxdlcxaModc.jpg,false,,product,7.84679969001445e-07
real_product_product_110_9yY6qj6N4Ek.jpg,false,,product,1.4270115400449868e-07
real_product_product_138_gR8QukPoAvQ.jpg,false,,product,1.2604631365320529e-06
real_product_product_090_xepikEyPgmI.jpg,false,,product,6.962966835999396e-06
real_product_product_165_b2_pVdk4lGI.jpg,false,,product,2.53618537726652e-07
real_product_product_136_TH4Ug5gGgD8.jpg,false,,product,1.3785097507934552e-07
real_product_product_096_1CQjStL89kQ.jpg,false,,product,5.75739104533568e-05
real_product_product_52_a_room_with_a_desktop_computer_and_a_picture_of_a_mummy.jpg,false,,product,6.978716982075639e-08
real_product_product_044_P3BwhD8sa6M.jpg,false,,product,3.591196218621917e-06
real_product_product_084__pA5RUGRPvg.jpg,false,,product,6.7246032813272905e-06
real_product_product_153_CjcqO587KRI.jpg,false,,product,6.118948931543855e-06
real_product_product_071_XYq2hcSmakA.jpg,false,,product,1.0751009682508084e-07
real_product_product_129_bQjEEII7G5E.jpg,false,,product,1.2774324886777322e-07
real_product_product_164_pNRLVLA1gNU.jpg,false,,product,0.00022000749595463276
real_product_product_67_a_floor_filled_with_the_contents_of_a_womans_bag.jpg,false,,product,1.4547751447935298e-07
real_product_product_158_Ow4X45p6mIw.jpg,false,,product,1.6806911844469141e-06
real_product_product_123_T4xh5oV8LuY.jpg,false,,product,1.8234004528494552e-06
real_product_product_147_Dx47EsVBnEo.jpg,false,,product,7.102072686393512e-06
real_product_product_148_UlNDzqInCXk.jpg,false,,product,2.9495688522729324e-06
real_product_product_064_A_fBQe39A4k.jpg,false,,product,4.66751771455165e-06
real_product_product_169_en-RjVJurms.jpg,false,,product,0.00040257253567688167
real_product_product_088_XLnkWVCPuoU.jpg,false,,product,2.7518495699041523e-05
real_product_product_61_a_marine_that_is_looking_at_his_cell_phone.jpg,false,,product,1.4170872191243689e-06
real_product_product_109_UuAs_sR4frs.jpg,false,,product,0.14921733736991882
real_product_product_056_ZQm_wg8jxhI.jpg,false,,product,7.511585522479436e-07
real_product_product_052_Lwqv4tEIKOU.jpg,false,,product,4.926154133499949e-07
real_product_product_093_MzFclBeMwSo.jpg,false,,product,1.01694649856654e-06
real_product_product_082_gRPFfk_c0HE.jpg,false,,product,7.428690150845796e-05
real_product_product_055_PMhYnFuj1ls.jpg,false,,product,3.297097919130465e-07
real_product_product_152_eORbhX0F4_4.jpg,false,,product,9.805461331779952e-08
real_product_product_160_iwwMFnt1GTc.jpg,false,,product,2.6647479899111204e-05
real_product_product_75_a_computer_mouse_is_beside_a_notebook_computer.jpg,false,,product,5.276097070350261e-08
real_product_product_122_TVWBH7UHQ7Y.jpg,false,,product,1.116176235882449e-06
real_product_product_070_LDlC-35X2uU.jpg,false,,product,4.161551032666466e-07
real_product_product_051_MdZFPwlWMYs.jpg,false,,product,4.5549569449576666e-07
real_product_product_060_RAmpnn20rmY.jpg,false,,product,1.6092376426968258e-06
real_product_product_143_kVuPfz-3HKw.jpg,false,,product,7.342242156482826e-07
real_product_product_034_VlgzxZZKQOQ.jpg,false,,product,3.1753409075463424e-06
real_product_product_128_wk8ilTaXqw4.jpg,false,,product,4.325200279708952e-05
real_product_product_82_a_crowd_of_people_with_umbrellas_on_a_street.jpg,false,,product,1.0571513939794386e-06
real_product_product_119_0QP-0DUaCo4.jpg,false,,product,1.7653364636771585e-07
real_product_product_159_AWWUNRA1KFw.jpg,false,,product,0.00011290465772617608
real_product_product_57_a_big_fancy_glass_chandelier_hanging_in_a_small_kitchen.jpg,false,,product,2.0802751521387108e-07
real_product_product_124_yb3hsmz4utg.jpg,false,,product,2.708851525312639e-06
real_product_product_78_a_woman_with_suitcases_waiting_for_a_train.jpg,false,,product,5.838536409896733e-08
real_product_product_155_fSoJ_Kj59zs.jpg,false,,product,1.071915448846994e-06
real_product_product_156_qiMmrWdYZfg.jpg,false,,product,5.647496550409414e-07
real_product_product_121_mFFATULxMBU.jpg,false,,product,2.702988410874241e-07
real_product_product_134_n1bbNrNSJH8.jpg,false,,product,2.7537066671357024e-06
real_product_product_074_y26NHYSTZRk.jpg,false,,product,2.949873305624351e-07
real_product_product_135_YZIdz19jhqs.jpg,false,,product,2.4702367795725877e-07
real_product_product_58_a_beautiful_woman_taking_a_picture_with_her_smart_phone.jpg,false,,product,1.4208951881755638e-07
real_product_product_51_a_group_of_people_walking_across_a_busy_city_street.jpg,false,,product,3.1178510084828304e-07
real_product_product_098_pkfwwofpNUw.jpg,false,,product,0.6200026273727417
real_product_product_081_e6z6DVc_JqQ.jpg,false,,product,3.0877331482770387e-06
real_product_product_76_a_man_in_a_gray_shirt_holds_his_phone_as_he_sits_by_a_man_in.jpg,false,,product,4.85800164540251e-08
real_product_product_037_sxh5dE2bD50.jpg,false,,product,1.7475521190135623e-06
real_product_product_091_kcy3tHgHpcs.jpg,false,,product,0.00010718978592194617
real_product_product_048__CSr-_ZICSY.jpg,false,,product,1.11976385142043e-06
real_product_product_167_xWeSCy5BdfI.jpg,false,,product,1.0601585017866455e-05
real_product_product_107_xVptEZzgVfo.jpg,false,,product,2.284404581587296e-05
real_product_product_151_ICAxsNRt_WM.jpg,false,,product,3.3589736858630204e-07
real_product_product_038_3Cgmcux-cpY.jpg,false,,product,7.906955943326466e-07
real_product_product_56_two_computer_monitors_are_turned_on_on_a_computer_desk.jpg,false,,product,1.1533334998148348e-07
real_product_product_054_eAaoUuAMb7M.jpg,false,,product,9.240403596777469e-05
real_product_product_163_r1BS0pzlr1M.jpg,false,,product,2.428454308756045e-06
real_product_product_108_5GKdpmo0wI8.jpg,false,,product,1.0630819815560244e-06
real_product_product_112_aokIiOCtnXk.jpg,false,,product,5.491905881171988e-07
real_product_product_62_a_few_different_computers_are_placed_on_the_desk.jpg,false,,product,2.511014258743671e-07
real_product_product_102_kjfdacDML9M.jpg,false,,product,2.2137507471597928e-07
real_product_product_150_kFDyajOyqTA.jpg,false,,product,9.0111334429821e-06
real_product_product_59_a_refrigerator_next_to_a_red_wall_in_the_kitchen.jpg,false,,product,1.7716493516672926e-07
real_product_product_059_Lcqz6UUKXRU.jpg,false,,product,1.2204553058836609e-05
real_product_product_089_IYvYz0j7zpA.jpg,false,,product,5.371358838601736e-06
real_product_product_092_7QyUPe30vqU.jpg,false,,product,6.386671884683892e-07
real_product_product_116_xUpbmUINv9o.jpg,false,,product,1.8080826293953578e-06
real_product_product_142_oNte8riFdX0.jpg,false,,product,3.255627234466374e-06
real_product_product_146_wW1raPiIJIU.jpg,false,,product,1.1914561355297337e-06
real_product_product_79_a_group_of_commuters_standing_around_a_train_station.jpg,false,,product,1.865043145699019e-06
real_product_product_126_MHBJeSSQfx8.jpg,false,,product,2.5145033077933476e-07
real_product_product_065_Yu-xv5OzGgo.jpg,false,,product,1.5727199809134618e-07
real_product_product_113_pOCcShZwNcs.jpg,false,,product,3.236860493416316e-06
real_product_product_075_MUv_7l-GRKU.jpg,false,,product,1.7316968978775549e-06
real_product_product_55_there_is_a_lap_top_computer_on_the_desk.jpg,false,,product,4.489944060992457e-08
real_product_product_157_fVIiTknYim8.jpg,false,,product,6.28651469014585e-06
real_product_product_65_people_laying_in_chairs_walking_and_playing_in_the_water_on.jpg,false,,product,6.124829354803296e-08
real_product_product_154_nwhqGZ5DcOY.jpg,false,,product,1.035663785842189e-06
real_product_product_080_QESicPqs_XE.jpg,false,,product,3.725388353359449e-07
real_product_product_063_cD_obz7W774.jpg,false,,product,0.00014524924336001277
real_product_product_53_a_woman_walking_next_to_a_man_riding_a_pink_bike.jpg,false,,product,7.737629630355514e-07
real_product_product_131_F-e4-hd1-oA.jpg,false,,product,3.090425479967962e-06
real_product_product_040_uWrLpDAT81g.jpg,false,,product,1.1689519396895776e-06
real_product_product_114_vGhpfizChpY.jpg,false,,product,1.4857385394861922e-05
real_food_food_084_-BSvBlnCvUU.jpg,false,,food,1.6608095165793202e-07
real_food_food_58_man_cutting_a_cake_on_the_table_in_the_kitchen.jpg,false,,food,1.462406231667046e-07
real_food_food_035_91czTE5wmCg.jpg,false,,food,3.932163963327184e-06
real_food_food_039_pGCwAAk04BU.jpg,false,,food,1.956732194230426e-05
real_food_food_157_-dm8WfhnQU4.jpg,false,,food,1.967579919437412e-06
real_food_food_141_MUdGuohE-Mk.jpg,false,,food,0.001041567069478333
real_food_food_159_K3q1KVUeGQY.jpg,false,,food,6.508008937089471e-06
real_food_food_117_dv5SSMfXbs4.jpg,false,,food,2.195098204538226e-06
real_food_food_131_l8Y9fVgxrEE.jpg,false,,food,5.703559509129263e-07
real_food_food_170_rDLBArZUl1c.jpg,false,,food,2.3278718686015054e-07
real_food_food_123_49EKj06dQCc.jpg,false,,food,4.5323469066715916e-07
real_food_food_155_h5yMpgOI5nI.jpg,false,,food,1.6882648196769878e-05
real_food_food_165_9PDBbyJc2eE.jpg,false,,food,6.184616268001264e-07
real_food_food_063_bgHJL294VVY.jpg,false,,food,3.425864179007476e-07
real_food_food_118_xXIRSZmzvU8.jpg,false,,food,5.974241048534168e-07
real_food_food_037_dQIcaRtNZtQ.jpg,false,,food,2.0422592115210136e-06
real_food_food_110_o8PCoxDO8PQ.jpg,false,,food,7.313827268262685e-07
real_food_food_59_a_white_plate_with_some_food_and_two_trays_of_sauce.jpg,false,,food,5.833015848111245e-07
real_food_food_81_a_table_topped_with_plates_bowls_and_containers_of_food.jpg,false,,food,4.876266643805138e-07
real_food_food_056_qw6_11-Ob48.jpg,false,,food,2.3319344109040685e-06
real_food_food_169_T5Pm7ZId3sc.jpg,false,,food,0.0003715145285241306
real_food_food_048_BxY-nv-RBsA.jpg,false,,food,7.048437851153722e-07
real_food_food_036_HkaSi5Fvc0s.jpg,false,,food,6.261858516154462e-07
real_food_food_077_LOdAL10JejI.jpg,false,,food,2.4547662178520113e-06
real_food_food_069_av5GTf-KxcI.jpg,false,,food,2.0996102989556675e-07
real_food_food_152_gDwonOrdh0Q.jpg,false,,food,2.798539355808316e-07
real_food_food_68_a_bunch_of_oranges_are_sitting_in_a_clear_fruit_bowl.jpg,false,,food,2.5104734504566295e-06
real_food_food_167_3Vr4qQvQn34.jpg,false,,food,5.850425623066258e-06
real_food_food_163_vExD0Y0Aei0.jpg,false,,food,7.033852966742415e-07
real_food_food_151_FyDHcvRi3QI.jpg,false,,food,6.090132842473395e-07
real_food_food_135_jdcifvdsJZg.jpg,false,,food,1.1560121038201032e-06
real_food_food_57_the_meal_of_fish_has_a_side_of_broccoli.jpg,false,,food,9.98439873001189e-07
real_food_food_164_1Uqr_jqi3c4.jpg,false,,food,4.550380765522277e-07
real_food_food_072_t1_BuMsRRsI.jpg,false,,food,9.050287985701289e-08
real_food_food_096_JVd2FchPjCg.jpg,false,,food,2.6818642595571873e-07
real_food_food_114_ozVQrfENFOs.jpg,false,,food,7.102385097823571e-07
real_food_food_78_three_round_plates_filled_with_artistically_presented_food.jpg,false,,food,5.228352506492229e-08
real_food_food_051_GCEK8Jo_vGM.jpg,false,,food,1.054085942087113e-06
real_food_food_130_QYU_U2wXxig.jpg,false,,food,4.013970169580716e-07
real_food_food_089_sp2lfKOUzAM.jpg,false,,food,2.5317949621239677e-06
real_food_food_52_a_kitchen_that_has_a_table_and_a_chair.jpg,false,,food,4.0112800547831284e-07
real_food_food_149_G8qVZEiyCJU.jpg,false,,food,7.662251846340951e-07
real_food_food_078_tz0moLxAMCc.jpg,false,,food,9.182802784835076e-08
real_food_food_080_zyLgpFi4Tvg.jpg,false,,food,2.934693270617572e-07
real_food_food_068_aFa_Fu12bj8.jpg,false,,food,2.865227907022927e-05
real_food_food_050_M5kI-5OFviE.jpg,false,,food,2.480354339695623e-07
real_food_food_034_dY7ONzZzoU8.jpg,false,,food,4.243524642788543e-08
real_food_food_143_1fxcQYy5OXc.jpg,false,,food,1.52428157207396e-07
real_food_food_148_6dC5tYPiD2s.jpg,false,,food,1.199528725237542e-07
real_food_food_64_a_kitchen_with_a_bright_window_and_house_plants.jpg,false,,food,1.0202058575714545e-07
real_food_food_046_YQPTf86GvpM.jpg,false,,food,1.2651332781388192e-06
real_food_food_052_n5Wvn6wU1Xw.jpg,false,,food,1.412556116520136e-07
real_food_food_80_a_lot_of_food_that_are_in_some_baskets.jpg,false,,food,1.8093162168497656e-07
real_food_food_124_hhZDn50B17c.jpg,false,,food,1.7413584600944887e-06
real_food_food_139_8v38azmFYr8.jpg,false,,food,6.046496309863869e-06
real_food_food_094_9oUL0x_puck.jpg,false,,food,9.770364073347082e-08
real_food_food_075_SidputyP-eE.jpg,false,,food,2.3127458916860633e-06
real_food_food_053_rf0XgpH-2ao.jpg,false,,food,2.3600382803579123e-07
real_food_food_67_a_person_adjusting_a_metal_object_hanging_from_a_ceiling.jpg,false,,food,8.219659974884053e-08
real_food_food_53_a_group_of_people_sitting_around_a_table_filled_with_food.jpg,false,,food,8.378646043638582e-08
real_food_food_104_0byawXfQl5c.jpg,false,,food,5.706122010451509e-07
real_food_food_125_NNddPCQDhyw.jpg,false,,food,1.1813862101917039e-06
real_food_food_128_GVxJRsudSIU.jpg,false,,food,1.923787294799695e-06
real_food_food_079_POg3Z47YPkM.jpg,false,,food,2.2038448150851764e-06
real_food_food_72_a_newly_married_couple_sharing_a_piece_of_there_wedding_cake.jpg,false,,food,1.2106050917282118e-07
real_food_food_055_dSZQC7vVf5M.jpg,false,,food,5.368053734855494e-07
real_food_food_54_two_birds_preparing_to_eat_food_off_of_a_plate_that_was_left.jpg,false,,food,3.6406137837730057e-07
real_food_food_138_E1ZwXiBD7LA.jpg,false,,food,2.996089847329131e-07
real_food_food_147_cRPz6-ryzSg.jpg,false,,food,8.451965527456196e-08
real_food_food_054_mV4oTSZR4eA.jpg,false,,food,2.8928943720529787e-06
real_food_food_62_a_man_that_is_sitting_down_on_a_bench_in_front_of_a_table.jpg,false,,food,9.325275840410541e-08
real_food_food_61_food_on_a_train_with_a_pie_and_some_vegetable.jpg,false,,food,1.1265122878967304e-07
real_food_food_50_bride_and_grooms_arms_cutting_the_wedding_cake_with_fruit_on.jpg,false,,food,1.1354440232480556e-07
real_food_food_56_a_breakfast_plate_with_toast_vegetables_eggs_and_meat.jpg,false,,food,1.6648978373723367e-07
real_food_food_038_eD3gkNVlm94.jpg,false,,food,1.6365697774745058e-07
real_food_food_132_ONeUTPIkoEs.jpg,false,,food,4.369844361917785e-07
real_food_food_093_7DpEKohpOhQ.jpg,false,,food,2.065804665107862e-06
real_food_food_137_AELjKcCaNSk.jpg,false,,food,1.0403594075114597e-07
real_food_food_070_4l5BlL6OX7A.jpg,false,,food,2.0804291125386953e-06
real_food_food_090_YwH212PJk0Q.jpg,false,,food,6.33400361493841e-07
real_food_food_121_xd0g61tGBgc.jpg,false,,food,1.4537570791617327e-07
real_food_food_133_PMOAfRP_kLI.jpg,false,,food,5.215574105932319e-07
real_food_food_150_tIvWsbppj5k.jpg,false,,food,1.0365066600570572e-06
real_food_food_059_ELISIYFi-ws.jpg,false,,food,1.119479335898177e-07
real_food_food_140_PBXZSIQ0XTg.jpg,false,,food,2.432227006465837e-07
real_food_food_75_a_group_of_people_that_are_standing_in_front_of_a_island.jpg,false,,food,4.2395652144477936e-07
real_food_food_062_JZ5WREw9664.jpg,false,,food,9.498004374108859e-07
real_food_food_098__WuZ9cOPc6M.jpg,false,,food,7.558712411537272e-08
real_food_food_044_s-4i34Z07To.jpg,false,,food,6.589708050341869e-07
real_food_food_064_cuaxqIA_pk0.jpg,false,,food,1.9020185959561786e-07
real_food_food_074_v9MpHbQimqY.jpg,false,,food,2.0257526557543315e-05
real_food_food_156_XU1-sAMZFqc.jpg,false,,food,7.690531447224203e-07
real_food_food_120_raakZHcgWWw.jpg,false,,food,3.864669270114973e-05
real_food_food_060_dUeD4im5YSQ.jpg,false,,food,7.624158797625569e-07
real_food_food_145_aw47u5DHXEg.jpg,false,,food,8.870329111232422e-07
real_food_food_058_ue4AfKGEQoA.jpg,false,,food,3.050646739666263e-07
real_food_food_127_OKT6Ce9fwqI.jpg,false,,food,7.226412321870157e-07
real_food_food_067_3OSiYv09hhs.jpg,false,,food,1.7330353330180515e-07
real_food_food_168_sFPxZsn8cwU.jpg,false,,food,3.003390531830519e-07
real_food_food_091_nrfSpR3_4yE.jpg,false,,food,2.3372057000869972e-07
real_food_food_144_YvEGiuPZ0Sg.jpg,false,,food,0.0023837992921471596
real_food_food_107_f87RdAQSoJk.jpg,false,,food,2.5922150825863355e-07
real_food_food_126_AgWVcQz1bOA.jpg,false,,food,2.682478168480884e-07
real_food_food_158_j1KUsXahuXk.jpg,false,,food,5.94001789977483e-07
real_food_food_049_BPsqF6C_Ou8.jpg,false,,food,8.187595994968433e-06
real_food_food_042_pyFWN-TrXvk.jpg,false,,food,2.0453328488656553e-06
real_food_food_111_GlWOWrJXk5s.jpg,false,,food,5.594593858404551e-06
real_food_food_71_belgium_waffle_loaded_with_bananas_topped_with_powdered_suga.jpg,false,,food,4.912871531814744e-07
real_food_food_092_69P8Y4ErG0Y.jpg,false,,food,0.00018356494547333568
real_food_food_73_a_plate_with_bacon_eggs_and_hamburger_topped_with_bananas.jpg,false,,food,5.810635457237368e-07
real_food_food_076_IrM6Fvhmc9k.jpg,false,,food,2.1354318846533715e-07
real_food_food_136_ZHW1qo-VRXM.jpg,false,,food,3.3747298289199534e-07
real_food_food_083_HgoEnDWOGrA.jpg,false,,food,0.0002878441591747105
real_food_food_109_HbQj2RAanTs.jpg,false,,food,2.5441097477596486e-06
real_food_food_043_siHk8IfK_Ec.jpg,false,,food,1.1409152875785367e-06
real_food_food_113_n2sQQ6XjqfE.jpg,false,,food,2.9793382054776885e-06
real_food_food_82_a_kitchen_with_a_center_white_island_topped_with_a_bowl_of_g.jpg,false,,food,1.0825002760839197e-07
real_food_food_51_a_bowl_of_some_broccoli_that_is_chopped.jpg,false,,food,8.970255294116214e-08
real_food_food_154_VpjPHuFAI-4.jpg,false,,food,1.160187935056456e-06
real_food_food_162_f4GdYFpUyH8.jpg,false,,food,3.611210956933064e-07
real_food_food_045_iRVq6avVGDE.jpg,false,,food,1.6212760556300054e-06
real_food_food_129_3P0BmvFk5rg.jpg,false,,food,5.422284132805544e-08
real_food_food_74_a_sandwich_with_nachos_and_a_salad_on_a_plate.jpg,false,,food,2.09940409945375e-07
real_food_food_071_9cH-uVU__0c.jpg,false,,food,9.222893737614868e-08
real_food_food_79_a_tray_of_various_foods_next_to_drinks_on_a_table.jpg,false,,food,6.791889717305821e-08
real_food_food_115_YjJFJDai9zg.jpg,false,,food,6.820287126174662e-06
real_food_food_100_OSwea3yxjT0.jpg,false,,food,1.3593231074082723e-07
real_food_food_088_QPKJZvqMaDs.jpg,false,,food,2.0634024622268043e-06
real_food_food_040_a7nzCe8FlT4.jpg,false,,food,1.4669346626305924e-07
real_food_food_108_ixC7gmLcKaQ.jpg,false,,food,2.1133997506694868e-05
real_food_food_63_a_man_preparing_food_in_a_restaurant_kitchen.jpg,false,,food,8.489254810228886e-08
real_food_food_066_s0oNVwpU9NE.jpg,false,,food,5.293773597259133e-07
real_food_food_134_T-tgZmKFRZU.jpg,false,,food,2.864401835722674e-07
real_food_food_161_AX8z0xXzrUo.jpg,false,,food,3.789261654674192e-06
real_food_food_69_a_scene_of_an_apartment_with_a_dining_table_and_a_couple_of.jpg,false,,food,3.372294372638862e-07
real_food_food_073_kswmO8BRzQQ.jpg,false,,food,2.2227466160984477e-06
real_food_food_66_a_plate_of_bananas_and_sliced_oranges_covered_in_butterflies.jpg,false,,food,5.380682637223799e-07
real_food_food_102_DuObvMLmc8M.jpg,false,,food,3.989503625234647e-07
real_food_food_097_jT86IpheR2w.jpg,false,,food,2.0904304619762115e-05
real_food_food_103_Fff5ve-rGVA.jpg,false,,food,3.3153781259898096e-05
real_food_food_081_lgvvFFplBHw.jpg,false,,food,3.749980237444106e-07
real_food_food_041_qDdv33C-BSw.jpg,false,,food,2.0618329017452197e-06
real_food_food_085_WT_nZUfAmBc.jpg,false,,food,9.591240086592734e-07
real_food_food_047_qpZlQ8IIghI.jpg,false,,food,0.006508054677397013
real_food_food_160_uRqMI5Nw4Yc.jpg,false,,food,6.882059824420139e-05
real_food_food_065_Q5QspluNZmM.jpg,false,,food,2.55473696597619e-06
real_food_food_119_47urRDhCphA.jpg,false,,food,8.652330052427715e-07
real_food_food_095_WY_EKY3taJE.jpg,false,,food,1.892389605018252e-07
real_food_food_087_oYllk_NdgA0.jpg,false,,food,1.7615003855553368e-07
real_food_food_061_DCZGNIZjz_Q.jpg,false,,food,0.0037499284371733665
real_food_food_65_a_small_bowl_of_fruit_on_a_table.jpg,false,,food,7.936456540846848e-07
real_food_food_76_three_bowls_filled_with_vegetables_on_top_of_a_table.jpg,false,,food,1.4684098914585775e-07
real_food_food_146_fv7ttjeTgyM.jpg,false,,food,2.0897728063573595e-06
real_food_food_70_a_sandwich_sitting_on_top_of_a_pile_of_fries.jpg,false,,food,1.1433327529175585e-07
real_food_food_099_gyaPIZZjV_A.jpg,false,,food,3.9340326907222334e-07
real_food_food_057_v8-cAH5cmTU.jpg,false,,food,6.137376544756989e-07
real_food_food_77_a_bowl_that_has_soup_and_a_spoon_in_it.jpg,false,,food,0.00011885369167430326
real_food_food_166_lZ98dwbkTws.jpg,false,,food,4.0305491211256594e-07
real_food_food_082_w-LpijUp8yw.jpg,false,,food,4.892061724603991e-07
real_food_food_101_OZhdQm_OjX4.jpg,false,,food,1.6856368745266082e-07
real_food_food_153_Rh8vxWHc5DA.jpg,false,,food,1.3813111763738561e-05
real_food_food_112_T8I3UuK-QXY.jpg,false,,food,6.309815603344759e-07
real_food_food_106_0b4sfNTqBLU.jpg,false,,food,6.471403253272001e-07
real_food_food_105_jCTo3MAtzjA.jpg,false,,food,6.905843292770442e-07
real_food_food_122_4Y_bVu4j0cA.jpg,false,,food,1.0683710343073471e-06
real_food_food_142_YY5uHzZV6Wo.jpg,false,,food,1.42130454605649e-06
real_food_food_086_lz8rih2cNJQ.jpg,false,,food,2.728811523411423e-07
real_food_food_55_a_beautiful_dessert_waiting_to_be_shared_by_two_people.jpg,false,,food,8.543916152348174e-08
real_food_food_116_dpQqhZRyF7w.jpg,false,,food,2.352423109641677e-07
real_food_food_60_two_computers_sitting_on_top_of_a_desk.jpg,false,,food,7.867901103963959e-07
real_animal_animal_141_L79Jcm80Y3U.jpg,false,,animal,1.1833000826300122e-05
real_animal_animal_050_CBK17BPteJE.jpg,false,,animal,2.223514229626744e-06
real_animal_animal_044_7pMTQP_kIhg.jpg,false,,animal,1.927903525711372e-07
real_animal_animal_132_J4DL0onKVng.jpg,false,,animal,1.1791902352342731e-06
real_animal_animal_50_a_calico_cat_drinking_from_a_sink_faucet.jpg,false,,animal,2.2224637064027775e-07
real_animal_animal_142_ScLYGfuCqQg.jpg,false,,animal,1.262017008230032e-06
real_animal_animal_061_KKK-mavLRIY.jpg,false,,animal,4.580537279252894e-06
real_animal_animal_131_NoNqa205O40.jpg,false,,animal,1.7701257775115664e-06
real_animal_animal_163_ujOHucbnC94.jpg,false,,animal,2.4507695343345404e-05
real_animal_animal_058_UsDyOmKQjzo.jpg,false,,animal,1.6367024727514945e-05
real_animal_animal_118_O-dnv951XTY.jpg,false,,animal,1.651645362699128e-07
real_animal_animal_124_idMSI66-1NQ.jpg,false,,animal,2.948205519714975e-07
real_animal_animal_69_a_couple_of_people_that_are_biking_down_a_road.jpg,false,,animal,2.173504753955058e-06
real_animal_animal_089_4KV3SKyHNjE.jpg,false,,animal,1.0038371556220227e-06
real_animal_animal_61_a_dog_laying_down_licking_food_off_of_a_plate.jpg,false,,animal,5.738340860261815e-07
real_animal_animal_140_bj7ALDr6E-o.jpg,false,,animal,6.267163712436741e-07
real_animal_animal_097_sCgBFOArERk.jpg,false,,animal,4.0610964902043634e-07
real_animal_animal_054_Qv8NgYRjSn4.jpg,false,,animal,1.1495299986563623e-05
real_animal_animal_082_hvkcofV0bvw.jpg,false,,animal,1.5411289950861828e-06
real_animal_animal_107_4rezxlfTrGA.jpg,false,,animal,4.010273926269292e-07
real_animal_animal_126_IOvOeZRGanM.jpg,false,,animal,4.560315858270769e-07
real_animal_animal_127_4sMVrh8-S1g.jpg,false,,animal,0.00023753471032250673
real_animal_animal_078_YzfCevgzsPI.jpg,false,,animal,1.9141523921462067e-07
real_animal_animal_062_J7X_npgVujU.jpg,false,,animal,2.577879456566734e-07
real_animal_animal_53_bird_sits_atop_cattle_on_snow_covered_field.jpg,false,,animal,4.1982963239206583e-07
real_animal_animal_096_nvDnfWuSyD8.jpg,false,,animal,1.609805622138083e-06
real_animal_animal_048_YvYBOSiBJE8.jpg,false,,animal,1.281209733861033e-07
real_animal_animal_038_CiacXjCwb3g.jpg,false,,animal,9.506197216069268e-07
real_animal_animal_103__GQCzeh1oWk.jpg,false,,animal,1.1013759149136604e-06
real_animal_animal_115_qvkA4FMTNKo.jpg,false,,animal,2.2585780357076146e-07
real_animal_animal_150_eNi9DGpVYWk.jpg,false,,animal,4.266618987003312e-07
real_animal_animal_037_j3JAI9KXJ-c.jpg,false,,animal,1.216685063809564e-07
real_animal_animal_071_zjKxb4xhBXc.jpg,false,,animal,0.0015222077490761876
real_animal_animal_064_uLMM6TyPfGw.jpg,false,,animal,2.562213921919465e-05
real_animal_animal_152_JkVNRBpFSK8.jpg,false,,animal,1.395890336652883e-07
real_animal_animal_145_Qtg_270Aa_I.jpg,false,,animal,2.8747460874001263e-06
real_animal_animal_060_lZts59erQVw.jpg,false,,animal,3.1684397981734946e-05
real_animal_animal_114_J0-ZaraetTE.jpg,false,,animal,1.3161001106709591e-06
real_animal_animal_79_a_herd_of_cattle_and_zebra_standing_next_to_each_other_on_a.jpg,false,,animal,1.9590089550547418e-07
real_animal_animal_047_uHHA_YklxMc.jpg,false,,animal,3.4869088949562865e-07
real_animal_animal_036_xlTolOtNLZM.jpg,false,,animal,5.907021431994508e-07
real_animal_animal_169_rxFkfMJL9tw.jpg,false,,animal,1.0644048415997531e-06
real_animal_animal_074_TfakEsc83HU.jpg,false,,animal,5.959605005045887e-06
real_animal_animal_138_t5rBtxLiHj8.jpg,false,,animal,1.1074139365518931e-06
real_animal_animal_049_nwaiAiHAVEY.jpg,false,,animal,5.203188493396738e-07
real_animal_animal_043_Dv45FbzLiik.jpg,false,,animal,9.92268837762822e-07
real_animal_animal_091_yRdK7ijQPNw.jpg,false,,animal,1.1507224826345919e-06
real_animal_animal_053_CACQDEJknBs.jpg,false,,animal,1.744381961543695e-06
real_animal_animal_170_P6s8EbcSgmA.jpg,false,,animal,1.44815576277324e-05
real_animal_animal_166_jh6YaoB0TBw.jpg,false,,animal,1.0246047850159812e-06
real_animal_animal_144_ihivSSUOpno.jpg,false,,animal,4.175858066446381e-06
real_animal_animal_158_fkxUyu6F2L8.jpg,false,,animal,1.029701479637879e-06
real_animal_animal_046_88Kt5KHUe_8.jpg,false,,animal,3.4490581128920894e-06
real_animal_animal_73_a_small_motor_bike_outside_of_the_garage.jpg,false,,animal,7.929384793214922e-08
real_animal_animal_108_JNHrBVfdT_A.jpg,false,,animal,1.299170321544807e-06
real_animal_animal_151_8LPgWfHgcMg.jpg,false,,animal,4.1844305087579414e-07
real_animal_animal_075_PA3F7YWHUPM.jpg,false,,animal,3.682074236621702e-07
real_animal_animal_041_-96qBKyFefQ.jpg,false,,animal,3.0274509299488273e-06
real_animal_animal_095_iuoIlOvTa6g.jpg,false,,animal,1.529626047158672e-06
real_animal_animal_139_i80SbIDgFf8.jpg,false,,animal,3.5696530176210217e-07
real_animal_animal_092_mg-k04n58xY.jpg,false,,animal,4.989186663806322e-07
real_animal_animal_068_ZBR7NAYRR4M.jpg,false,,animal,9.052166660694638e-07
real_animal_animal_083_2QHHOAPI--I.jpg,false,,animal,7.342547178268433e-06
real_animal_animal_143_7xYdOPDfNcE.jpg,false,,animal,3.1739693895360688e-06
real_animal_animal_094_bmwUCv0wMIU.jpg,false,,animal,0.00024438046966679394
real_animal_animal_70_a_street_scene_with_a_person_on_a_motorcycle.jpg,false,,animal,1.3413908561688004e-07
real_animal_animal_56_a_flock_of_goats_and_some_men_watching_them.jpg,false,,animal,1.5302271094697062e-06
real_animal_animal_123_o-c4UrB0WBA.jpg,false,,animal,3.6786553891943186e-07
real_animal_animal_066_rh7KA6jVJFM.jpg,false,,animal,1.622363356545975e-06
real_animal_animal_134_GVe30cQ8CWU.jpg,false,,animal,6.246202701731818e-07
real_animal_animal_160_A_unG6e0Cug.jpg,false,,animal,5.862746093043825e-07
real_animal_animal_070_iY8qBtToC0o.jpg,false,,animal,1.525797017620789e-07
real_animal_animal_111_22_r4pgeL28.jpg,false,,animal,2.9072789402562194e-06
real_animal_animal_113_knB89oNur0A.jpg,false,,animal,0.0006174339214339852
real_animal_animal_78_a_giraffe_standing_in_a_field_next_to_a_fence.jpg,false,,animal,1.277405999644543e-06
real_animal_animal_063_oajraKUY0uQ.jpg,false,,animal,4.749454944885656e-07
real_animal_animal_155_85YNg0KtSPw.jpg,false,,animal,2.543895902817894e-07
real_animal_animal_056_Nzzk-pOcqvA.jpg,false,,animal,2.3410323137795785e-06
real_animal_animal_161_f3Os5oCc874.jpg,false,,animal,2.340532319067279e-06
real_animal_animal_067_KmmVj3LY4lA.jpg,false,,animal,1.2530747994787816e-07
real_animal_animal_60_a_grouping_of_zebras_in_a_pen_next_to_a_giraffe.jpg,false,,animal,5.390081696532434e-07
real_animal_animal_133_nzPivGosPIQ.jpg,false,,animal,1.1361736369508435e-06
real_animal_animal_122_t81H__wdxlc.jpg,false,,animal,1.45305165233367e-07
real_animal_animal_098_RMj_T-DMgDA.jpg,false,,animal,7.3820370971589e-07
real_animal_animal_077_vVh9BUJIizQ.jpg,false,,animal,1.5531657481915317e-05
real_animal_animal_087__qLFof8-Loo.jpg,false,,animal,1.2142496075284726e-07
real_animal_animal_088_1tXeMpkssik.jpg,false,,animal,4.984169095223479e-07
real_animal_animal_164_wAP_IBPhn-4.jpg,false,,animal,3.285471734670864e-07
real_animal_animal_76_a_dog_is_tied_to_a_fire_hydrant.jpg,false,,animal,1.4367301446327474e-06
real_animal_animal_080_49TMUrNQDQ0.jpg,false,,animal,0.00031208069412969053
real_animal_animal_75_a_family_of_giraffes_by_a_few_zebras_and_a_gazelle.jpg,false,,animal,3.7175411193857144e-07
real_animal_animal_085_U9frYiUp1Qg.jpg,false,,animal,1.4136936670183786e-06
real_animal_animal_100_PJTfOzSo8fQ.jpg,false,,animal,8.927904104893969e-07
real_animal_animal_51_a_bunch_of_sheep_in_the_snow_behind_a_barbed_wire_fence.jpg,false,,animal,3.599558340283693e-07
real_animal_animal_072_eX45lve1DIo.jpg,false,,animal,4.834518563257006e-07
real_animal_animal_105_DORi0W_afqk.jpg,false,,animal,1.7810990016187134e-07
real_animal_animal_148_Xr4TYgSEXqQ.jpg,false,,animal,3.1634594961360563e-06
real_animal_animal_65_a_cats_sits_on_the_table_with_a_dog_outside.jpg,false,,animal,1.6015029302707262e-07
real_animal_animal_102_Cl8iDlk008c.jpg,false,,animal,1.2654984971049998e-07
real_animal_animal_147_nlF8qaFWI0w.jpg,false,,animal,1.3259771094453754e-06
real_animal_animal_63_rear_view_mirror_reflection_showing_a_dog_in_the_back_seat.jpg,false,,animal,6.583985623365152e-07
real_animal_animal_045_eo93HAoalwQ.jpg,false,,animal,0.0019298529950901866
real_animal_animal_77_a_herd_of_sheep_standing_next_to_each_other_on_dirt_ground.jpg,false,,animal,1.751421621065674e-07
real_animal_animal_081_TNMOJYUteDU.jpg,false,,animal,4.6958194843682577e-07
real_animal_animal_64_a_dog_following_a_man_on_his_horse_in_a_field.jpg,false,,animal,3.2546031434321776e-06
real_animal_animal_120_EdlNaRhg9ik.jpg,false,,animal,5.587452847066743e-07
real_animal_animal_052_tmrQPLJpBrk.jpg,false,,animal,5.371223892325361e-07
real_animal_animal_129_IwiaImVNcQU.jpg,false,,animal,3.173012828483479e-06
real_animal_animal_042_1qT-zMTRFp0.jpg,false,,animal,5.5619148042751476e-05
real_animal_animal_74_a_cat_standing_on_the_edge_of_a_sink_drink_water.jpg,false,,animal,4.5529893100137997e-07
real_animal_animal_125_snhqHThkCRE.jpg,false,,animal,1.8944747353089042e-06
real_animal_animal_153_FBOP5an6h74.jpg,false,,animal,1.9611306356637215e-07
real_animal_animal_66_a_bunch_of_sheep_make_their_way_through_the_crowded_city_str.jpg,false,,animal,8.465324441431221e-08
real_animal_animal_168_g9M46POadWU.jpg,false,,animal,1.0651561979102553e-06
real_animal_animal_101_iQC6u4ejuGE.jpg,false,,animal,2.6916959541267715e-06
real_animal_animal_57_a_cat_walking_through_a_kitchen_by_a_eating_tray.jpg,false,,animal,1.0368095360036023e-07
real_animal_animal_149_E12vXZq9AZA.jpg,false,,animal,7.293641033356835e-07
real_animal_animal_156_yiwB58St4bE.jpg,false,,animal,9.184403211293102e-07
real_animal_animal_093_mYxtYpSJvbw.jpg,false,,animal,4.945080149809655e-07
real_animal_animal_165_PChlguQgbCw.jpg,false,,animal,2.427918843750376e-07
real_animal_animal_62_a_cat_eating_a_bird_it_has_caught.jpg,false,,animal,1.8331137425775523e-06
real_animal_animal_084_QRzQlECEbsk.jpg,false,,animal,4.19359676016029e-05
real_animal_animal_109_P6InS7LxUS4.jpg,false,,animal,3.7116751627763733e-07
real_animal_animal_121_ZOGamuDrPJw.jpg,false,,animal,3.8120606404845603e-06
real_animal_animal_81_three_sheep_are_grazing_in_the_field_next_to_the_water.jpg,false,,animal,8.655501915200148e-08
real_animal_animal_157_VSVcEzWsqyc.jpg,false,,animal,0.00024333724286407232
real_animal_animal_80_many_woolly_sheep_standing_together_in_the_field.jpg,false,,animal,1.1229207075302838e-06
real_animal_animal_090_fRJGUAQ6uNg.jpg,false,,animal,8.691091011314711e-07
real_animal_animal_110_HPHtMOJvHDM.jpg,false,,animal,1.9117411284241825e-05
real_animal_animal_055_feos9QXjxJY.jpg,false,,animal,1.776723365765065e-06
real_animal_animal_069_q0J6zQPO-zw.jpg,false,,animal,0.00016866176156327128
real_animal_animal_58_two_men_herding_a_pack_of_elephants_across_a_field.jpg,false,,animal,2.3372838597879309e-07
real_animal_animal_104_1Ytzecs_XU4.jpg,false,,animal,2.0503284758888185e-06
real_animal_animal_55_a_horse_in_a_pasture_of_tall_grass_observing_an_energetic_do.jpg,false,,animal,1.2957931971868675e-07
real_animal_animal_079_m_wgaQ-sQPQ.jpg,false,,animal,1.619526756257983e-06
real_animal_animal_112_cPyHO3eDlsE.jpg,false,,animal,2.1837468011653982e-07
real_animal_animal_034_-Ylz_tc8NOk.jpg,false,,animal,5.625934704767133e-07
real_animal_animal_051_PpwK032gSao.jpg,false,,animal,3.230248694308102e-06
real_animal_animal_099_m5Zy3Ulb3g0.jpg,false,,animal,1.3770962823400623e-06
real_animal_animal_059_2_3g53wNQk8.jpg,false,,animal,6.831743917246058e-07
real_animal_animal_039_i_Z1o10BPPk.jpg,false,,animal,2.6421119514452585e-07
real_animal_animal_136_fXqOgYJgNBk.jpg,false,,animal,7.5270208981237374e-06
real_animal_animal_59_a_dog_standing_on_the_back_of_a_brown_car.jpg,false,,animal,2.1412581929780572e-07
real_animal_animal_119_70s5ZKzNkac.jpg,false,,animal,7.911919652769939e-08
real_animal_animal_52_a_cat_sitting_on_the_floor_watching_television.jpg,false,,animal,6.76876652505598e-08
real_animal_animal_82_a_couple_of_cows_and_some_birds_flying_in_the_sky.jpg,false,,animal,1.896685972724299e-07
real_animal_animal_154_IHHiw3VMZvc.jpg,false,,animal,3.8771062804698886e-07
real_animal_animal_035_vQvq16ZQM60.jpg,false,,animal,3.120838130143966e-07
real_animal_animal_54_a_man_riding_a_horse_drawn_carriage_on_a_race_track.jpg,false,,animal,3.712677028033795e-07
real_animal_animal_117_DmnOlnAWRdE.jpg,false,,animal,1.208509615935327e-06
real_animal_animal_040_7jXA55Tl4xU.jpg,false,,animal,1.0981812920363154e-05
real_animal_animal_68_a_cat_outside_looking_through_a_window.jpg,false,,animal,4.85735768052109e-07
real_animal_animal_159_gjDKWxrKrgk.jpg,false,,animal,1.924456910273875e-06
real_animal_animal_076_JHxFiw603QA.jpg,false,,animal,5.235228286437632e-07
real_animal_animal_162_vLCMWwg5TAs.jpg,false,,animal,5.90279796597315e-06
real_animal_animal_128_dtYCvr0r_X4.jpg,false,,animal,1.9088912495135446e-07
real_animal_animal_057_n4tWGvk_gWY.jpg,false,,animal,1.0585346217339975e-06
real_animal_animal_146_tvH8ECkyQKI.jpg,false,,animal,7.623528290423565e-06
real_animal_animal_67_a_sheepdog_runs_around_a_herd_of_cows_in_a_fencedin_field.jpg,false,,animal,2.4045030500019493e-07
real_animal_animal_72_a_cat_sprawled_out_over_the_top_of_a_laptop_computer_keyboar.jpg,false,,animal,5.840319161620755e-08
real_animal_animal_167_u3XMyl-4OSY.jpg,false,,animal,3.05589367144421e-07
real_animal_animal_106_ejAz1xfCyNM.jpg,false,,animal,1.8368695236858912e-05
real_animal_animal_086_YSoqrTfEWcI.jpg,false,,animal,1.8732521311903838e-07
real_animal_animal_116_dSAzIH5UtOI.jpg,false,,animal,8.442345347248192e-07
real_animal_animal_073_MVQPTvPYsJs.jpg,false,,animal,6.42848453935585e-06
real_animal_animal_065_M8uSC8OPXco.jpg,false,,animal,1.5655236040856835e-07
real_animal_animal_137_lHeXOpxzok8.jpg,false,,animal,6.540079198202875e-07
real_animal_animal_71_a_black_ct_with_green_eyes_sitting_in_the_sun.jpg,false,,animal,1.7491362314103753e-07
real_animal_animal_135_Tu_lH5CFFZw.jpg,false,,animal,1.8909313439507969e-06
real_animal_animal_130_vPyhiJjBlSM.jpg,false,,animal,1.3389767445914913e-05
real_landscape_landscape_80_this_highway_is_empty_this_early_on_the_morning.jpg,false,,landscape,1.2465982308640378e-06
real_landscape_landscape_59_a_passenger_bus_that_is_parked_in_a_parking_lot.jpg,false,,landscape,0.0024283286184072495
real_landscape_landscape_073_gtabImSzH-g.jpg,false,,landscape,8.727358363103122e-05
real_landscape_landscape_160_yaj-SndYOb0.jpg,false,,landscape,5.9557864915404934e-06
real_landscape_landscape_140_pNMH4SDf8us.jpg,false,,landscape,1.2449455653040786e-06
real_landscape_landscape_117_KQX4AEXEV1g.jpg,false,,landscape,0.0001149887393694371
real_landscape_landscape_056_TqfJUbdnCxM.jpg,false,,landscape,8.26005702947441e-07
real_landscape_landscape_05_foggy_forest_hills.jpg,false,,landscape,4.0692566471989267e-07
real_landscape_landscape_118_z7IW1w4C870.jpg,false,,landscape,3.3726364563335665e-06
real_landscape_landscape_135_Bwkl85sszNM.jpg,false,,landscape,9.93457251752261e-06
real_landscape_landscape_053_E9CrQou9K0Y.jpg,false,,landscape,5.744615805269859e-07
real_landscape_landscape_064_pnFNoPuilVI.jpg,false,,landscape,1.0141803841179353e-06
real_landscape_landscape_154_VFjGgIGNWlI.jpg,false,,landscape,1.7825617533162585e-06
real_landscape_landscape_09_starry_night_mountains.jpg,false,,landscape,1.403771329933079e-05
real_landscape_landscape_124__rsGm7nob3w.jpg,false,,landscape,8.516385037182772e-07
real_landscape_landscape_079_n6hzRDQ9CM8.jpg,false,,landscape,4.919336333841784e-06
real_landscape_landscape_095_YzJlElq6Pc0.jpg,false,,landscape,2.1208414580087265e-07
real_landscape_landscape_098_F4dGVi1g8rQ.jpg,false,,landscape,1.9467040601739427e-07
real_landscape_landscape_062_oGrOhXJaHME.jpg,false,,landscape,1.8478962147128186e-06
real_landscape_landscape_68_a_wooden_bench_and_a_fire_hydrant_on_a_field.jpg,false,,landscape,8.784564897723612e-08
real_landscape_landscape_119_ENkQJj-7orc.jpg,false,,landscape,2.9829666914338304e-07
real_landscape_landscape_81_a_dog_rests_his_head_on_the_edge_of_a_boat_at_sea.jpg,false,,landscape,1.5667947650399583e-07
real_landscape_landscape_51_a_green_traffic_light_suspended_above_a_street.jpg,false,,landscape,2.2848689695820212e-05
real_landscape_landscape_085_cCthPLHmrzI.jpg,false,,landscape,1.5113223525986541e-06
real_landscape_landscape_060_jdaigQmK-qA.jpg,false,,landscape,0.00010220099647995085
real_landscape_landscape_58_a_passenger_train_that_has_some_graffiti_on_it.jpg,false,,landscape,1.3170188140065875e-07
real_landscape_landscape_077_ID4OhGirKvg.jpg,false,,landscape,3.772225318243727e-05
real_landscape_landscape_133_-5eZ1-Ie68w.jpg,false,,landscape,4.825338351110986e-07
real_landscape_landscape_086_ke-voL7t_I8.jpg,false,,landscape,4.265721599949757e-06
real_landscape_landscape_143_-hbbmFHQYiw.jpg,false,,landscape,4.604314199241344e-06
real_landscape_landscape_080_1DPIP44atys.jpg,false,,landscape,2.6019240522145992e-06
real_landscape_landscape_110_02YdrfDb3UE.jpg,false,,landscape,1.610329150025791e-07
real_landscape_landscape_116_sNKwtrVQ4hU.jpg,false,,landscape,4.6879753767825605e-07
real_landscape_landscape_157_nMhbF-YMdXE.jpg,false,,landscape,2.7324520601723634e-07
real_landscape_landscape_051_4k8UHZC1-6k.jpg,false,,landscape,1.521348167443648e-06
real_landscape_landscape_161_CL665uHJb7c.jpg,false,,landscape,9.687139936431777e-06
real_landscape_landscape_093_UazfuoH2sRU.jpg,false,,landscape,6.210574952092429e-07
real_landscape_landscape_55_a_green_traffic_light_a_street_some_buildings_and_some_other.jpg,false,,landscape,1.55753550643567e-05
real_landscape_landscape_82_a_large_bus_on_the_side_of_the_road.jpg,false,,landscape,1.2620347433767165e-07
real_landscape_landscape_045_W3wgy9tDgto.jpg,false,,landscape,2.4870462311810115e-06
real_landscape_landscape_120_afwi-D9xmt4.jpg,false,,landscape,4.062796142534353e-05
real_landscape_landscape_099_kDrTt4sCC7I.jpg,false,,landscape,9.78318098532327e-07
real_landscape_landscape_167_60cbKmNJ-ls.jpg,false,,landscape,5.226189614404575e-07
real_landscape_landscape_046_wgH3Lzgmm_c.jpg,false,,landscape,8.910670317163749e-07
real_landscape_landscape_072_jYkvecfWgx0.jpg,false,,landscape,0.0013288308400660753
real_landscape_landscape_048_PA0KerQ0lHg.jpg,false,,landscape,3.4743095511657884e-06
real_landscape_landscape_126_Cmjq13jc_2g.jpg,false,,landscape,3.1463710570278636e-07
real_landscape_landscape_081_0PgC0jve7u4.jpg,false,,landscape,7.241865773721656e-07
real_landscape_landscape_06_waterfall_in_forest.jpg,false,,landscape,1.4276378124122857e-06
real_landscape_landscape_77_rear_view_mirror_reflection_showing_a_dog_in_the_back_seat.jpg,false,,landscape,6.583985623365152e-07
real_landscape_landscape_147_bUhzlj3gGso.jpg,false,,landscape,1.1511922366480576e-06
real_landscape_landscape_69_a_yellow_bus_that_is_sitting_in_the_grass.jpg,false,,landscape,1.624803473987413e-07
real_landscape_landscape_067_LLD9FKRoqDc.jpg,false,,landscape,2.460067844367586e-05
real_landscape_landscape_115_q2Cv_B3_AZI.jpg,false,,landscape,7.092733085301006e-07
real_landscape_landscape_125_4UfCRXv_tGM.jpg,false,,landscape,1.2200679293528083e-06
real_landscape_landscape_092__XHphe2atWM.jpg,false,,landscape,2.858232051039522e-07
real_landscape_landscape_109_-UsvhirEIeI.jpg,false,,landscape,8.301516209030524e-05
real_landscape_landscape_129_5LyYqPEv8w0.jpg,false,,landscape,8.750532174417458e-07
real_landscape_landscape_070_uQDRDqpYJHI.jpg,false,,landscape,3.8861645634824526e-07
real_landscape_landscape_71_a_black_and_white_photo_of_a_train.jpg,false,,landscape,2.0411573586898157e-06
real_landscape_landscape_057_C69YOsY9lYg.jpg,false,,landscape,2.0732281313939893e-07
real_landscape_landscape_089_zjOv1yyUzQg.jpg,false,,landscape,5.3770316299051046e-05
real_landscape_landscape_130_qOxQEA8obSg.jpg,false,,landscape,9.992694458560436e-07
real_landscape_landscape_163_Bz4dHv-9PFQ.jpg,false,,landscape,1.4878390857120394e-06
real_landscape_landscape_071_zjqqKVQZoNg.jpg,false,,landscape,2.421192561996577e-07
real_landscape_landscape_76_a_blue_rusted_train_engine_sitting_on_top_of_rail_tracks.jpg,false,,landscape,2.819261908371118e-07
real_landscape_landscape_114_FCPJn1NeFdI.jpg,false,,landscape,4.940738449477067e-07
real_landscape_landscape_156_pcgo3E7vJr4.jpg,false,,landscape,5.75034903249616e-07
real_landscape_landscape_075_G86MS2ZsiJA.jpg,false,,landscape,2.5687992888379085e-07
real_landscape_landscape_059_i7OiHRQkJHY.jpg,false,,landscape,1.133162913902197e-05
real_landscape_landscape_164_tMYDgAySy9w.jpg,false,,landscape,5.079434686194872e-07
real_landscape_landscape_84_part_of_train_car_with_a_door_to_the_rear_connected_to_the_c.jpg,false,,landscape,7.490626785511267e-08
real_landscape_landscape_083_DlCr9IujpJI.jpg,false,,landscape,3.2055022529675625e-06
real_landscape_landscape_04_dramatic_mountain_valley.jpg,false,,landscape,1.0538145716054714e-06
real_landscape_landscape_02_sunset_over_mountains.jpg,false,,landscape,3.058948323086952e-06
real_landscape_landscape_53_a_train_of_many_colors_is_coming_down_the_track.jpg,false,,landscape,1.0590071042315685e-06
real_landscape_landscape_100_xpLNPVL3IJA.jpg,false,,landscape,1.3161252354620956e-05
real_landscape_landscape_153_6SGsL73EbKM.jpg,false,,landscape,5.220908860792406e-07
real_landscape_landscape_107_cssvEZacHvQ.jpg,false,,landscape,1.4276378124122857e-06
real_landscape_landscape_79_an_orange_train_traveling_along_train_tracks_near_a_train_ya.jpg,false,,landscape,2.0072181428076874e-07
real_landscape_landscape_090_tZaA8VqJG3g.jpg,false,,landscape,1.665316813159734e-05
real_landscape_landscape_73_a_tall_church_tower_sitting_on_the_side_of_a_road.jpg,false,,landscape,4.0762714093034447e-07
real_landscape_landscape_61_a_wooden_bench_sitting_outside_of_a_home.jpg,false,,landscape,1.1217213824465944e-07
real_landscape_landscape_03_lake_reflection.jpg,false,,landscape,1.8048507399726077e-06
real_landscape_landscape_155_DqIyKlJa-2s.jpg,false,,landscape,6.446678639804304e-07
real_landscape_landscape_105_ur4NB1f3kQ8.jpg,false,,landscape,1.9810296691957774e-07
real_landscape_landscape_128_MasnAA5KqDY.jpg,false,,landscape,2.4745806967985118e-06
real_landscape_landscape_134_1pFIPoOa--Y.jpg,false,,landscape,1.45773328767973e-05
real_landscape_landscape_097_1U6EOU8hiTM.jpg,false,,landscape,2.242883141434504e-07
real_landscape_landscape_047_58Mkqady7lE.jpg,false,,landscape,1.0540292350924574e-05
real_landscape_landscape_102_T-AOFf2B8Zw.jpg,false,,landscape,2.2668211840937147e-07
real_landscape_landscape_83_a_small_bus_parked_in_front_of_a_bus_stop.jpg,false,,landscape,5.066855024438155e-08
real_landscape_landscape_162_3m4lH961q20.jpg,false,,landscape,1.2395666715292464e-07
real_landscape_landscape_122_K5eIMIz8kaI.jpg,false,,landscape,5.499888357007876e-05
real_landscape_landscape_069_TdoxXD7aGv8.jpg,false,,landscape,1.7944013961823657e-05
real_landscape_landscape_165_C2YORgsJqXs.jpg,false,,landscape,2.4904022211558186e-05
real_landscape_landscape_152_ayzzI9nOjWY.jpg,false,,landscape,2.617985728647909e-06
real_landscape_landscape_54_white_birds_are_gathered_around_a_water_puddle.jpg,false,,landscape,8.133958999678725e-07
real_landscape_landscape_078_TnLdd0LMfwk.jpg,false,,landscape,0.0009069142979569733
real_landscape_landscape_068_aqS6bCynDv8.jpg,false,,landscape,3.7275825889082626e-05
real_landscape_landscape_07_desert_dunes.jpg,false,,landscape,9.293215157413215e-07
real_landscape_landscape_166_ioAK4HESn6k.jpg,false,,landscape,1.6806975509098265e-06
real_landscape_landscape_111_62_2KGyX13E.jpg,false,,landscape,3.4005165616690647e-07
real_landscape_landscape_60_a_red_and_silver_fire_hydrant_sitting_on_top_of_a_sidewalk.jpg,false,,landscape,1.1044107850466389e-07
real_landscape_landscape_158_QAXDmkU60OU.jpg,false,,landscape,5.665119147124642e-07
real_landscape_landscape_138_78wDBw9ajUk.jpg,false,,landscape,9.110660357691813e-06
real_landscape_landscape_142_3bsVcAbqS7Q.jpg,false,,landscape,1.6808884311103611e-06
real_landscape_landscape_131_hoAFrPJlbT0.jpg,false,,landscape,8.428597766396706e-07
real_landscape_landscape_106_hu8Mp-XTksA.jpg,false,,landscape,3.6058941077499185e-07
real_landscape_landscape_082_ercx7zE_Mzo.jpg,false,,landscape,3.8912637023713614e-07
real_landscape_landscape_132_zUEjNDEEca8.jpg,false,,landscape,3.4200347727164626e-06
real_landscape_landscape_78_a_yellow_bus_is_on_a_street_near_a_black_guard_rail.jpg,false,,landscape,3.3685077482914494e-07
real_landscape_landscape_159_G4su92tyImI.jpg,false,,landscape,7.990277481439989e-06
real_landscape_landscape_088_N22iRE8u3MU.jpg,false,,landscape,9.451626681311609e-08
real_landscape_landscape_168_r-PPOX0QQ1g.jpg,false,,landscape,1.7126502598330262e-06
real_landscape_landscape_074_r2Ug9sXPEHA.jpg,false,,landscape,2.6614100079314085e-06
real_landscape_landscape_57_a_yellow_and_green_train_at_stop_lights.jpg,false,,landscape,8.668718720628021e-08
real_landscape_landscape_146__MCLUFQlZ_c.jpg,false,,landscape,6.758239123882959e-07
real_landscape_landscape_096_3eC5n6gHwe8.jpg,false,,landscape,1.6943705531957676e-06
real_landscape_landscape_063_Lm6mqM_KqQY.jpg,false,,landscape,2.8463120997912483e-06
real_landscape_landscape_145_xZX3pXjQQSw.jpg,false,,landscape,6.1653404372918885e-06
real_landscape_landscape_74_a_bathroom_with_some_orange_walls_and_a_black_and_white_coun.jpg,false,,landscape,2.3391615400214505e-07
real_landscape_landscape_136_awNpFWNTGFY.jpg,false,,landscape,1.6712414435460232e-05
real_landscape_landscape_061_bk4hN4Jvnac.jpg,false,,landscape,8.394431461056229e-07
real_landscape_landscape_121_JtVkmKQ1FQI.jpg,false,,landscape,2.010280695685651e-06
real_landscape_landscape_104_6gt7AoSk5pQ.jpg,false,,landscape,2.6743229682324454e-05
real_landscape_landscape_139_aoWukdAWJno.jpg,false,,landscape,8.849078767525498e-07
real_landscape_landscape_75_a_city_traffic_signal_and_street_at_night.jpg,false,,landscape,9.507763820693071e-07
real_landscape_landscape_055_ixbSaWYYOwY.jpg,false,,landscape,1.9976894691353664e-05
real_landscape_landscape_137_9CkGNheiEFQ.jpg,false,,landscape,3.9225878367687983e-07
real_landscape_landscape_066_7AKHr2kdmAc.jpg,false,,landscape,2.705474571484956e-06
real_landscape_landscape_08_ocean_waves_beach.jpg,false,,landscape,2.40162489717477e-06
real_landscape_landscape_076_OrkbCipJriw.jpg,false,,landscape,3.575578091385978e-07
real_landscape_landscape_113_etJBEUW4ZDg.jpg,false,,landscape,4.967247377862805e-07
real_landscape_landscape_123_ac9BZlaKuG4.jpg,false,,landscape,2.864617556497251e-07
real_landscape_landscape_049_yFCXHHLEZA0.jpg,false,,landscape,7.842625109333312e-07
real_landscape_landscape_151_OueojWSe66o.jpg,false,,landscape,3.8437178773165215e-06
real_landscape_landscape_087_NW-WPrJoyzc.jpg,false,,landscape,2.9854541594431794e-07
real_landscape_landscape_62_two_large_jets_sitting_on_top_of_an_airport_runway.jpg,false,,landscape,8.767941835685633e-06
real_landscape_landscape_67_an_image_of_a_subway_bus_going_thru_the_subway_station.jpg,false,,landscape,1.981018016294911e-07
real_landscape_landscape_64_a_bird_sitting_on_top_of_a_park_bench.jpg,false,,landscape,1.817999049080754e-07
real_landscape_landscape_141_F0_qeY5OWJE.jpg,false,,landscape,2.3033383058645995e-06
real_landscape_landscape_149_zMhnN9FpDBE.jpg,false,,landscape,5.594010872300714e-07
real_landscape_landscape_56_a_train_on_the_tracks_out_in_the_country.jpg,false,,landscape,1.038828472132991e-07
real_landscape_landscape_103_Yd6TC3qee6M.jpg,false,,landscape,1.313934444624465e-05
real_landscape_landscape_052_Xaje8s7H9Cw.jpg,false,,landscape,5.380769607654656e-07
real_landscape_landscape_01_mountain_peaks_with_snow.jpg,false,,landscape,3.6401107195160876e-07
real_landscape_landscape_058_CPIQfMbSjmM.jpg,false,,landscape,8.600198384556279e-07
real_landscape_landscape_065_xMMh-VFGL9M.jpg,false,,landscape,3.5362184007681208e-06
real_landscape_landscape_72_a_street_corner_with_a_brown_and_white_building_on_it.jpg,false,,landscape,1.5720961243914644e-07
real_landscape_landscape_094_8v_1afZJpg4.jpg,false,,landscape,7.70620601997507e-07
real_landscape_landscape_150_NoSRqbXJY68.jpg,false,,landscape,4.080904432157695e-07
real_landscape_landscape_144_MZxQoMVN518.jpg,false,,landscape,1.3332862636161735e-06
real_landscape_landscape_63_a_pole_with_a_street_light_and_signs_next_to_a_bare_tree.jpg,false,,landscape,3.524833402934746e-07
real_landscape_landscape_127_uFdsMOjWX58.jpg,false,,landscape,2.3253644030774012e-05
real_landscape_landscape_101_C27Jip4jz4k.jpg,false,,landscape,2.384219328632753e-07
real_landscape_landscape_050_nlllZxwRoLM.jpg,false,,landscape,2.0945424239471322e-07
real_landscape_landscape_054_R0hVu1Mqo7A.jpg,false,,landscape,4.983438702765852e-05
real_landscape_landscape_170_rGmCuOfPwnk.jpg,false,,landscape,8.6097827534104e-07
real_landscape_landscape_52_the_train_engine_is_followed_by_a_line_of_open_cars.jpg,false,,landscape,6.028722623341309e-07
real_landscape_landscape_50_a_green_bench_sitting_on_the_side_of_a_sidewalk.jpg,false,,landscape,2.878136911022011e-07
real_landscape_landscape_65_these_toilets_are_being_used_outside_as_decor.jpg,false,,landscape,1.0799141847428473e-07
real_landscape_landscape_148_qgfiux6vEmc.jpg,false,,landscape,2.102976850437699e-07
real_landscape_landscape_169_TWvnc-oToE4.jpg,false,,landscape,8.850344670463528e-07
real_landscape_landscape_112_hfxvkEzd_I0.jpg,false,,landscape,3.059354185097618e-06
real_landscape_landscape_70_a_semi_truck_is_driving_down_a_street.jpg,false,,landscape,1.5859968982567807e-07
real_landscape_landscape_084_uzWLhB7n3m8.jpg,false,,landscape,1.6367320085919346e-06
real_landscape_landscape_091_Bch-Zl9ZUc8.jpg,false,,landscape,3.7443373912537936e-07
real_landscape_landscape_66_a_few_meters_are_sitting_near_an_air_plane.jpg,false,,landscape,2.89728234292852e-07
real_landscape_landscape_108_LpryxGvyY-8.jpg,false,,landscape,8.855496162141208e-06
