id,is_ai,generator,category,score
ai_art_qwen_2512_art_08.png,true,Qwen 2512,art,0.9981396198272705
ai_art_flux_2_flex_art_03.png,true,Flux,art,0.9368392825126648
ai_art_seedream_v3_art_07.png,true,Seedream,art,0.969455897808075
ai_art_seedream_v3_art_06.png,true,Seedream,art,0.911763608455658
ai_art_flux_2_flex_art_02.png,true,Flux,art,0.7392510771751404
ai_art_glm_image_art_01.png,true,GLM Image,art,0.014157496392726898
ai_art_qwen_2512_art_09.png,true,Qwen 2512,art,0.2091011106967926
ai_art_wan_v2.6_art_09.png,true,Wan v2.6,art,5.5167315622384194e-06
ai_art_flux_schnell_art_08.png,true,Flux Schnell,art,0.1499900370836258
ai_art_glm_image_art_03.png,true,GLM Image,art,0.00457723019644618
ai_art_seedream_v3_art_10.png,true,Seedream,art,0.0006802988355048001
ai_art_seedream_v3_art_04.png,true,Seedream,art,0.013726656325161457
ai_art_seedream_v3_art_05.png,true,Seedream,art,8.688251909916289e-06
ai_art_flux_2_flex_art_01.png,true,Flux,art,0.9826475977897644
ai_art_glm_image_art_02.png,true,GLM Image,art,0.9994450211524963
ai_art_flux_schnell_art_09.png,true,Flux Schnell,art,4.967157110513654e-06
ai_art_wan_v2.6_art_08.png,true,Wan v2.6,art,0.0015871169744059443
ai_art_z_image_art_09.png,true,Z,art,0.032008275389671326
ai_art_glm_image_art_06.png,true,GLM Image,art,0.9982696771621704
ai_art_flux_2_flex_art_05.png,true,Flux,art,1.7108645806729328e-06
ai_art_seedream_v3_art_01.png,true,Seedream,art,0.0038731289096176624
ai_art_flux_2_flex_art_10.png,true,Flux,art,0.9995608925819397
ai_art_flux_2_flex_art_04.png,true,Flux,art,0.012336070649325848
ai_art_glm_image_art_07.png,true,GLM Image,art,0.9649811387062073
ai_art_z_image_art_08.png,true,Z,art,0.30386653542518616
ai_art_glm_image_art_05.png,true,GLM Image,art,8.493689733768406e-07
ai_art_flux_2_flex_art_06.png,true,Flux,art,0.2968001365661621
ai_art_seedream_v3_art_02.png,true,Seedream,art,0.9864720106124878
ai_art_seedream_v3_art_03.png,true,Seedream,art,0.0003507917281240225
ai_art_flux_2_flex_art_07.png,true,Flux,art,0.7080754041671753
ai_art_glm_image_art_10.png,true,GLM Image,art,0.04750703275203705
ai_art_glm_image_art_04.png,true,GLM Image,art,0.9159671664237976
ai_art_hunyuan_v3_art_07.png,true,Hunyuan v3,art,2.047167618002277e-05
ai_art_ideogram_v3_art_04.png,true,Ideogram v3,art,5.165191396372393e-05
ai_art_ideogram_v3_art_10.png,true,Ideogram v3,art,0.05017558112740517
ai_art_sd_3.5_large_art_08.png,true,Sd,art,0.2514999210834503
ai_art_seedream_v4_art_03.png,true,Seedream,art,2.149007013940718e-05
ai_art_leonardo_phoenix_art_06.png,true,Leonardo Phoenix,art,0.5138242840766907
ai_art_leonardo_phoenix_art_07.png,true,Leonardo Phoenix,art,0.9979433417320251
ai_art_grok_aurora_art_01.png,true,Grok Aurora,art,0.9974658489227295
ai_art_seedream_v4_art_02.png,true,Seedream,art,4.902066211798228e-05
ai_art_sd_3.5_large_art_09.png,true,Sd,art,2.4017530449782498e-05
ai_art_ideogram_v3_art_05.png,true,Ideogram v3,art,0.660331130027771
ai_art_hunyuan_v3_art_06.png,true,Hunyuan v3,art,0.9610267281532288
ai_art_hunyuan_v3_art_04.png,true,Hunyuan v3,art,0.5852984189987183
ai_art_hunyuan_v3_art_10.png,true,Hunyuan v3,art,0.014658646658062935
ai_art_recraft_v3_art_09.png,true,Recraft v3,art,0.009715612977743149
ai_art_ideogram_v3_art_07.png,true,Ideogram v3,art,2.6634828827809542e-05
ai_art_grok_aurora_art_03.png,true,Grok Aurora,art,0.13442794978618622
ai_art_leonardo_phoenix_art_05.png,true,Leonardo Phoenix,art,0.9859683513641357
ai_art_leonardo_phoenix_art_10.png,true,Leonardo Phoenix,art,0.9997504353523254
ai_art_leonardo_phoenix_art_04.png,true,Leonardo Phoenix,art,0.9832792282104492
ai_art_grok_aurora_art_02.png,true,Grok Aurora,art,0.8423519134521484
ai_art_seedream_v4_art_01.png,true,Seedream,art,0.20631809532642365
ai_art_ideogram_v3_art_06.png,true,Ideogram v3,art,0.03934989869594574
ai_art_recraft_v3_art_08.png,true,Recraft v3,art,1.4477291188086383e-05
ai_art_hunyuan_v3_art_05.png,true,Hunyuan v3,art,4.695095412898809e-05
ai_art_hunyuan_v3_art_01.png,true,Hunyuan v3,art,0.01607937179505825
ai_art_ideogram_v3_art_02.png,true,Ideogram v3,art,0.00011990850180154666
ai_art_flux_pro_v1.1_art_09.png,true,Flux Pro v1.1,art,0.0022440250031650066
ai_art_seedream_v4_art_05.png,true,Seedream,art,8.59097872307757e-06
ai_art_grok_aurora_art_06.png,true,Grok Aurora,art,0.9950268864631653
ai_art_grok_aurora_art_07.png,true,Grok Aurora,art,0.002580058528110385
ai_art_leonardo_phoenix_art_01.png,true,Leonardo Phoenix,art,0.0016511031426489353
ai_art_seedream_v4_art_04.png,true,Seedream,art,0.000364813458872959
ai_art_seedream_v4_art_10.png,true,Seedream,art,9.33353221626021e-05
ai_art_flux_pro_v1.1_art_08.png,true,Flux Pro v1.1,art,0.9784835577011108
ai_art_ideogram_v3_art_03.png,true,Ideogram v3,art,2.5801722586038522e-05
ai_art_hunyuan_v3_art_02.png,true,Hunyuan v3,art,9.4556700787507e-05
ai_art_gpt_image_1.5_art_08.png,true,Gpt,art,0.13929383456707
ai_art_ideogram_v3_art_01.png,true,Ideogram v3,art,0.01337560173124075
ai_art_gemini_3_pro_art_09.png,true,Gemini 3 Pro,art,7.434607687173411e-05
ai_art_seedream_v4_art_06.png,true,Seedream,art,0.05921417102217674
ai_art_leonardo_phoenix_art_03.png,true,Leonardo Phoenix,art,0.9996832609176636
ai_art_grok_aurora_art_05.png,true,Grok Aurora,art,0.0022016544826328754
ai_art_grok_aurora_art_10.png,true,Grok Aurora,art,9.839826816460118e-05
ai_art_grok_aurora_art_04.png,true,Grok Aurora,art,0.38723286986351013
ai_art_leonardo_phoenix_art_02.png,true,Leonardo Phoenix,art,0.3667092025279999
ai_art_seedream_v4_art_07.png,true,Seedream,art,0.00013612248585559428
ai_art_gemini_3_pro_art_08.png,true,Gemini 3 Pro,art,0.0005152871017344296
ai_art_gpt_image_1.5_art_09.png,true,Gpt,art,1.8134522179025225e-05
ai_art_hunyuan_v3_art_03.png,true,Hunyuan v3,art,0.019846484065055847
ai_art_gpt_image_1.5_art_10.png,true,Gpt,art,0.0006366973975673318
ai_art_recraft_v3_art_03.png,true,Recraft v3,art,0.006586884614080191
ai_art_gpt_image_1.5_art_04.png,true,Gpt,art,0.004850688856095076
ai_art_sd_3.5_large_art_01.png,true,Sd,art,0.0027131461538374424
ai_art_gemini_3_pro_art_05.png,true,Gemini 3 Pro,art,8.554475243727211e-06
ai_art_flux_pro_v1.1_art_06.png,true,Flux Pro v1.1,art,0.9976217150688171
ai_art_grok_aurora_art_09.png,true,Grok Aurora,art,0.0002865077694877982
ai_art_grok_aurora_art_08.png,true,Grok Aurora,art,0.01607515662908554
ai_art_flux_pro_v1.1_art_07.png,true,Flux Pro v1.1,art,5.0532649765955284e-05
ai_art_gemini_3_pro_art_10.png,true,Gemini 3 Pro,art,0.435081422328949
ai_art_gemini_3_pro_art_04.png,true,Gemini 3 Pro,art,0.12956242263317108
ai_art_gpt_image_1.5_art_05.png,true,Gpt,art,6.723692877130816e-06
ai_art_recraft_v3_art_02.png,true,Recraft v3,art,0.02739778347313404
ai_art_gpt_image_1.5_art_07.png,true,Gpt,art,0.0024009142071008682
ai_art_gemini_3_pro_art_06.png,true,Gemini 3 Pro,art,0.7434253692626953
ai_art_sd_3.5_large_art_02.png,true,Sd,art,0.5565524697303772
ai_art_flux_pro_v1.1_art_05.png,true,Flux Pro v1.1,art,6.626159574807389e-06
ai_art_seedream_v4_art_09.png,true,Seedream,art,0.00033533541136421263
ai_art_seedream_v4_art_08.png,true,Seedream,art,0.0003481011081021279
ai_art_flux_pro_v1.1_art_10.png,true,Flux Pro v1.1,art,0.019752508029341698
ai_art_flux_pro_v1.1_art_04.png,true,Flux Pro v1.1,art,0.5315675139427185
ai_art_gemini_3_pro_art_07.png,true,Gemini 3 Pro,art,3.561988705769181e-05
ai_art_sd_3.5_large_art_03.png,true,Sd,art,0.0028710002079606056
ai_art_recraft_v3_art_01.png,true,Recraft v3,art,0.00021023539011366665
ai_art_gpt_image_1.5_art_06.png,true,Gpt,art,0.9981022477149963
ai_art_hunyuan_v3_art_08.png,true,Hunyuan v3,art,0.001141636399552226
ai_art_gpt_image_1.5_art_02.png,true,Gpt,art,0.221640482544899
ai_art_recraft_v3_art_05.png,true,Recraft v3,art,5.74743751258211e-07
ai_art_sd_3.5_large_art_07.png,true,Sd,art,0.9999783039093018
ai_art_gemini_3_pro_art_03.png,true,Gemini 3 Pro,art,0.6477469205856323
ai_art_leonardo_phoenix_art_09.png,true,Leonardo Phoenix,art,0.9995983242988586
ai_art_leonardo_phoenix_art_08.png,true,Leonardo Phoenix,art,0.10023036599159241
ai_art_flux_pro_v1.1_art_01.png,true,Flux Pro v1.1,art,0.008176993578672409
ai_art_sd_3.5_large_art_06.png,true,Sd,art,0.3930549919605255
ai_art_gemini_3_pro_art_02.png,true,Gemini 3 Pro,art,0.44976940751075745
ai_art_recraft_v3_art_10.png,true,Recraft v3,art,0.0001066038676071912
ai_art_recraft_v3_art_04.png,true,Recraft v3,art,0.0043452526442706585
ai_art_gpt_image_1.5_art_03.png,true,Gpt,art,0.03382274881005287
ai_art_hunyuan_v3_art_09.png,true,Hunyuan v3,art,0.00039256535819731653
ai_art_recraft_v3_art_06.png,true,Recraft v3,art,0.28210991621017456
ai_art_gpt_image_1.5_art_01.png,true,Gpt,art,0.18244338035583496
ai_art_sd_3.5_large_art_04.png,true,Sd,art,0.2167586237192154
ai_art_sd_3.5_large_art_10.png,true,Sd,art,2.8275412660150323e-06
ai_art_ideogram_v3_art_08.png,true,Ideogram v3,art,0.3626062870025635
ai_art_flux_pro_v1.1_art_03.png,true,Flux Pro v1.1,art,0.0017383561935275793
ai_art_flux_pro_v1.1_art_02.png,true,Flux Pro v1.1,art,0.0032326660584658384
ai_art_ideogram_v3_art_09.png,true,Ideogram v3,art,0.04486243426799774
ai_art_gemini_3_pro_art_01.png,true,Gemini 3 Pro,art,0.9301509261131287
ai_art_sd_3.5_large_art_05.png,true,Sd,art,3.23581093653047e-06
ai_art_recraft_v3_art_07.png,true,Recraft v3,art,4.728480416815728e-05
ai_art_wan_v2.6_art_03.png,true,Wan v2.6,art,3.3653166610747576e-05
ai_art_flux_schnell_art_02.png,true,Flux Schnell,art,0.02726406417787075
ai_art_qwen_2512_art_01.png,true,Qwen 2512,art,0.9942508935928345
ai_art_z_image_art_06.png,true,Z,art,0.9957310557365417
ai_art_glm_image_art_09.png,true,GLM Image,art,3.0573266940336907e-06
ai_art_glm_image_art_08.png,true,GLM Image,art,0.9873425960540771
ai_art_z_image_art_07.png,true,Z,art,0.0035656944382935762
ai_art_flux_schnell_art_03.png,true,Flux Schnell,art,0.17170679569244385
ai_art_wan_v2.6_art_02.png,true,Wan v2.6,art,0.002905704081058502
ai_art_qwen_2512_art_02.png,true,Qwen 2512,art,0.6915164589881897
ai_art_flux_schnell_art_01.png,true,Flux Schnell,art,0.00066526816226542
ai_art_z_image_art_05.png,true,Z,art,0.8383063673973083
ai_art_flux_2_flex_art_09.png,true,Flux,art,1.072672148438869e-06
ai_art_flux_2_flex_art_08.png,true,Flux,art,1.6361125744879246e-05
ai_art_z_image_art_04.png,true,Z,art,0.00853419303894043
ai_art_z_image_art_10.png,true,Z,art,0.8095751404762268
ai_art_qwen_2512_art_03.png,true,Qwen 2512,art,0.9927511215209961
ai_art_wan_v2.6_art_01.png,true,Wan v2.6,art,0.02676742523908615
ai_art_flux_schnell_art_10.png,true,Flux Schnell,art,0.00010275976092088968
ai_art_wan_v2.6_art_05.png,true,Wan v2.6,art,0.0004175947397015989
ai_art_flux_schnell_art_04.png,true,Flux Schnell,art,0.2658938467502594
ai_art_qwen_2512_art_07.png,true,Qwen 2512,art,0.013453667052090168
ai_art_seedream_v3_art_08.png,true,Seedream,art,0.7866590023040771
ai_art_seedream_v3_art_09.png,true,Seedream,art,0.0004925320390611887
ai_art_z_image_art_01.png,true,Z,art,0.007653019856661558
ai_art_flux_schnell_art_05.png,true,Flux Schnell,art,0.001424296642653644
ai_art_wan_v2.6_art_04.png,true,Wan v2.6,art,0.007197123020887375
ai_art_qwen_2512_art_06.png,true,Qwen 2512,art,0.994252622127533
ai_art_wan_v2.6_art_10.png,true,Wan v2.6,art,0.0006746198632754385
ai_art_qwen_2512_art_04.png,true,Qwen 2512,art,0.9991094470024109
ai_art_wan_v2.6_art_06.png,true,Wan v2.6,art,0.9890613555908203
ai_art_flux_schnell_art_07.png,true,Flux Schnell,art,1.2470510228013154e-05
ai_art_qwen_2512_art_10.png,true,Qwen 2512,art,0.002704543760046363
ai_art_z_image_art_03.png,true,Z,art,0.00017100578406825662
ai_art_z_image_art_02.png,true,Z,art,0.0011031869798898697
ai_art_qwen_2512_art_05.png,true,Qwen 2512,art,0.9881445169448853
ai_art_flux_schnell_art_06.png,true,Flux Schnell,art,0.4238465130329132
ai_art_wan_v2.6_art_07.png,true,Wan v2.6,art,0.9712047576904297
ai_portrait_seedream_v3_portrait_10.png,true,Seedream,portrait,0.0026557117234915495
ai_portrait_seedream_v3_portrait_04.png,true,Seedream,portrait,2.1937250494374894e-05
ai_portrait_recraft_v3_portrait_05.png,true,Recraft v3,portrait,0.011022092774510384
ai_portrait_flux_pro_v1.1_portrait_09.png,true,Flux Pro v1.1,portrait,0.24165208637714386
ai_portrait_flux_pro_v1.1_portrait_08.png,true,Flux Pro v1.1,portrait,0.00021083257161080837
ai_portrait_wan_v2.6_portrait_01.png,true,Wan v2.6,portrait,0.009072167798876762
ai_portrait_recraft_v3_portrait_04.png,true,Recraft v3,portrait,0.002878647530451417
ai_portrait_recraft_v3_portrait_10.png,true,Recraft v3,portrait,3.6821622870775172e-06
ai_portrait_seedream_v3_portrait_05.png,true,Seedream,portrait,0.30027297139167786
ai_portrait_seedream_v4_portrait_01.png,true,Seedream,portrait,0.00014607468619942665
ai_portrait_seedream_v4_portrait_03.png,true,Seedream,portrait,0.00011213076504645869
ai_portrait_seedream_v3_portrait_07.png,true,Seedream,portrait,0.04961789771914482
ai_portrait_hunyuan_v3_portrait_09.png,true,Hunyuan v3,portrait,0.0005602751043625176
ai_portrait_recraft_v3_portrait_06.png,true,Recraft v3,portrait,3.519068195600994e-05
ai_portrait_wan_v2.6_portrait_03.png,true,Wan v2.6,portrait,0.007830219343304634
ai_portrait_wan_v2.6_portrait_02.png,true,Wan v2.6,portrait,0.5172340273857117
ai_portrait_recraft_v3_portrait_07.png,true,Recraft v3,portrait,0.00017619659774936736
ai_portrait_hunyuan_v3_portrait_08.png,true,Hunyuan v3,portrait,1.4164738786348607e-06
ai_portrait_seedream_v3_portrait_06.png,true,Seedream,portrait,0.30478376150131226
ai_portrait_seedream_v4_portrait_02.png,true,Seedream,portrait,6.707030115649104e-05
ai_portrait_seedream_v3_portrait_02.png,true,Seedream,portrait,3.1066722385730827e-06
ai_portrait_seedream_v4_portrait_06.png,true,Seedream,portrait,3.763842414628016e-06
ai_portrait_recraft_v3_portrait_03.png,true,Recraft v3,portrait,1.0958431630569976e-05
ai_portrait_grok_aurora_portrait_09.png,true,Grok Aurora,portrait,1.2966080475962372e-06
ai_portrait_qwen_2512_portrait_08.png,true,Qwen 2512,portrait,0.0001069293575710617
ai_portrait_wan_v2.6_portrait_06.png,true,Wan v2.6,portrait,0.0008884146227501333
ai_portrait_wan_v2.6_portrait_07.png,true,Wan v2.6,portrait,0.20034609735012054
ai_portrait_qwen_2512_portrait_09.png,true,Qwen 2512,portrait,0.00014145665045361966
ai_portrait_recraft_v3_portrait_02.png,true,Recraft v3,portrait,4.3179275053262245e-06
ai_portrait_grok_aurora_portrait_08.png,true,Grok Aurora,portrait,0.01763192191720009
ai_portrait_seedream_v4_portrait_07.png,true,Seedream,portrait,0.00044008888653479517
ai_portrait_seedream_v3_portrait_03.png,true,Seedream,portrait,0.0015020002610981464
ai_portrait_seedream_v3_portrait_01.png,true,Seedream,portrait,0.9969869256019592
ai_portrait_seedream_v4_portrait_05.png,true,Seedream,portrait,0.00010775745613500476
ai_portrait_wan_v2.6_portrait_05.png,true,Wan v2.6,portrait,0.00013254076475277543
ai_portrait_flux_schnell_portrait_08.png,true,Flux Schnell,portrait,0.00038583713467232883
ai_portrait_flux_schnell_portrait_09.png,true,Flux Schnell,portrait,0.30623286962509155
ai_portrait_wan_v2.6_portrait_10.png,true,Wan v2.6,portrait,0.00038656056858599186
ai_portrait_wan_v2.6_portrait_04.png,true,Wan v2.6,portrait,3.4780878195306286e-05
ai_portrait_recraft_v3_portrait_01.png,true,Recraft v3,portrait,1.772803079802543e-05
ai_portrait_seedream_v4_portrait_04.png,true,Seedream,portrait,0.0002894463250413537
ai_portrait_seedream_v4_portrait_10.png,true,Seedream,portrait,1.3481459291142528e-06
ai_portrait_z_image_portrait_01.png,true,Z,portrait,0.853657603263855
ai_portrait_ideogram_v3_portrait_01.png,true,Ideogram v3,portrait,0.13727059960365295
ai_portrait_leonardo_phoenix_portrait_07.png,true,Leonardo Phoenix,portrait,0.9983230233192444
ai_portrait_sd_3.5_large_portrait_05.png,true,Sd,portrait,0.0002178773720515892
ai_portrait_gpt_image_1.5_portrait_01.png,true,Gpt,portrait,0.025935443118214607
ai_portrait_flux_2_flex_portrait_03.png,true,Flux,portrait,0.9999812841415405
ai_portrait_gemini_3_pro_portrait_10.png,true,Gemini 3 Pro,portrait,1.014015833789017e-05
ai_portrait_gemini_3_pro_portrait_04.png,true,Gemini 3 Pro,portrait,5.442672318167752e-06
ai_portrait_gemini_3_pro_portrait_05.png,true,Gemini 3 Pro,portrait,4.644242380891228e-06
ai_portrait_flux_2_flex_portrait_02.png,true,Flux,portrait,0.032902639359235764
ai_portrait_sd_3.5_large_portrait_04.png,true,Sd,portrait,0.04124610126018524
ai_portrait_leonardo_phoenix_portrait_06.png,true,Leonardo Phoenix,portrait,0.997856080532074
ai_portrait_sd_3.5_large_portrait_10.png,true,Sd,portrait,4.436376002558973e-06
ai_portrait_glm_image_portrait_01.png,true,GLM Image,portrait,0.8526476621627808
ai_portrait_z_image_portrait_02.png,true,Z,portrait,0.1481603980064392
ai_portrait_glm_image_portrait_03.png,true,GLM Image,portrait,0.2467155158519745
ai_portrait_ideogram_v3_portrait_02.png,true,Ideogram v3,portrait,0.0008400800288654864
ai_portrait_leonardo_phoenix_portrait_10.png,true,Leonardo Phoenix,portrait,0.9999990463256836
ai_portrait_sd_3.5_large_portrait_06.png,true,Sd,portrait,0.007588832173496485
ai_portrait_leonardo_phoenix_portrait_04.png,true,Leonardo Phoenix,portrait,0.6144738793373108
ai_portrait_gpt_image_1.5_portrait_02.png,true,Gpt,portrait,1.450810032110894e-06
ai_portrait_gemini_3_pro_portrait_07.png,true,Gemini 3 Pro,portrait,0.22232332825660706
ai_portrait_gemini_3_pro_portrait_06.png,true,Gemini 3 Pro,portrait,3.6864346384390956e-06
ai_portrait_flux_2_flex_portrait_01.png,true,Flux,portrait,0.9650307297706604
ai_portrait_gpt_image_1.5_portrait_03.png,true,Gpt,portrait,0.3430507183074951
ai_portrait_leonardo_phoenix_portrait_05.png,true,Leonardo Phoenix,portrait,0.9945011138916016
ai_portrait_sd_3.5_large_portrait_07.png,true,Sd,portrait,0.009982156567275524
ai_portrait_ideogram_v3_portrait_03.png,true,Ideogram v3,portrait,7.923779776319861e-05
ai_portrait_glm_image_portrait_02.png,true,GLM Image,portrait,2.618634607642889e-05
ai_portrait_z_image_portrait_03.png,true,Z,portrait,0.8206571340560913
ai_portrait_z_image_portrait_07.png,true,Z,portrait,0.0018621091730892658
ai_portrait_glm_image_portrait_06.png,true,GLM Image,portrait,0.7956568002700806
ai_portrait_ideogram_v3_portrait_07.png,true,Ideogram v3,portrait,0.012795994058251381
ai_portrait_gpt_image_1.5_portrait_07.png,true,Gpt,portrait,0.002242836868390441
ai_portrait_sd_3.5_large_portrait_03.png,true,Sd,portrait,5.451051765703596e-05
ai_portrait_leonardo_phoenix_portrait_01.png,true,Leonardo Phoenix,portrait,0.034719496965408325
ai_portrait_gemini_3_pro_portrait_02.png,true,Gemini 3 Pro,portrait,2.7844798751175404e-06
ai_portrait_flux_2_flex_portrait_05.png,true,Flux,portrait,0.265178918838501
ai_portrait_flux_2_flex_portrait_10.png,true,Flux,portrait,0.6037675142288208
ai_portrait_flux_2_flex_portrait_04.png,true,Flux,portrait,0.01798601634800434
ai_portrait_gemini_3_pro_portrait_03.png,true,Gemini 3 Pro,portrait,0.026364021003246307
ai_portrait_sd_3.5_large_portrait_02.png,true,Sd,portrait,0.0017720735631883144
ai_portrait_gpt_image_1.5_portrait_06.png,true,Gpt,portrait,1.03897946246434e-05
ai_portrait_ideogram_v3_portrait_06.png,true,Ideogram v3,portrait,0.00018767658912111074
ai_portrait_glm_image_portrait_07.png,true,GLM Image,portrait,0.9978145360946655
ai_portrait_z_image_portrait_06.png,true,Z,portrait,0.8617018461227417
ai_portrait_z_image_portrait_10.png,true,Z,portrait,1.04003620435833e-05
ai_portrait_z_image_portrait_04.png,true,Z,portrait,0.020531753078103065
ai_portrait_glm_image_portrait_05.png,true,GLM Image,portrait,0.14801602065563202
ai_portrait_ideogram_v3_portrait_10.png,true,Ideogram v3,portrait,0.0011257638689130545
ai_portrait_ideogram_v3_portrait_04.png,true,Ideogram v3,portrait,0.0005687482189387083
ai_portrait_gpt_image_1.5_portrait_10.png,true,Gpt,portrait,0.0053473603911697865
ai_portrait_gpt_image_1.5_portrait_04.png,true,Gpt,portrait,6.545578798977658e-06
ai_portrait_leonardo_phoenix_portrait_02.png,true,Leonardo Phoenix,portrait,0.00012605088704731315
ai_portrait_gemini_3_pro_portrait_01.png,true,Gemini 3 Pro,portrait,3.912066858902108e-06
ai_portrait_flux_2_flex_portrait_06.png,true,Flux,portrait,0.9999939203262329
ai_portrait_flux_2_flex_portrait_07.png,true,Flux,portrait,0.9898776412010193
ai_portrait_sd_3.5_large_portrait_01.png,true,Sd,portrait,0.14760835468769073
ai_portrait_leonardo_phoenix_portrait_03.png,true,Leonardo Phoenix,portrait,0.00285547343082726
ai_portrait_gpt_image_1.5_portrait_05.png,true,Gpt,portrait,0.7193320989608765
ai_portrait_ideogram_v3_portrait_05.png,true,Ideogram v3,portrait,0.0004877969331573695
ai_portrait_glm_image_portrait_10.png,true,GLM Image,portrait,0.4491400122642517
ai_portrait_glm_image_portrait_04.png,true,GLM Image,portrait,0.055344585329294205
ai_portrait_z_image_portrait_05.png,true,Z,portrait,5.19613859069068e-05
ai_portrait_z_image_portrait_08.png,true,Z,portrait,0.9920592308044434
ai_portrait_glm_image_portrait_09.png,true,GLM Image,portrait,0.07683559507131577
ai_portrait_ideogram_v3_portrait_08.png,true,Ideogram v3,portrait,4.6574223233619705e-05
ai_portrait_gpt_image_1.5_portrait_08.png,true,Gpt,portrait,2.521924670872977e-06
ai_portrait_gpt_image_1.5_portrait_09.png,true,Gpt,portrait,1.7834033769759117e-06
ai_portrait_ideogram_v3_portrait_09.png,true,Ideogram v3,portrait,4.5941655116621405e-05
ai_portrait_glm_image_portrait_08.png,true,GLM Image,portrait,9.485852206125855e-05
ai_portrait_z_image_portrait_09.png,true,Z,portrait,0.002985388273373246
ai_portrait_flux_2_flex_portrait_09.png,true,Flux,portrait,0.000389249122235924
ai_portrait_flux_2_flex_portrait_08.png,true,Flux,portrait,0.00012515073467511684
ai_portrait_leonardo_phoenix_portrait_08.png,true,Leonardo Phoenix,portrait,0.001436644815839827
ai_portrait_leonardo_phoenix_portrait_09.png,true,Leonardo Phoenix,portrait,0.03328074887394905
ai_portrait_sd_3.5_large_portrait_09.png,true,Sd,portrait,1.6416954622400226e-06
ai_portrait_gemini_3_pro_portrait_08.png,true,Gemini 3 Pro,portrait,2.4522725652786903e-05
ai_portrait_gemini_3_pro_portrait_09.png,true,Gemini 3 Pro,portrait,9.99375552055426e-05
ai_portrait_sd_3.5_large_portrait_08.png,true,Sd,portrait,0.1476479321718216
ai_portrait_seedream_v4_portrait_09.png,true,Seedream,portrait,4.959733996656723e-05
ai_portrait_hunyuan_v3_portrait_03.png,true,Hunyuan v3,portrait,1.0570471204118803e-05
ai_portrait_grok_aurora_portrait_06.png,true,Grok Aurora,portrait,0.0019786374177783728
ai_portrait_qwen_2512_portrait_07.png,true,Qwen 2512,portrait,0.9712088704109192
ai_portrait_wan_v2.6_portrait_09.png,true,Wan v2.6,portrait,0.9369797110557556
ai_portrait_flux_schnell_portrait_04.png,true,Flux Schnell,portrait,0.5327844023704529
ai_portrait_flux_schnell_portrait_10.png,true,Flux Schnell,portrait,0.5020385384559631
ai_portrait_flux_pro_v1.1_portrait_01.png,true,Flux Pro v1.1,portrait,0.000832164310850203
ai_portrait_flux_schnell_portrait_05.png,true,Flux Schnell,portrait,0.7914093136787415
ai_portrait_wan_v2.6_portrait_08.png,true,Wan v2.6,portrait,0.0029440231155604124
ai_portrait_qwen_2512_portrait_06.png,true,Qwen 2512,portrait,0.9479354619979858
ai_portrait_grok_aurora_portrait_07.png,true,Grok Aurora,portrait,0.03517084941267967
ai_portrait_hunyuan_v3_portrait_02.png,true,Hunyuan v3,portrait,0.00031995095196180046
ai_portrait_seedream_v4_portrait_08.png,true,Seedream,portrait,5.6947545090224594e-05
ai_portrait_grok_aurora_portrait_05.png,true,Grok Aurora,portrait,0.00015390614862553775
ai_portrait_qwen_2512_portrait_04.png,true,Qwen 2512,portrait,4.195736983092502e-05
ai_portrait_qwen_2512_portrait_10.png,true,Qwen 2512,portrait,8.112128125503659e-05
ai_portrait_flux_schnell_portrait_07.png,true,Flux Schnell,portrait,0.20535390079021454
ai_portrait_flux_pro_v1.1_portrait_03.png,true,Flux Pro v1.1,portrait,8.939201507018879e-06
ai_portrait_flux_pro_v1.1_portrait_02.png,true,Flux Pro v1.1,portrait,0.9503195881843567
ai_portrait_flux_schnell_portrait_06.png,true,Flux Schnell,portrait,0.28822317719459534
ai_portrait_qwen_2512_portrait_05.png,true,Qwen 2512,portrait,0.00020657762070186436
ai_portrait_grok_aurora_portrait_04.png,true,Grok Aurora,portrait,6.889749056426808e-05
ai_portrait_grok_aurora_portrait_10.png,true,Grok Aurora,portrait,0.9999690055847168
ai_portrait_hunyuan_v3_portrait_01.png,true,Hunyuan v3,portrait,0.9976217150688171
ai_portrait_hunyuan_v3_portrait_05.png,true,Hunyuan v3,portrait,0.00012546929065138102
ai_portrait_qwen_2512_portrait_01.png,true,Qwen 2512,portrait,0.6356900334358215
ai_portrait_flux_schnell_portrait_02.png,true,Flux Schnell,portrait,0.0001679311244515702
ai_portrait_flux_pro_v1.1_portrait_06.png,true,Flux Pro v1.1,portrait,0.6198047995567322
ai_portrait_flux_pro_v1.1_portrait_07.png,true,Flux Pro v1.1,portrait,0.002939041703939438
ai_portrait_flux_schnell_portrait_03.png,true,Flux Schnell,portrait,0.11289997398853302
ai_portrait_grok_aurora_portrait_01.png,true,Grok Aurora,portrait,5.5215972679434344e-05
ai_portrait_hunyuan_v3_portrait_10.png,true,Hunyuan v3,portrait,2.2282256395556033e-05
ai_portrait_hunyuan_v3_portrait_04.png,true,Hunyuan v3,portrait,0.0005488686147145927
ai_portrait_seedream_v3_portrait_08.png,true,Seedream,portrait,4.4265572796575725e-05
ai_portrait_hunyuan_v3_portrait_06.png,true,Hunyuan v3,portrait,1.6153793694684282e-05
ai_portrait_recraft_v3_portrait_09.png,true,Recraft v3,portrait,3.4680963381106267e-06
ai_portrait_grok_aurora_portrait_03.png,true,Grok Aurora,portrait,2.694673094083555e-05
ai_portrait_qwen_2512_portrait_02.png,true,Qwen 2512,portrait,0.7332746982574463
ai_portrait_flux_schnell_portrait_01.png,true,Flux Schnell,portrait,0.9984918832778931
ai_portrait_flux_pro_v1.1_portrait_05.png,true,Flux Pro v1.1,portrait,0.003279737662523985
ai_portrait_flux_pro_v1.1_portrait_10.png,true,Flux Pro v1.1,portrait,0.22370494902133942
ai_portrait_flux_pro_v1.1_portrait_04.png,true,Flux Pro v1.1,portrait,3.788961475947872e-05
ai_portrait_qwen_2512_portrait_03.png,true,Qwen 2512,portrait,0.0010452813003212214
ai_portrait_recraft_v3_portrait_08.png,true,Recraft v3,portrait,0.00013746823242399842
ai_portrait_grok_aurora_portrait_02.png,true,Grok Aurora,portrait,0.06275224685668945
ai_portrait_hunyuan_v3_portrait_07.png,true,Hunyuan v3,portrait,9.965720528271049e-05
ai_portrait_seedream_v3_portrait_09.png,true,Seedream,portrait,0.00017616130935493857
ai_product_flux_pro_v1.1_product_03.png,true,Flux Pro v1.1,product,5.1321767386980355e-06
ai_product_flux_2_flex_product_03.png,true,Flux,product,0.0025916313752532005
ai_product_gpt_image_1.5_product_03.png,true,Gpt,product,2.253752882097615e-06
ai_product_gpt_image_1.5_product_02.png,true,Gpt,product,0.01203108113259077
ai_product_flux_2_flex_product_02.png,true,Flux,product,0.00016663895803503692
ai_product_flux_pro_v1.1_product_02.png,true,Flux Pro v1.1,product,0.0005512499483302236
ai_product_grok_aurora_product_01.png,true,Grok Aurora,product,2.2472454475064296e-06
ai_product_glm_image_product_08.png,true,GLM Image,product,4.435085884324508e-06
ai_product_grok_aurora_product_03.png,true,Grok Aurora,product,1.9885486835846677e-05
ai_product_hunyuan_v3_product_09.png,true,Hunyuan v3,product,1.2360762411844917e-05
ai_product_gpt_image_1.5_product_01.png,true,Gpt,product,0.001779762445949018
ai_product_hunyuan_v3_product_08.png,true,Hunyuan v3,product,3.933853076887317e-05
ai_product_flux_2_flex_product_01.png,true,Flux,product,0.0016987482085824013
ai_product_flux_pro_v1.1_product_01.png,true,Flux Pro v1.1,product,0.0001047373516485095
ai_product_grok_aurora_product_02.png,true,Grok Aurora,product,0.004071850795298815
ai_product_glm_image_product_09.png,true,GLM Image,product,2.378567478444893e-05
ai_product_grok_aurora_product_06.png,true,Grok Aurora,product,7.1027093326847535e-06
ai_product_seedream_v4_product_08.png,true,Seedream,product,0.011464899405837059
ai_product_flux_pro_v1.1_product_05.png,true,Flux Pro v1.1,product,1.2738623809127603e-06
ai_product_flux_2_flex_product_05.png,true,Flux,product,1.1414091204642318e-05
ai_product_gpt_image_1.5_product_05.png,true,Gpt,product,1.8837550896932953e-06
ai_product_gpt_image_1.5_product_10.png,true,Gpt,product,0.0008015250787138939
ai_product_gpt_image_1.5_product_04.png,true,Gpt,product,6.291330464591738e-06
ai_product_flux_2_flex_product_04.png,true,Flux,product,5.179446452530101e-05
ai_product_flux_2_flex_product_10.png,true,Flux,product,4.3592720544438635e-07
ai_product_flux_pro_v1.1_product_10.png,true,Flux Pro v1.1,product,7.471515345969237e-06
ai_product_flux_pro_v1.1_product_04.png,true,Flux Pro v1.1,product,7.541119703091681e-05
ai_product_seedream_v4_product_09.png,true,Seedream,product,1.099624114431208e-06
ai_product_grok_aurora_product_07.png,true,Grok Aurora,product,0.0019920289050787687
ai_product_grok_aurora_product_05.png,true,Grok Aurora,product,0.0030338058713823557
ai_product_flux_schnell_product_08.png,true,Flux Schnell,product,6.55540352454409e-05
ai_product_flux_pro_v1.1_product_06.png,true,Flux Pro v1.1,product,0.00016423274064436555
ai_product_seedream_v3_product_08.png,true,Seedream,product,3.327062222524546e-05
ai_product_flux_2_flex_product_06.png,true,Flux,product,7.0069181674625725e-06
ai_product_gpt_image_1.5_product_06.png,true,Gpt,product,0.00035375510924495757
ai_product_gemini_3_pro_product_09.png,true,Gemini 3 Pro,product,2.6992379389412235e-06
ai_product_gemini_3_pro_product_08.png,true,Gemini 3 Pro,product,2.951079977719928e-06
ai_product_gpt_image_1.5_product_07.png,true,Gpt,product,0.3568018674850464
ai_product_flux_2_flex_product_07.png,true,Flux,product,0.0014430115697905421
ai_product_seedream_v3_product_09.png,true,Seedream,product,1.0999285223078914e-05
ai_product_flux_pro_v1.1_product_07.png,true,Flux Pro v1.1,product,3.202759035048075e-05
ai_product_flux_schnell_product_09.png,true,Flux Schnell,product,9.269977454096079e-06
ai_product_grok_aurora_product_10.png,true,Grok Aurora,product,0.00011290412658127025
ai_product_grok_aurora_product_04.png,true,Grok Aurora,product,7.666761803193367e-07
ai_product_recraft_v3_product_06.png,true,Recraft v3,product,2.6344170692027546e-05
ai_product_ideogram_v3_product_01.png,true,Ideogram v3,product,8.233795938394906e-07
ai_product_recraft_v3_product_07.png,true,Recraft v3,product,0.06441573798656464
ai_product_recraft_v3_product_05.png,true,Recraft v3,product,1.447061094950186e-06
ai_product_ideogram_v3_product_02.png,true,Ideogram v3,product,0.0002090327034238726
ai_product_z_image_product_08.png,true,Z,product,0.0002907434827648103
ai_product_qwen_2512_product_09.png,true,Qwen 2512,product,1.2649735253944527e-05
ai_product_qwen_2512_product_08.png,true,Qwen 2512,product,5.3504390962189063e-05
ai_product_z_image_product_09.png,true,Z,product,0.014052087441086769
ai_product_ideogram_v3_product_03.png,true,Ideogram v3,product,0.005270840134471655
ai_product_recraft_v3_product_04.png,true,Recraft v3,product,5.546754437091295e-06
ai_product_recraft_v3_product_10.png,true,Recraft v3,product,1.475259614380775e-05
ai_product_sd_3.5_large_product_09.png,true,Sd,product,2.057517349385307e-06
ai_product_ideogram_v3_product_07.png,true,Ideogram v3,product,0.002111283363774419
ai_product_wan_v2.6_product_08.png,true,Wan v2.6,product,0.0027487394399940968
ai_product_leonardo_phoenix_product_09.png,true,Leonardo Phoenix,product,0.0010331966914236546
ai_product_leonardo_phoenix_product_08.png,true,Leonardo Phoenix,product,0.5657122731208801
ai_product_wan_v2.6_product_09.png,true,Wan v2.6,product,0.01064282190054655
ai_product_ideogram_v3_product_06.png,true,Ideogram v3,product,0.0027318706270307302
ai_product_sd_3.5_large_product_08.png,true,Sd,product,3.824424129561521e-05
ai_product_recraft_v3_product_01.png,true,Recraft v3,product,1.5035722071843338e-06
ai_product_recraft_v3_product_03.png,true,Recraft v3,product,3.063260010094382e-06
ai_product_ideogram_v3_product_04.png,true,Ideogram v3,product,2.169143954233732e-05
ai_product_ideogram_v3_product_10.png,true,Ideogram v3,product,4.099956072423083e-07
ai_product_ideogram_v3_product_05.png,true,Ideogram v3,product,1.6380155898332305e-07
ai_product_recraft_v3_product_02.png,true,Recraft v3,product,1.0986505913024303e-05
ai_product_z_image_product_02.png,true,Z,product,0.0001860127958934754
ai_product_sd_3.5_large_product_06.png,true,Sd,product,3.410417775739916e-05
ai_product_ideogram_v3_product_08.png,true,Ideogram v3,product,0.0006979659083299339
ai_product_wan_v2.6_product_07.png,true,Wan v2.6,product,0.13382473587989807
ai_product_leonardo_phoenix_product_06.png,true,Leonardo Phoenix,product,0.16839569807052612
ai_product_qwen_2512_product_03.png,true,Qwen 2512,product,0.0001468939008191228
ai_product_qwen_2512_product_02.png,true,Qwen 2512,product,0.8131520748138428
ai_product_leonardo_phoenix_product_07.png,true,Leonardo Phoenix,product,0.990351140499115
ai_product_wan_v2.6_product_06.png,true,Wan v2.6,product,0.004627420101314783
ai_product_ideogram_v3_product_09.png,true,Ideogram v3,product,2.425586671961355e-06
ai_product_sd_3.5_large_product_07.png,true,Sd,product,3.2505427043361124e-06
ai_product_z_image_product_03.png,true,Z,product,9.119957394432276e-05
ai_product_z_image_product_01.png,true,Z,product,5.773147222498665e-07
ai_product_sd_3.5_large_product_05.png,true,Sd,product,1.5726714991615154e-05
ai_product_wan_v2.6_product_10.png,true,Wan v2.6,product,5.0655875384109095e-05
ai_product_wan_v2.6_product_04.png,true,Wan v2.6,product,7.506724068662152e-05
ai_product_leonardo_phoenix_product_05.png,true,Leonardo Phoenix,product,0.999996542930603
ai_product_qwen_2512_product_01.png,true,Qwen 2512,product,3.211181683582254e-05
ai_product_leonardo_phoenix_product_04.png,true,Leonardo Phoenix,product,0.5428856015205383
ai_product_leonardo_phoenix_product_10.png,true,Leonardo Phoenix,product,0.9998249411582947
ai_product_wan_v2.6_product_05.png,true,Wan v2.6,product,5.840396966050321e-07
ai_product_sd_3.5_large_product_04.png,true,Sd,product,1.557915675221011e-05
ai_product_sd_3.5_large_product_10.png,true,Sd,product,7.712213232480281e-07
ai_product_recraft_v3_product_09.png,true,Recraft v3,product,7.790660674800165e-06
ai_product_z_image_product_10.png,true,Z,product,0.9568701386451721
ai_product_z_image_product_04.png,true,Z,product,2.121524175890954e-06
ai_product_wan_v2.6_product_01.png,true,Wan v2.6,product,0.0004965229309163988
ai_product_qwen_2512_product_05.png,true,Qwen 2512,product,1.3112832675687969e-05
ai_product_qwen_2512_product_04.png,true,Qwen 2512,product,2.6279240046278574e-06
ai_product_qwen_2512_product_10.png,true,Qwen 2512,product,0.20094992220401764
ai_product_leonardo_phoenix_product_01.png,true,Leonardo Phoenix,product,0.9966863989830017
ai_product_z_image_product_05.png,true,Z,product,8.95894061159197e-07
ai_product_sd_3.5_large_product_01.png,true,Sd,product,0.28133633732795715
ai_product_recraft_v3_product_08.png,true,Recraft v3,product,0.0028777201659977436
ai_product_sd_3.5_large_product_03.png,true,Sd,product,0.00046321406261995435
ai_product_z_image_product_07.png,true,Z,product,0.007736237719655037
ai_product_wan_v2.6_product_02.png,true,Wan v2.6,product,0.010464310646057129
ai_product_leonardo_phoenix_product_03.png,true,Leonardo Phoenix,product,0.0049554286524653435
ai_product_qwen_2512_product_06.png,true,Qwen 2512,product,0.00014798979100305587
ai_product_qwen_2512_product_07.png,true,Qwen 2512,product,0.004503278993070126
ai_product_leonardo_phoenix_product_02.png,true,Leonardo Phoenix,product,0.7957143187522888
ai_product_wan_v2.6_product_03.png,true,Wan v2.6,product,0.23762191832065582
ai_product_z_image_product_06.png,true,Z,product,0.7450307607650757
ai_product_sd_3.5_large_product_02.png,true,Sd,product,4.523391908151098e-06
ai_product_glm_image_product_02.png,true,GLM Image,product,0.0005181441665627062
ai_product_grok_aurora_product_09.png,true,Grok Aurora,product,1.3282502550282516e-05
ai_product_flux_schnell_product_10.png,true,Flux Schnell,product,0.0006483707693405449
ai_product_seedream_v4_product_07.png,true,Seedream,product,0.00031453691190108657
ai_product_flux_schnell_product_04.png,true,Flux Schnell,product,1.8402514569970663e-06
ai_product_seedream_v3_product_04.png,true,Seedream,product,3.7268771393428324e-06
ai_product_seedream_v3_product_10.png,true,Seedream,product,3.442479282966815e-06
ai_product_hunyuan_v3_product_03.png,true,Hunyuan v3,product,1.9125589005852817e-06
ai_product_gemini_3_pro_product_05.png,true,Gemini 3 Pro,product,7.085153583830106e-07
ai_product_gemini_3_pro_product_04.png,true,Gemini 3 Pro,product,3.54737812813255e-06
ai_product_gemini_3_pro_product_10.png,true,Gemini 3 Pro,product,0.000611154711805284
ai_product_hunyuan_v3_product_02.png,true,Hunyuan v3,product,0.00016179335943888873
ai_product_seedream_v3_product_05.png,true,Seedream,product,7.342984531533148e-07
ai_product_flux_schnell_product_05.png,true,Flux Schnell,product,1.0653380968506099e-06
ai_product_seedream_v4_product_06.png,true,Seedream,product,5.600802523986204e-06
ai_product_grok_aurora_product_08.png,true,Grok Aurora,product,0.00022582829114980996
ai_product_glm_image_product_03.png,true,GLM Image,product,0.0019465392688289285
ai_product_glm_image_product_01.png,true,GLM Image,product,2.6643124328984413e-06
ai_product_flux_schnell_product_07.png,true,Flux Schnell,product,7.611271576024592e-05
ai_product_seedream_v4_product_10.png,true,Seedream,product,3.540716306815739e-06
ai_product_flux_pro_v1.1_product_09.png,true,Flux Pro v1.1,product,6.910460683684505e-07
ai_product_seedream_v4_product_04.png,true,Seedream,product,1.2545267509267433e-06
ai_product_seedream_v3_product_07.png,true,Seedream,product,0.007179501932114363
ai_product_flux_2_flex_product_09.png,true,Flux,product,4.9655795919534285e-06
ai_product_gpt_image_1.5_product_09.png,true,Gpt,product,8.080024826995214e-07
ai_product_gemini_3_pro_product_06.png,true,Gemini 3 Pro,product,0.00013062212383374572
ai_product_gemini_3_pro_product_07.png,true,Gemini 3 Pro,product,0.05926373973488808
ai_product_gpt_image_1.5_product_08.png,true,Gpt,product,5.166255505173467e-05
ai_product_hunyuan_v3_product_01.png,true,Hunyuan v3,product,0.0018384255236014724
ai_product_flux_2_flex_product_08.png,true,Flux,product,0.011604929342865944
ai_product_seedream_v3_product_06.png,true,Seedream,product,0.00017305683286394924
ai_product_seedream_v4_product_05.png,true,Seedream,product,1.8966677828302636e-07
ai_product_flux_pro_v1.1_product_08.png,true,Flux Pro v1.1,product,0.0007493086159229279
ai_product_flux_schnell_product_06.png,true,Flux Schnell,product,0.00013604956620838493
ai_product_glm_image_product_10.png,true,GLM Image,product,0.00030474195955321193
ai_product_glm_image_product_04.png,true,GLM Image,product,1.9135868569719605e-05
ai_product_flux_schnell_product_02.png,true,Flux Schnell,product,1.916675319080241e-05
ai_product_seedream_v4_product_01.png,true,Seedream,product,0.09220651537179947
ai_product_seedream_v3_product_02.png,true,Seedream,product,6.554646824952215e-05
ai_product_hunyuan_v3_product_05.png,true,Hunyuan v3,product,4.325781617353641e-07
ai_product_gemini_3_pro_product_03.png,true,Gemini 3 Pro,product,7.731389359832974e-07
ai_product_gemini_3_pro_product_02.png,true,Gemini 3 Pro,product,8.992590665002353e-06
ai_product_hunyuan_v3_product_10.png,true,Hunyuan v3,product,1.003477223093796e-06
ai_product_hunyuan_v3_product_04.png,true,Hunyuan v3,product,5.269336725177709e-06
ai_product_seedream_v3_product_03.png,true,Seedream,product,2.1436947008623974e-06
ai_product_flux_schnell_product_03.png,true,Flux Schnell,product,0.0001614336943021044
ai_product_glm_image_product_05.png,true,GLM Image,product,5.345430690795183e-05
ai_product_glm_image_product_07.png,true,GLM Image,product,0.05435412749648094
ai_product_seedream_v4_product_02.png,true,Seedream,product,2.2134130631457083e-05
ai_product_flux_schnell_product_01.png,true,Flux Schnell,product,3.003484926011879e-05
ai_product_seedream_v3_product_01.png,true,Seedream,product,5.513381438504439e-06
ai_product_hunyuan_v3_product_06.png,true,Hunyuan v3,product,0.0004000045300927013
ai_product_gemini_3_pro_product_01.png,true,Gemini 3 Pro,product,3.4864368103626475e-07
ai_product_hunyuan_v3_product_07.png,true,Hunyuan v3,product,0.0003502755716908723
ai_product_seedream_v4_product_03.png,true,Seedream,product,9.909960681397934e-06
ai_product_glm_image_product_06.png,true,GLM Image,product,0.00015241243818309158
ai_food_seedream_v3_food_02.png,true,Seedream,food,0.00047723797615617514
ai_food_gemini_3_pro_food_04.png,true,Gemini 3 Pro,food,3.7084326322656125e-05
ai_food_gemini_3_pro_food_10.png,true,Gemini 3 Pro,food,1.5635928320989478e-06
ai_food_flux_schnell_food_03.png,true,Flux Schnell,food,1.8845871636585798e-06
ai_food_glm_image_food_08.png,true,GLM Image,food,0.00011645213817246258
ai_food_leonardo_phoenix_food_05.png,true,Leonardo Phoenix,food,0.9745308756828308
ai_food_gpt_image_1.5_food_01.png,true,Gpt,food,8.116398930724245e-06
ai_food_flux_pro_v1.1_food_05.png,true,Flux Pro v1.1,food,4.885478119831532e-06
ai_food_flux_pro_v1.1_food_04.png,true,Flux Pro v1.1,food,1.0894950719375629e-05
ai_food_flux_pro_v1.1_food_10.png,true,Flux Pro v1.1,food,2.782886895147385e-06
ai_food_leonardo_phoenix_food_04.png,true,Leonardo Phoenix,food,0.12735077738761902
ai_food_glm_image_food_09.png,true,GLM Image,food,4.5817228965461254e-05
ai_food_leonardo_phoenix_food_10.png,true,Leonardo Phoenix,food,0.06783375144004822
ai_food_flux_schnell_food_02.png,true,Flux Schnell,food,0.0003292750916443765
ai_food_gemini_3_pro_food_05.png,true,Gemini 3 Pro,food,1.7267495877604233e-06
ai_food_seedream_v3_food_03.png,true,Seedream,food,3.844612365355715e-06
ai_food_seedream_v3_food_01.png,true,Seedream,food,0.00030700871138833463
ai_food_gemini_3_pro_food_07.png,true,Gemini 3 Pro,food,0.00151637545786798
ai_food_leonardo_phoenix_food_06.png,true,Leonardo Phoenix,food,0.009531407617032528
ai_food_gpt_image_1.5_food_02.png,true,Gpt,food,2.747539838310331e-06
ai_food_flux_pro_v1.1_food_06.png,true,Flux Pro v1.1,food,0.21430201828479767
ai_food_flux_pro_v1.1_food_07.png,true,Flux Pro v1.1,food,0.0029758233577013016
ai_food_gpt_image_1.5_food_03.png,true,Gpt,food,2.3958534711709945e-06
ai_food_leonardo_phoenix_food_07.png,true,Leonardo Phoenix,food,0.9934145212173462
ai_food_flux_schnell_food_01.png,true,Flux Schnell,food,1.2701412742899265e-05
ai_food_gemini_3_pro_food_06.png,true,Gemini 3 Pro,food,1.1556401659618132e-05
ai_food_seedream_v3_food_10.png,true,Seedream,food,9.118448929257283e-07
ai_food_seedream_v3_food_04.png,true,Seedream,food,6.313563062576577e-06
ai_food_seedream_v4_food_08.png,true,Seedream,food,9.502965440333355e-06
ai_food_gemini_3_pro_food_02.png,true,Gemini 3 Pro,food,2.2683814677293412e-05
ai_food_flux_schnell_food_05.png,true,Flux Schnell,food,0.0016390567179769278
ai_food_leonardo_phoenix_food_03.png,true,Leonardo Phoenix,food,0.007694299798458815
ai_food_gpt_image_1.5_food_07.png,true,Gpt,food,0.0005402790266089141
ai_food_flux_pro_v1.1_food_03.png,true,Flux Pro v1.1,food,9.612935537006706e-05
ai_food_flux_pro_v1.1_food_02.png,true,Flux Pro v1.1,food,0.0003197286569047719
ai_food_gpt_image_1.5_food_06.png,true,Gpt,food,0.0006628457922488451
ai_food_leonardo_phoenix_food_02.png,true,Leonardo Phoenix,food,9.165895608020946e-05
ai_food_flux_schnell_food_04.png,true,Flux Schnell,food,3.105423331817292e-07
ai_food_flux_schnell_food_10.png,true,Flux Schnell,food,8.111726970128075e-07
ai_food_gemini_3_pro_food_03.png,true,Gemini 3 Pro,food,7.5922474707113e-07
ai_food_seedream_v4_food_09.png,true,Seedream,food,0.000177831418113783
ai_food_seedream_v3_food_05.png,true,Seedream,food,1.1531316204127506e-06
ai_food_seedream_v3_food_07.png,true,Seedream,food,3.239210491301492e-05
ai_food_ideogram_v3_food_09.png,true,Ideogram v3,food,8.472369700029958e-06
ai_food_gemini_3_pro_food_01.png,true,Gemini 3 Pro,food,1.48557069223898e-06
ai_food_flux_schnell_food_06.png,true,Flux Schnell,food,0.00317654712125659
ai_food_gpt_image_1.5_food_04.png,true,Gpt,food,2.023507113335654e-05
ai_food_grok_aurora_food_09.png,true,Grok Aurora,food,1.1838418686238583e-05
ai_food_gpt_image_1.5_food_10.png,true,Gpt,food,2.6650952804629924e-06
ai_food_flux_pro_v1.1_food_01.png,true,Flux Pro v1.1,food,2.376910015300382e-05
ai_food_grok_aurora_food_08.png,true,Grok Aurora,food,0.001807127264328301
ai_food_gpt_image_1.5_food_05.png,true,Gpt,food,7.969402986418572e-07
ai_food_leonardo_phoenix_food_01.png,true,Leonardo Phoenix,food,0.9978784322738647
ai_food_flux_schnell_food_07.png,true,Flux Schnell,food,0.00017206714255735278
ai_food_ideogram_v3_food_08.png,true,Ideogram v3,food,0.0006202089134603739
ai_food_seedream_v3_food_06.png,true,Seedream,food,0.00012526391947176307
ai_food_sd_3.5_large_food_01.png,true,Sd,food,2.4317811039509252e-05
ai_food_flux_2_flex_food_06.png,true,Flux,food,3.780551560339518e-05
ai_food_hunyuan_v3_food_08.png,true,Hunyuan v3,food,4.438965788722271e-06
ai_food_hunyuan_v3_food_09.png,true,Hunyuan v3,food,6.229441351024434e-05
ai_food_flux_2_flex_food_07.png,true,Flux,food,0.9636678099632263
ai_food_sd_3.5_large_food_02.png,true,Sd,food,9.330310422228649e-05
ai_food_flux_2_flex_food_05.png,true,Flux,food,1.6705949974493706e-06
ai_food_qwen_2512_food_08.png,true,Qwen 2512,food,5.4570277825405356e-06
ai_food_z_image_food_09.png,true,Z,food,1.2447128028725274e-05
ai_food_z_image_food_08.png,true,Z,food,0.00014239682059269398
ai_food_flux_2_flex_food_10.png,true,Flux,food,0.0006690880400128663
ai_food_flux_2_flex_food_04.png,true,Flux,food,0.0005898909294046462
ai_food_qwen_2512_food_09.png,true,Qwen 2512,food,0.012699482962489128
ai_food_sd_3.5_large_food_03.png,true,Sd,food,3.645606966529158e-06
ai_food_sd_3.5_large_food_07.png,true,Sd,food,0.0013180243549868464
ai_food_wan_v2.6_food_08.png,true,Wan v2.6,food,0.0003717681975103915
ai_food_wan_v2.6_food_09.png,true,Wan v2.6,food,0.0013645165599882603
ai_food_flux_2_flex_food_01.png,true,Flux,food,0.0026349639520049095
ai_food_sd_3.5_large_food_06.png,true,Sd,food,0.0058652604930102825
ai_food_sd_3.5_large_food_10.png,true,Sd,food,2.5449371605645865e-06
ai_food_sd_3.5_large_food_04.png,true,Sd,food,1.5785307141413796e-06
ai_food_recraft_v3_food_09.png,true,Recraft v3,food,1.6066222087829374e-05
ai_food_flux_2_flex_food_03.png,true,Flux,food,2.4872195353964344e-05
ai_food_flux_2_flex_food_02.png,true,Flux,food,0.993925154209137
ai_food_sd_3.5_large_food_05.png,true,Sd,food,2.3684066036366858e-05
ai_food_recraft_v3_food_08.png,true,Recraft v3,food,0.0003108785895165056
ai_food_sd_3.5_large_food_08.png,true,Sd,food,2.8359806947264588e-06
ai_food_recraft_v3_food_05.png,true,Recraft v3,food,3.958619345212355e-05
ai_food_qwen_2512_food_02.png,true,Qwen 2512,food,0.09917635470628738
ai_food_wan_v2.6_food_07.png,true,Wan v2.6,food,0.00034192504244856536
ai_food_hunyuan_v3_food_01.png,true,Hunyuan v3,food,9.948515798896551e-05
ai_food_z_image_food_03.png,true,Z,food,2.6099064598383848e-06
ai_food_z_image_food_02.png,true,Z,food,1.0887782991630957e-05
ai_food_wan_v2.6_food_06.png,true,Wan v2.6,food,0.00031169861904345453
ai_food_qwen_2512_food_03.png,true,Qwen 2512,food,1.4397683116840199e-06
ai_food_recraft_v3_food_10.png,true,Recraft v3,food,1.8657814507605508e-05
ai_food_sd_3.5_large_food_09.png,true,Sd,food,5.64902165933745e-06
ai_food_recraft_v3_food_04.png,true,Recraft v3,food,8.365486223738117e-07
ai_food_recraft_v3_food_06.png,true,Recraft v3,food,1.3496353858499788e-05
ai_food_qwen_2512_food_01.png,true,Qwen 2512,food,0.7117125988006592
ai_food_wan_v2.6_food_04.png,true,Wan v2.6,food,0.0003613758599385619
ai_food_wan_v2.6_food_10.png,true,Wan v2.6,food,3.0526302907674108e-06
ai_food_hunyuan_v3_food_02.png,true,Hunyuan v3,food,4.7347530198749155e-06
ai_food_z_image_food_01.png,true,Z,food,6.932924634384108e-07
ai_food_hunyuan_v3_food_03.png,true,Hunyuan v3,food,3.4557481285446556e-06
ai_food_wan_v2.6_food_05.png,true,Wan v2.6,food,5.692484774044715e-05
ai_food_recraft_v3_food_07.png,true,Recraft v3,food,2.280617263750173e-05
ai_food_recraft_v3_food_03.png,true,Recraft v3,food,6.023198693583254e-06
ai_food_wan_v2.6_food_01.png,true,Wan v2.6,food,5.598693405772792e-06
ai_food_qwen_2512_food_10.png,true,Qwen 2512,food,2.6703262392402394e-06
ai_food_flux_2_flex_food_09.png,true,Flux,food,7.772880053380504e-06
ai_food_qwen_2512_food_04.png,true,Qwen 2512,food,4.564260962069966e-05
ai_food_hunyuan_v3_food_07.png,true,Hunyuan v3,food,0.00018597538291942328
ai_food_z_image_food_05.png,true,Z,food,5.909698188588663e-07
ai_food_z_image_food_04.png,true,Z,food,5.354879704100313e-06
ai_food_hunyuan_v3_food_06.png,true,Hunyuan v3,food,8.650343806948513e-05
ai_food_z_image_food_10.png,true,Z,food,2.9926995921414346e-06
ai_food_flux_2_flex_food_08.png,true,Flux,food,0.0006044877809472382
ai_food_qwen_2512_food_05.png,true,Qwen 2512,food,8.582929694966879e-06
ai_food_recraft_v3_food_02.png,true,Recraft v3,food,0.0002863190893549472
ai_food_wan_v2.6_food_02.png,true,Wan v2.6,food,0.004219671245664358
ai_food_qwen_2512_food_07.png,true,Qwen 2512,food,0.8866592645645142
ai_food_hunyuan_v3_food_04.png,true,Hunyuan v3,food,5.082864390715258e-06
ai_food_z_image_food_06.png,true,Z,food,0.009631846100091934
ai_food_hunyuan_v3_food_10.png,true,Hunyuan v3,food,6.629652489209548e-07
ai_food_z_image_food_07.png,true,Z,food,7.92243517935276e-05
ai_food_hunyuan_v3_food_05.png,true,Hunyuan v3,food,5.709327979275258e-07
ai_food_qwen_2512_food_06.png,true,Qwen 2512,food,0.08329538255929947
ai_food_wan_v2.6_food_03.png,true,Wan v2.6,food,1.0026765266957227e-05
ai_food_recraft_v3_food_01.png,true,Recraft v3,food,4.539682777249254e-05
ai_food_ideogram_v3_food_05.png,true,Ideogram v3,food,3.095768624916673e-05
ai_food_seedream_v4_food_07.png,true,Seedream,food,5.687222073902376e-05
ai_food_glm_image_food_01.png,true,GLM Image,food,0.0191376730799675
ai_food_grok_aurora_food_05.png,true,Grok Aurora,food,1.8224465748062357e-05
ai_food_gpt_image_1.5_food_08.png,true,Gpt,food,5.807327397633344e-05
ai_food_gpt_image_1.5_food_09.png,true,Gpt,food,2.576142651378177e-05
ai_food_grok_aurora_food_04.png,true,Grok Aurora,food,5.632899501506472e-06
ai_food_grok_aurora_food_10.png,true,Grok Aurora,food,1.9610849903983762e-06
ai_food_seedream_v4_food_06.png,true,Seedream,food,0.000290633732220158
ai_food_ideogram_v3_food_10.png,true,Ideogram v3,food,5.8858950069407e-07
ai_food_ideogram_v3_food_04.png,true,Ideogram v3,food,0.00019725515448953956
ai_food_seedream_v3_food_08.png,true,Seedream,food,3.5975308492197655e-06
ai_food_seedream_v4_food_04.png,true,Seedream,food,4.2910514821414836e-06
ai_food_seedream_v4_food_10.png,true,Seedream,food,3.9341264823633537e-07
ai_food_ideogram_v3_food_06.png,true,Ideogram v3,food,6.101560575189069e-05
ai_food_flux_schnell_food_09.png,true,Flux Schnell,food,2.5973154151870403e-06
ai_food_glm_image_food_02.png,true,GLM Image,food,9.042417332238983e-06
ai_food_grok_aurora_food_06.png,true,Grok Aurora,food,0.0002574424725025892
ai_food_grok_aurora_food_07.png,true,Grok Aurora,food,0.00011141740105813369
ai_food_glm_image_food_03.png,true,GLM Image,food,1.5396805110867717e-06
ai_food_flux_schnell_food_08.png,true,Flux Schnell,food,0.00013595359632745385
ai_food_ideogram_v3_food_07.png,true,Ideogram v3,food,0.00015370243636425585
ai_food_seedream_v4_food_05.png,true,Seedream,food,1.5829551784918294e-06
ai_food_seedream_v3_food_09.png,true,Seedream,food,4.431445177033311e-06
ai_food_seedream_v4_food_01.png,true,Seedream,food,8.944915066422254e-07
ai_food_ideogram_v3_food_03.png,true,Ideogram v3,food,0.00031394249526783824
ai_food_glm_image_food_07.png,true,GLM Image,food,2.406833846180234e-05
ai_food_grok_aurora_food_03.png,true,Grok Aurora,food,2.298469325978658e-06
ai_food_grok_aurora_food_02.png,true,Grok Aurora,food,5.949951173533918e-06
ai_food_glm_image_food_06.png,true,GLM Image,food,0.02320285141468048
ai_food_ideogram_v3_food_02.png,true,Ideogram v3,food,1.6007188605726697e-05
ai_food_gemini_3_pro_food_08.png,true,Gemini 3 Pro,food,2.058963900708477e-06
ai_food_seedream_v4_food_02.png,true,Seedream,food,2.142985977116041e-05
ai_food_leonardo_phoenix_food_09.png,true,Leonardo Phoenix,food,0.9999014139175415
ai_food_glm_image_food_10.png,true,GLM Image,food,1.6973746824078262e-05
ai_food_glm_image_food_04.png,true,GLM Image,food,4.92572098664823e-06
ai_food_flux_pro_v1.1_food_09.png,true,Flux Pro v1.1,food,4.810194695892278e-06
ai_food_flux_pro_v1.1_food_08.png,true,Flux Pro v1.1,food,1.3278904589242302e-05
ai_food_grok_aurora_food_01.png,true,Grok Aurora,food,2.156958771593054e-06
ai_food_glm_image_food_05.png,true,GLM Image,food,1.9849601812893525e-05
ai_food_leonardo_phoenix_food_08.png,true,Leonardo Phoenix,food,0.00586726563051343
ai_food_seedream_v4_food_03.png,true,Seedream,food,9.338212407783431e-07
ai_food_ideogram_v3_food_01.png,true,Ideogram v3,food,1.225233336299425e-05
ai_food_gemini_3_pro_food_09.png,true,Gemini 3 Pro,food,2.2963984520174563e-05
ai_animal_flux_pro_v1.1_animal_07.png,true,Flux Pro v1.1,animal,0.0010503652738407254
ai_animal_seedream_v3_animal_10.png,true,Seedream,animal,3.879476571455598e-05
ai_animal_seedream_v3_animal_04.png,true,Seedream,animal,8.310434168379288e-06
ai_animal_ideogram_v3_animal_03.png,true,Ideogram v3,animal,0.000271389726549387
ai_animal_flux_2_flex_animal_07.png,true,Flux,animal,2.5258575533371186e-06
ai_animal_seedream_v4_animal_01.png,true,Seedream,animal,5.634034823742695e-05
ai_animal_flux_2_flex_animal_06.png,true,Flux,animal,0.9960628151893616
ai_animal_gemini_3_pro_animal_01.png,true,Gemini 3 Pro,animal,2.2598480882152217e-06
ai_animal_ideogram_v3_animal_02.png,true,Ideogram v3,animal,0.011521016247570515
ai_animal_seedream_v3_animal_05.png,true,Seedream,animal,1.2226397529957467e-06
ai_animal_flux_pro_v1.1_animal_06.png,true,Flux Pro v1.1,animal,0.0009188635158352554
ai_animal_flux_pro_v1.1_animal_04.png,true,Flux Pro v1.1,animal,0.9968515038490295
ai_animal_flux_pro_v1.1_animal_10.png,true,Flux Pro v1.1,animal,0.04440312460064888
ai_animal_seedream_v3_animal_07.png,true,Seedream,animal,1.8413858924759552e-05
ai_animal_sd_3.5_large_animal_09.png,true,Sd,animal,8.335172606166452e-05
ai_animal_gemini_3_pro_animal_03.png,true,Gemini 3 Pro,animal,1.764137891768769e-06
ai_animal_flux_2_flex_animal_04.png,true,Flux,animal,0.0009736703941598535
ai_animal_flux_2_flex_animal_10.png,true,Flux,animal,0.019308263435959816
ai_animal_seedream_v4_animal_03.png,true,Seedream,animal,4.562065896607237e-06
ai_animal_seedream_v4_animal_02.png,true,Seedream,animal,0.0001409897959092632
ai_animal_flux_2_flex_animal_05.png,true,Flux,animal,7.102932613634039e-06
ai_animal_gemini_3_pro_animal_02.png,true,Gemini 3 Pro,animal,1.6789210803835886e-06
ai_animal_ideogram_v3_animal_01.png,true,Ideogram v3,animal,1.1787673201979487e-06
ai_animal_sd_3.5_large_animal_08.png,true,Sd,animal,0.006082267966121435
ai_animal_seedream_v3_animal_06.png,true,Seedream,animal,0.0007187034352682531
ai_animal_flux_pro_v1.1_animal_05.png,true,Flux Pro v1.1,animal,3.271069772381452e-06
ai_animal_seedream_v3_animal_02.png,true,Seedream,animal,0.03202077001333237
ai_animal_flux_pro_v1.1_animal_01.png,true,Flux Pro v1.1,animal,0.9992420673370361
ai_animal_gemini_3_pro_animal_06.png,true,Gemini 3 Pro,animal,1.4041164604350342e-06
ai_animal_ideogram_v3_animal_05.png,true,Ideogram v3,animal,1.1772063771786634e-05
ai_animal_flux_2_flex_animal_01.png,true,Flux,animal,0.9983479976654053
ai_animal_seedream_v4_animal_06.png,true,Seedream,animal,0.006477013695985079
ai_animal_seedream_v4_animal_07.png,true,Seedream,animal,1.7996325141211855e-06
ai_animal_ideogram_v3_animal_10.png,true,Ideogram v3,animal,0.000316929625114426
ai_animal_ideogram_v3_animal_04.png,true,Ideogram v3,animal,8.88521481101634e-06
ai_animal_gemini_3_pro_animal_07.png,true,Gemini 3 Pro,animal,4.4999325155004044e-07
ai_animal_seedream_v3_animal_03.png,true,Seedream,animal,0.00666471291333437
ai_animal_seedream_v3_animal_01.png,true,Seedream,animal,0.00015165195509325713
ai_animal_flux_pro_v1.1_animal_02.png,true,Flux Pro v1.1,animal,0.9604163765907288
ai_animal_gemini_3_pro_animal_05.png,true,Gemini 3 Pro,animal,1.7814809325500391e-06
ai_animal_ideogram_v3_animal_06.png,true,Ideogram v3,animal,0.16371087729930878
ai_animal_flux_2_flex_animal_02.png,true,Flux,animal,0.8395043611526489
ai_animal_seedream_v4_animal_05.png,true,Seedream,animal,1.8032283151114825e-06
ai_animal_qwen_2512_animal_08.png,true,Qwen 2512,animal,3.514148556860164e-05
ai_animal_qwen_2512_animal_09.png,true,Qwen 2512,animal,4.0059643652057275e-05
ai_animal_seedream_v4_animal_10.png,true,Seedream,animal,1.2922406540383236e-06
ai_animal_seedream_v4_animal_04.png,true,Seedream,animal,0.00023240169684868306
ai_animal_flux_2_flex_animal_03.png,true,Flux,animal,0.00872912909835577
ai_animal_ideogram_v3_animal_07.png,true,Ideogram v3,animal,4.0840498627403576e-07
ai_animal_gemini_3_pro_animal_04.png,true,Gemini 3 Pro,animal,9.14809902496927e-07
ai_animal_gemini_3_pro_animal_10.png,true,Gemini 3 Pro,animal,4.638603058992885e-06
ai_animal_flux_pro_v1.1_animal_03.png,true,Flux Pro v1.1,animal,0.6520187258720398
ai_animal_flux_schnell_animal_01.png,true,Flux Schnell,animal,0.999306321144104
ai_animal_z_image_animal_06.png,true,Z,animal,0.9988644123077393
ai_animal_grok_aurora_animal_10.png,true,Grok Aurora,animal,0.003406709060072899
ai_animal_grok_aurora_animal_04.png,true,Grok Aurora,animal,0.00015968672232702374
ai_animal_glm_image_animal_06.png,true,GLM Image,animal,0.9890478253364563
ai_animal_recraft_v3_animal_02.png,true,Recraft v3,animal,0.0007202059496194124
ai_animal_glm_image_animal_07.png,true,GLM Image,animal,4.87885954498779e-05
ai_animal_recraft_v3_animal_03.png,true,Recraft v3,animal,7.888750587881077e-06
ai_animal_grok_aurora_animal_05.png,true,Grok Aurora,animal,2.909811428253306e-06
ai_animal_z_image_animal_07.png,true,Z,animal,1.8858325347537175e-05
ai_animal_flux_schnell_animal_02.png,true,Flux Schnell,animal,0.9999500513076782
ai_animal_z_image_animal_05.png,true,Z,animal,5.10541121911956e-06
ai_animal_grok_aurora_animal_07.png,true,Grok Aurora,animal,2.716410563152749e-07
ai_animal_recraft_v3_animal_01.png,true,Recraft v3,animal,7.663650467293337e-05
ai_animal_glm_image_animal_05.png,true,GLM Image,animal,0.9998779296875
ai_animal_glm_image_animal_10.png,true,GLM Image,animal,3.2714317512727575e-06
ai_animal_glm_image_animal_04.png,true,GLM Image,animal,0.00033506122417747974
ai_animal_grok_aurora_animal_06.png,true,Grok Aurora,animal,8.200928277801722e-06
ai_animal_z_image_animal_10.png,true,Z,animal,0.9852297902107239
ai_animal_z_image_animal_04.png,true,Z,animal,9.379454240843188e-06
ai_animal_flux_schnell_animal_03.png,true,Flux Schnell,animal,7.196305523393676e-05
ai_animal_flux_schnell_animal_07.png,true,Flux Schnell,animal,7.969238504301757e-05
ai_animal_wan_v2.6_animal_09.png,true,Wan v2.6,animal,7.764784095343202e-05
ai_animal_hunyuan_v3_animal_09.png,true,Hunyuan v3,animal,2.9943812478450127e-06
ai_animal_grok_aurora_animal_02.png,true,Grok Aurora,animal,0.015029232949018478
ai_animal_recraft_v3_animal_04.png,true,Recraft v3,animal,0.00034841703018173575
ai_animal_recraft_v3_animal_10.png,true,Recraft v3,animal,0.0012080461019650102
ai_animal_gpt_image_1.5_animal_08.png,true,Gpt,animal,1.1667144690363784e-06
ai_animal_gpt_image_1.5_animal_09.png,true,Gpt,animal,6.522634521388682e-06
ai_animal_glm_image_animal_01.png,true,GLM Image,animal,0.0015836359234526753
ai_animal_recraft_v3_animal_05.png,true,Recraft v3,animal,1.978559339477215e-06
ai_animal_grok_aurora_animal_03.png,true,Grok Aurora,animal,0.0020501024555414915
ai_animal_hunyuan_v3_animal_08.png,true,Hunyuan v3,animal,2.4943051357695367e-06
ai_animal_flux_schnell_animal_06.png,true,Flux Schnell,animal,0.024222353473305702
ai_animal_wan_v2.6_animal_08.png,true,Wan v2.6,animal,4.920766969007673e-06
ai_animal_z_image_animal_01.png,true,Z,animal,0.8223773837089539
ai_animal_z_image_animal_03.png,true,Z,animal,0.0013342701131477952
ai_animal_flux_schnell_animal_04.png,true,Flux Schnell,animal,0.0002960620913654566
ai_animal_flux_schnell_animal_10.png,true,Flux Schnell,animal,0.07113274931907654
ai_animal_grok_aurora_animal_01.png,true,Grok Aurora,animal,7.85533575253794e-06
ai_animal_leonardo_phoenix_animal_08.png,true,Leonardo Phoenix,animal,0.015897005796432495
ai_animal_recraft_v3_animal_07.png,true,Recraft v3,animal,2.8845690849266248e-06
ai_animal_glm_image_animal_03.png,true,GLM Image,animal,0.0028387142810970545
ai_animal_recraft_v3_animal_06.png,true,Recraft v3,animal,0.0002052793715847656
ai_animal_glm_image_animal_02.png,true,GLM Image,animal,0.269118994474411
ai_animal_leonardo_phoenix_animal_09.png,true,Leonardo Phoenix,animal,0.9058343172073364
ai_animal_flux_schnell_animal_05.png,true,Flux Schnell,animal,2.560344455559971e-06
ai_animal_z_image_animal_02.png,true,Z,animal,0.0020908734295517206
ai_animal_wan_v2.6_animal_06.png,true,Wan v2.6,animal,4.002382411272265e-05
ai_animal_flux_schnell_animal_08.png,true,Flux Schnell,animal,0.0003497028665151447
ai_animal_hunyuan_v3_animal_06.png,true,Hunyuan v3,animal,0.0007949576829560101
ai_animal_leonardo_phoenix_animal_10.png,true,Leonardo Phoenix,animal,0.9999806880950928
ai_animal_leonardo_phoenix_animal_04.png,true,Leonardo Phoenix,animal,0.1030869260430336
ai_animal_gpt_image_1.5_animal_07.png,true,Gpt,animal,1.7379989003529772e-06
ai_animal_gpt_image_1.5_animal_06.png,true,Gpt,animal,1.3490616765921004e-06
ai_animal_leonardo_phoenix_animal_05.png,true,Leonardo Phoenix,animal,0.0003142761124763638
ai_animal_hunyuan_v3_animal_07.png,true,Hunyuan v3,animal,1.541581809760828e-06
ai_animal_wan_v2.6_animal_07.png,true,Wan v2.6,animal,4.8997291742125526e-05
ai_animal_flux_schnell_animal_09.png,true,Flux Schnell,animal,6.161181227071211e-05
ai_animal_wan_v2.6_animal_05.png,true,Wan v2.6,animal,4.471490228752373e-06
ai_animal_hunyuan_v3_animal_05.png,true,Hunyuan v3,animal,7.388528047158616e-06
ai_animal_leonardo_phoenix_animal_07.png,true,Leonardo Phoenix,animal,0.5919971466064453
ai_animal_recraft_v3_animal_08.png,true,Recraft v3,animal,1.1325676496198867e-05
ai_animal_gpt_image_1.5_animal_04.png,true,Gpt,animal,4.104104664293118e-05
ai_animal_gpt_image_1.5_animal_10.png,true,Gpt,animal,0.004596829880028963
ai_animal_gpt_image_1.5_animal_05.png,true,Gpt,animal,1.5770862091812887e-06
ai_animal_recraft_v3_animal_09.png,true,Recraft v3,animal,0.007057343143969774
ai_animal_leonardo_phoenix_animal_06.png,true,Leonardo Phoenix,animal,0.0005650249077007174
ai_animal_hunyuan_v3_animal_10.png,true,Hunyuan v3,animal,1.1911655747098848e-05
ai_animal_hunyuan_v3_animal_04.png,true,Hunyuan v3,animal,8.576384061598219e-06
ai_animal_wan_v2.6_animal_10.png,true,Wan v2.6,animal,3.3177245768456487e-06
ai_animal_wan_v2.6_animal_04.png,true,Wan v2.6,animal,4.605183676176239e-06
ai_animal_z_image_animal_09.png,true,Z,animal,1.657834400248248e-05
ai_animal_leonardo_phoenix_animal_02.png,true,Leonardo Phoenix,animal,0.08278718590736389
ai_animal_gpt_image_1.5_animal_01.png,true,Gpt,animal,1.3286125977174379e-05
ai_animal_glm_image_animal_09.png,true,GLM Image,animal,2.028596463787835e-05
ai_animal_glm_image_animal_08.png,true,GLM Image,animal,0.0001041415089275688
ai_animal_leonardo_phoenix_animal_03.png,true,Leonardo Phoenix,animal,0.00025443642516620457
ai_animal_hunyuan_v3_animal_01.png,true,Hunyuan v3,animal,7.037100294837728e-05
ai_animal_z_image_animal_08.png,true,Z,animal,0.0001505300751887262
ai_animal_wan_v2.6_animal_01.png,true,Wan v2.6,animal,4.595979771693237e-05
ai_animal_wan_v2.6_animal_03.png,true,Wan v2.6,animal,3.8981979741947725e-06
ai_animal_grok_aurora_animal_08.png,true,Grok Aurora,animal,1.3022169014220708e-06
ai_animal_hunyuan_v3_animal_03.png,true,Hunyuan v3,animal,0.0011050112079828978
ai_animal_leonardo_phoenix_animal_01.png,true,Leonardo Phoenix,animal,0.17190280556678772
ai_animal_gpt_image_1.5_animal_02.png,true,Gpt,animal,2.81527195511444e-06
ai_animal_gpt_image_1.5_animal_03.png,true,Gpt,animal,1.1109056686109398e-05
ai_animal_hunyuan_v3_animal_02.png,true,Hunyuan v3,animal,0.050635602325201035
ai_animal_grok_aurora_animal_09.png,true,Grok Aurora,animal,3.993861810158705e-06
ai_animal_wan_v2.6_animal_02.png,true,Wan v2.6,animal,2.0543841401376994e-06
ai_animal_sd_3.5_large_animal_03.png,true,Sd,animal,2.875190148188267e-06
ai_animal_gemini_3_pro_animal_09.png,true,Gemini 3 Pro,animal,0.00018250662833452225
ai_animal_qwen_2512_animal_04.png,true,Qwen 2512,animal,2.3648426576983184e-06
ai_animal_seedream_v4_animal_09.png,true,Seedream,animal,7.003444011388638e-07
ai_animal_qwen_2512_animal_10.png,true,Qwen 2512,animal,0.02189764380455017
ai_animal_seedream_v4_animal_08.png,true,Seedream,animal,4.141994395467918e-06
ai_animal_qwen_2512_animal_05.png,true,Qwen 2512,animal,5.047485956310993e-06
ai_animal_gemini_3_pro_animal_08.png,true,Gemini 3 Pro,animal,5.209132041272824e-07
ai_animal_sd_3.5_large_animal_02.png,true,Sd,animal,0.17411936819553375
ai_animal_ideogram_v3_animal_09.png,true,Ideogram v3,animal,0.00010087826376548037
ai_animal_qwen_2512_animal_07.png,true,Qwen 2512,animal,8.065197107498534e-06
ai_animal_qwen_2512_animal_06.png,true,Qwen 2512,animal,0.023320475593209267
ai_animal_ideogram_v3_animal_08.png,true,Ideogram v3,animal,7.675270126128453e-07
ai_animal_sd_3.5_large_animal_01.png,true,Sd,animal,8.552655344828963e-05
ai_animal_flux_pro_v1.1_animal_08.png,true,Flux Pro v1.1,animal,1.0966258514599758e-06
ai_animal_sd_3.5_large_animal_05.png,true,Sd,animal,1.2305390555411577e-06
ai_animal_flux_2_flex_animal_08.png,true,Flux,animal,7.437846761604305e-06
ai_animal_qwen_2512_animal_02.png,true,Qwen 2512,animal,0.0011116438545286655
ai_animal_qwen_2512_animal_03.png,true,Qwen 2512,animal,0.003732723882421851
ai_animal_flux_2_flex_animal_09.png,true,Flux,animal,0.0017261491157114506
ai_animal_sd_3.5_large_animal_10.png,true,Sd,animal,0.00011330047709634528
ai_animal_sd_3.5_large_animal_04.png,true,Sd,animal,1.7676289871815243e-06
ai_animal_flux_pro_v1.1_animal_09.png,true,Flux Pro v1.1,animal,8.863049879437312e-05
ai_animal_seedream_v3_animal_08.png,true,Seedream,animal,5.176314061827725e-07
ai_animal_sd_3.5_large_animal_06.png,true,Sd,animal,0.00028491561533883214
ai_animal_qwen_2512_animal_01.png,true,Qwen 2512,animal,0.9327175617218018
ai_animal_sd_3.5_large_animal_07.png,true,Sd,animal,1.0613915947033092e-05
ai_animal_seedream_v3_animal_09.png,true,Seedream,animal,4.293412985134637e-06
ai_landscape_gemini_3_pro_landscape_04.png,true,Gemini 3 Pro,landscape,1.169175357063068e-05
ai_landscape_gemini_3_pro_landscape_10.png,true,Gemini 3 Pro,landscape,5.206691184866941e-06
ai_landscape_flux_schnell_landscape_01.png,true,Flux Schnell,landscape,5.2935567509848624e-05
ai_landscape_gemini_3_pro_landscape_05.png,true,Gemini 3 Pro,landscape,3.870984073728323e-06
ai_landscape_gpt_image_1.5_landscape_08.png,true,Gpt,landscape,0.004233160987496376
ai_landscape_hunyuan_v3_landscape_09.png,true,Hunyuan v3,landscape,8.831761988403741e-07
ai_landscape_sd_3.5_large_landscape_09.png,true,Sd,landscape,1.4201692692950019e-06
ai_landscape_gemini_3_pro_landscape_07.png,true,Gemini 3 Pro,landscape,0.00015222652291413397
ai_landscape_flux_schnell_landscape_02.png,true,Flux Schnell,landscape,3.395269959582947e-05
ai_landscape_flux_schnell_landscape_03.png,true,Flux Schnell,landscape,4.0826271288096905e-05
ai_landscape_gemini_3_pro_landscape_06.png,true,Gemini 3 Pro,landscape,2.0737414160976186e-05
ai_landscape_sd_3.5_large_landscape_08.png,true,Sd,landscape,1.6841273463796824e-05
ai_landscape_hunyuan_v3_landscape_08.png,true,Hunyuan v3,landscape,1.2000338074358297e-06
ai_landscape_gpt_image_1.5_landscape_09.png,true,Gpt,landscape,3.763917266041972e-05
ai_landscape_gemini_3_pro_landscape_02.png,true,Gemini 3 Pro,landscape,5.814028099848656e-06
ai_landscape_flux_schnell_landscape_07.png,true,Flux Schnell,landscape,3.983860369771719e-05
ai_landscape_flux_schnell_landscape_06.png,true,Flux Schnell,landscape,2.151675107597839e-05
ai_landscape_gemini_3_pro_landscape_03.png,true,Gemini 3 Pro,landscape,0.0014657581923529506
ai_landscape_gemini_3_pro_landscape_01.png,true,Gemini 3 Pro,landscape,5.1070535846520215e-05
ai_landscape_z_image_landscape_09.png,true,Z,landscape,0.0054598464630544186
ai_landscape_flux_schnell_landscape_04.png,true,Flux Schnell,landscape,3.796194869210012e-05
ai_landscape_flux_schnell_landscape_10.png,true,Flux Schnell,landscape,2.8851499678239634e-07
ai_landscape_flux_schnell_landscape_05.png,true,Flux Schnell,landscape,9.760528882907238e-06
ai_landscape_z_image_landscape_08.png,true,Z,landscape,6.052443950466113e-06
ai_landscape_leonardo_phoenix_landscape_04.png,true,Leonardo Phoenix,landscape,0.0007996194763109088
ai_landscape_flux_pro_v1.1_landscape_04.png,true,Flux Pro v1.1,landscape,8.878343214746565e-05
ai_landscape_flux_pro_v1.1_landscape_10.png,true,Flux Pro v1.1,landscape,3.273577533491334e-07
ai_landscape_ideogram_v3_landscape_08.png,true,Ideogram v3,landscape,4.148150480887125e-07
ai_landscape_qwen_2512_landscape_08.png,true,Qwen 2512,landscape,0.00104984559584409
ai_landscape_grok_aurora_landscape_03.png,true,Grok Aurora,landscape,0.00011953130888286978
ai_landscape_wan_v2.6_landscape_05.png,true,Wan v2.6,landscape,2.1559904780588113e-05
ai_landscape_recraft_v3_landscape_09.png,true,Recraft v3,landscape,0.00015450209320988506
ai_landscape_seedream_v4_landscape_05.png,true,Seedream,landscape,0.0003544219653122127
ai_landscape_seedream_v4_landscape_04.png,true,Seedream,landscape,4.07620427722577e-05
ai_landscape_seedream_v4_landscape_10.png,true,Seedream,landscape,5.9512444749998394e-06
ai_landscape_recraft_v3_landscape_08.png,true,Recraft v3,landscape,0.00013858405873179436
ai_landscape_wan_v2.6_landscape_04.png,true,Wan v2.6,landscape,0.00025405053747817874
ai_landscape_wan_v2.6_landscape_10.png,true,Wan v2.6,landscape,4.220004825583601e-07
ai_landscape_grok_aurora_landscape_02.png,true,Grok Aurora,landscape,6.980117905186489e-05
ai_landscape_qwen_2512_landscape_09.png,true,Qwen 2512,landscape,2.7640982807497494e-05
ai_landscape_ideogram_v3_landscape_09.png,true,Ideogram v3,landscape,2.4418450266239233e-06
ai_landscape_flux_pro_v1.1_landscape_05.png,true,Flux Pro v1.1,landscape,0.00017770785780157894
ai_landscape_leonardo_phoenix_landscape_07.png,true,Leonardo Phoenix,landscape,0.6577603816986084
ai_landscape_flux_2_flex_landscape_08.png,true,Flux,landscape,2.1064777683932334e-05
ai_landscape_seedream_v3_landscape_08.png,true,Seedream,landscape,2.1459959498315584e-06
ai_landscape_glm_image_landscape_09.png,true,GLM Image,landscape,4.1226783650927246e-05
ai_landscape_flux_pro_v1.1_landscape_07.png,true,Flux Pro v1.1,landscape,6.952972762519494e-05
ai_landscape_wan_v2.6_landscape_06.png,true,Wan v2.6,landscape,0.05028175562620163
ai_landscape_seedream_v4_landscape_06.png,true,Seedream,landscape,3.0714272725163028e-06
ai_landscape_seedream_v4_landscape_07.png,true,Seedream,landscape,0.000441665732068941
ai_landscape_wan_v2.6_landscape_07.png,true,Wan v2.6,landscape,0.00010359931911807507
ai_landscape_grok_aurora_landscape_01.png,true,Grok Aurora,landscape,0.004484782926738262
ai_landscape_flux_pro_v1.1_landscape_06.png,true,Flux Pro v1.1,landscape,1.8433096556691453e-05
ai_landscape_glm_image_landscape_08.png,true,GLM Image,landscape,0.010298901237547398
ai_landscape_seedream_v3_landscape_09.png,true,Seedream,landscape,3.067866782657802e-05
ai_landscape_flux_2_flex_landscape_09.png,true,Flux,landscape,2.041729430857231e-06
ai_landscape_leonardo_phoenix_landscape_06.png,true,Leonardo Phoenix,landscape,0.9963701963424683
ai_landscape_leonardo_phoenix_landscape_02.png,true,Leonardo Phoenix,landscape,0.007392575964331627
ai_landscape_flux_pro_v1.1_landscape_02.png,true,Flux Pro v1.1,landscape,5.175969999982044e-05
ai_landscape_grok_aurora_landscape_05.png,true,Grok Aurora,landscape,1.5355044524767436e-05
ai_landscape_wan_v2.6_landscape_03.png,true,Wan v2.6,landscape,0.19786638021469116
ai_landscape_seedream_v4_landscape_03.png,true,Seedream,landscape,2.5629738956922665e-05
ai_landscape_seedream_v4_landscape_02.png,true,Seedream,landscape,1.2805009646399412e-05
ai_landscape_wan_v2.6_landscape_02.png,true,Wan v2.6,landscape,0.0027997444849461317
ai_landscape_grok_aurora_landscape_04.png,true,Grok Aurora,landscape,0.15916708111763
ai_landscape_grok_aurora_landscape_10.png,true,Grok Aurora,landscape,1.4215946748663555e-06
ai_landscape_flux_pro_v1.1_landscape_03.png,true,Flux Pro v1.1,landscape,0.027203047648072243
ai_landscape_leonardo_phoenix_landscape_03.png,true,Leonardo Phoenix,landscape,0.404277503490448
ai_landscape_leonardo_phoenix_landscape_01.png,true,Leonardo Phoenix,landscape,0.007511842995882034
ai_landscape_flux_pro_v1.1_landscape_01.png,true,Flux Pro v1.1,landscape,0.0011752179125323892
ai_landscape_grok_aurora_landscape_06.png,true,Grok Aurora,landscape,0.4015819728374481
ai_landscape_seedream_v4_landscape_01.png,true,Seedream,landscape,1.921928378578741e-05
ai_landscape_wan_v2.6_landscape_01.png,true,Wan v2.6,landscape,0.0019428686937317252
ai_landscape_grok_aurora_landscape_07.png,true,Grok Aurora,landscape,0.9911187291145325
ai_landscape_flux_2_flex_landscape_02.png,true,Flux,landscape,8.737426105653867e-05
ai_landscape_glm_image_landscape_03.png,true,GLM Image,landscape,0.0017600154969841242
ai_landscape_seedream_v3_landscape_02.png,true,Seedream,landscape,2.2539700239576632e-06
ai_landscape_ideogram_v3_landscape_01.png,true,Ideogram v3,landscape,4.071324383403407e-06
ai_landscape_qwen_2512_landscape_01.png,true,Qwen 2512,landscape,0.0030004349537193775
ai_landscape_recraft_v3_landscape_01.png,true,Recraft v3,landscape,0.5468451380729675
ai_landscape_seedream_v3_landscape_03.png,true,Seedream,landscape,0.00022688407625537366
ai_landscape_glm_image_landscape_02.png,true,GLM Image,landscape,0.0007645979057997465
ai_landscape_flux_2_flex_landscape_03.png,true,Flux,landscape,0.010745685547590256
ai_landscape_flux_2_flex_landscape_01.png,true,Flux,landscape,0.2617325484752655
ai_landscape_seedream_v3_landscape_01.png,true,Seedream,landscape,0.01396083552390337
ai_landscape_ideogram_v3_landscape_02.png,true,Ideogram v3,landscape,3.70757470591343e-06
ai_landscape_qwen_2512_landscape_02.png,true,Qwen 2512,landscape,6.280314119067043e-05
ai_landscape_grok_aurora_landscape_09.png,true,Grok Aurora,landscape,4.585228089126758e-05
ai_landscape_recraft_v3_landscape_03.png,true,Recraft v3,landscape,0.007218762766569853
ai_landscape_recraft_v3_landscape_02.png,true,Recraft v3,landscape,0.0068931132555007935
ai_landscape_grok_aurora_landscape_08.png,true,Grok Aurora,landscape,1.0328910775569966e-06
ai_landscape_qwen_2512_landscape_03.png,true,Qwen 2512,landscape,2.2198712031240575e-05
ai_landscape_ideogram_v3_landscape_03.png,true,Ideogram v3,landscape,1.600799623702187e-05
ai_landscape_glm_image_landscape_01.png,true,GLM Image,landscape,0.16537989675998688
ai_landscape_flux_2_flex_landscape_10.png,true,Flux,landscape,2.1826143381531438e-07
ai_landscape_flux_2_flex_landscape_04.png,true,Flux,landscape,0.0005226389039307833
ai_landscape_seedream_v3_landscape_10.png,true,Seedream,landscape,8.681109306962753e-07
ai_landscape_seedream_v3_landscape_04.png,true,Seedream,landscape,1.3318919627636205e-05
ai_landscape_glm_image_landscape_05.png,true,GLM Image,landscape,2.9960354368085973e-05
ai_landscape_ideogram_v3_landscape_07.png,true,Ideogram v3,landscape,0.018482442945241928
ai_landscape_qwen_2512_landscape_07.png,true,Qwen 2512,landscape,0.09118184447288513
ai_landscape_recraft_v3_landscape_06.png,true,Recraft v3,landscape,0.00030136818531900644
ai_landscape_recraft_v3_landscape_07.png,true,Recraft v3,landscape,0.031099624931812286
ai_landscape_qwen_2512_landscape_06.png,true,Qwen 2512,landscape,0.005101117305457592
ai_landscape_ideogram_v3_landscape_06.png,true,Ideogram v3,landscape,7.656220077478793e-06
ai_landscape_glm_image_landscape_10.png,true,GLM Image,landscape,1.472785424994072e-05
ai_landscape_glm_image_landscape_04.png,true,GLM Image,landscape,2.9554781576734968e-05
ai_landscape_seedream_v3_landscape_05.png,true,Seedream,landscape,2.164287934647291e-06
ai_landscape_flux_2_flex_landscape_05.png,true,Flux,landscape,3.4891154427896254e-06
ai_landscape_flux_2_flex_landscape_07.png,true,Flux,landscape,0.06074391305446625
ai_landscape_leonardo_phoenix_landscape_08.png,true,Leonardo Phoenix,landscape,0.3803761899471283
ai_landscape_seedream_v3_landscape_07.png,true,Seedream,landscape,5.4327643738361076e-05
ai_landscape_glm_image_landscape_06.png,true,GLM Image,landscape,0.08128300309181213
ai_landscape_flux_pro_v1.1_landscape_08.png,true,Flux Pro v1.1,landscape,8.37430252431659e-06
ai_landscape_ideogram_v3_landscape_10.png,true,Ideogram v3,landscape,5.61675108201598e-07
ai_landscape_ideogram_v3_landscape_04.png,true,Ideogram v3,landscape,0.0026445563416928053
ai_landscape_qwen_2512_landscape_10.png,true,Qwen 2512,landscape,7.191364375103149e-07
ai_landscape_qwen_2512_landscape_04.png,true,Qwen 2512,landscape,6.33564850431867e-05
ai_landscape_wan_v2.6_landscape_09.png,true,Wan v2.6,landscape,2.0490424503805116e-06
ai_landscape_recraft_v3_landscape_05.png,true,Recraft v3,landscape,0.0001275810645893216
ai_landscape_seedream_v4_landscape_09.png,true,Seedream,landscape,2.515320920792874e-05
ai_landscape_seedream_v4_landscape_08.png,true,Seedream,landscape,2.1916675905231386e-06
ai_landscape_recraft_v3_landscape_10.png,true,Recraft v3,landscape,0.001266408828087151
ai_landscape_recraft_v3_landscape_04.png,true,Recraft v3,landscape,8.021733083296567e-05
ai_landscape_wan_v2.6_landscape_08.png,true,Wan v2.6,landscape,0.007654142566025257
ai_landscape_qwen_2512_landscape_05.png,true,Qwen 2512,landscape,0.0001579050294822082
ai_landscape_ideogram_v3_landscape_05.png,true,Ideogram v3,landscape,4.966077085555298e-06
ai_landscape_flux_pro_v1.1_landscape_09.png,true,Flux Pro v1.1,landscape,0.0006264912080951035
ai_landscape_glm_image_landscape_07.png,true,GLM Image,landscape,0.074149951338768
ai_landscape_seedream_v3_landscape_06.png,true,Seedream,landscape,4.155549049755791e-06
ai_landscape_leonardo_phoenix_landscape_09.png,true,Leonardo Phoenix,landscape,0.999518871307373
ai_landscape_flux_2_flex_landscape_06.png,true,Flux,landscape,0.0020475792698562145
ai_landscape_gpt_image_1.5_landscape_02.png,true,Gpt,landscape,8.73289263836341e-06
ai_landscape_hunyuan_v3_landscape_03.png,true,Hunyuan v3,landscape,8.30304270493798e-06
ai_landscape_z_image_landscape_05.png,true,Z,landscape,9.116818546317518e-05
ai_landscape_sd_3.5_large_landscape_03.png,true,Sd,landscape,0.024739183485507965
ai_landscape_flux_schnell_landscape_08.png,true,Flux Schnell,landscape,3.882993041770533e-06
ai_landscape_flux_schnell_landscape_09.png,true,Flux Schnell,landscape,9.007607150124386e-05
ai_landscape_z_image_landscape_10.png,true,Z,landscape,0.0001578752271598205
ai_landscape_sd_3.5_large_landscape_02.png,true,Sd,landscape,4.766993697558064e-06
ai_landscape_z_image_landscape_04.png,true,Z,landscape,0.18327084183692932
ai_landscape_hunyuan_v3_landscape_02.png,true,Hunyuan v3,landscape,1.759534097800497e-05
ai_landscape_gpt_image_1.5_landscape_03.png,true,Gpt,landscape,2.2464813810074702e-05
ai_landscape_gpt_image_1.5_landscape_01.png,true,Gpt,landscape,0.0001285555918002501
ai_landscape_z_image_landscape_06.png,true,Z,landscape,0.00012762268306687474
ai_landscape_sd_3.5_large_landscape_01.png,true,Sd,landscape,0.00011451438331278041
ai_landscape_z_image_landscape_07.png,true,Z,landscape,0.00573097774758935
ai_landscape_hunyuan_v3_landscape_01.png,true,Hunyuan v3,landscape,9.552632036502473e-06
ai_landscape_gpt_image_1.5_landscape_04.png,true,Gpt,landscape,0.0002415349881630391
ai_landscape_gpt_image_1.5_landscape_10.png,true,Gpt,landscape,3.9065531609594473e-07
ai_landscape_hunyuan_v3_landscape_05.png,true,Hunyuan v3,landscape,1.1588477946133935e-06
ai_landscape_sd_3.5_large_landscape_05.png,true,Sd,landscape,0.00033012565108947456
ai_landscape_z_image_landscape_03.png,true,Z,landscape,0.060407523065805435
ai_landscape_z_image_landscape_02.png,true,Z,landscape,0.0032944665290415287
ai_landscape_sd_3.5_large_landscape_04.png,true,Sd,landscape,3.414635648368858e-05
ai_landscape_sd_3.5_large_landscape_10.png,true,Sd,landscape,6.531913072649331e-07
ai_landscape_hunyuan_v3_landscape_04.png,true,Hunyuan v3,landscape,1.874125337053556e-05
ai_landscape_hunyuan_v3_landscape_10.png,true,Hunyuan v3,landscape,1.5399757558043348e-06
ai_landscape_gpt_image_1.5_landscape_05.png,true,Gpt,landscape,6.47376145934686e-05
ai_landscape_gpt_image_1.5_landscape_07.png,true,Gpt,landscape,5.196509664529003e-05
ai_landscape_hunyuan_v3_landscape_06.png,true,Hunyuan v3,landscape,6.671890332654584e-06
ai_landscape_sd_3.5_large_landscape_06.png,true,Sd,landscape,7.699235720792785e-05
ai_landscape_gemini_3_pro_landscape_08.png,true,Gemini 3 Pro,landscape,2.794317197185592e-06
ai_landscape_gemini_3_pro_landscape_09.png,true,Gemini 3 Pro,landscape,6.689193924103165e-06
ai_landscape_z_image_landscape_01.png,true,Z,landscape,0.0007634584908373654
ai_landscape_sd_3.5_large_landscape_07.png,true,Sd,landscape,2.2824600819149055e-05
ai_landscape_hunyuan_v3_landscape_07.png,true,Hunyuan v3,landscape,0.000286007794784382
ai_landscape_gpt_image_1.5_landscape_06.png,true,Gpt,landscape,1.535450246592518e-05
real_art_art_79_oil_painting_of_countryside_landscape_in_frame.jpg,false,,art,0.02787879854440689
real_art_art_163_tLQRMO33DeI.jpg,false,,art,0.009972764179110527
real_art_art_082_wzSfjeKGiLk.jpg,false,,art,0.0002784349489957094
real_art_art_114_11SmxL6FI1A.jpg,false,,art,2.9809196348651312e-05
real_art_art_58_watercolor_landscape_painting.jpg,false,,art,7.032283610897139e-05
real_art_art_040_T2LEdBxpm54.jpg,false,,art,0.0002618410799186677
real_art_art_105_HzNNbeGmJko.jpg,false,,art,6.922676675458206e-06
real_art_art_68_vintage_botanical_illustration.jpg,false,,art,0.010662355460226536
real_art_art_164_GoJrwnPNPbg.jpg,false,,art,4.912360054731835e-06
real_art_art_73_colorful_street_art_graffiti_mural.jpg,false,,art,0.0031660995446145535
real_art_art_112_zelgyeLINKc.jpg,false,,art,4.7777688450878486e-05
real_art_art_034_bkY4pok-UM0.jpg,false,,art,1.276908818681477e-07
real_art_art_132_xnyXLEyE8L0.jpg,false,,art,0.00011917167284991592
real_art_art_149_fnoCqGw7AMg.jpg,false,,art,2.8211386961629614e-05
real_art_art_166_vDZCV1akWss.jpg,false,,art,1.3147554227543878e-06
real_art_art_113_Cn2YpUFVkCo.jpg,false,,art,1.6174233678611927e-05
real_art_art_78_mosaic_tile_artwork_pattern.jpg,false,,art,0.0001061095463228412
real_art_art_72_pastel_colors_watercolor_wash.jpg,false,,art,7.032283610897139e-05
real_art_art_074_QTWm4dJ_Z2E.jpg,false,,art,2.3398370103677735e-05
real_art_art_65_abstract_geometric_modern_art.jpg,false,,art,1.5211177014862187e-05
real_art_art_056_riFTrh0K4pg.jpg,false,,art,2.7444066290627234e-05
real_art_art_096_gzXhH-RiydU.jpg,false,,art,3.1265146390069276e-05
real_art_art_094_JqpsJelnXb8.jpg,false,,art,0.001691030920483172
real_art_art_56_pencil_and_watercolor_art_supplies_on_table.jpg,false,,art,3.334367647767067e-06
real_art_art_160_PDAzh1rSIa8.jpg,false,,art,0.0001877324393717572
real_art_art_152_uH3wpt7gKnQ.jpg,false,,art,0.00027377306832931936
real_art_art_088_8qigdir-PfA.jpg,false,,art,9.446014701097738e-06
real_art_art_070_AYYbqlo5af0.jpg,false,,art,4.500753675529268e-06
real_art_art_80_digital_art_printed_on_gallery_wall.jpg,false,,art,8.101358980638906e-05
real_art_art_120_NiV9YsPFhM8.jpg,false,,art,2.106212923536077e-05
real_art_art_093_3qoP52UWFiY.jpg,false,,art,9.171159035759047e-06
real_art_art_092_IhDDZyvwwC4.jpg,false,,art,1.1966761803705595e-06
real_art_art_108_XOyxignLq1E.jpg,false,,art,2.6865645850193687e-05
real_art_art_127_P2LmtHXV2Wc.jpg,false,,art,4.719434400612954e-06
real_art_art_104_gQxrO5kOABU.jpg,false,,art,5.780832907475997e-06
real_art_art_097_hBhfEXkihOs.jpg,false,,art,0.00016954680904746056
real_art_art_085_Zm74mm1xEDY.jpg,false,,art,5.583879101322964e-05
real_art_art_050_hyoJJZd_hhI.jpg,false,,art,1.2443153991625877e-06
real_art_art_053_jdhYNL0KrCA.jpg,false,,art,0.00039909876068122685
real_art_art_045_dFA5XycbhoQ.jpg,false,,art,0.03437553718686104
real_art_art_057_m-e3AFsfOs0.jpg,false,,art,6.997752643655986e-05
real_art_art_033_cpAKc-G6lPg.jpg,false,,art,6.175611133585335e-07
real_art_art_159_U0_hlwXFLn0.jpg,false,,art,2.553622289269697e-05
real_art_art_051_PHdLDymaV90.jpg,false,,art,1.2190083680252428e-06
real_art_art_170_Vbbz9pZmn5o.jpg,false,,art,3.0606337531935424e-05
real_art_art_046_DQZl8fxpSp8.jpg,false,,art,2.2068525140639395e-06
real_art_art_118_BsAzhHIIwxg.jpg,false,,art,3.378171822987497e-05
real_art_art_117_5MteLUU9FGI.jpg,false,,art,0.0001381625042995438
real_art_art_66_still_life_oil_painting_with_fruit.jpg,false,,art,3.555038711056113e-05
real_art_art_121_iKPxCjUU_bg.jpg,false,,art,1.99963560589822e-05
real_art_art_157_8ezfg5oYHNY.jpg,false,,art,4.4924971120963164e-07
real_art_art_081_w5bYMd9leus.jpg,false,,art,1.1221048907827935e-06
real_art_art_062_dP9U-tIfU3M.jpg,false,,art,1.9009410152648343e-06
real_art_art_032_puf8VwPLAug.jpg,false,,art,0.0012697126949205995
real_art_art_119_iplwfXCe8a4.jpg,false,,art,2.3843015242164256e-06
real_art_art_142_svOht0lwbyk.jpg,false,,art,0.00024526819470338523
real_art_art_068_J7w12ShptC0.jpg,false,,art,4.277967946109129e-06
real_art_art_147_oZKmdQlIVds.jpg,false,,art,0.10575681924819946
real_art_art_145_E_JDMtW_l0Y.jpg,false,,art,0.0034607897978276014
real_art_art_52_watercolor_painting_supplies_on_table.jpg,false,,art,3.334367647767067e-06
real_art_art_144_8XIAf776Fqg.jpg,false,,art,1.9761737348744646e-05
real_art_art_126_wpw8sHoBtSY.jpg,false,,art,0.004842359572649002
real_art_art_066_OnAwhivaqrU.jpg,false,,art,6.632797158090398e-05
real_art_art_124_VHX-eIns4Wo.jpg,false,,art,2.530850179027766e-05
real_art_art_158_I0QTg9ctFDY.jpg,false,,art,2.8789059797418304e-05
real_art_art_128_XzG9XYwxgXc.jpg,false,,art,1.3454306099447422e-05
real_art_art_62_impressionist_landscape_painting_in_ornate_frame.jpg,false,,art,0.012516016140580177
real_art_art_047_OfTVSQTuQ5Y.jpg,false,,art,1.1495566241137567e-06
real_art_art_098_sKHf8VwwFdo.jpg,false,,art,1.8539792563387891e-06
real_art_art_130_D1IS5s5O9xo.jpg,false,,art,2.1168771127122454e-05
real_art_art_129_0RTmv1Kx9Qk.jpg,false,,art,0.00012353537022136152
real_art_art_136_rGu8w3QP48o.jpg,false,,art,6.472582754213363e-07
real_art_art_060_BXkYKWKL7TA.jpg,false,,art,9.56582766775682e-07
real_art_art_123__yrdstGC_rg.jpg,false,,art,1.8056977069136337e-06
real_art_art_64_colorful_mural_on_building_exterior.jpg,false,,art,0.00044012643047608435
real_art_art_071_n00dm9FBwrs.jpg,false,,art,0.014345813542604446
real_art_art_064_1cVQMljvsnw.jpg,false,,art,0.0010756072588264942
real_art_art_107_7xemAmqHhLc.jpg,false,,art,6.385786036844365e-06
real_art_art_091_IF9x9SGOh1w.jpg,false,,art,2.2085827367845923e-05
real_art_art_058_TOcmDVAo2jo.jpg,false,,art,4.803579940926284e-06
real_art_art_150_1CcjT68gMRM.jpg,false,,art,3.614548404584639e-05
real_art_art_100_9pU5knbOtgY.jpg,false,,art,1.389903673043591e-06
real_art_art_083_jBV3_PRk1-U.jpg,false,,art,8.823658572509885e-05
real_art_art_035_S0c_wsCmlXE.jpg,false,,art,8.343341505678836e-06
real_art_art_122_nnIzqn6B6fA.jpg,false,,art,4.107863787794486e-05
real_art_art_099_3kIPqGmmgwI.jpg,false,,art,2.063192005152814e-05
real_art_art_141_vsYrMcvb5nQ.jpg,false,,art,6.091513569117524e-06
real_art_art_70_art_gallery_interior_with_paintings_on_walls.jpg,false,,art,0.005755919497460127
real_art_art_048__j6wbAlQ1ow.jpg,false,,art,0.00010002881026593968
real_art_art_079_93aN5XCAlJs.jpg,false,,art,6.678768841084093e-05
real_art_art_135_lvqcncxBYqw.jpg,false,,art,1.1930980008401093e-06
real_art_art_111_DVauUHIJby0.jpg,false,,art,0.0003373319050297141
real_art_art_161_StV72L0DH4A.jpg,false,,art,0.0005305075319483876
real_art_art_087_U3NtClWLRd4.jpg,false,,art,1.8793038236708526e-07
real_art_art_055_e-XPbBr0NhU.jpg,false,,art,2.4095646949717775e-05
real_art_art_043_e6xd2HXuy0A.jpg,false,,art,5.771781843577628e-07
real_art_art_109_GY_YJtmwPas.jpg,false,,art,0.0009985361248254776
real_art_art_61_charcoal_drawing_on_paper.jpg,false,,art,0.0004289652861189097
real_art_art_137_70l86REbjmk.jpg,false,,art,0.001864696154370904
real_art_art_154_kBzQNk9AgOg.jpg,false,,art,0.00038936123019084334
real_art_art_037_cuddQwqncLc.jpg,false,,art,0.0005842646933160722
real_art_art_74_gallery_wall_with_multiple_framed_artworks.jpg,false,,art,0.8453859090805054
real_art_art_116_tEbRUeGJDfw.jpg,false,,art,1.3527716873795725e-05
real_art_art_125_ajAj3-55G2A.jpg,false,,art,1.5700165079124417e-07
real_art_art_67_acrylic_pour_painting_abstract.jpg,false,,art,4.015860668005189e-06
real_art_art_51_modern_art_gallery_with_paintings_on_white_walls.jpg,false,,art,0.005755919497460127
real_art_art_049_ZW8dIPP4S4U.jpg,false,,art,4.935567972097488e-07
real_art_art_139_DD1fSz2HF1s.jpg,false,,art,1.835300645325333e-05
real_art_art_50_abstract_colorful_painting_on_canvas.jpg,false,,art,1.6316639630531427e-06
real_art_art_165_yN5c71nvg6g.jpg,false,,art,1.587237647981965e-06
real_art_art_153_rleYWWVY4Pc.jpg,false,,art,0.00015454231470357627
real_art_art_134_tClS6SPq8Zo.jpg,false,,art,8.561891036151792e-07
real_art_art_090_yCWQevKzkkM.jpg,false,,art,0.0045304568484425545
real_art_art_101_YJCRjsg1LQw.jpg,false,,art,6.705041596433148e-05
real_art_art_042_eN6FkYAetF8.jpg,false,,art,0.11971966922283173
real_art_art_059_yjiZAbTDkik.jpg,false,,art,1.3893364894101978e-06
real_art_art_54_oil_painting_of_flowers_in_vase.jpg,false,,art,0.0021368127781897783
real_art_art_089_IMZ3bM611eA.jpg,false,,art,3.5083407965430524e-06
real_art_art_146_n1mVt4pyFow.jpg,false,,art,3.1677714673605806e-07
real_art_art_169_Uo5MWyegjog.jpg,false,,art,5.3664639381167945e-06
real_art_art_073_n3VWZXx5n9I.jpg,false,,art,9.593596041668206e-05
real_art_art_076_I7BDP_5WPqE.jpg,false,,art,1.58904470026755e-06
real_art_art_53_colorful_abstract_oil_painting_closeup.jpg,false,,art,1.4253129165808787e-06
real_art_art_080_nNqBDh_l3oE.jpg,false,,art,1.4546765214618063e-07
real_art_art_061_XuHkodhmiyk.jpg,false,,art,0.00025821803137660027
real_art_art_60_colorful_paint_brushstrokes_close_up_texture.jpg,false,,art,1.4253129165808787e-06
real_art_art_71_renaissance_painting_in_gilded_frame.jpg,false,,art,7.405914948321879e-05
real_art_art_69_mixed_media_collage_artwork.jpg,false,,art,5.773009979748167e-05
real_art_art_168_u7zd4x6-dx8.jpg,false,,art,3.5507998745742952e-06
real_art_art_095_9_vYkYnWn2w.jpg,false,,art,0.0007629050523974001
real_art_art_138_007R8JewpwU.jpg,false,,art,6.278958608163521e-06
real_art_art_069_ziIJiGSkfR4.jpg,false,,art,6.197893981152447e-06
real_art_art_63_sculpture_in_art_museum_with_natural_light.jpg,false,,art,0.02609468623995781
real_art_art_106_cqKG2s6WP6s.jpg,false,,art,1.2386997241264908e-06
real_art_art_59_classical_oil_portrait_painting_in_museum.jpg,false,,art,0.00022663762501906604
real_art_art_039_izfOdN-3zw0.jpg,false,,art,1.195372419715568e-06
real_art_art_57_graffiti_street_art_on_brick_wall.jpg,false,,art,6.495986599475145e-05
real_art_art_084_JPFWudeuc54.jpg,false,,art,0.00028013670817017555
real_art_art_133_h1jyIBttST0.jpg,false,,art,4.747449111164315e-06
real_art_art_038_UwKXPb7N9UY.jpg,false,,art,3.7671891277568648e-06
real_art_art_054_Erf1Kz7ZE5Y.jpg,false,,art,4.02767045670771e-06
real_art_art_078_RYtFleIk_4U.jpg,false,,art,3.1679817311669467e-06
real_art_art_75_oil_painting_landscape_with_trees.jpg,false,,art,1.7094813529183739e-06
real_art_art_041_4POG9GQo7Aw.jpg,false,,art,2.5068416107387748e-06
real_art_art_162_jrDzerLmfW0.jpg,false,,art,5.893663228562218e-07
real_art_art_167_Jpjj_v1-5OM.jpg,false,,art,2.0217246856191196e-05
real_art_art_102_rXtXA42Lgzs.jpg,false,,art,1.6079490023912513e-06
real_art_art_140_Rq74Wkhffok.jpg,false,,art,2.1906142137595452e-05
real_art_art_086_OTP0nlljatI.jpg,false,,art,8.031738616409712e-06
real_art_art_036_KQBsTXCvGwM.jpg,false,,art,0.0020044613629579544
real_art_art_76_handwritten_calligraphy_on_white_paper.jpg,false,,art,8.305752271553501e-05
real_art_art_072_F2olcCyRQBw.jpg,false,,art,0.0002734326699282974
real_art_art_067_LOvJ2ECcUJY.jpg,false,,art,4.687204273068346e-05
real_art_art_052_OpqAtrUNJeI.jpg,false,,art,0.0007610483444295824
real_art_art_044_hptNUC-iitA.jpg,false,,art,8.397639248869382e-06
real_art_art_151_tuU1puvTmWw.jpg,false,,art,9.028414751810487e-06
real_art_art_103_cLRvJPVw69U.jpg,false,,art,2.085665073536802e-05
real_art_art_065_akbHiqZy4Pg.jpg,false,,art,2.5448616725043394e-07
real_art_art_148_-bA6TkrToiY.jpg,false,,art,2.5422363250982016e-05
real_art_art_77_street_art_portrait_on_concrete_wall.jpg,false,,art,0.00118415302131325
real_art_art_131_bPqJ9ssfjqs.jpg,false,,art,6.526044671772979e-06
real_art_art_55_art_museum_gallery_room_with_framed_paintings.jpg,false,,art,3.4743716241791844e-05
real_art_art_110_hY3KGFVG-i0.jpg,false,,art,6.464063335442916e-05
real_art_art_156_u2RlwQc1qiQ.jpg,false,,art,0.008869695477187634
real_art_art_075_ff0HoIx3PzU.jpg,false,,art,2.4506618501618505e-05
real_art_art_143_TzAydhJ4QzE.jpg,false,,art,2.7359641308066784e-07
real_art_art_077_IExOV9fFQBM.jpg,false,,art,0.00021259643835946918
real_art_art_155_KWpm9MmEo2s.jpg,false,,art,0.015185889787971973
real_art_art_063_heeEKtHAYEg.jpg,false,,art,0.00010469042899785563
real_art_art_115_iMdsjoiftZo.jpg,false,,art,0.0010220366530120373
real_portrait_portrait_76_a_group_of_people_standing_around_a_white_cake.jpg,false,,portrait,0.03247709944844246
real_portrait_portrait_55_a_woman_holding_a_smart_phone_next_to_a_group_of_people.jpg,false,,portrait,5.256751478555088e-07
real_portrait_portrait_118_iJGhIMWKz7w.jpg,false,,portrait,1.1864749467349611e-06
real_portrait_portrait_094_7A5eK3q9qUA.jpg,false,,portrait,6.804077656852314e-06
real_portrait_portrait_62_a_group_of_men_standing_and_sitting_next_to_each_other.jpg,false,,portrait,0.022170236334204674
real_portrait_portrait_51_a_woman_is_helping_a_child_put_on_skis.jpg,false,,portrait,3.822367943939753e-05
real_portrait_portrait_065_6lWqkLIh5L8.jpg,false,,portrait,1.594671448401641e-05
real_portrait_portrait_039_ZW3dnRiZD9U.jpg,false,,portrait,1.3480611187333125e-06
real_portrait_portrait_135_BZzHWmQUszE.jpg,false,,portrait,1.3351819916351815e-06
real_portrait_portrait_83_a_tennis_player_who_has_just_made_a_shot.jpg,false,,portrait,3.7280719311638677e-07
real_portrait_portrait_57_a_young_man_and_woman_holding_their_heads_close_to_each_othe.jpg,false,,portrait,2.2678793811792275e-06
real_portrait_portrait_67_there_are_many_bike_riders_racing_in_a_street_race.jpg,false,,portrait,1.756149458742584e-06
real_portrait_portrait_058_dWiK1hrTl14.jpg,false,,portrait,2.1299059937973652e-07
real_portrait_portrait_086_kpR9Mwgkj8c.jpg,false,,portrait,8.749012749831309e-07
real_portrait_portrait_075_VQRm94PV_20.jpg,false,,portrait,1.6321200746460818e-05
real_portrait_portrait_151_LlHgaeBwYVE.jpg,false,,portrait,1.7416243281331845e-05
real_portrait_portrait_077_IIWiU1QXmWY.jpg,false,,portrait,4.582519750329084e-07
real_portrait_portrait_100_2FM9g-vAkJg.jpg,false,,portrait,1.5093091860762797e-05
real_portrait_portrait_098_wX7NeTEXq_w.jpg,false,,portrait,1.9226868062105495e-06
real_portrait_portrait_071__lP2UOoZJKk.jpg,false,,portrait,0.0001262309669982642
real_portrait_portrait_81_two_men_next_to_each_other_holding_wine_glasses.jpg,false,,portrait,4.8444825040405703e-08
real_portrait_portrait_114_VcWRNg2ju7Y.jpg,false,,portrait,2.7346965225660824e-07
real_portrait_portrait_65_three_women_sitting_on_a_train_seat_on_cellphones.jpg,false,,portrait,1.7221991299720685e-07
real_portrait_portrait_054_cFgCc3PM-A0.jpg,false,,portrait,1.422024524799781e-06
real_portrait_portrait_067_ua9Im1zPoGM.jpg,false,,portrait,1.842590791056864e-05
real_portrait_portrait_63_a_man_sitting_at_a_table_eating_food_from_a_plate.jpg,false,,portrait,4.023857854917878e-06
real_portrait_portrait_119_lAAmMH2c2gU.jpg,false,,portrait,8.003570110304281e-05
real_portrait_portrait_72_a_man_swinging_a_tennis_racket_at_a_tennis_ball.jpg,false,,portrait,3.2312053122041107e-07
real_portrait_portrait_77_three_men_smiling_holding_a_wii_controller_in_their_hands.jpg,false,,portrait,0.0001419901818735525
real_portrait_portrait_70_two_sets_of_hands_are_each_holding_a_cell_phone_while_anothe.jpg,false,,portrait,1.2918624179292237e-06
real_portrait_portrait_168_ht1JkZ7tYmY.jpg,false,,portrait,9.556545137456851e-07
real_portrait_portrait_58_woman_listening_on_her_phone_while_smoking_a_cigarette.jpg,false,,portrait,0.008169791661202908
real_portrait_portrait_137_O5BSKKHYiEU.jpg,false,,portrait,5.496139579008741e-07
real_portrait_portrait_59_a_woman_taking_a_selfie_with_a_mobile_phone.jpg,false,,portrait,4.188692400930449e-06
real_portrait_portrait_060_wyCDQSzN8XE.jpg,false,,portrait,9.850202786765294e-07
real_portrait_portrait_081_2EmLMaTshko.jpg,false,,portrait,1.5241450910252752e-06
real_portrait_portrait_059_pFbJuxSwuhI.jpg,false,,portrait,3.886401373165427e-06
real_portrait_portrait_048_8sbwihARadA.jpg,false,,portrait,5.88963484915439e-06
real_portrait_portrait_167_guDkXldTxy8.jpg,false,,portrait,0.012059135362505913
real_portrait_portrait_095_E38Gb_nVPck.jpg,false,,portrait,3.44506725014071e-06
real_portrait_portrait_043_aDvDvH428RQ.jpg,false,,portrait,2.187092832173221e-06
real_portrait_portrait_133_iiQ-mmG2NxI.jpg,false,,portrait,1.3875674085284118e-06
real_portrait_portrait_128_nE6EPBrM-EA.jpg,false,,portrait,1.9224415154894814e-05
real_portrait_portrait_050_eoAubhPm6H8.jpg,false,,portrait,9.747299145601573e-07
real_portrait_portrait_134_UY52j2uUvdU.jpg,false,,portrait,4.7724070100230165e-06
real_portrait_portrait_104_eq9FtP7XwJI.jpg,false,,portrait,8.185654587578028e-05
real_portrait_portrait_092_uTad53fcxss.jpg,false,,portrait,1.6323458112310618e-05
real_portrait_portrait_062_ILz31HBGEak.jpg,false,,portrait,0.0005390044534578919
real_portrait_portrait_085_qV16cq3T420.jpg,false,,portrait,2.287216034346784e-07
real_portrait_portrait_170_cQPUosG9dQE.jpg,false,,portrait,1.4204671288098325e-06
real_portrait_portrait_147_RYNTlcn0e3k.jpg,false,,portrait,6.914904133736854e-07
real_portrait_portrait_103_TsvawNBQ7k0.jpg,false,,portrait,2.805684857776214e-07
real_portrait_portrait_047_kN_F83xqdiM.jpg,false,,portrait,0.007586960680782795
real_portrait_portrait_105_Knvzw8_L_80.jpg,false,,portrait,1.065360493157641e-06
real_portrait_portrait_101_WXp2BT0AgnE.jpg,false,,portrait,7.054234743009147e-07
real_portrait_portrait_153_k_NkqIaRhro.jpg,false,,portrait,6.311016477411613e-06
real_portrait_portrait_71_a_woman_brushes_her_teeth_with_foamy_toothpaste.jpg,false,,portrait,0.0001890638959594071
real_portrait_portrait_142_mJaDIZr6eMY.jpg,false,,portrait,4.394369534566067e-05
real_portrait_portrait_083_LN8t4ZAGZFQ.jpg,false,,portrait,1.3962660432298435e-06
real_portrait_portrait_115_82NWNb5AGWc.jpg,false,,portrait,6.264994567573012e-07
real_portrait_portrait_64_a_woman_smiles_from_behind_the_book_she_has_been_reading.jpg,false,,portrait,5.43465752400607e-08
real_portrait_portrait_102_QGMWr63tKoo.jpg,false,,portrait,9.341872100776527e-06
real_portrait_portrait_037_M34IAftLLsY.jpg,false,,portrait,2.5386325432918966e-06
real_portrait_portrait_79_a_copse_of_men_sitting_next_to_each_other_at_a_table.jpg,false,,portrait,1.4446204943396879e-07
real_portrait_portrait_068_g_eJl04NKEY.jpg,false,,portrait,2.82829932984896e-06
real_portrait_portrait_53_two_men_wearing_suits_and_hats_are_walking_together.jpg,false,,portrait,2.6062548386107665e-07
real_portrait_portrait_055_ycF8akmJ_RU.jpg,false,,portrait,0.06362143158912659
real_portrait_portrait_129_jqsprpPrn9w.jpg,false,,portrait,1.0787526889544097e-06
real_portrait_portrait_138_NOcaza8sIBg.jpg,false,,portrait,0.002323747146874666
real_portrait_portrait_78_a_woman_holding_a_plate_of_cake_covered_in_frosting.jpg,false,,portrait,1.5238124433381017e-05
real_portrait_portrait_130_4wIY3oykWMo.jpg,false,,portrait,6.5906651798286475e-06
real_portrait_portrait_099_dKH-4ml-5I4.jpg,false,,portrait,8.52009009122412e-07
real_portrait_portrait_093_8gRw4V0_XJA.jpg,false,,portrait,1.7557460523676127e-05
real_portrait_portrait_109_IOkL3ZqAapM.jpg,false,,portrait,0.0001287480554310605
real_portrait_portrait_74_a_person_helping_a_woman_put_on_a_tie.jpg,false,,portrait,2.663415727965912e-07
real_portrait_portrait_121_hQBQ1ATvH10.jpg,false,,portrait,2.9473312679328956e-07
real_portrait_portrait_076_6fc0hcXapYU.jpg,false,,portrait,0.00029283741605468094
real_portrait_portrait_155_3kWZ-gVZAG0.jpg,false,,portrait,5.121284175402252e-06
real_portrait_portrait_140_83BjY5qcPKg.jpg,false,,portrait,1.3533010587707395e-06
real_portrait_portrait_087_gENx9JQeQWs.jpg,false,,portrait,4.57992973679211e-06
real_portrait_portrait_084_7BDP97v-tT8.jpg,false,,portrait,1.009684092423413e-05
real_portrait_portrait_040_kl22CsySpcw.jpg,false,,portrait,9.71953704720363e-06
real_portrait_portrait_161_Tay3IMQpKHA.jpg,false,,portrait,7.525176442868542e-06
real_portrait_portrait_045_3F6Jo667E4w.jpg,false,,portrait,0.00022932492720428854
real_portrait_portrait_116_L4CAMVlnRlg.jpg,false,,portrait,5.115513886266854e-06
real_portrait_portrait_072_VlOrWGCFl_w.jpg,false,,portrait,4.3242218339401006e-07
real_portrait_portrait_044_NljdMbT3s30.jpg,false,,portrait,1.6439093087683432e-05
real_portrait_portrait_122_LpIy3YxbDA4.jpg,false,,portrait,3.453287354204804e-05
real_portrait_portrait_156_HC2t702jdGo.jpg,false,,portrait,1.946610836967011e-06
real_portrait_portrait_69_a_crowd_of_people_standing_around_each_other.jpg,false,,portrait,1.3440418342725025e-06
real_portrait_portrait_73_a_baseball_player_talks_with_an_umpire.jpg,false,,portrait,1.0114844371855725e-05
real_portrait_portrait_096_Rur5fFIrWNY.jpg,false,,portrait,2.2873391571920365e-06
real_portrait_portrait_61_a_clown_talking_on_a_phone_next_to_a_building.jpg,false,,portrait,1.8632960063769133e-07
real_portrait_portrait_090_UNJ3hCbuHXA.jpg,false,,portrait,1.1978963243564067e-07
real_portrait_portrait_148_ofgYwK8j_cQ.jpg,false,,portrait,3.136010718662874e-06
real_portrait_portrait_113_J_I5FfqShJw.jpg,false,,portrait,2.095894160447642e-06
real_portrait_portrait_152_P7ASbD-vHW8.jpg,false,,portrait,8.949334642238682e-07
real_portrait_portrait_56_a_woman_holding_her_cell_phone_tucked_in_a_wool_cover.jpg,false,,portrait,6.73926535910141e-07
real_portrait_portrait_107_W80TTxhRRU4.jpg,false,,portrait,1.3845688954461366e-05
real_portrait_portrait_073_yAsJE9nFiFw.jpg,false,,portrait,5.670259497492225e-07
real_portrait_portrait_091_xX9r2xULy7s.jpg,false,,portrait,3.4973304536833894e-06
real_portrait_portrait_082_QwsCqHTim98.jpg,false,,portrait,9.706834589451319e-07
real_portrait_portrait_132_shb8l1o-0Zk.jpg,false,,portrait,0.0001747993374010548
real_portrait_portrait_078_cT4-8tBBJDA.jpg,false,,portrait,1.1395797628210858e-05
real_portrait_portrait_160_PEgf72cgr-w.jpg,false,,portrait,1.2199061529827304e-06
real_portrait_portrait_038_62Ims7pw_X8.jpg,false,,portrait,3.136716713925125e-06
real_portrait_portrait_75_a_man_wearing_a_suit_and_tie_and_red_hat_with_a_silver_buckl.jpg,false,,portrait,5.539916969610204e-07
real_portrait_portrait_051_63KDwZUZQw8.jpg,false,,portrait,1.0273317911924096e-06
real_portrait_portrait_82_a_man_wearing_a_tie_jacket_and_white_shirt.jpg,false,,portrait,0.0001231282512890175
real_portrait_portrait_52_three_students_check_their_cell_phones_in_a_classroom.jpg,false,,portrait,9.216615382001692e-08
real_portrait_portrait_063_Qm4yrKLiawY.jpg,false,,portrait,0.4439379870891571
real_portrait_portrait_84_three_young_men_playing_wii_on_a_projection_television.jpg,false,,portrait,4.067929637585621e-07
real_portrait_portrait_159_o47Lif2bfqI.jpg,false,,portrait,3.52169263351243e-06
real_portrait_portrait_041_vCZFKRZes_0.jpg,false,,portrait,3.5496823329594918e-06
real_portrait_portrait_064_KrLXXQSojYs.jpg,false,,portrait,7.853179340600036e-06
real_portrait_portrait_112_OxPuMO3zQ9s.jpg,false,,portrait,2.687527739908546e-06
real_portrait_portrait_145_DQ9dW9v65Fc.jpg,false,,portrait,0.000740614952519536
real_portrait_portrait_117_4XrEyN5sXhA.jpg,false,,portrait,3.8680431657667214e-07
real_portrait_portrait_070_kNZd7qT8ASY.jpg,false,,portrait,8.257495210273191e-06
real_portrait_portrait_146_I03ZQjTt4WI.jpg,false,,portrait,6.126511493675935e-07
real_portrait_portrait_163_6qRpAg4pPEU.jpg,false,,portrait,9.392431820742786e-05
real_portrait_portrait_80_two_men_smiling_and_taking_a_picture_together.jpg,false,,portrait,9.146031629825302e-07
real_portrait_portrait_150_itdkHUjTuIY.jpg,false,,portrait,6.377010322466958e-06
real_portrait_portrait_046_k1QqUSvRObc.jpg,false,,portrait,9.8974260254181e-07
real_portrait_portrait_056_JxbqicKm-ko.jpg,false,,portrait,1.8340177803111146e-06
real_portrait_portrait_042_2xf2beBy7Wo.jpg,false,,portrait,0.0013024364598095417
real_portrait_portrait_126_jxltRrbjtdI.jpg,false,,portrait,3.0911018257029355e-05
real_portrait_portrait_061_IppB3SB9f6s.jpg,false,,portrait,2.7199567398383806e-07
real_portrait_portrait_68_a_photo_of_a_young_male_in_a_suit_jacket_and_tie.jpg,false,,portrait,0.0020164588931947947
real_portrait_portrait_124_Hd2T6EzW_2Q.jpg,false,,portrait,1.540602966088045e-06
real_portrait_portrait_50_a_man_wearing_a_top_hat_and_a_red_tie.jpg,false,,portrait,2.9612035632453626e-06
real_portrait_portrait_057_ZbvHaiUwVfo.jpg,false,,portrait,1.789070779523172e-06
real_portrait_portrait_079_fGfUJnZD3Mw.jpg,false,,portrait,1.7706217477098107e-05
real_portrait_portrait_127_ZhJsD9T_20Q.jpg,false,,portrait,1.9382400751055684e-07
real_portrait_portrait_136_SwcnAmIRZYc.jpg,false,,portrait,1.0709048865464865e-06
real_portrait_portrait_110_9iAIfjrSFYw.jpg,false,,portrait,6.509458216896746e-07
real_portrait_portrait_139_5Uvy1WMaUHw.jpg,false,,portrait,1.8620276875935815e-07
real_portrait_portrait_097_JibO_kC6vh4.jpg,false,,portrait,4.607586561178323e-06
real_portrait_portrait_157_jG4xhAmz-uQ.jpg,false,,portrait,7.229879702208564e-05
real_portrait_portrait_141_l7PnmcqTj5Q.jpg,false,,portrait,1.7535337974550202e-05
real_portrait_portrait_125_Oz7_usBqwuY.jpg,false,,portrait,0.06912899017333984
real_portrait_portrait_143_peP3zrquunA.jpg,false,,portrait,4.55329018222983e-06
real_portrait_portrait_165_rEKKAV83i-8.jpg,false,,portrait,4.5275814386513957e-07
real_portrait_portrait_069_Q7p9V_xHe08.jpg,false,,portrait,0.0001430097036063671
real_portrait_portrait_144_WUhpW32kBek.jpg,false,,portrait,3.9003811025395407e-07
real_portrait_portrait_089_dgGWnapezLs.jpg,false,,portrait,9.100041097553913e-06
real_portrait_portrait_074_P_pjzMeIbj8.jpg,false,,portrait,1.7551884639033233e-06
real_portrait_portrait_036_IHJtKBe9xNs.jpg,false,,portrait,0.0003071817336603999
real_portrait_portrait_049_-lb-Wob1TeQ.jpg,false,,portrait,6.086194389354205e-06
real_portrait_portrait_66_a_woman_holding_a_child_wrapped_in_a_towel_brushing_her_teet.jpg,false,,portrait,1.3854793223799788e-07
real_portrait_portrait_54_the_young_boy_just_finished_eating_the_banana.jpg,false,,portrait,1.0032274076365866e-05
real_portrait_portrait_60_there_are_people_playing_a_soccer_game_on_the_field.jpg,false,,portrait,1.7742613636073656e-06
real_portrait_portrait_166_w-pEeDGN1w0.jpg,false,,portrait,1.3829429917677771e-05
real_portrait_portrait_123_o1iV6Di2FX0.jpg,false,,portrait,2.7668822895066114e-06
real_portrait_portrait_162_1kJy_HK3eGI.jpg,false,,portrait,8.512541535310447e-05
real_portrait_portrait_108_xz-qq9KNgwk.jpg,false,,portrait,5.706079264200525e-06
real_portrait_portrait_149_qj1vIzXOtYo.jpg,false,,portrait,5.819169928145129e-07
real_portrait_portrait_164_qk6CnpKNmVw.jpg,false,,portrait,1.0601590929582017e-06
real_portrait_portrait_131_rcXU8Tezb_k.jpg,false,,portrait,1.1534539225976914e-06
real_portrait_portrait_053_oKA8kDSZpCc.jpg,false,,portrait,3.6490220622908964e-07
real_portrait_portrait_066_bSNJ6R5Qrt4.jpg,false,,portrait,3.647404582807212e-06
real_portrait_portrait_120_WSxluGgdlFQ.jpg,false,,portrait,4.6506198714268976e-07
real_portrait_portrait_169_-7JAEi4PhTU.jpg,false,,portrait,0.00010148089495487511
real_portrait_portrait_158_8kDx62gZRzk.jpg,false,,portrait,1.7069254454327165e-06
real_portrait_portrait_052_FvrjfNKpITc.jpg,false,,portrait,2.1742066280694416e-07
real_portrait_portrait_088_iMYRUK-oadw.jpg,false,,portrait,2.9817713311786065e-06
real_portrait_portrait_154_fXik2Do-bB4.jpg,false,,portrait,1.545412033010507e-06
real_portrait_portrait_080_uOnxXwB3KNE.jpg,false,,portrait,9.149015386356041e-05
real_portrait_portrait_106_ZzNLsAPymuI.jpg,false,,portrait,2.6645881007425487e-05
real_portrait_portrait_111_tEQV_wnx3U8.jpg,false,,portrait,7.294549504877068e-06
real_product_product_161_paw_7bdZ8Xg.jpg,false,,product,6.244764335860964e-06
real_product_product_118_0ON2rLuvo5c.jpg,false,,product,5.395450557443837e-07
real_product_product_035_s9TJ2ncyLcQ.jpg,false,,product,2.420028977212496e-05
real_product_product_162_iCW61HY_vjg.jpg,false,,product,7.968718591655488e-07
real_product_product_039_AaRflAurGmg.jpg,false,,product,1.718470230116509e-05
real_product_product_140_xRyL63AwZFE.jpg,false,,product,7.231339168356499e-06
real_product_product_067_IWOOT4ChLjM.jpg,false,,product,1.08273752630339e-05
real_product_product_066_-jXsYZeA7tQ.jpg,false,,product,1.2937701285409275e-05
real_product_product_70_a_young_woman_sitting_cross_legged_on_an_apartment_sofa.jpg,false,,product,8.366172323803767e-07
real_product_product_115_a0dGKKDQUQ8.jpg,false,,product,5.613028770312667e-05
real_product_product_130_BDFWZ3fLxrg.jpg,false,,product,0.0016111257718876004
real_product_product_094_oZzoDW61aoM.jpg,false,,product,0.024127144366502762
real_product_product_077_oyr64kMIz98.jpg,false,,product,3.957838271162473e-05
real_product_product_50_a_living_room_filled_with_furniture_and_decor.jpg,false,,product,3.2121380399985355e-07
real_product_product_168_qsYM_gFgliw.jpg,false,,product,3.378867745595926e-07
real_product_product_125_Re8T5DwoMic.jpg,false,,product,2.57322017205297e-06
real_product_product_166_P_fMqU34A3I.jpg,false,,product,4.385702595754992e-06
real_product_product_046_G59UIKfHz6o.jpg,false,,product,0.014929116703569889
real_product_product_139_5JuLcub3dYg.jpg,false,,product,5.8649497987062205e-06
real_product_product_058_fX8leXj8Q4o.jpg,false,,product,6.231046427274123e-06
real_product_product_087__vAuxGCAfjQ.jpg,false,,product,1.7828985221512994e-07
real_product_product_078_1UFTd1eRamE.jpg,false,,product,6.703228905280412e-07
real_product_product_80_kitchen_area_with_counter_top_space_and_dining_room_table.jpg,false,,product,2.6343147396801214e-07
real_product_product_81_a_pizza_sitting_on_top_of_a_plate_next_to_a_foil_bag_of_food.jpg,false,,product,7.501335375081908e-08
real_product_product_60_three_laptop_computers_and_a_desktop_computer_sit_next_to_ea.jpg,false,,product,6.523006135239484e-08
real_product_product_042_NydHbLFLoS8.jpg,false,,product,1.6291498468490317e-05
real_product_product_050_udHDq62Dgpc.jpg,false,,product,3.688147216962534e-06
real_product_product_145_F7FhTijeOG8.jpg,false,,product,1.0163849765376654e-05
real_product_product_137_OmfMncXSshw.jpg,false,,product,0.000505073694512248
real_product_product_041_iW1l64BMMR0.jpg,false,,product,1.2881630482297624e-06
real_product_product_103_i4Tv0A_n4EQ.jpg,false,,product,9.19608210097067e-05
real_product_product_073_m3MWJTeKGBg.jpg,false,,product,0.0005008912994526327
real_product_product_036_ww2S2eKgbKE.jpg,false,,product,2.2613854525843635e-05
real_product_product_111_utu66oQU6vI.jpg,false,,product,1.9819301087409258e-05
real_product_product_68_a_woman_holding_a_cigarette_smiling_at_the_camera_on_a_sunny.jpg,false,,product,3.132616086531925e-07
real_product_product_045_00y8k1-0DlA.jpg,false,,product,0.0010154044721275568
real_product_product_63_a_picture_of_a_cluttered_home_office_desk.jpg,false,,product,9.415568058557255e-08
real_product_product_54_young_children_sharing_a_laptop_in_a_messy_room_with_several.jpg,false,,product,6.152039588869229e-08
real_product_product_079_8LotN6HsaT4.jpg,false,,product,0.001943594659678638
real_product_product_095_UaaqY7j09B8.jpg,false,,product,1.0113822099810932e-06
real_product_product_71_the_child_smiles_brightly_while_being_handed_a_pink_umbrella.jpg,false,,product,3.597012323552917e-07
real_product_product_101_G6ntxf-QoSI.jpg,false,,product,1.6140842490131035e-05
real_product_product_66_a_woman_holding_up_a_large_carrot_in_a_backyard.jpg,false,,product,4.350857523149898e-07
real_product_product_099_s_IHISlORGo.jpg,false,,product,8.140058866956679e-07
real_product_product_069_3dVjKoVYgD0.jpg,false,,product,2.452507942507509e-06
real_product_product_061_nRVn-_k1uMI.jpg,false,,product,7.337783358707384e-07
real_product_product_64_a_cat_lying_down_in_a_sink_in_a_bathroom.jpg,false,,product,1.6212095488299383e-07
real_product_product_049_9ouht2FSTDU.jpg,false,,product,0.003556183772161603
real_product_product_104_CoNkFbYZzBI.jpg,false,,product,1.239377979800338e-06
real_product_product_144_TE4vKu9w5lI.jpg,false,,product,3.494285749638948e-07
real_product_product_076_MhPJdWYWbWI.jpg,false,,product,2.5072240532608703e-06
real_product_product_77_a_motorized_cart_fills_a_train_with_luggage.jpg,false,,product,2.1792989457480871e-07
real_product_product_106_kF8pH4lMkyc.jpg,false,,product,6.448464773711748e-06
real_product_product_068_fUd_0iyYFVg.jpg,false,,product,5.8331274885858875e-06
real_product_product_73_a_laptop_in_a_bright_yellow_coffee_house.jpg,false,,product,6.37359619304334e-07
real_product_product_127_EIH4dHgb6Tg.jpg,false,,product,1.3014002433919813e-05
real_product_product_149_KBqiQ6coMcI.jpg,false,,product,1.3491376193996985e-06
real_product_product_72_a_group_of_people_are_reading_a_menu_at_the_table.jpg,false,,product,2.6430545858602272e-06
real_product_product_085_Si69OZ_9tg0.jpg,false,,product,7.122550869098632e-07
real_product_product_083_OAlYImdG1IQ.jpg,false,,product,2.5808516511460766e-05
real_product_product_141_92bRtruSyPU.jpg,false,,product,2.08868300433096e-06
real_product_product_117_vnCxhLnaxS8.jpg,false,,product,5.835725914948853e-06
real_product_product_105_skF1azpN4rk.jpg,false,,product,1.2295090527913999e-06
real_product_product_072_9rWHrdJfZBw.jpg,false,,product,1.6393580608564662e-06
real_product_product_132_aJm2XW384QA.jpg,false,,product,2.97487076750258e-05
real_product_product_057_AZiyMfuAum4.jpg,false,,product,1.7055177750080475e-06
real_product_product_097_g1MocwsEZhI.jpg,false,,product,4.032110041407577e-07
real_product_product_74_two_computers_sitting_on_top_of_a_desk.jpg,false,,product,9.833880767473602e-07
real_product_product_043_B8_YF4fjPwo.jpg,false,,product,1.1406616067688446e-05
real_product_product_047_BXlSfmhVEzE.jpg,false,,product,1.732245618768502e-05
real_product_product_062_4Q4LpNP-UAs.jpg,false,,product,2.486712037352845e-05
real_product_product_69_a_desk_with_a_cup_plate_laptop_monitor_and_keyboard.jpg,false,,product,1.6520139922704402e-07
real_product_product_133_5GibcyAX20Q.jpg,false,,product,7.992154132807627e-05
real_product_product_170_z14hF-2ssM0.jpg,false,,product,4.4828266254626215e-06
real_product_product_120_63EhFafADqI.jpg,false,,product,0.00020757886522915214
real_product_product_086_vWR6FDWA5hk.jpg,false,,product,1.5589366739732213e-05
real_product_product_100_Pledx042HMI.jpg,false,,product,0.20046992599964142
real_product_product_053_AxdlcxaModc.jpg,false,,product,0.0004983727121725678
real_product_product_110_9yY6qj6N4Ek.jpg,false,,product,4.2244184328410483e-07
real_product_product_138_gR8QukPoAvQ.jpg,false,,product,1.3011293731324258e-06
real_product_product_090_xepikEyPgmI.jpg,false,,product,0.0001059534479281865
real_product_product_165_b2_pVdk4lGI.jpg,false,,product,5.578693844654481e-07
real_product_product_136_TH4Ug5gGgD8.jpg,false,,product,4.992351136934303e-07
real_product_product_096_1CQjStL89kQ.jpg,false,,product,0.00039578170981258154
real_product_product_52_a_room_with_a_desktop_computer_and_a_picture_of_a_mummy.jpg,false,,product,9.589816585275912e-08
real_product_product_044_P3BwhD8sa6M.jpg,false,,product,5.835247065988369e-06
real_product_product_084__pA5RUGRPvg.jpg,false,,product,3.991633639088832e-05
real_product_product_153_CjcqO587KRI.jpg,false,,product,6.30396680207923e-05
real_product_product_071_XYq2hcSmakA.jpg,false,,product,4.956723387294915e-07
real_product_product_129_bQjEEII7G5E.jpg,false,,product,3.410926581182139e-07
real_product_product_164_pNRLVLA1gNU.jpg,false,,product,0.00019021390471607447
real_product_product_67_a_floor_filled_with_the_contents_of_a_womans_bag.jpg,false,,product,2.7953996095675393e-07
real_product_product_158_Ow4X45p6mIw.jpg,false,,product,1.8979422748088837e-05
real_product_product_123_T4xh5oV8LuY.jpg,false,,product,3.4917718494398287e-06
real_product_product_147_Dx47EsVBnEo.jpg,false,,product,1.5660996723454446e-05
real_product_product_148_UlNDzqInCXk.jpg,false,,product,3.832392849290045e-06
real_product_product_064_A_fBQe39A4k.jpg,false,,product,3.571614797692746e-05
real_product_product_169_en-RjVJurms.jpg,false,,product,0.004221867769956589
real_product_product_088_XLnkWVCPuoU.jpg,false,,product,5.560222780331969e-05
real_product_product_61_a_marine_that_is_looking_at_his_cell_phone.jpg,false,,product,2.091044734697789e-06
real_product_product_109_UuAs_sR4frs.jpg,false,,product,0.10181958973407745
real_product_product_056_ZQm_wg8jxhI.jpg,false,,product,1.3865778782928828e-06
real_product_product_052_Lwqv4tEIKOU.jpg,false,,product,6.920604391780216e-07
real_product_product_093_MzFclBeMwSo.jpg,false,,product,4.827207249036292e-06
real_product_product_082_gRPFfk_c0HE.jpg,false,,product,0.0007317101117223501
real_product_product_055_PMhYnFuj1ls.jpg,false,,product,5.053512381891778e-07
real_product_product_152_eORbhX0F4_4.jpg,false,,product,2.4572437951064785e-07
real_product_product_160_iwwMFnt1GTc.jpg,false,,product,0.00037252099718898535
real_product_product_75_a_computer_mouse_is_beside_a_notebook_computer.jpg,false,,product,5.949038239805304e-08
real_product_product_122_TVWBH7UHQ7Y.jpg,false,,product,2.0858067273366032e-06
real_product_product_070_LDlC-35X2uU.jpg,false,,product,3.31906926476222e-06
real_product_product_051_MdZFPwlWMYs.jpg,false,,product,1.6819595884953742e-06
real_product_product_060_RAmpnn20rmY.jpg,false,,product,5.200443865760462e-06
real_product_product_143_kVuPfz-3HKw.jpg,false,,product,1.4968736650189385e-06
real_product_product_034_VlgzxZZKQOQ.jpg,false,,product,1.3174791092751548e-05
real_product_product_128_wk8ilTaXqw4.jpg,false,,product,0.0009490375523455441
real_product_product_82_a_crowd_of_people_with_umbrellas_on_a_street.jpg,false,,product,3.5159318940714e-05
real_product_product_119_0QP-0DUaCo4.jpg,false,,product,4.638571624582255e-07
real_product_product_159_AWWUNRA1KFw.jpg,false,,product,0.0006268241559155285
real_product_product_57_a_big_fancy_glass_chandelier_hanging_in_a_small_kitchen.jpg,false,,product,9.217159231411642e-07
real_product_product_124_yb3hsmz4utg.jpg,false,,product,9.569426765665412e-06
real_product_product_78_a_woman_with_suitcases_waiting_for_a_train.jpg,false,,product,9.065733763691242e-08
real_product_product_155_fSoJ_Kj59zs.jpg,false,,product,1.4630494433731656e-06
real_product_product_156_qiMmrWdYZfg.jpg,false,,product,2.00507838599151e-06
real_product_product_121_mFFATULxMBU.jpg,false,,product,6.073566964914789e-07
real_product_product_134_n1bbNrNSJH8.jpg,false,,product,2.5940997147699818e-05
real_product_product_074_y26NHYSTZRk.jpg,false,,product,4.4379186192600173e-07
real_product_product_135_YZIdz19jhqs.jpg,false,,product,2.700391519283585e-07
real_product_product_58_a_beautiful_woman_taking_a_picture_with_her_smart_phone.jpg,false,,product,1.3252663677576493e-07
real_product_product_51_a_group_of_people_walking_across_a_busy_city_street.jpg,false,,product,5.805689511362289e-07
real_product_product_098_pkfwwofpNUw.jpg,false,,product,0.6343874335289001
real_product_product_081_e6z6DVc_JqQ.jpg,false,,product,1.3236348422651645e-05
real_product_product_76_a_man_in_a_gray_shirt_holds_his_phone_as_he_sits_by_a_man_in.jpg,false,,product,5.994655793983839e-08
real_product_product_037_sxh5dE2bD50.jpg,false,,product,3.0722992960363626e-05
real_product_product_091_kcy3tHgHpcs.jpg,false,,product,0.0008715366711840034
real_product_product_048__CSr-_ZICSY.jpg,false,,product,9.321661309513729e-06
real_product_product_167_xWeSCy5BdfI.jpg,false,,product,5.1180428272346035e-05
real_product_product_107_xVptEZzgVfo.jpg,false,,product,0.0010743180755525827
real_product_product_151_ICAxsNRt_WM.jpg,false,,product,2.3713803329883376e-06
real_product_product_038_3Cgmcux-cpY.jpg,false,,product,1.8396794985164888e-06
real_product_product_56_two_computer_monitors_are_turned_on_on_a_computer_desk.jpg,false,,product,1.108156126861104e-07
real_product_product_054_eAaoUuAMb7M.jpg,false,,product,2.609443436085712e-05
real_product_product_163_r1BS0pzlr1M.jpg,false,,product,6.890632903377991e-06
real_product_product_108_5GKdpmo0wI8.jpg,false,,product,4.92477192892693e-06
real_product_product_112_aokIiOCtnXk.jpg,false,,product,8.216466994781513e-06
real_product_product_62_a_few_different_computers_are_placed_on_the_desk.jpg,false,,product,2.802173924010276e-07
real_product_product_102_kjfdacDML9M.jpg,false,,product,5.041487725065963e-07
real_product_product_150_kFDyajOyqTA.jpg,false,,product,5.061715910414932e-06
real_product_product_59_a_refrigerator_next_to_a_red_wall_in_the_kitchen.jpg,false,,product,1.8462920081674383e-07
real_product_product_059_Lcqz6UUKXRU.jpg,false,,product,1.2949427400599234e-05
real_product_product_089_IYvYz0j7zpA.jpg,false,,product,2.6405719836475328e-05
real_product_product_092_7QyUPe30vqU.jpg,false,,product,8.888246725291538e-07
real_product_product_116_xUpbmUINv9o.jpg,false,,product,3.574774382286705e-06
real_product_product_142_oNte8riFdX0.jpg,false,,product,1.9334862372488715e-05
real_product_product_146_wW1raPiIJIU.jpg,false,,product,1.406533283443423e-05
real_product_product_79_a_group_of_commuters_standing_around_a_train_station.jpg,false,,product,3.1814702197152656e-06
real_product_product_126_MHBJeSSQfx8.jpg,false,,product,2.688389031391125e-07
real_product_product_065_Yu-xv5OzGgo.jpg,false,,product,4.3916779191022215e-07
real_product_product_113_pOCcShZwNcs.jpg,false,,product,5.241801045485772e-05
real_product_product_075_MUv_7l-GRKU.jpg,false,,product,6.454998583649285e-06
real_product_product_55_there_is_a_lap_top_computer_on_the_desk.jpg,false,,product,4.982329571134869e-08
real_product_product_157_fVIiTknYim8.jpg,false,,product,7.5323368946556e-05
real_product_product_65_people_laying_in_chairs_walking_and_playing_in_the_water_on.jpg,false,,product,7.948872848828614e-08
real_product_product_154_nwhqGZ5DcOY.jpg,false,,product,2.6591749247018015e-06
real_product_product_080_QESicPqs_XE.jpg,false,,product,2.2257504497247282e-06
real_product_product_063_cD_obz7W774.jpg,false,,product,0.000546604860574007
real_product_product_53_a_woman_walking_next_to_a_man_riding_a_pink_bike.jpg,false,,product,7.075133453326998e-06
real_product_product_131_F-e4-hd1-oA.jpg,false,,product,3.126097362837754e-05
real_product_product_040_uWrLpDAT81g.jpg,false,,product,4.495515895541757e-06
real_product_product_114_vGhpfizChpY.jpg,false,,product,3.417573225306114e-06
real_food_food_084_-BSvBlnCvUU.jpg,false,,food,1.5733246527815936e-06
real_food_food_58_man_cutting_a_cake_on_the_table_in_the_kitchen.jpg,false,,food,2.79445600881445e-07
real_food_food_035_91czTE5wmCg.jpg,false,,food,0.0001014124063658528
real_food_food_039_pGCwAAk04BU.jpg,false,,food,4.889842966804281e-05
real_food_food_157_-dm8WfhnQU4.jpg,false,,food,3.978302265750244e-05
real_food_food_141_MUdGuohE-Mk.jpg,false,,food,0.0023903739638626575
real_food_food_159_K3q1KVUeGQY.jpg,false,,food,6.77760035614483e-05
real_food_food_117_dv5SSMfXbs4.jpg,false,,food,6.7474211391527206e-06
real_food_food_131_l8Y9fVgxrEE.jpg,false,,food,8.746660569158848e-07
real_food_food_170_rDLBArZUl1c.jpg,false,,food,6.01464137162111e-07
real_food_food_123_49EKj06dQCc.jpg,false,,food,1.564173089718679e-06
real_food_food_155_h5yMpgOI5nI.jpg,false,,food,1.996710489038378e-05
real_food_food_165_9PDBbyJc2eE.jpg,false,,food,2.6553786938166013e-06
real_food_food_063_bgHJL294VVY.jpg,false,,food,1.1329751714583836e-06
real_food_food_118_xXIRSZmzvU8.jpg,false,,food,1.967302296179696e-06
real_food_food_037_dQIcaRtNZtQ.jpg,false,,food,6.10632705502212e-05
real_food_food_110_o8PCoxDO8PQ.jpg,false,,food,3.976697826146847e-06
real_food_food_59_a_white_plate_with_some_food_and_two_trays_of_sauce.jpg,false,,food,2.779865781121771e-06
real_food_food_81_a_table_topped_with_plates_bowls_and_containers_of_food.jpg,false,,food,1.8499258658266626e-06
real_food_food_056_qw6_11-Ob48.jpg,false,,food,1.639305082790088e-05
real_food_food_169_T5Pm7ZId3sc.jpg,false,,food,0.006373558659106493
real_food_food_048_BxY-nv-RBsA.jpg,false,,food,4.738773441204103e-06
real_food_food_036_HkaSi5Fvc0s.jpg,false,,food,1.2750972473440925e-06
real_food_food_077_LOdAL10JejI.jpg,false,,food,3.4054355637636036e-05
real_food_food_069_av5GTf-KxcI.jpg,false,,food,8.111479132821842e-07
real_food_food_152_gDwonOrdh0Q.jpg,false,,food,7.849620828892512e-07
real_food_food_68_a_bunch_of_oranges_are_sitting_in_a_clear_fruit_bowl.jpg,false,,food,5.7194083638023585e-05
real_food_food_167_3Vr4qQvQn34.jpg,false,,food,3.0223822250263765e-05
real_food_food_163_vExD0Y0Aei0.jpg,false,,food,2.1135576844244497e-06
real_food_food_151_FyDHcvRi3QI.jpg,false,,food,2.0385327843541745e-06
real_food_food_135_jdcifvdsJZg.jpg,false,,food,2.540046580179478e-06
real_food_food_57_the_meal_of_fish_has_a_side_of_broccoli.jpg,false,,food,7.519985842918686e-07
real_food_food_164_1Uqr_jqi3c4.jpg,false,,food,6.252042794585577e-07
real_food_food_072_t1_BuMsRRsI.jpg,false,,food,1.568692056252985e-07
real_food_food_096_JVd2FchPjCg.jpg,false,,food,1.2030761809000978e-06
real_food_food_114_ozVQrfENFOs.jpg,false,,food,1.1650516171357594e-05
real_food_food_78_three_round_plates_filled_with_artistically_presented_food.jpg,false,,food,6.418093079219034e-08
real_food_food_051_GCEK8Jo_vGM.jpg,false,,food,3.944043328374391e-06
real_food_food_130_QYU_U2wXxig.jpg,false,,food,1.676757733548584e-06
real_food_food_089_sp2lfKOUzAM.jpg,false,,food,0.00011488547897897661
real_food_food_52_a_kitchen_that_has_a_table_and_a_chair.jpg,false,,food,9.494789310338092e-07
real_food_food_149_G8qVZEiyCJU.jpg,false,,food,1.5579903447360266e-06
real_food_food_078_tz0moLxAMCc.jpg,false,,food,2.329930737232644e-07
real_food_food_080_zyLgpFi4Tvg.jpg,false,,food,1.6216007452385384e-06
real_food_food_068_aFa_Fu12bj8.jpg,false,,food,4.246933895046823e-05
real_food_food_050_M5kI-5OFviE.jpg,false,,food,4.757542626521172e-07
real_food_food_034_dY7ONzZzoU8.jpg,false,,food,7.115490774367572e-08
real_food_food_143_1fxcQYy5OXc.jpg,false,,food,3.3625474316067994e-07
real_food_food_148_6dC5tYPiD2s.jpg,false,,food,2.4888942107281764e-07
real_food_food_64_a_kitchen_with_a_bright_window_and_house_plants.jpg,false,,food,1.1102929420303553e-07
real_food_food_046_YQPTf86GvpM.jpg,false,,food,6.1401151469908655e-06
real_food_food_052_n5Wvn6wU1Xw.jpg,false,,food,2.1246637516014744e-07
real_food_food_80_a_lot_of_food_that_are_in_some_baskets.jpg,false,,food,3.189926474078675e-07
real_food_food_124_hhZDn50B17c.jpg,false,,food,4.108325811102986e-05
real_food_food_139_8v38azmFYr8.jpg,false,,food,7.661202835151926e-05
real_food_food_094_9oUL0x_puck.jpg,false,,food,2.35100586110093e-07
real_food_food_075_SidputyP-eE.jpg,false,,food,5.574574061029125e-06
real_food_food_053_rf0XgpH-2ao.jpg,false,,food,1.9547906049410813e-06
real_food_food_67_a_person_adjusting_a_metal_object_hanging_from_a_ceiling.jpg,false,,food,8.127664585799721e-08
real_food_food_53_a_group_of_people_sitting_around_a_table_filled_with_food.jpg,false,,food,1.5617330006989505e-07
real_food_food_104_0byawXfQl5c.jpg,false,,food,1.89668742223148e-06
real_food_food_125_NNddPCQDhyw.jpg,false,,food,5.4180163715500385e-06
real_food_food_128_GVxJRsudSIU.jpg,false,,food,2.0921037503285334e-05
real_food_food_079_POg3Z47YPkM.jpg,false,,food,4.279143831809051e-05
real_food_food_72_a_newly_married_couple_sharing_a_piece_of_there_wedding_cake.jpg,false,,food,1.578610380192913e-07
real_food_food_055_dSZQC7vVf5M.jpg,false,,food,3.261706297053024e-06
real_food_food_54_two_birds_preparing_to_eat_food_off_of_a_plate_that_was_left.jpg,false,,food,1.2260326911928132e-05
real_food_food_138_E1ZwXiBD7LA.jpg,false,,food,1.0583650009721168e-06
real_food_food_147_cRPz6-ryzSg.jpg,false,,food,1.8873825524678978e-07
real_food_food_054_mV4oTSZR4eA.jpg,false,,food,8.116654498735443e-06
real_food_food_62_a_man_that_is_sitting_down_on_a_bench_in_front_of_a_table.jpg,false,,food,1.5350606474839879e-07
real_food_food_61_food_on_a_train_with_a_pie_and_some_vegetable.jpg,false,,food,2.9525924105655577e-07
real_food_food_50_bride_and_grooms_arms_cutting_the_wedding_cake_with_fruit_on.jpg,false,,food,1.0653720750042339e-07
real_food_food_56_a_breakfast_plate_with_toast_vegetables_eggs_and_meat.jpg,false,,food,3.622866699970473e-07
real_food_food_038_eD3gkNVlm94.jpg,false,,food,3.345409140820266e-07
real_food_food_132_ONeUTPIkoEs.jpg,false,,food,5.203972932577017e-07
real_food_food_093_7DpEKohpOhQ.jpg,false,,food,6.755894446541788e-06
real_food_food_137_AELjKcCaNSk.jpg,false,,food,1.3860659464626224e-07
real_food_food_070_4l5BlL6OX7A.jpg,false,,food,0.0876384899020195
real_food_food_090_YwH212PJk0Q.jpg,false,,food,3.708349368025665e-06
real_food_food_121_xd0g61tGBgc.jpg,false,,food,7.530995276283647e-07
real_food_food_133_PMOAfRP_kLI.jpg,false,,food,1.5149271348491311e-06
real_food_food_150_tIvWsbppj5k.jpg,false,,food,1.7347499579045689e-06
real_food_food_059_ELISIYFi-ws.jpg,false,,food,2.2551600409315142e-07
real_food_food_140_PBXZSIQ0XTg.jpg,false,,food,4.4743515559275693e-07
real_food_food_75_a_group_of_people_that_are_standing_in_front_of_a_island.jpg,false,,food,6.887092240503989e-06
real_food_food_062_JZ5WREw9664.jpg,false,,food,1.706418152025435e-05
real_food_food_098__WuZ9cOPc6M.jpg,false,,food,1.4306128548469133e-07
real_food_food_044_s-4i34Z07To.jpg,false,,food,1.6535839222342474e-06
real_food_food_064_cuaxqIA_pk0.jpg,false,,food,3.5139956366947445e-07
real_food_food_074_v9MpHbQimqY.jpg,false,,food,8.035866630962119e-05
real_food_food_156_XU1-sAMZFqc.jpg,false,,food,5.5589712246728595e-06
real_food_food_120_raakZHcgWWw.jpg,false,,food,0.0008479110547341406
real_food_food_060_dUeD4im5YSQ.jpg,false,,food,6.986846074141795e-06
real_food_food_145_aw47u5DHXEg.jpg,false,,food,9.510753443464637e-06
real_food_food_058_ue4AfKGEQoA.jpg,false,,food,1.2757807326124748e-06
real_food_food_127_OKT6Ce9fwqI.jpg,false,,food,3.819134235527599e-06
real_food_food_067_3OSiYv09hhs.jpg,false,,food,9.278912784793647e-07
real_food_food_168_sFPxZsn8cwU.jpg,false,,food,6.630854727518454e-07
real_food_food_091_nrfSpR3_4yE.jpg,false,,food,2.672835535122431e-07
real_food_food_144_YvEGiuPZ0Sg.jpg,false,,food,0.004269105847924948
real_food_food_107_f87RdAQSoJk.jpg,false,,food,4.687528871727409e-07
real_food_food_126_AgWVcQz1bOA.jpg,false,,food,9.954051165550482e-07
real_food_food_158_j1KUsXahuXk.jpg,false,,food,1.4835927686362993e-06
real_food_food_049_BPsqF6C_Ou8.jpg,false,,food,2.0755775040015578e-05
real_food_food_042_pyFWN-TrXvk.jpg,false,,food,4.302250090404414e-06
real_food_food_111_GlWOWrJXk5s.jpg,false,,food,9.71950066741556e-06
real_food_food_71_belgium_waffle_loaded_with_bananas_topped_with_powdered_suga.jpg,false,,food,7.662916914341622e-07
real_food_food_092_69P8Y4ErG0Y.jpg,false,,food,0.0008165625622496009
real_food_food_73_a_plate_with_bacon_eggs_and_hamburger_topped_with_bananas.jpg,false,,food,9.217069987244031e-07
real_food_food_076_IrM6Fvhmc9k.jpg,false,,food,9.723836456032586e-07
real_food_food_136_ZHW1qo-VRXM.jpg,false,,food,1.1291233477095375e-06
real_food_food_083_HgoEnDWOGrA.jpg,false,,food,0.01015426591038704
real_food_food_109_HbQj2RAanTs.jpg,false,,food,1.4515807379211765e-05
real_food_food_043_siHk8IfK_Ec.jpg,false,,food,0.00017604278400540352
real_food_food_113_n2sQQ6XjqfE.jpg,false,,food,0.0013854211429134011
real_food_food_82_a_kitchen_with_a_center_white_island_topped_with_a_bowl_of_g.jpg,false,,food,1.0904410885359539e-07
real_food_food_51_a_bowl_of_some_broccoli_that_is_chopped.jpg,false,,food,2.755101888851641e-07
real_food_food_154_VpjPHuFAI-4.jpg,false,,food,7.358523362199776e-06
real_food_food_162_f4GdYFpUyH8.jpg,false,,food,6.754424930477398e-07
real_food_food_045_iRVq6avVGDE.jpg,false,,food,3.702209869516082e-05
real_food_food_129_3P0BmvFk5rg.jpg,false,,food,1.2919063863137126e-07
real_food_food_74_a_sandwich_with_nachos_and_a_salad_on_a_plate.jpg,false,,food,4.171620560100564e-07
real_food_food_071_9cH-uVU__0c.jpg,false,,food,2.8509336402748886e-07
real_food_food_79_a_tray_of_various_foods_next_to_drinks_on_a_table.jpg,false,,food,6.37770085631928e-08
real_food_food_115_YjJFJDai9zg.jpg,false,,food,5.1698436436709017e-05
real_food_food_100_OSwea3yxjT0.jpg,false,,food,3.3415221878385637e-07
real_food_food_088_QPKJZvqMaDs.jpg,false,,food,1.6829135347506963e-05
real_food_food_040_a7nzCe8FlT4.jpg,false,,food,3.113296145329514e-07
real_food_food_108_ixC7gmLcKaQ.jpg,false,,food,0.0003392592479940504
real_food_food_63_a_man_preparing_food_in_a_restaurant_kitchen.jpg,false,,food,1.3463726133977616e-07
real_food_food_066_s0oNVwpU9NE.jpg,false,,food,1.2237244845891837e-05
real_food_food_134_T-tgZmKFRZU.jpg,false,,food,1.2509748330558068e-06
real_food_food_161_AX8z0xXzrUo.jpg,false,,food,2.3918466467875987e-05
real_food_food_69_a_scene_of_an_apartment_with_a_dining_table_and_a_couple_of.jpg,false,,food,4.243537432557787e-07
real_food_food_073_kswmO8BRzQQ.jpg,false,,food,6.632956228713738e-06
real_food_food_66_a_plate_of_bananas_and_sliced_oranges_covered_in_butterflies.jpg,false,,food,2.232862016171566e-06
real_food_food_102_DuObvMLmc8M.jpg,false,,food,9.530841680316371e-07
real_food_food_097_jT86IpheR2w.jpg,false,,food,4.708138294517994e-05
real_food_food_103_Fff5ve-rGVA.jpg,false,,food,0.0005790148279629648
real_food_food_081_lgvvFFplBHw.jpg,false,,food,1.2351384839348611e-06
real_food_food_041_qDdv33C-BSw.jpg,false,,food,1.1439316949690692e-05
real_food_food_085_WT_nZUfAmBc.jpg,false,,food,3.760950221476378e-06
real_food_food_047_qpZlQ8IIghI.jpg,false,,food,0.010220032185316086
real_food_food_160_uRqMI5Nw4Yc.jpg,false,,food,0.00045982483425177634
real_food_food_065_Q5QspluNZmM.jpg,false,,food,7.039891443127999e-06
real_food_food_119_47urRDhCphA.jpg,false,,food,4.0641866689838935e-06
real_food_food_095_WY_EKY3taJE.jpg,false,,food,5.764927664131392e-07
real_food_food_087_oYllk_NdgA0.jpg,false,,food,6.597564151888946e-06
real_food_food_061_DCZGNIZjz_Q.jpg,false,,food,0.014634093269705772
real_food_food_65_a_small_bowl_of_fruit_on_a_table.jpg,false,,food,2.71308931587555e-06
real_food_food_76_three_bowls_filled_with_vegetables_on_top_of_a_table.jpg,false,,food,2.0687527069185307e-07
real_food_food_146_fv7ttjeTgyM.jpg,false,,food,2.9483757316484116e-05
real_food_food_70_a_sandwich_sitting_on_top_of_a_pile_of_fries.jpg,false,,food,1.984622599593422e-07
real_food_food_099_gyaPIZZjV_A.jpg,false,,food,8.919002425500366e-07
real_food_food_057_v8-cAH5cmTU.jpg,false,,food,2.989088443428045e-06
real_food_food_77_a_bowl_that_has_soup_and_a_spoon_in_it.jpg,false,,food,0.003596521681174636
real_food_food_166_lZ98dwbkTws.jpg,false,,food,1.8045409433398163e-06
real_food_food_082_w-LpijUp8yw.jpg,false,,food,9.392570632371644e-07
real_food_food_101_OZhdQm_OjX4.jpg,false,,food,4.806178139915573e-07
real_food_food_153_Rh8vxWHc5DA.jpg,false,,food,6.66427004034631e-05
real_food_food_112_T8I3UuK-QXY.jpg,false,,food,1.2244973959241179e-06
real_food_food_106_0b4sfNTqBLU.jpg,false,,food,1.1602671293076128e-05
real_food_food_105_jCTo3MAtzjA.jpg,false,,food,1.159494445346354e-06
real_food_food_122_4Y_bVu4j0cA.jpg,false,,food,6.182774995977525e-06
real_food_food_142_YY5uHzZV6Wo.jpg,false,,food,4.727552095573628e-06
real_food_food_086_lz8rih2cNJQ.jpg,false,,food,3.378988139957073e-06
real_food_food_55_a_beautiful_dessert_waiting_to_be_shared_by_two_people.jpg,false,,food,1.0913837655834868e-07
real_food_food_116_dpQqhZRyF7w.jpg,false,,food,1.7199192825501086e-06
real_food_food_60_two_computers_sitting_on_top_of_a_desk.jpg,false,,food,9.833880767473602e-07
real_animal_animal_141_L79Jcm80Y3U.jpg,false,,animal,1.4274419299908914e-05
real_animal_animal_050_CBK17BPteJE.jpg,false,,animal,2.9983900731167523e-06
real_animal_animal_044_7pMTQP_kIhg.jpg,false,,animal,4.590616242694523e-07
real_animal_animal_132_J4DL0onKVng.jpg,false,,animal,1.8919085050583817e-05
real_animal_animal_50_a_calico_cat_drinking_from_a_sink_faucet.jpg,false,,animal,2.728056927026046e-07
real_animal_animal_142_ScLYGfuCqQg.jpg,false,,animal,8.253645319200587e-06
real_animal_animal_061_KKK-mavLRIY.jpg,false,,animal,6.456701521528885e-05
real_animal_animal_131_NoNqa205O40.jpg,false,,animal,6.459334144892637e-06
real_animal_animal_163_ujOHucbnC94.jpg,false,,animal,3.751067561097443e-05
real_animal_animal_058_UsDyOmKQjzo.jpg,false,,animal,0.0001430941338185221
real_animal_animal_118_O-dnv951XTY.jpg,false,,animal,8.333738037435978e-07
real_animal_animal_124_idMSI66-1NQ.jpg,false,,animal,4.7308574835369654e-07
real_animal_animal_69_a_couple_of_people_that_are_biking_down_a_road.jpg,false,,animal,3.6299015846452676e-06
real_animal_animal_089_4KV3SKyHNjE.jpg,false,,animal,5.3004441724624485e-06
real_animal_animal_61_a_dog_laying_down_licking_food_off_of_a_plate.jpg,false,,animal,8.046382617976633e-07
real_animal_animal_140_bj7ALDr6E-o.jpg,false,,animal,2.664401563379215e-06
real_animal_animal_097_sCgBFOArERk.jpg,false,,animal,2.5734311748237815e-06
real_animal_animal_054_Qv8NgYRjSn4.jpg,false,,animal,0.0036716158501803875
real_animal_animal_082_hvkcofV0bvw.jpg,false,,animal,2.645879021656583e-06
real_animal_animal_107_4rezxlfTrGA.jpg,false,,animal,9.8854354746436e-07
real_animal_animal_126_IOvOeZRGanM.jpg,false,,animal,2.2112385522632394e-06
real_animal_animal_127_4sMVrh8-S1g.jpg,false,,animal,0.0010645452421158552
real_animal_animal_078_YzfCevgzsPI.jpg,false,,animal,6.231363158804015e-07
real_animal_animal_062_J7X_npgVujU.jpg,false,,animal,1.4004281183588319e-06
real_animal_animal_53_bird_sits_atop_cattle_on_snow_covered_field.jpg,false,,animal,1.1056960147470818e-06
real_animal_animal_096_nvDnfWuSyD8.jpg,false,,animal,1.0277882211084943e-05
real_animal_animal_048_YvYBOSiBJE8.jpg,false,,animal,4.299102442928415e-07
real_animal_animal_038_CiacXjCwb3g.jpg,false,,animal,2.0945615233358694e-06
real_animal_animal_103__GQCzeh1oWk.jpg,false,,animal,1.6557740991629544e-06
real_animal_animal_115_qvkA4FMTNKo.jpg,false,,animal,9.464088748245558e-07
real_animal_animal_150_eNi9DGpVYWk.jpg,false,,animal,1.8140863176085986e-06
real_animal_animal_037_j3JAI9KXJ-c.jpg,false,,animal,2.532183316361625e-07
real_animal_animal_071_zjKxb4xhBXc.jpg,false,,animal,0.8751326203346252
real_animal_animal_064_uLMM6TyPfGw.jpg,false,,animal,0.0002463622367940843
real_animal_animal_152_JkVNRBpFSK8.jpg,false,,animal,4.857765816268511e-07
real_animal_animal_145_Qtg_270Aa_I.jpg,false,,animal,3.558298203643062e-06
real_animal_animal_060_lZts59erQVw.jpg,false,,animal,0.00011108535545645282
real_animal_animal_114_J0-ZaraetTE.jpg,false,,animal,1.6196752767427824e-05
real_animal_animal_79_a_herd_of_cattle_and_zebra_standing_next_to_each_other_on_a.jpg,false,,animal,3.934610219857859e-07
real_animal_animal_047_uHHA_YklxMc.jpg,false,,animal,1.4523965319312993e-06
real_animal_animal_036_xlTolOtNLZM.jpg,false,,animal,5.529404461412923e-06
real_animal_animal_169_rxFkfMJL9tw.jpg,false,,animal,2.126808431057725e-05
real_animal_animal_074_TfakEsc83HU.jpg,false,,animal,1.575032547407318e-05
real_animal_animal_138_t5rBtxLiHj8.jpg,false,,animal,2.575410007921164e-06
real_animal_animal_049_nwaiAiHAVEY.jpg,false,,animal,2.174802602894488e-06
real_animal_animal_043_Dv45FbzLiik.jpg,false,,animal,8.990284186438657e-06
real_animal_animal_091_yRdK7ijQPNw.jpg,false,,animal,6.587366442545317e-06
real_animal_animal_053_CACQDEJknBs.jpg,false,,animal,3.7531356156250695e-06
real_animal_animal_170_P6s8EbcSgmA.jpg,false,,animal,8.465832070214674e-05
real_animal_animal_166_jh6YaoB0TBw.jpg,false,,animal,9.479748769081198e-06
real_animal_animal_144_ihivSSUOpno.jpg,false,,animal,3.0909603083273396e-05
real_animal_animal_158_fkxUyu6F2L8.jpg,false,,animal,4.4230009734747e-06
real_animal_animal_046_88Kt5KHUe_8.jpg,false,,animal,1.3758238310401794e-05
real_animal_animal_73_a_small_motor_bike_outside_of_the_garage.jpg,false,,animal,1.0809507955400477e-07
real_animal_animal_108_JNHrBVfdT_A.jpg,false,,animal,6.7298383328306954e-06
real_animal_animal_151_8LPgWfHgcMg.jpg,false,,animal,2.091543365168036e-06
real_animal_animal_075_PA3F7YWHUPM.jpg,false,,animal,2.614926643218496e-06
real_animal_animal_041_-96qBKyFefQ.jpg,false,,animal,1.910104401758872e-05
real_animal_animal_095_iuoIlOvTa6g.jpg,false,,animal,6.752216449967818e-06
real_animal_animal_139_i80SbIDgFf8.jpg,false,,animal,1.714001655273023e-06
real_animal_animal_092_mg-k04n58xY.jpg,false,,animal,2.3482612050429452e-06
real_animal_animal_068_ZBR7NAYRR4M.jpg,false,,animal,2.5245858523703646e-06
real_animal_animal_083_2QHHOAPI--I.jpg,false,,animal,4.781392271979712e-05
real_animal_animal_143_7xYdOPDfNcE.jpg,false,,animal,2.7082598535344005e-05
real_animal_animal_094_bmwUCv0wMIU.jpg,false,,animal,0.0017642530146986246
real_animal_animal_70_a_street_scene_with_a_person_on_a_motorcycle.jpg,false,,animal,2.9287156166901696e-07
real_animal_animal_56_a_flock_of_goats_and_some_men_watching_them.jpg,false,,animal,3.221241513529094e-06
real_animal_animal_123_o-c4UrB0WBA.jpg,false,,animal,1.089988359126437e-06
real_animal_animal_066_rh7KA6jVJFM.jpg,false,,animal,6.059993211238179e-06
real_animal_animal_134_GVe30cQ8CWU.jpg,false,,animal,1.0279480875396985e-06
real_animal_animal_160_A_unG6e0Cug.jpg,false,,animal,3.900339834217448e-06
real_animal_animal_070_iY8qBtToC0o.jpg,false,,animal,8.794411314738682e-07
real_animal_animal_111_22_r4pgeL28.jpg,false,,animal,1.144031102739973e-05
real_animal_animal_113_knB89oNur0A.jpg,false,,animal,0.002843220718204975
real_animal_animal_78_a_giraffe_standing_in_a_field_next_to_a_fence.jpg,false,,animal,3.1270215004042257e-06
real_animal_animal_063_oajraKUY0uQ.jpg,false,,animal,2.7808787308458705e-06
real_animal_animal_155_85YNg0KtSPw.jpg,false,,animal,1.6490814687131206e-06
real_animal_animal_056_Nzzk-pOcqvA.jpg,false,,animal,4.348722995928256e-06
real_animal_animal_161_f3Os5oCc874.jpg,false,,animal,1.1005738087987993e-05
real_animal_animal_067_KmmVj3LY4lA.jpg,false,,animal,9.781333574210294e-07
real_animal_animal_60_a_grouping_of_zebras_in_a_pen_next_to_a_giraffe.jpg,false,,animal,1.095577431442507e-06
real_animal_animal_133_nzPivGosPIQ.jpg,false,,animal,3.0227915885916445e-06
real_animal_animal_122_t81H__wdxlc.jpg,false,,animal,7.813860065652989e-07
real_animal_animal_098_RMj_T-DMgDA.jpg,false,,animal,1.4208006177796051e-05
real_animal_animal_077_vVh9BUJIizQ.jpg,false,,animal,0.00012703188986051828
real_animal_animal_087__qLFof8-Loo.jpg,false,,animal,2.0881661555449682e-07
real_animal_animal_088_1tXeMpkssik.jpg,false,,animal,6.020127329975367e-07
real_animal_animal_164_wAP_IBPhn-4.jpg,false,,animal,5.949372621216753e-07
real_animal_animal_76_a_dog_is_tied_to_a_fire_hydrant.jpg,false,,animal,7.988319339347072e-06
real_animal_animal_080_49TMUrNQDQ0.jpg,false,,animal,0.0004033634904772043
real_animal_animal_75_a_family_of_giraffes_by_a_few_zebras_and_a_gazelle.jpg,false,,animal,8.67496055434458e-07
real_animal_animal_085_U9frYiUp1Qg.jpg,false,,animal,3.862620360450819e-06
real_animal_animal_100_PJTfOzSo8fQ.jpg,false,,animal,1.061242414834851e-06
real_animal_animal_51_a_bunch_of_sheep_in_the_snow_behind_a_barbed_wire_fence.jpg,false,,animal,8.926022019295488e-07
real_animal_animal_072_eX45lve1DIo.jpg,false,,animal,8.353583211828663e-07
real_animal_animal_105_DORi0W_afqk.jpg,false,,animal,2.757614652182383e-07
real_animal_animal_148_Xr4TYgSEXqQ.jpg,false,,animal,2.0602763470378704e-05
real_animal_animal_65_a_cats_sits_on_the_table_with_a_dog_outside.jpg,false,,animal,4.012665044683672e-07
real_animal_animal_102_Cl8iDlk008c.jpg,false,,animal,3.059786592984892e-07
real_animal_animal_147_nlF8qaFWI0w.jpg,false,,animal,8.024695489439182e-06
real_animal_animal_63_rear_view_mirror_reflection_showing_a_dog_in_the_back_seat.jpg,false,,animal,1.3832958529746975e-06
real_animal_animal_045_eo93HAoalwQ.jpg,false,,animal,0.009130964055657387
real_animal_animal_77_a_herd_of_sheep_standing_next_to_each_other_on_dirt_ground.jpg,false,,animal,5.858001941305702e-07
real_animal_animal_081_TNMOJYUteDU.jpg,false,,animal,3.3031515158654656e-06
real_animal_animal_64_a_dog_following_a_man_on_his_horse_in_a_field.jpg,false,,animal,0.0002483332937117666
real_animal_animal_120_EdlNaRhg9ik.jpg,false,,animal,2.934703616119805e-06
real_animal_animal_052_tmrQPLJpBrk.jpg,false,,animal,2.7881176265509566e-06
real_animal_animal_129_IwiaImVNcQU.jpg,false,,animal,1.435826015949715e-05
real_animal_animal_042_1qT-zMTRFp0.jpg,false,,animal,0.0006888525676913559
real_animal_animal_74_a_cat_standing_on_the_edge_of_a_sink_drink_water.jpg,false,,animal,6.063213504603482e-07
real_animal_animal_125_snhqHThkCRE.jpg,false,,animal,4.285604063625215e-06
real_animal_animal_153_FBOP5an6h74.jpg,false,,animal,1.6982806982923648e-06
real_animal_animal_66_a_bunch_of_sheep_make_their_way_through_the_crowded_city_str.jpg,false,,animal,1.0950744666615719e-07
real_animal_animal_168_g9M46POadWU.jpg,false,,animal,7.758882929920219e-06
real_animal_animal_101_iQC6u4ejuGE.jpg,false,,animal,7.107865258149104e-06
real_animal_animal_57_a_cat_walking_through_a_kitchen_by_a_eating_tray.jpg,false,,animal,7.1365313658589e-08
real_animal_animal_149_E12vXZq9AZA.jpg,false,,animal,4.83199755763053e-06
real_animal_animal_156_yiwB58St4bE.jpg,false,,animal,4.683413408201886e-06
real_animal_animal_093_mYxtYpSJvbw.jpg,false,,animal,1.3291080449562287e-06
real_animal_animal_165_PChlguQgbCw.jpg,false,,animal,1.048689568960981e-06
real_animal_animal_62_a_cat_eating_a_bird_it_has_caught.jpg,false,,animal,1.0243097676720936e-06
real_animal_animal_084_QRzQlECEbsk.jpg,false,,animal,9.089388186112046e-05
real_animal_animal_109_P6InS7LxUS4.jpg,false,,animal,2.428989319014363e-06
real_animal_animal_121_ZOGamuDrPJw.jpg,false,,animal,2.5913874196703546e-05
real_animal_animal_81_three_sheep_are_grazing_in_the_field_next_to_the_water.jpg,false,,animal,2.3442264307504956e-07
real_animal_animal_157_VSVcEzWsqyc.jpg,false,,animal,0.0003257158095948398
real_animal_animal_80_many_woolly_sheep_standing_together_in_the_field.jpg,false,,animal,3.0101598440523958e-06
real_animal_animal_090_fRJGUAQ6uNg.jpg,false,,animal,9.886907719192095e-07
real_animal_animal_110_HPHtMOJvHDM.jpg,false,,animal,0.0001101727393688634
real_animal_animal_055_feos9QXjxJY.jpg,false,,animal,2.2596022972720675e-06
real_animal_animal_069_q0J6zQPO-zw.jpg,false,,animal,0.0004060250357724726
real_animal_animal_58_two_men_herding_a_pack_of_elephants_across_a_field.jpg,false,,animal,1.3063776123090065e-06
real_animal_animal_104_1Ytzecs_XU4.jpg,false,,animal,1.4994201592344325e-05
real_animal_animal_55_a_horse_in_a_pasture_of_tall_grass_observing_an_energetic_do.jpg,false,,animal,1.5661179020298732e-07
real_animal_animal_079_m_wgaQ-sQPQ.jpg,false,,animal,1.056321616488276e-05
real_animal_animal_112_cPyHO3eDlsE.jpg,false,,animal,4.669021791414707e-07
real_animal_animal_034_-Ylz_tc8NOk.jpg,false,,animal,1.221286652253184e-06
real_animal_animal_051_PpwK032gSao.jpg,false,,animal,2.645946187840309e-05
real_animal_animal_099_m5Zy3Ulb3g0.jpg,false,,animal,5.309600965119898e-06
real_animal_animal_059_2_3g53wNQk8.jpg,false,,animal,1.5063666296555311e-06
real_animal_animal_039_i_Z1o10BPPk.jpg,false,,animal,6.345097744997474e-07
real_animal_animal_136_fXqOgYJgNBk.jpg,false,,animal,6.990449037402868e-05
real_animal_animal_59_a_dog_standing_on_the_back_of_a_brown_car.jpg,false,,animal,3.4654868841244024e-07
real_animal_animal_119_70s5ZKzNkac.jpg,false,,animal,3.4578738450363744e-07
real_animal_animal_52_a_cat_sitting_on_the_floor_watching_television.jpg,false,,animal,7.782767141861768e-08
real_animal_animal_82_a_couple_of_cows_and_some_birds_flying_in_the_sky.jpg,false,,animal,5.088651846563153e-07
real_animal_animal_154_IHHiw3VMZvc.jpg,false,,animal,7.957100933708716e-07
real_animal_animal_035_vQvq16ZQM60.jpg,false,,animal,5.802489795314614e-07
real_animal_animal_54_a_man_riding_a_horse_drawn_carriage_on_a_race_track.jpg,false,,animal,4.173840864041267e-07
real_animal_animal_117_DmnOlnAWRdE.jpg,false,,animal,1.7597320720597054e-06
real_animal_animal_040_7jXA55Tl4xU.jpg,false,,animal,0.00023712648544460535
real_animal_animal_68_a_cat_outside_looking_through_a_window.jpg,false,,animal,2.9561751944129355e-06
real_animal_animal_159_gjDKWxrKrgk.jpg,false,,animal,1.022391916194465e-05
real_animal_animal_076_JHxFiw603QA.jpg,false,,animal,1.5145860743359663e-06
real_animal_animal_162_vLCMWwg5TAs.jpg,false,,animal,0.00014159349666442722
real_animal_animal_128_dtYCvr0r_X4.jpg,false,,animal,5.251294510344451e-07
real_animal_animal_057_n4tWGvk_gWY.jpg,false,,animal,2.3432817215507384e-06
real_animal_animal_146_tvH8ECkyQKI.jpg,false,,animal,0.00011922146950382739
real_animal_animal_67_a_sheepdog_runs_around_a_herd_of_cows_in_a_fencedin_field.jpg,false,,animal,2.3968902951310156e-07
real_animal_animal_72_a_cat_sprawled_out_over_the_top_of_a_laptop_computer_keyboar.jpg,false,,animal,1.0069804545764782e-07
real_animal_animal_167_u3XMyl-4OSY.jpg,false,,animal,2.8263066269573756e-06
real_animal_animal_106_ejAz1xfCyNM.jpg,false,,animal,0.0002767652040347457
real_animal_animal_086_YSoqrTfEWcI.jpg,false,,animal,4.016006869278499e-07
real_animal_animal_116_dSAzIH5UtOI.jpg,false,,animal,5.911794687563088e-06
real_animal_animal_073_MVQPTvPYsJs.jpg,false,,animal,2.6761164917843416e-05
real_animal_animal_065_M8uSC8OPXco.jpg,false,,animal,1.8727520512129558e-07
real_animal_animal_137_lHeXOpxzok8.jpg,false,,animal,2.764102191576967e-06
real_animal_animal_71_a_black_ct_with_green_eyes_sitting_in_the_sun.jpg,false,,animal,3.052712713724759e-07
real_animal_animal_135_Tu_lH5CFFZw.jpg,false,,animal,8.148267625074368e-06
real_animal_animal_130_vPyhiJjBlSM.jpg,false,,animal,3.399805791559629e-05
real_landscape_landscape_80_this_highway_is_empty_this_early_on_the_morning.jpg,false,,landscape,7.268723493325524e-06
real_landscape_landscape_59_a_passenger_bus_that_is_parked_in_a_parking_lot.jpg,false,,landscape,0.006976270582526922
real_landscape_landscape_073_gtabImSzH-g.jpg,false,,landscape,0.0004512800951488316
real_landscape_landscape_160_yaj-SndYOb0.jpg,false,,landscape,2.792607483570464e-05
real_landscape_landscape_140_pNMH4SDf8us.jpg,false,,landscape,1.0813094377226662e-05
real_landscape_landscape_117_KQX4AEXEV1g.jpg,false,,landscape,0.00023357861209660769
real_landscape_landscape_056_TqfJUbdnCxM.jpg,false,,landscape,1.8074274521495681e-06
real_landscape_landscape_05_foggy_forest_hills.jpg,false,,landscape,9.268707117371378e-07
real_landscape_landscape_118_z7IW1w4C870.jpg,false,,landscape,6.895504157000687e-06
real_landscape_landscape_135_Bwkl85sszNM.jpg,false,,landscape,8.505887672072276e-05
real_landscape_landscape_053_E9CrQou9K0Y.jpg,false,,landscape,1.8260993783769663e-06
real_landscape_landscape_064_pnFNoPuilVI.jpg,false,,landscape,7.0459100243169814e-06
real_landscape_landscape_154_VFjGgIGNWlI.jpg,false,,landscape,2.294769547006581e-05
real_landscape_landscape_09_starry_night_mountains.jpg,false,,landscape,0.00010461587953614071
real_landscape_landscape_124__rsGm7nob3w.jpg,false,,landscape,6.689915608149022e-06
real_landscape_landscape_079_n6hzRDQ9CM8.jpg,false,,landscape,6.632241365878144e-06
real_landscape_landscape_095_YzJlElq6Pc0.jpg,false,,landscape,1.1818200391644496e-06
real_landscape_landscape_098_F4dGVi1g8rQ.jpg,false,,landscape,8.648156040180766e-07
real_landscape_landscape_062_oGrOhXJaHME.jpg,false,,landscape,7.933890628919471e-06
real_landscape_landscape_68_a_wooden_bench_and_a_fire_hydrant_on_a_field.jpg,false,,landscape,2.044397575673429e-07
real_landscape_landscape_119_ENkQJj-7orc.jpg,false,,landscape,3.7242516555124894e-06
real_landscape_landscape_81_a_dog_rests_his_head_on_the_edge_of_a_boat_at_sea.jpg,false,,landscape,2.5664408553893736e-07
real_landscape_landscape_51_a_green_traffic_light_suspended_above_a_street.jpg,false,,landscape,1.7664391634752974e-05
real_landscape_landscape_085_cCthPLHmrzI.jpg,false,,landscape,1.228617020387901e-05
real_landscape_landscape_060_jdaigQmK-qA.jpg,false,,landscape,0.6851260662078857
real_landscape_landscape_58_a_passenger_train_that_has_some_graffiti_on_it.jpg,false,,landscape,1.7820724451667047e-07
real_landscape_landscape_077_ID4OhGirKvg.jpg,false,,landscape,7.513527089031413e-05
real_landscape_landscape_133_-5eZ1-Ie68w.jpg,false,,landscape,1.6017444295357564e-06
real_landscape_landscape_086_ke-voL7t_I8.jpg,false,,landscape,7.853261195123196e-06
real_landscape_landscape_143_-hbbmFHQYiw.jpg,false,,landscape,4.209053804515861e-05
real_landscape_landscape_080_1DPIP44atys.jpg,false,,landscape,1.40484398798435e-05
real_landscape_landscape_110_02YdrfDb3UE.jpg,false,,landscape,6.901503866174608e-07
real_landscape_landscape_116_sNKwtrVQ4hU.jpg,false,,landscape,1.8375155832472956e-06
real_landscape_landscape_157_nMhbF-YMdXE.jpg,false,,landscape,6.39067229712964e-06
real_landscape_landscape_051_4k8UHZC1-6k.jpg,false,,landscape,6.501433290395653e-06
real_landscape_landscape_161_CL665uHJb7c.jpg,false,,landscape,3.35870536218863e-05
real_landscape_landscape_093_UazfuoH2sRU.jpg,false,,landscape,2.0460392988752574e-06
real_landscape_landscape_55_a_green_traffic_light_a_street_some_buildings_and_some_other.jpg,false,,landscape,0.0003051612002309412
real_landscape_landscape_82_a_large_bus_on_the_side_of_the_road.jpg,false,,landscape,1.4713481277794926e-07
real_landscape_landscape_045_W3wgy9tDgto.jpg,false,,landscape,3.0740106012672186e-05
real_landscape_landscape_120_afwi-D9xmt4.jpg,false,,landscape,0.0002618907601572573
real_landscape_landscape_099_kDrTt4sCC7I.jpg,false,,landscape,4.476713002077304e-06
real_landscape_landscape_167_60cbKmNJ-ls.jpg,false,,landscape,1.850829448812874e-06
real_landscape_landscape_046_wgH3Lzgmm_c.jpg,false,,landscape,4.281045221432578e-06
real_landscape_landscape_072_jYkvecfWgx0.jpg,false,,landscape,0.0018163224449381232
real_landscape_landscape_048_PA0KerQ0lHg.jpg,false,,landscape,2.3290242097573355e-05
real_landscape_landscape_126_Cmjq13jc_2g.jpg,false,,landscape,6.9104021349630784e-06
real_landscape_landscape_081_0PgC0jve7u4.jpg,false,,landscape,2.1331593416107353e-06
real_landscape_landscape_06_waterfall_in_forest.jpg,false,,landscape,1.2076559869456105e-05
real_landscape_landscape_77_rear_view_mirror_reflection_showing_a_dog_in_the_back_seat.jpg,false,,landscape,1.3832958529746975e-06
real_landscape_landscape_147_bUhzlj3gGso.jpg,false,,landscape,1.108260312321363e-05
real_landscape_landscape_69_a_yellow_bus_that_is_sitting_in_the_grass.jpg,false,,landscape,2.4587626512584393e-07
real_landscape_landscape_067_LLD9FKRoqDc.jpg,false,,landscape,3.639108399511315e-05
real_landscape_landscape_115_q2Cv_B3_AZI.jpg,false,,landscape,2.7565890832192963e-06
real_landscape_landscape_125_4UfCRXv_tGM.jpg,false,,landscape,3.194631744918297e-06
real_landscape_landscape_092__XHphe2atWM.jpg,false,,landscape,8.305729579660692e-07
real_landscape_landscape_109_-UsvhirEIeI.jpg,false,,landscape,0.00016692456847522408
real_landscape_landscape_129_5LyYqPEv8w0.jpg,false,,landscape,8.984361556940712e-06
real_landscape_landscape_070_uQDRDqpYJHI.jpg,false,,landscape,9.101629530050559e-07
real_landscape_landscape_71_a_black_and_white_photo_of_a_train.jpg,false,,landscape,7.786092055539484e-07
real_landscape_landscape_057_C69YOsY9lYg.jpg,false,,landscape,4.6245341422945785e-07
real_landscape_landscape_089_zjOv1yyUzQg.jpg,false,,landscape,0.00039878973620943725
real_landscape_landscape_130_qOxQEA8obSg.jpg,false,,landscape,4.8723759391577914e-06
real_landscape_landscape_163_Bz4dHv-9PFQ.jpg,false,,landscape,1.8107148207491264e-05
real_landscape_landscape_071_zjqqKVQZoNg.jpg,false,,landscape,8.274578249256592e-06
real_landscape_landscape_76_a_blue_rusted_train_engine_sitting_on_top_of_rail_tracks.jpg,false,,landscape,3.021302461547748e-07
real_landscape_landscape_114_FCPJn1NeFdI.jpg,false,,landscape,2.1335745259420946e-06
real_landscape_landscape_156_pcgo3E7vJr4.jpg,false,,landscape,2.4005535124160815e-06
real_landscape_landscape_075_G86MS2ZsiJA.jpg,false,,landscape,6.355944606184494e-07
real_landscape_landscape_059_i7OiHRQkJHY.jpg,false,,landscape,0.00010048041440313682
real_landscape_landscape_164_tMYDgAySy9w.jpg,false,,landscape,5.117963610246079e-06
real_landscape_landscape_84_part_of_train_car_with_a_door_to_the_rear_connected_to_the_c.jpg,false,,landscape,7.878188768017935e-08
real_landscape_landscape_083_DlCr9IujpJI.jpg,false,,landscape,8.833819265419152e-06
real_landscape_landscape_04_dramatic_mountain_valley.jpg,false,,landscape,6.298461812548339e-06
real_landscape_landscape_02_sunset_over_mountains.jpg,false,,landscape,9.469647920923308e-05
real_landscape_landscape_53_a_train_of_many_colors_is_coming_down_the_track.jpg,false,,landscape,2.231980488431873e-06
real_landscape_landscape_100_xpLNPVL3IJA.jpg,false,,landscape,2.6731297111837193e-05
real_landscape_landscape_153_6SGsL73EbKM.jpg,false,,landscape,3.286842684246949e-06
real_landscape_landscape_107_cssvEZacHvQ.jpg,false,,landscape,1.2076559869456105e-05
real_landscape_landscape_79_an_orange_train_traveling_along_train_tracks_near_a_train_ya.jpg,false,,landscape,3.5885904026145e-07
real_landscape_landscape_090_tZaA8VqJG3g.jpg,false,,landscape,6.476811540778726e-05
real_landscape_landscape_73_a_tall_church_tower_sitting_on_the_side_of_a_road.jpg,false,,landscape,1.175659804175666e-06
real_landscape_landscape_61_a_wooden_bench_sitting_outside_of_a_home.jpg,false,,landscape,1.5321896285058756e-07
real_landscape_landscape_03_lake_reflection.jpg,false,,landscape,4.930871909891721e-06
real_landscape_landscape_155_DqIyKlJa-2s.jpg,false,,landscape,9.100708666665014e-06
real_landscape_landscape_105_ur4NB1f3kQ8.jpg,false,,landscape,3.8945196934037085e-07
real_landscape_landscape_128_MasnAA5KqDY.jpg,false,,landscape,6.648123417107854e-06
real_landscape_landscape_134_1pFIPoOa--Y.jpg,false,,landscape,0.001666872063651681
real_landscape_landscape_097_1U6EOU8hiTM.jpg,false,,landscape,4.211007649246312e-07
real_landscape_landscape_047_58Mkqady7lE.jpg,false,,landscape,3.3808017178671435e-05
real_landscape_landscape_102_T-AOFf2B8Zw.jpg,false,,landscape,6.392216960193764e-07
real_landscape_landscape_83_a_small_bus_parked_in_front_of_a_bus_stop.jpg,false,,landscape,6.650824246889897e-08
real_landscape_landscape_162_3m4lH961q20.jpg,false,,landscape,7.821054168744013e-07
real_landscape_landscape_122_K5eIMIz8kaI.jpg,false,,landscape,0.0005523391300812364
real_landscape_landscape_069_TdoxXD7aGv8.jpg,false,,landscape,3.2763327908469364e-05
real_landscape_landscape_165_C2YORgsJqXs.jpg,false,,landscape,5.339826748240739e-05
real_landscape_landscape_152_ayzzI9nOjWY.jpg,false,,landscape,2.3457934730686247e-05
real_landscape_landscape_54_white_birds_are_gathered_around_a_water_puddle.jpg,false,,landscape,1.3588673937192652e-06
real_landscape_landscape_078_TnLdd0LMfwk.jpg,false,,landscape,0.0020526726730167866
real_landscape_landscape_068_aqS6bCynDv8.jpg,false,,landscape,0.06300433725118637
real_landscape_landscape_07_desert_dunes.jpg,false,,landscape,1.490998693043366e-05
real_landscape_landscape_166_ioAK4HESn6k.jpg,false,,landscape,4.83271605844493e-06
real_landscape_landscape_111_62_2KGyX13E.jpg,false,,landscape,1.5700989024480805e-06
real_landscape_landscape_60_a_red_and_silver_fire_hydrant_sitting_on_top_of_a_sidewalk.jpg,false,,landscape,1.790428001413602e-07
real_landscape_landscape_158_QAXDmkU60OU.jpg,false,,landscape,7.065922090987442e-06
real_landscape_landscape_138_78wDBw9ajUk.jpg,false,,landscape,9.160137415165082e-05
real_landscape_landscape_142_3bsVcAbqS7Q.jpg,false,,landscape,4.358450951258419e-06
real_landscape_landscape_131_hoAFrPJlbT0.jpg,false,,landscape,5.033795787312556e-06
real_landscape_landscape_106_hu8Mp-XTksA.jpg,false,,landscape,1.3960769820187124e-06
real_landscape_landscape_082_ercx7zE_Mzo.jpg,false,,landscape,1.6243992604358937e-06
real_landscape_landscape_132_zUEjNDEEca8.jpg,false,,landscape,1.2589309335453436e-05
real_landscape_landscape_78_a_yellow_bus_is_on_a_street_near_a_black_guard_rail.jpg,false,,landscape,3.513798105814203e-07
real_landscape_landscape_159_G4su92tyImI.jpg,false,,landscape,2.4443177608191036e-05
real_landscape_landscape_088_N22iRE8u3MU.jpg,false,,landscape,2.984987190757238e-07
real_landscape_landscape_168_r-PPOX0QQ1g.jpg,false,,landscape,1.3061112440482248e-05
real_landscape_landscape_074_r2Ug9sXPEHA.jpg,false,,landscape,0.00020519091049209237
real_landscape_landscape_57_a_yellow_and_green_train_at_stop_lights.jpg,false,,landscape,1.2425114448433305e-07
real_landscape_landscape_146__MCLUFQlZ_c.jpg,false,,landscape,2.218335566794849e-06
real_landscape_landscape_096_3eC5n6gHwe8.jpg,false,,landscape,6.109753030614229e-06
real_landscape_landscape_063_Lm6mqM_KqQY.jpg,false,,landscape,4.49072576884646e-05
real_landscape_landscape_145_xZX3pXjQQSw.jpg,false,,landscape,7.455529157596175e-06
real_landscape_landscape_74_a_bathroom_with_some_orange_walls_and_a_black_and_white_coun.jpg,false,,landscape,5.070398856332758e-07
real_landscape_landscape_136_awNpFWNTGFY.jpg,false,,landscape,1.7548887626617216e-05
real_landscape_landscape_061_bk4hN4Jvnac.jpg,false,,landscape,4.249253379384754e-06
real_landscape_landscape_121_JtVkmKQ1FQI.jpg,false,,landscape,2.279084401379805e-05
real_landscape_landscape_104_6gt7AoSk5pQ.jpg,false,,landscape,0.00010361956810811535
real_landscape_landscape_139_aoWukdAWJno.jpg,false,,landscape,4.308359621063573e-06
real_landscape_landscape_75_a_city_traffic_signal_and_street_at_night.jpg,false,,landscape,1.3410419796855422e-06
real_landscape_landscape_055_ixbSaWYYOwY.jpg,false,,landscape,6.171006680233404e-05
real_landscape_landscape_137_9CkGNheiEFQ.jpg,false,,landscape,1.7608435882721096e-06
real_landscape_landscape_066_7AKHr2kdmAc.jpg,false,,landscape,4.133267793804407e-05
real_landscape_landscape_08_ocean_waves_beach.jpg,false,,landscape,5.737840183428489e-05
real_landscape_landscape_076_OrkbCipJriw.jpg,false,,landscape,1.8589381625133683e-06
real_landscape_landscape_113_etJBEUW4ZDg.jpg,false,,landscape,2.868294131985749e-06
real_landscape_landscape_123_ac9BZlaKuG4.jpg,false,,landscape,3.0539670206053415e-06
real_landscape_landscape_049_yFCXHHLEZA0.jpg,false,,landscape,1.3829738918502699e-06
real_landscape_landscape_151_OueojWSe66o.jpg,false,,landscape,1.1360844837327022e-05
real_landscape_landscape_087_NW-WPrJoyzc.jpg,false,,landscape,1.107588332160958e-06
real_landscape_landscape_62_two_large_jets_sitting_on_top_of_an_airport_runway.jpg,false,,landscape,3.276794814155437e-05
real_landscape_landscape_67_an_image_of_a_subway_bus_going_thru_the_subway_station.jpg,false,,landscape,5.084058329885011e-07
real_landscape_landscape_64_a_bird_sitting_on_top_of_a_park_bench.jpg,false,,landscape,3.107529664703179e-07
real_landscape_landscape_141_F0_qeY5OWJE.jpg,false,,landscape,4.462973720364971e-06
real_landscape_landscape_149_zMhnN9FpDBE.jpg,false,,landscape,1.4822576304140966e-06
real_landscape_landscape_56_a_train_on_the_tracks_out_in_the_country.jpg,false,,landscape,2.0323724925219722e-07
real_landscape_landscape_103_Yd6TC3qee6M.jpg,false,,landscape,0.0021788720041513443
real_landscape_landscape_052_Xaje8s7H9Cw.jpg,false,,landscape,1.320368141932704e-06
real_landscape_landscape_01_mountain_peaks_with_snow.jpg,false,,landscape,1.246379611075099e-06
real_landscape_landscape_058_CPIQfMbSjmM.jpg,false,,landscape,3.572013838493149e-06
real_landscape_landscape_065_xMMh-VFGL9M.jpg,false,,landscape,1.624105243536178e-05
real_landscape_landscape_72_a_street_corner_with_a_brown_and_white_building_on_it.jpg,false,,landscape,1.547650612110374e-07
real_landscape_landscape_094_8v_1afZJpg4.jpg,false,,landscape,1.2189373592264019e-05
real_landscape_landscape_150_NoSRqbXJY68.jpg,false,,landscape,3.7104998682480073e-06
real_landscape_landscape_144_MZxQoMVN518.jpg,false,,landscape,3.378417659405386e-06
real_landscape_landscape_63_a_pole_with_a_street_light_and_signs_next_to_a_bare_tree.jpg,false,,landscape,4.905862738269207e-07
real_landscape_landscape_127_uFdsMOjWX58.jpg,false,,landscape,0.00010200314864050597
real_landscape_landscape_101_C27Jip4jz4k.jpg,false,,landscape,1.2967292377652484e-06
real_landscape_landscape_050_nlllZxwRoLM.jpg,false,,landscape,4.4295936163507577e-07
real_landscape_landscape_054_R0hVu1Mqo7A.jpg,false,,landscape,7.056695903884247e-05
real_landscape_landscape_170_rGmCuOfPwnk.jpg,false,,landscape,4.6666740672662854e-05
real_landscape_landscape_52_the_train_engine_is_followed_by_a_line_of_open_cars.jpg,false,,landscape,8.290243158626254e-07
real_landscape_landscape_50_a_green_bench_sitting_on_the_side_of_a_sidewalk.jpg,false,,landscape,1.4009571032147505e-06
real_landscape_landscape_65_these_toilets_are_being_used_outside_as_decor.jpg,false,,landscape,2.176442990275973e-07
real_landscape_landscape_148_qgfiux6vEmc.jpg,false,,landscape,1.0692159548852942e-06
real_landscape_landscape_169_TWvnc-oToE4.jpg,false,,landscape,3.7430911561386893e-06
real_landscape_landscape_112_hfxvkEzd_I0.jpg,false,,landscape,2.9114356948412023e-05
real_landscape_landscape_70_a_semi_truck_is_driving_down_a_street.jpg,false,,landscape,2.0068870298928232e-07
real_landscape_landscape_084_uzWLhB7n3m8.jpg,false,,landscape,6.712429239996709e-06
real_landscape_landscape_091_Bch-Zl9ZUc8.jpg,false,,landscape,1.4795898550801212e-06
real_landscape_landscape_66_a_few_meters_are_sitting_near_an_air_plane.jpg,false,,landscape,3.459760762325459e-07
real_landscape_landscape_108_LpryxGvyY-8.jpg,false,,landscape,6.819019472459331e-05
