id,is_ai,generator,category,score
ai_art_qwen_2512_art_08.png,true,Qwen 2512,art,0.6437801718711853
ai_art_flux_2_flex_art_03.png,true,Flux,art,0.9645360708236694
ai_art_seedream_v3_art_07.png,true,Seedream,art,0.8710492253303528
ai_art_seedream_v3_art_06.png,true,Seedream,art,0.8731688261032104
ai_art_flux_2_flex_art_02.png,true,Flux,art,0.4048954248428345
ai_art_glm_image_art_01.png,true,GLM Image,art,0.052975721657276154
ai_art_qwen_2512_art_09.png,true,Qwen 2512,art,0.015462522394955158
ai_art_wan_v2.6_art_09.png,true,Wan v2.6,art,5.139234417583793e-06
ai_art_flux_schnell_art_08.png,true,Flux Schnell,art,0.025811607018113136
ai_art_glm_image_art_03.png,true,GLM Image,art,0.2954665422439575
ai_art_seedream_v3_art_10.png,true,Seedream,art,0.0017993826186284423
ai_art_seedream_v3_art_04.png,true,Seedream,art,0.023921240121126175
ai_art_seedream_v3_art_05.png,true,Seedream,art,9.374070941703394e-06
ai_art_flux_2_flex_art_01.png,true,Flux,art,0.9933231472969055
ai_art_glm_image_art_02.png,true,GLM Image,art,0.9997887015342712
ai_art_flux_schnell_art_09.png,true,Flux Schnell,art,4.641435225494206e-06
ai_art_wan_v2.6_art_08.png,true,Wan v2.6,art,0.003356584580615163
ai_art_z_image_art_09.png,true,Z,art,0.483573853969574
ai_art_glm_image_art_06.png,true,GLM Image,art,0.999742329120636
ai_art_flux_2_flex_art_05.png,true,Flux,art,1.3344093758860254e-06
ai_art_seedream_v3_art_01.png,true,Seedream,art,0.0015219352208077908
ai_art_flux_2_flex_art_10.png,true,Flux,art,0.9999897480010986
ai_art_flux_2_flex_art_04.png,true,Flux,art,0.020203886553645134
ai_art_glm_image_art_07.png,true,GLM Image,art,0.9469861388206482
ai_art_z_image_art_08.png,true,Z,art,0.7924978733062744
ai_art_glm_image_art_05.png,true,GLM Image,art,5.851486548635876e-07
ai_art_flux_2_flex_art_06.png,true,Flux,art,0.6307463645935059
ai_art_seedream_v3_art_02.png,true,Seedream,art,0.9995716214179993
ai_art_seedream_v3_art_03.png,true,Seedream,art,0.0005804274114780128
ai_art_flux_2_flex_art_07.png,true,Flux,art,0.9313167929649353
ai_art_glm_image_art_10.png,true,GLM Image,art,0.8322989344596863
ai_art_glm_image_art_04.png,true,GLM Image,art,0.9935944676399231
ai_art_hunyuan_v3_art_07.png,true,Hunyuan v3,art,4.608760355040431e-05
ai_art_ideogram_v3_art_04.png,true,Ideogram v3,art,5.279043398331851e-05
ai_art_ideogram_v3_art_10.png,true,Ideogram v3,art,0.0519338957965374
ai_art_sd_3.5_large_art_08.png,true,Sd,art,0.9927184581756592
ai_art_seedream_v4_art_03.png,true,Seedream,art,7.169503078330308e-05
ai_art_leonardo_phoenix_art_06.png,true,Leonardo Phoenix,art,0.9195783734321594
ai_art_leonardo_phoenix_art_07.png,true,Leonardo Phoenix,art,0.9912580847740173
ai_art_grok_aurora_art_01.png,true,Grok Aurora,art,0.9617205858230591
ai_art_seedream_v4_art_02.png,true,Seedream,art,0.0001705256145214662
ai_art_sd_3.5_large_art_09.png,true,Sd,art,4.330702358856797e-05
ai_art_ideogram_v3_art_05.png,true,Ideogram v3,art,0.6012763381004333
ai_art_hunyuan_v3_art_06.png,true,Hunyuan v3,art,0.8618866205215454
ai_art_hunyuan_v3_art_04.png,true,Hunyuan v3,art,0.8454561233520508
ai_art_hunyuan_v3_art_10.png,true,Hunyuan v3,art,0.013966514728963375
ai_art_recraft_v3_art_09.png,true,Recraft v3,art,0.07104267179965973
ai_art_ideogram_v3_art_07.png,true,Ideogram v3,art,2.5403362087672576e-05
ai_art_grok_aurora_art_03.png,true,Grok Aurora,art,0.8931174278259277
ai_art_leonardo_phoenix_art_05.png,true,Leonardo Phoenix,art,0.9859921336174011
ai_art_leonardo_phoenix_art_10.png,true,Leonardo Phoenix,art,0.9999679327011108
ai_art_leonardo_phoenix_art_04.png,true,Leonardo Phoenix,art,0.9997503161430359
ai_art_grok_aurora_art_02.png,true,Grok Aurora,art,0.18599970638751984
ai_art_seedream_v4_art_01.png,true,Seedream,art,0.07466359436511993
ai_art_ideogram_v3_art_06.png,true,Ideogram v3,art,0.16918730735778809
ai_art_recraft_v3_art_08.png,true,Recraft v3,art,3.085779826506041e-05
ai_art_hunyuan_v3_art_05.png,true,Hunyuan v3,art,1.4749542970093898e-05
ai_art_hunyuan_v3_art_01.png,true,Hunyuan v3,art,0.001410951605066657
ai_art_ideogram_v3_art_02.png,true,Ideogram v3,art,0.0002714264555834234
ai_art_flux_pro_v1.1_art_09.png,true,Flux Pro v1.1,art,0.0010631927289068699
ai_art_seedream_v4_art_05.png,true,Seedream,art,4.968971552443691e-06
ai_art_grok_aurora_art_06.png,true,Grok Aurora,art,0.9783326983451843
ai_art_grok_aurora_art_07.png,true,Grok Aurora,art,0.0013271112693473697
ai_art_leonardo_phoenix_art_01.png,true,Leonardo Phoenix,art,0.030932167544960976
ai_art_seedream_v4_art_04.png,true,Seedream,art,0.0004114652401767671
ai_art_seedream_v4_art_10.png,true,Seedream,art,0.0034415479749441147
ai_art_flux_pro_v1.1_art_08.png,true,Flux Pro v1.1,art,0.8115284442901611
ai_art_ideogram_v3_art_03.png,true,Ideogram v3,art,0.0009720274829305708
ai_art_hunyuan_v3_art_02.png,true,Hunyuan v3,art,0.00540216313675046
ai_art_gpt_image_1.5_art_08.png,true,Gpt,art,0.23391695320606232
ai_art_ideogram_v3_art_01.png,true,Ideogram v3,art,0.1487986147403717
ai_art_gemini_3_pro_art_09.png,true,Gemini 3 Pro,art,2.1215193555690348e-05
ai_art_seedream_v4_art_06.png,true,Seedream,art,0.5137676000595093
ai_art_leonardo_phoenix_art_03.png,true,Leonardo Phoenix,art,0.9997056126594543
ai_art_grok_aurora_art_05.png,true,Grok Aurora,art,0.0010283750016242266
ai_art_grok_aurora_art_10.png,true,Grok Aurora,art,0.0001314754772465676
ai_art_grok_aurora_art_04.png,true,Grok Aurora,art,0.40902140736579895
ai_art_leonardo_phoenix_art_02.png,true,Leonardo Phoenix,art,0.16749031841754913
ai_art_seedream_v4_art_07.png,true,Seedream,art,0.0002249326353194192
ai_art_gemini_3_pro_art_08.png,true,Gemini 3 Pro,art,0.00025463130441494286
ai_art_gpt_image_1.5_art_09.png,true,Gpt,art,0.00015213120786938816
ai_art_hunyuan_v3_art_03.png,true,Hunyuan v3,art,0.0066432710736989975
ai_art_gpt_image_1.5_art_10.png,true,Gpt,art,0.018773354589939117
ai_art_recraft_v3_art_03.png,true,Recraft v3,art,0.22707238793373108
ai_art_gpt_image_1.5_art_04.png,true,Gpt,art,0.009550139307975769
ai_art_sd_3.5_large_art_01.png,true,Sd,art,0.0037469174712896347
ai_art_gemini_3_pro_art_05.png,true,Gemini 3 Pro,art,7.297875072254101e-06
ai_art_flux_pro_v1.1_art_06.png,true,Flux Pro v1.1,art,0.36870428919792175
ai_art_grok_aurora_art_09.png,true,Grok Aurora,art,0.00011108587932540104
ai_art_grok_aurora_art_08.png,true,Grok Aurora,art,0.001640960923396051
ai_art_flux_pro_v1.1_art_07.png,true,Flux Pro v1.1,art,1.8151893527829088e-05
ai_art_gemini_3_pro_art_10.png,true,Gemini 3 Pro,art,0.9158672094345093
ai_art_gemini_3_pro_art_04.png,true,Gemini 3 Pro,art,0.0361090786755085
ai_art_gpt_image_1.5_art_05.png,true,Gpt,art,2.2782565793022513e-05
ai_art_recraft_v3_art_02.png,true,Recraft v3,art,0.20121516287326813
ai_art_gpt_image_1.5_art_07.png,true,Gpt,art,0.01147108431905508
ai_art_gemini_3_pro_art_06.png,true,Gemini 3 Pro,art,0.2823651134967804
ai_art_sd_3.5_large_art_02.png,true,Sd,art,0.9635276794433594
ai_art_flux_pro_v1.1_art_05.png,true,Flux Pro v1.1,art,1.3829166164214257e-05
ai_art_seedream_v4_art_09.png,true,Seedream,art,0.00010949991701636463
ai_art_seedream_v4_art_08.png,true,Seedream,art,0.00042352708987891674
ai_art_flux_pro_v1.1_art_10.png,true,Flux Pro v1.1,art,0.07027026265859604
ai_art_flux_pro_v1.1_art_04.png,true,Flux Pro v1.1,art,0.11841337382793427
ai_art_gemini_3_pro_art_07.png,true,Gemini 3 Pro,art,7.151142199290916e-06
ai_art_sd_3.5_large_art_03.png,true,Sd,art,0.4370099902153015
ai_art_recraft_v3_art_01.png,true,Recraft v3,art,0.00546261528506875
ai_art_gpt_image_1.5_art_06.png,true,Gpt,art,0.9976316690444946
ai_art_hunyuan_v3_art_08.png,true,Hunyuan v3,art,0.0005316137685440481
ai_art_gpt_image_1.5_art_02.png,true,Gpt,art,0.9813297390937805
ai_art_recraft_v3_art_05.png,true,Recraft v3,art,1.1673471817630343e-05
ai_art_sd_3.5_large_art_07.png,true,Sd,art,0.9998588562011719
ai_art_gemini_3_pro_art_03.png,true,Gemini 3 Pro,art,0.5994512438774109
ai_art_leonardo_phoenix_art_09.png,true,Leonardo Phoenix,art,0.9999265670776367
ai_art_leonardo_phoenix_art_08.png,true,Leonardo Phoenix,art,0.23297055065631866
ai_art_flux_pro_v1.1_art_01.png,true,Flux Pro v1.1,art,0.000931807211600244
ai_art_sd_3.5_large_art_06.png,true,Sd,art,0.6650756001472473
ai_art_gemini_3_pro_art_02.png,true,Gemini 3 Pro,art,0.20772060751914978
ai_art_recraft_v3_art_10.png,true,Recraft v3,art,0.005519629456102848
ai_art_recraft_v3_art_04.png,true,Recraft v3,art,0.006290134508162737
ai_art_gpt_image_1.5_art_03.png,true,Gpt,art,0.0323251448571682
ai_art_hunyuan_v3_art_09.png,true,Hunyuan v3,art,0.00010438648314448074
ai_art_recraft_v3_art_06.png,true,Recraft v3,art,0.9762869477272034
ai_art_gpt_image_1.5_art_01.png,true,Gpt,art,0.12009204179048538
ai_art_sd_3.5_large_art_04.png,true,Sd,art,0.22148191928863525
ai_art_sd_3.5_large_art_10.png,true,Sd,art,2.9498607545974664e-05
ai_art_ideogram_v3_art_08.png,true,Ideogram v3,art,0.6997290253639221
ai_art_flux_pro_v1.1_art_03.png,true,Flux Pro v1.1,art,0.004583009053021669
ai_art_flux_pro_v1.1_art_02.png,true,Flux Pro v1.1,art,0.018310951068997383
ai_art_ideogram_v3_art_09.png,true,Ideogram v3,art,0.8781307339668274
ai_art_gemini_3_pro_art_01.png,true,Gemini 3 Pro,art,0.9951969981193542
ai_art_sd_3.5_large_art_05.png,true,Sd,art,1.3140859209670452e-06
ai_art_recraft_v3_art_07.png,true,Recraft v3,art,0.008895419538021088
ai_art_wan_v2.6_art_03.png,true,Wan v2.6,art,0.0013577459612861276
ai_art_flux_schnell_art_02.png,true,Flux Schnell,art,0.02048131264746189
ai_art_qwen_2512_art_01.png,true,Qwen 2512,art,0.9906477332115173
ai_art_z_image_art_06.png,true,Z,art,0.9970105886459351
ai_art_glm_image_art_09.png,true,GLM Image,art,4.0081358747556806e-06
ai_art_glm_image_art_08.png,true,GLM Image,art,0.9938342571258545
ai_art_z_image_art_07.png,true,Z,art,0.0013503071386367083
ai_art_flux_schnell_art_03.png,true,Flux Schnell,art,0.9987200498580933
ai_art_wan_v2.6_art_02.png,true,Wan v2.6,art,0.0013939713826403022
ai_art_qwen_2512_art_02.png,true,Qwen 2512,art,0.9635363221168518
ai_art_flux_schnell_art_01.png,true,Flux Schnell,art,0.0016030266415327787
ai_art_z_image_art_05.png,true,Z,art,0.9639105796813965
ai_art_flux_2_flex_art_09.png,true,Flux,art,7.078926955728093e-07
ai_art_flux_2_flex_art_08.png,true,Flux,art,1.2923138456244487e-05
ai_art_z_image_art_04.png,true,Z,art,0.010705598630011082
ai_art_z_image_art_10.png,true,Z,art,0.9904406070709229
ai_art_qwen_2512_art_03.png,true,Qwen 2512,art,0.9960112571716309
ai_art_wan_v2.6_art_01.png,true,Wan v2.6,art,0.08798690140247345
ai_art_flux_schnell_art_10.png,true,Flux Schnell,art,0.0002996897674165666
ai_art_wan_v2.6_art_05.png,true,Wan v2.6,art,0.00010206863225903362
ai_art_flux_schnell_art_04.png,true,Flux Schnell,art,0.3209497332572937
ai_art_qwen_2512_art_07.png,true,Qwen 2512,art,0.0010149363661184907
ai_art_seedream_v3_art_08.png,true,Seedream,art,0.651960551738739
ai_art_seedream_v3_art_09.png,true,Seedream,art,0.00034728701575659215
ai_art_z_image_art_01.png,true,Z,art,0.05905770882964134
ai_art_flux_schnell_art_05.png,true,Flux Schnell,art,0.0004756989947054535
ai_art_wan_v2.6_art_04.png,true,Wan v2.6,art,0.6771910190582275
ai_art_qwen_2512_art_06.png,true,Qwen 2512,art,0.946958065032959
ai_art_wan_v2.6_art_10.png,true,Wan v2.6,art,0.016455352306365967
ai_art_qwen_2512_art_04.png,true,Qwen 2512,art,0.9989963173866272
ai_art_wan_v2.6_art_06.png,true,Wan v2.6,art,0.9971112012863159
ai_art_flux_schnell_art_07.png,true,Flux Schnell,art,6.989785561017925e-06
ai_art_qwen_2512_art_10.png,true,Qwen 2512,art,0.35785964131355286
ai_art_z_image_art_03.png,true,Z,art,0.010791721753776073
ai_art_z_image_art_02.png,true,Z,art,0.08930262923240662
ai_art_qwen_2512_art_05.png,true,Qwen 2512,art,0.913628101348877
ai_art_flux_schnell_art_06.png,true,Flux Schnell,art,0.020091785117983818
ai_art_wan_v2.6_art_07.png,true,Wan v2.6,art,0.5234788656234741
ai_portrait_seedream_v3_portrait_10.png,true,Seedream,portrait,0.31435927748680115
ai_portrait_seedream_v3_portrait_04.png,true,Seedream,portrait,0.0009572383714839816
ai_portrait_recraft_v3_portrait_05.png,true,Recraft v3,portrait,0.0022299031261354685
ai_portrait_flux_pro_v1.1_portrait_09.png,true,Flux Pro v1.1,portrait,0.9855005145072937
ai_portrait_flux_pro_v1.1_portrait_08.png,true,Flux Pro v1.1,portrait,0.00010509843559702858
ai_portrait_wan_v2.6_portrait_01.png,true,Wan v2.6,portrait,0.0015304973348975182
ai_portrait_recraft_v3_portrait_04.png,true,Recraft v3,portrait,0.4878215193748474
ai_portrait_recraft_v3_portrait_10.png,true,Recraft v3,portrait,1.3653111636813264e-05
ai_portrait_seedream_v3_portrait_05.png,true,Seedream,portrait,0.4589642882347107
ai_portrait_seedream_v4_portrait_01.png,true,Seedream,portrait,0.00023189747298602015
ai_portrait_seedream_v4_portrait_03.png,true,Seedream,portrait,0.005681665614247322
ai_portrait_seedream_v3_portrait_07.png,true,Seedream,portrait,0.003197642043232918
ai_portrait_hunyuan_v3_portrait_09.png,true,Hunyuan v3,portrait,0.008207534439861774
ai_portrait_recraft_v3_portrait_06.png,true,Recraft v3,portrait,0.0002780709764920175
ai_portrait_wan_v2.6_portrait_03.png,true,Wan v2.6,portrait,0.08885371685028076
ai_portrait_wan_v2.6_portrait_02.png,true,Wan v2.6,portrait,0.9922313690185547
ai_portrait_recraft_v3_portrait_07.png,true,Recraft v3,portrait,0.08468854427337646
ai_portrait_hunyuan_v3_portrait_08.png,true,Hunyuan v3,portrait,1.8752982668956975e-06
ai_portrait_seedream_v3_portrait_06.png,true,Seedream,portrait,0.39651891589164734
ai_portrait_seedream_v4_portrait_02.png,true,Seedream,portrait,0.06728015094995499
ai_portrait_seedream_v3_portrait_02.png,true,Seedream,portrait,0.00010457379539730027
ai_portrait_seedream_v4_portrait_06.png,true,Seedream,portrait,2.4020369892241433e-05
ai_portrait_recraft_v3_portrait_03.png,true,Recraft v3,portrait,0.00010953500895993784
ai_portrait_grok_aurora_portrait_09.png,true,Grok Aurora,portrait,1.2886298463854473e-06
ai_portrait_qwen_2512_portrait_08.png,true,Qwen 2512,portrait,5.1482897106325254e-05
ai_portrait_wan_v2.6_portrait_06.png,true,Wan v2.6,portrait,0.0012673204764723778
ai_portrait_wan_v2.6_portrait_07.png,true,Wan v2.6,portrait,0.862281858921051
ai_portrait_qwen_2512_portrait_09.png,true,Qwen 2512,portrait,0.008455423638224602
ai_portrait_recraft_v3_portrait_02.png,true,Recraft v3,portrait,0.00014212144014891237
ai_portrait_grok_aurora_portrait_08.png,true,Grok Aurora,portrait,0.01624257303774357
ai_portrait_seedream_v4_portrait_07.png,true,Seedream,portrait,0.009331353940069675
ai_portrait_seedream_v3_portrait_03.png,true,Seedream,portrait,0.012943767942488194
ai_portrait_seedream_v3_portrait_01.png,true,Seedream,portrait,0.9976696372032166
ai_portrait_seedream_v4_portrait_05.png,true,Seedream,portrait,0.00010291106445947662
ai_portrait_wan_v2.6_portrait_05.png,true,Wan v2.6,portrait,0.00012036890984745696
ai_portrait_flux_schnell_portrait_08.png,true,Flux Schnell,portrait,0.0006002053269185126
ai_portrait_flux_schnell_portrait_09.png,true,Flux Schnell,portrait,0.9983592629432678
ai_portrait_wan_v2.6_portrait_10.png,true,Wan v2.6,portrait,0.0021333901677280664
ai_portrait_wan_v2.6_portrait_04.png,true,Wan v2.6,portrait,0.0004580427485052496
ai_portrait_recraft_v3_portrait_01.png,true,Recraft v3,portrait,3.521253529470414e-05
ai_portrait_seedream_v4_portrait_04.png,true,Seedream,portrait,0.004325554706156254
ai_portrait_seedream_v4_portrait_10.png,true,Seedream,portrait,3.0072453228058293e-05
ai_portrait_z_image_portrait_01.png,true,Z,portrait,0.7183346152305603
ai_portrait_ideogram_v3_portrait_01.png,true,Ideogram v3,portrait,0.8152547478675842
ai_portrait_leonardo_phoenix_portrait_07.png,true,Leonardo Phoenix,portrait,0.9999533891677856
ai_portrait_sd_3.5_large_portrait_05.png,true,Sd,portrait,0.0004368373192846775
ai_portrait_gpt_image_1.5_portrait_01.png,true,Gpt,portrait,0.007299906108528376
ai_portrait_flux_2_flex_portrait_03.png,true,Flux,portrait,0.9999936819076538
ai_portrait_gemini_3_pro_portrait_10.png,true,Gemini 3 Pro,portrait,9.7004894996644e-06
ai_portrait_gemini_3_pro_portrait_04.png,true,Gemini 3 Pro,portrait,2.1133693735464476e-05
ai_portrait_gemini_3_pro_portrait_05.png,true,Gemini 3 Pro,portrait,4.371300747152418e-06
ai_portrait_flux_2_flex_portrait_02.png,true,Flux,portrait,0.9998688697814941
ai_portrait_sd_3.5_large_portrait_04.png,true,Sd,portrait,0.46332916617393494
ai_portrait_leonardo_phoenix_portrait_06.png,true,Leonardo Phoenix,portrait,0.9975807666778564
ai_portrait_sd_3.5_large_portrait_10.png,true,Sd,portrait,1.4029242265678477e-05
ai_portrait_glm_image_portrait_01.png,true,GLM Image,portrait,0.3261697292327881
ai_portrait_z_image_portrait_02.png,true,Z,portrait,0.9903702139854431
ai_portrait_glm_image_portrait_03.png,true,GLM Image,portrait,0.8501587510108948
ai_portrait_ideogram_v3_portrait_02.png,true,Ideogram v3,portrait,0.6873634457588196
ai_portrait_leonardo_phoenix_portrait_10.png,true,Leonardo Phoenix,portrait,0.9999986886978149
ai_portrait_sd_3.5_large_portrait_06.png,true,Sd,portrait,0.005557005759328604
ai_portrait_leonardo_phoenix_portrait_04.png,true,Leonardo Phoenix,portrait,0.9999569654464722
ai_portrait_gpt_image_1.5_portrait_02.png,true,Gpt,portrait,8.744986553210765e-05
ai_portrait_gemini_3_pro_portrait_07.png,true,Gemini 3 Pro,portrait,0.7272471785545349
ai_portrait_gemini_3_pro_portrait_06.png,true,Gemini 3 Pro,portrait,1.2673450328293256e-05
ai_portrait_flux_2_flex_portrait_01.png,true,Flux,portrait,0.9963420033454895
ai_portrait_gpt_image_1.5_portrait_03.png,true,Gpt,portrait,0.001994825666770339
ai_portrait_leonardo_phoenix_portrait_05.png,true,Leonardo Phoenix,portrait,0.9999737739562988
ai_portrait_sd_3.5_large_portrait_07.png,true,Sd,portrait,0.14603829383850098
ai_portrait_ideogram_v3_portrait_03.png,true,Ideogram v3,portrait,0.013522782362997532
ai_portrait_glm_image_portrait_02.png,true,GLM Image,portrait,0.1949342042207718
ai_portrait_z_image_portrait_03.png,true,Z,portrait,0.9983543157577515
ai_portrait_z_image_portrait_07.png,true,Z,portrait,0.0005151304067112505
ai_portrait_glm_image_portrait_06.png,true,GLM Image,portrait,0.998613715171814
ai_portrait_ideogram_v3_portrait_07.png,true,Ideogram v3,portrait,0.3513629138469696
ai_portrait_gpt_image_1.5_portrait_07.png,true,Gpt,portrait,0.10300476104021072
ai_portrait_sd_3.5_large_portrait_03.png,true,Sd,portrait,0.9019421935081482
ai_portrait_leonardo_phoenix_portrait_01.png,true,Leonardo Phoenix,portrait,0.001262580743059516
ai_portrait_gemini_3_pro_portrait_02.png,true,Gemini 3 Pro,portrait,0.00029820113559253514
ai_portrait_flux_2_flex_portrait_05.png,true,Flux,portrait,0.19134560227394104
ai_portrait_flux_2_flex_portrait_10.png,true,Flux,portrait,0.38746505975723267
ai_portrait_flux_2_flex_portrait_04.png,true,Flux,portrait,0.6687033772468567
ai_portrait_gemini_3_pro_portrait_03.png,true,Gemini 3 Pro,portrait,0.0032528825104236603
ai_portrait_sd_3.5_large_portrait_02.png,true,Sd,portrait,0.9968745708465576
ai_portrait_gpt_image_1.5_portrait_06.png,true,Gpt,portrait,4.867617826675996e-05
ai_portrait_ideogram_v3_portrait_06.png,true,Ideogram v3,portrait,0.004564495291560888
ai_portrait_glm_image_portrait_07.png,true,GLM Image,portrait,0.9993842840194702
ai_portrait_z_image_portrait_06.png,true,Z,portrait,0.9956383109092712
ai_portrait_z_image_portrait_10.png,true,Z,portrait,0.00025709858164191246
ai_portrait_z_image_portrait_04.png,true,Z,portrait,0.8660215139389038
ai_portrait_glm_image_portrait_05.png,true,GLM Image,portrait,0.031651824712753296
ai_portrait_ideogram_v3_portrait_10.png,true,Ideogram v3,portrait,0.1591780185699463
ai_portrait_ideogram_v3_portrait_04.png,true,Ideogram v3,portrait,0.006037847604602575
ai_portrait_gpt_image_1.5_portrait_10.png,true,Gpt,portrait,0.016391050070524216
ai_portrait_gpt_image_1.5_portrait_04.png,true,Gpt,portrait,0.0004659618134610355
ai_portrait_leonardo_phoenix_portrait_02.png,true,Leonardo Phoenix,portrait,0.7693051695823669
ai_portrait_gemini_3_pro_portrait_01.png,true,Gemini 3 Pro,portrait,3.5650984955282183e-06
ai_portrait_flux_2_flex_portrait_06.png,true,Flux,portrait,0.9999959468841553
ai_portrait_flux_2_flex_portrait_07.png,true,Flux,portrait,0.9994333386421204
ai_portrait_sd_3.5_large_portrait_01.png,true,Sd,portrait,0.07666023820638657
ai_portrait_leonardo_phoenix_portrait_03.png,true,Leonardo Phoenix,portrait,0.9967670440673828
ai_portrait_gpt_image_1.5_portrait_05.png,true,Gpt,portrait,0.07504606992006302
ai_portrait_ideogram_v3_portrait_05.png,true,Ideogram v3,portrait,0.03752295300364494
ai_portrait_glm_image_portrait_10.png,true,GLM Image,portrait,0.982391893863678
ai_portrait_glm_image_portrait_04.png,true,GLM Image,portrait,0.663791298866272
ai_portrait_z_image_portrait_05.png,true,Z,portrait,1.2577704183058813e-05
ai_portrait_z_image_portrait_08.png,true,Z,portrait,0.9773939847946167
ai_portrait_glm_image_portrait_09.png,true,GLM Image,portrait,0.9963783621788025
ai_portrait_ideogram_v3_portrait_08.png,true,Ideogram v3,portrait,0.11665137857198715
ai_portrait_gpt_image_1.5_portrait_08.png,true,Gpt,portrait,5.588189196714666e-06
ai_portrait_gpt_image_1.5_portrait_09.png,true,Gpt,portrait,7.54091888666153e-05
ai_portrait_ideogram_v3_portrait_09.png,true,Ideogram v3,portrait,0.006094309035688639
ai_portrait_glm_image_portrait_08.png,true,GLM Image,portrait,0.00027881324058398604
ai_portrait_z_image_portrait_09.png,true,Z,portrait,0.23104113340377808
ai_portrait_flux_2_flex_portrait_09.png,true,Flux,portrait,0.4663405120372772
ai_portrait_flux_2_flex_portrait_08.png,true,Flux,portrait,0.0008733219583518803
ai_portrait_leonardo_phoenix_portrait_08.png,true,Leonardo Phoenix,portrait,0.9531987905502319
ai_portrait_leonardo_phoenix_portrait_09.png,true,Leonardo Phoenix,portrait,0.9946655035018921
ai_portrait_sd_3.5_large_portrait_09.png,true,Sd,portrait,5.03473665958154e-06
ai_portrait_gemini_3_pro_portrait_08.png,true,Gemini 3 Pro,portrait,4.306700247980189e-06
ai_portrait_gemini_3_pro_portrait_09.png,true,Gemini 3 Pro,portrait,8.396728662773967e-05
ai_portrait_sd_3.5_large_portrait_08.png,true,Sd,portrait,0.979686975479126
ai_portrait_seedream_v4_portrait_09.png,true,Seedream,portrait,0.04555756226181984
ai_portrait_hunyuan_v3_portrait_03.png,true,Hunyuan v3,portrait,7.919843483250588e-05
ai_portrait_grok_aurora_portrait_06.png,true,Grok Aurora,portrait,0.0009377769310958683
ai_portrait_qwen_2512_portrait_07.png,true,Qwen 2512,portrait,0.9812431931495667
ai_portrait_wan_v2.6_portrait_09.png,true,Wan v2.6,portrait,0.9993430972099304
ai_portrait_flux_schnell_portrait_04.png,true,Flux Schnell,portrait,0.9965062141418457
ai_portrait_flux_schnell_portrait_10.png,true,Flux Schnell,portrait,0.9904700517654419
ai_portrait_flux_pro_v1.1_portrait_01.png,true,Flux Pro v1.1,portrait,0.000250523560680449
ai_portrait_flux_schnell_portrait_05.png,true,Flux Schnell,portrait,0.20109736919403076
ai_portrait_wan_v2.6_portrait_08.png,true,Wan v2.6,portrait,0.002226386684924364
ai_portrait_qwen_2512_portrait_06.png,true,Qwen 2512,portrait,0.9281549453735352
ai_portrait_grok_aurora_portrait_07.png,true,Grok Aurora,portrait,0.03251245245337486
ai_portrait_hunyuan_v3_portrait_02.png,true,Hunyuan v3,portrait,0.18358811736106873
ai_portrait_seedream_v4_portrait_08.png,true,Seedream,portrait,9.263810352422297e-05
ai_portrait_grok_aurora_portrait_05.png,true,Grok Aurora,portrait,6.843624578323215e-05
ai_portrait_qwen_2512_portrait_04.png,true,Qwen 2512,portrait,5.897193477721885e-05
ai_portrait_qwen_2512_portrait_10.png,true,Qwen 2512,portrait,0.0009557140874676406
ai_portrait_flux_schnell_portrait_07.png,true,Flux Schnell,portrait,0.31291940808296204
ai_portrait_flux_pro_v1.1_portrait_03.png,true,Flux Pro v1.1,portrait,8.903472917154431e-05
ai_portrait_flux_pro_v1.1_portrait_02.png,true,Flux Pro v1.1,portrait,0.9977728724479675
ai_portrait_flux_schnell_portrait_06.png,true,Flux Schnell,portrait,0.21120800077915192
ai_portrait_qwen_2512_portrait_05.png,true,Qwen 2512,portrait,3.746370566659607e-05
ai_portrait_grok_aurora_portrait_04.png,true,Grok Aurora,portrait,0.004936610348522663
ai_portrait_grok_aurora_portrait_10.png,true,Grok Aurora,portrait,0.9999339580535889
ai_portrait_hunyuan_v3_portrait_01.png,true,Hunyuan v3,portrait,0.36870428919792175
ai_portrait_hunyuan_v3_portrait_05.png,true,Hunyuan v3,portrait,0.00010873140854528174
ai_portrait_qwen_2512_portrait_01.png,true,Qwen 2512,portrait,0.3631879389286041
ai_portrait_flux_schnell_portrait_02.png,true,Flux Schnell,portrait,0.21987491846084595
ai_portrait_flux_pro_v1.1_portrait_06.png,true,Flux Pro v1.1,portrait,0.22341029345989227
ai_portrait_flux_pro_v1.1_portrait_07.png,true,Flux Pro v1.1,portrait,0.031741250306367874
ai_portrait_flux_schnell_portrait_03.png,true,Flux Schnell,portrait,0.994592010974884
ai_portrait_grok_aurora_portrait_01.png,true,Grok Aurora,portrait,1.1381754120520782e-05
ai_portrait_hunyuan_v3_portrait_10.png,true,Hunyuan v3,portrait,0.002148838946595788
ai_portrait_hunyuan_v3_portrait_04.png,true,Hunyuan v3,portrait,0.08020962029695511
ai_portrait_seedream_v3_portrait_08.png,true,Seedream,portrait,0.00043844894389621913
ai_portrait_hunyuan_v3_portrait_06.png,true,Hunyuan v3,portrait,6.282158574322239e-05
ai_portrait_recraft_v3_portrait_09.png,true,Recraft v3,portrait,7.4602103268262e-05
ai_portrait_grok_aurora_portrait_03.png,true,Grok Aurora,portrait,2.338451668038033e-05
ai_portrait_qwen_2512_portrait_02.png,true,Qwen 2512,portrait,0.9960230588912964
ai_portrait_flux_schnell_portrait_01.png,true,Flux Schnell,portrait,0.9986590147018433
ai_portrait_flux_pro_v1.1_portrait_05.png,true,Flux Pro v1.1,portrait,0.0003852937079500407
ai_portrait_flux_pro_v1.1_portrait_10.png,true,Flux Pro v1.1,portrait,0.9139323234558105
ai_portrait_flux_pro_v1.1_portrait_04.png,true,Flux Pro v1.1,portrait,0.000184715332579799
ai_portrait_qwen_2512_portrait_03.png,true,Qwen 2512,portrait,0.00016303025768138468
ai_portrait_recraft_v3_portrait_08.png,true,Recraft v3,portrait,0.001501244492828846
ai_portrait_grok_aurora_portrait_02.png,true,Grok Aurora,portrait,0.6592170596122742
ai_portrait_hunyuan_v3_portrait_07.png,true,Hunyuan v3,portrait,0.0009619707125239074
ai_portrait_seedream_v3_portrait_09.png,true,Seedream,portrait,0.0035455801989883184
ai_product_flux_pro_v1.1_product_03.png,true,Flux Pro v1.1,product,8.510796033078805e-05
ai_product_flux_2_flex_product_03.png,true,Flux,product,0.5932998061180115
ai_product_gpt_image_1.5_product_03.png,true,Gpt,product,0.00026927213184535503
ai_product_gpt_image_1.5_product_02.png,true,Gpt,product,0.010567392222583294
ai_product_flux_2_flex_product_02.png,true,Flux,product,0.003003399120643735
ai_product_flux_pro_v1.1_product_02.png,true,Flux Pro v1.1,product,0.007838102988898754
ai_product_grok_aurora_product_01.png,true,Grok Aurora,product,5.509838501893682e-06
ai_product_glm_image_product_08.png,true,GLM Image,product,0.003097998443990946
ai_product_grok_aurora_product_03.png,true,Grok Aurora,product,0.0003798099351115525
ai_product_hunyuan_v3_product_09.png,true,Hunyuan v3,product,1.2299007721594535e-05
ai_product_gpt_image_1.5_product_01.png,true,Gpt,product,0.0007084378739818931
ai_product_hunyuan_v3_product_08.png,true,Hunyuan v3,product,0.002150261541828513
ai_product_flux_2_flex_product_01.png,true,Flux,product,0.1592755913734436
ai_product_flux_pro_v1.1_product_01.png,true,Flux Pro v1.1,product,0.28558599948883057
ai_product_grok_aurora_product_02.png,true,Grok Aurora,product,0.05883751064538956
ai_product_glm_image_product_09.png,true,GLM Image,product,1.1195972547284327e-05
ai_product_grok_aurora_product_06.png,true,Grok Aurora,product,1.548827458464075e-05
ai_product_seedream_v4_product_08.png,true,Seedream,product,0.8590075373649597
ai_product_flux_pro_v1.1_product_05.png,true,Flux Pro v1.1,product,2.364876309002284e-06
ai_product_flux_2_flex_product_05.png,true,Flux,product,9.008925189846195e-06
ai_product_gpt_image_1.5_product_05.png,true,Gpt,product,1.5133477972995024e-05
ai_product_gpt_image_1.5_product_10.png,true,Gpt,product,0.0010563647374510765
ai_product_gpt_image_1.5_product_04.png,true,Gpt,product,0.044554829597473145
ai_product_flux_2_flex_product_04.png,true,Flux,product,0.08018159121274948
ai_product_flux_2_flex_product_10.png,true,Flux,product,7.040181344564189e-07
ai_product_flux_pro_v1.1_product_10.png,true,Flux Pro v1.1,product,3.3659850942058256e-06
ai_product_flux_pro_v1.1_product_04.png,true,Flux Pro v1.1,product,0.0013601526152342558
ai_product_seedream_v4_product_09.png,true,Seedream,product,9.608305617803126e-07
ai_product_grok_aurora_product_07.png,true,Grok Aurora,product,0.04934217408299446
ai_product_grok_aurora_product_05.png,true,Grok Aurora,product,0.0011220312444493175
ai_product_flux_schnell_product_08.png,true,Flux Schnell,product,0.000417446659412235
ai_product_flux_pro_v1.1_product_06.png,true,Flux Pro v1.1,product,0.00038075976772233844
ai_product_seedream_v3_product_08.png,true,Seedream,product,0.0003028784121852368
ai_product_flux_2_flex_product_06.png,true,Flux,product,1.7398597265128046e-05
ai_product_gpt_image_1.5_product_06.png,true,Gpt,product,0.0016291599022224545
ai_product_gemini_3_pro_product_09.png,true,Gemini 3 Pro,product,7.684815500397235e-06
ai_product_gemini_3_pro_product_08.png,true,Gemini 3 Pro,product,1.5957164578139782e-05
ai_product_gpt_image_1.5_product_07.png,true,Gpt,product,0.1962158977985382
ai_product_flux_2_flex_product_07.png,true,Flux,product,0.011580484919250011
ai_product_seedream_v3_product_09.png,true,Seedream,product,8.609925316704903e-06
ai_product_flux_pro_v1.1_product_07.png,true,Flux Pro v1.1,product,0.0005869315355084836
ai_product_flux_schnell_product_09.png,true,Flux Schnell,product,0.00013066297105979174
ai_product_grok_aurora_product_10.png,true,Grok Aurora,product,0.0013077914481982589
ai_product_grok_aurora_product_04.png,true,Grok Aurora,product,1.8975539433085942e-06
ai_product_recraft_v3_product_06.png,true,Recraft v3,product,0.005259574856609106
ai_product_ideogram_v3_product_01.png,true,Ideogram v3,product,3.3477181204943918e-06
ai_product_recraft_v3_product_07.png,true,Recraft v3,product,0.896125078201294
ai_product_recraft_v3_product_05.png,true,Recraft v3,product,5.864252307219431e-05
ai_product_ideogram_v3_product_02.png,true,Ideogram v3,product,0.0003850017674267292
ai_product_z_image_product_08.png,true,Z,product,0.09324374049901962
ai_product_qwen_2512_product_09.png,true,Qwen 2512,product,1.735723162710201e-05
ai_product_qwen_2512_product_08.png,true,Qwen 2512,product,0.17537333071231842
ai_product_z_image_product_09.png,true,Z,product,0.2205761969089508
ai_product_ideogram_v3_product_03.png,true,Ideogram v3,product,0.0004677438409999013
ai_product_recraft_v3_product_04.png,true,Recraft v3,product,0.01797642558813095
ai_product_recraft_v3_product_10.png,true,Recraft v3,product,0.0051878029480576515
ai_product_sd_3.5_large_product_09.png,true,Sd,product,2.1025201931479387e-05
ai_product_ideogram_v3_product_07.png,true,Ideogram v3,product,0.6368532180786133
ai_product_wan_v2.6_product_08.png,true,Wan v2.6,product,0.22696194052696228
ai_product_leonardo_phoenix_product_09.png,true,Leonardo Phoenix,product,0.022239573299884796
ai_product_leonardo_phoenix_product_08.png,true,Leonardo Phoenix,product,0.9919943809509277
ai_product_wan_v2.6_product_09.png,true,Wan v2.6,product,0.005149174947291613
ai_product_ideogram_v3_product_06.png,true,Ideogram v3,product,0.015327749773859978
ai_product_sd_3.5_large_product_08.png,true,Sd,product,0.0014046237338334322
ai_product_recraft_v3_product_01.png,true,Recraft v3,product,0.00048049940960481763
ai_product_recraft_v3_product_03.png,true,Recraft v3,product,0.016000887379050255
ai_product_ideogram_v3_product_04.png,true,Ideogram v3,product,0.20930016040802002
ai_product_ideogram_v3_product_10.png,true,Ideogram v3,product,1.1764370810851688e-06
ai_product_ideogram_v3_product_05.png,true,Ideogram v3,product,7.665643124710186e-07
ai_product_recraft_v3_product_02.png,true,Recraft v3,product,0.7290804982185364
ai_product_z_image_product_02.png,true,Z,product,0.009055974893271923
ai_product_sd_3.5_large_product_06.png,true,Sd,product,6.488055805675685e-05
ai_product_ideogram_v3_product_08.png,true,Ideogram v3,product,0.005670526064932346
ai_product_wan_v2.6_product_07.png,true,Wan v2.6,product,0.9207819700241089
ai_product_leonardo_phoenix_product_06.png,true,Leonardo Phoenix,product,0.7987440228462219
ai_product_qwen_2512_product_03.png,true,Qwen 2512,product,0.0021390679758042097
ai_product_qwen_2512_product_02.png,true,Qwen 2512,product,0.9998819828033447
ai_product_leonardo_phoenix_product_07.png,true,Leonardo Phoenix,product,0.9999110698699951
ai_product_wan_v2.6_product_06.png,true,Wan v2.6,product,0.08283738046884537
ai_product_ideogram_v3_product_09.png,true,Ideogram v3,product,5.44925296708243e-06
ai_product_sd_3.5_large_product_07.png,true,Sd,product,2.500657137716189e-05
ai_product_z_image_product_03.png,true,Z,product,0.0017125132726505399
ai_product_z_image_product_01.png,true,Z,product,3.2970740448945435e-06
ai_product_sd_3.5_large_product_05.png,true,Sd,product,0.0010840167524293065
ai_product_wan_v2.6_product_10.png,true,Wan v2.6,product,0.0037715830840170383
ai_product_wan_v2.6_product_04.png,true,Wan v2.6,product,0.006848475430160761
ai_product_leonardo_phoenix_product_05.png,true,Leonardo Phoenix,product,0.9999960660934448
ai_product_qwen_2512_product_01.png,true,Qwen 2512,product,0.0032315212301909924
ai_product_leonardo_phoenix_product_04.png,true,Leonardo Phoenix,product,0.9929081201553345
ai_product_leonardo_phoenix_product_10.png,true,Leonardo Phoenix,product,0.9999570846557617
ai_product_wan_v2.6_product_05.png,true,Wan v2.6,product,1.3917618844061508e-06
ai_product_sd_3.5_large_product_04.png,true,Sd,product,0.802793025970459
ai_product_sd_3.5_large_product_10.png,true,Sd,product,3.2779057619336527e-06
ai_product_recraft_v3_product_09.png,true,Recraft v3,product,0.0015988422092050314
ai_product_z_image_product_10.png,true,Z,product,0.9939548373222351
ai_product_z_image_product_04.png,true,Z,product,0.0003731823235284537
ai_product_wan_v2.6_product_01.png,true,Wan v2.6,product,0.9925581216812134
ai_product_qwen_2512_product_05.png,true,Qwen 2512,product,1.5834859368624166e-05
ai_product_qwen_2512_product_04.png,true,Qwen 2512,product,3.554682552930899e-05
ai_product_qwen_2512_product_10.png,true,Qwen 2512,product,0.4780731499195099
ai_product_leonardo_phoenix_product_01.png,true,Leonardo Phoenix,product,0.9983256459236145
ai_product_z_image_product_05.png,true,Z,product,2.278847432535258e-06
ai_product_sd_3.5_large_product_01.png,true,Sd,product,0.5319452285766602
ai_product_recraft_v3_product_08.png,true,Recraft v3,product,0.11253967136144638
ai_product_sd_3.5_large_product_03.png,true,Sd,product,0.044957004487514496
ai_product_z_image_product_07.png,true,Z,product,0.44655895233154297
ai_product_wan_v2.6_product_02.png,true,Wan v2.6,product,0.19957886636257172
ai_product_leonardo_phoenix_product_03.png,true,Leonardo Phoenix,product,0.9046328663825989
ai_product_qwen_2512_product_06.png,true,Qwen 2512,product,0.001736223348416388
ai_product_qwen_2512_product_07.png,true,Qwen 2512,product,0.653163731098175
ai_product_leonardo_phoenix_product_02.png,true,Leonardo Phoenix,product,0.9600444436073303
ai_product_wan_v2.6_product_03.png,true,Wan v2.6,product,0.9919669032096863
ai_product_z_image_product_06.png,true,Z,product,0.9894006848335266
ai_product_sd_3.5_large_product_02.png,true,Sd,product,6.068252332624979e-05
ai_product_glm_image_product_02.png,true,GLM Image,product,0.02811029925942421
ai_product_grok_aurora_product_09.png,true,Grok Aurora,product,2.0856174160144292e-05
ai_product_flux_schnell_product_10.png,true,Flux Schnell,product,0.03882928937673569
ai_product_seedream_v4_product_07.png,true,Seedream,product,0.014567744918167591
ai_product_flux_schnell_product_04.png,true,Flux Schnell,product,5.397262066253461e-05
ai_product_seedream_v3_product_04.png,true,Seedream,product,0.0005691780243068933
ai_product_seedream_v3_product_10.png,true,Seedream,product,0.00013564735127147287
ai_product_hunyuan_v3_product_03.png,true,Hunyuan v3,product,0.00019865887588821352
ai_product_gemini_3_pro_product_05.png,true,Gemini 3 Pro,product,3.371249306383106e-07
ai_product_gemini_3_pro_product_04.png,true,Gemini 3 Pro,product,2.086534550471697e-05
ai_product_gemini_3_pro_product_10.png,true,Gemini 3 Pro,product,0.0006020659930072725
ai_product_hunyuan_v3_product_02.png,true,Hunyuan v3,product,0.012320180423557758
ai_product_seedream_v3_product_05.png,true,Seedream,product,5.623935066978447e-06
ai_product_flux_schnell_product_05.png,true,Flux Schnell,product,9.8276086646365e-07
ai_product_seedream_v4_product_06.png,true,Seedream,product,0.00027321610832586884
ai_product_grok_aurora_product_08.png,true,Grok Aurora,product,0.061005786061286926
ai_product_glm_image_product_03.png,true,GLM Image,product,0.588749885559082
ai_product_glm_image_product_01.png,true,GLM Image,product,0.001567965024150908
ai_product_flux_schnell_product_07.png,true,Flux Schnell,product,0.0010222557466477156
ai_product_seedream_v4_product_10.png,true,Seedream,product,0.00013994277105666697
ai_product_flux_pro_v1.1_product_09.png,true,Flux Pro v1.1,product,1.0560006558080204e-06
ai_product_seedream_v4_product_04.png,true,Seedream,product,1.670298729550268e-06
ai_product_seedream_v3_product_07.png,true,Seedream,product,0.438257098197937
ai_product_flux_2_flex_product_09.png,true,Flux,product,0.00022326283215079457
ai_product_gpt_image_1.5_product_09.png,true,Gpt,product,1.181687139251153e-06
ai_product_gemini_3_pro_product_06.png,true,Gemini 3 Pro,product,0.00032387772807851434
ai_product_gemini_3_pro_product_07.png,true,Gemini 3 Pro,product,0.054220445454120636
ai_product_gpt_image_1.5_product_08.png,true,Gpt,product,0.006514960899949074
ai_product_hunyuan_v3_product_01.png,true,Hunyuan v3,product,0.05692935734987259
ai_product_flux_2_flex_product_08.png,true,Flux,product,0.9788241386413574
ai_product_seedream_v3_product_06.png,true,Seedream,product,0.00012720812810584903
ai_product_seedream_v4_product_05.png,true,Seedream,product,2.3040384178329987e-07
ai_product_flux_pro_v1.1_product_08.png,true,Flux Pro v1.1,product,0.1367720663547516
ai_product_flux_schnell_product_06.png,true,Flux Schnell,product,0.0014386476250365376
ai_product_glm_image_product_10.png,true,GLM Image,product,0.022985421121120453
ai_product_glm_image_product_04.png,true,GLM Image,product,0.0007621334516443312
ai_product_flux_schnell_product_02.png,true,Flux Schnell,product,0.0001307032216573134
ai_product_seedream_v4_product_01.png,true,Seedream,product,0.9923692941665649
ai_product_seedream_v3_product_02.png,true,Seedream,product,0.00018027810438070446
ai_product_hunyuan_v3_product_05.png,true,Hunyuan v3,product,3.1742160899739247e-07
ai_product_gemini_3_pro_product_03.png,true,Gemini 3 Pro,product,5.809445156046422e-06
ai_product_gemini_3_pro_product_02.png,true,Gemini 3 Pro,product,0.0006023552850820124
ai_product_hunyuan_v3_product_10.png,true,Hunyuan v3,product,2.7840922030009096e-06
ai_product_hunyuan_v3_product_04.png,true,Hunyuan v3,product,1.7852849850896746e-05
ai_product_seedream_v3_product_03.png,true,Seedream,product,8.871684258338064e-06
ai_product_flux_schnell_product_03.png,true,Flux Schnell,product,0.10814482718706131
ai_product_glm_image_product_05.png,true,GLM Image,product,0.00018668123811949044
ai_product_glm_image_product_07.png,true,GLM Image,product,0.17735782265663147
ai_product_seedream_v4_product_02.png,true,Seedream,product,0.0003274996706750244
ai_product_flux_schnell_product_01.png,true,Flux Schnell,product,0.00019953706942033023
ai_product_seedream_v3_product_01.png,true,Seedream,product,6.594364094780758e-05
ai_product_hunyuan_v3_product_06.png,true,Hunyuan v3,product,0.0007541468366980553
ai_product_gemini_3_pro_product_01.png,true,Gemini 3 Pro,product,1.9337032881594496e-06
ai_product_hunyuan_v3_product_07.png,true,Hunyuan v3,product,0.0008279737667180598
ai_product_seedream_v4_product_03.png,true,Seedream,product,0.0004904133384115994
ai_product_glm_image_product_06.png,true,GLM Image,product,0.0003520732279866934
ai_food_seedream_v3_food_02.png,true,Seedream,food,0.009644851088523865
ai_food_gemini_3_pro_food_04.png,true,Gemini 3 Pro,food,4.244897354510613e-05
ai_food_gemini_3_pro_food_10.png,true,Gemini 3 Pro,food,1.734606144054851e-06
ai_food_flux_schnell_food_03.png,true,Flux Schnell,food,4.457355316844769e-06
ai_food_glm_image_food_08.png,true,GLM Image,food,0.05521788448095322
ai_food_leonardo_phoenix_food_05.png,true,Leonardo Phoenix,food,0.9996862411499023
ai_food_gpt_image_1.5_food_01.png,true,Gpt,food,0.0002157318958779797
ai_food_flux_pro_v1.1_food_05.png,true,Flux Pro v1.1,food,1.4685483620269224e-05
ai_food_flux_pro_v1.1_food_04.png,true,Flux Pro v1.1,food,0.0008923387504182756
ai_food_flux_pro_v1.1_food_10.png,true,Flux Pro v1.1,food,3.571646175259957e-06
ai_food_leonardo_phoenix_food_04.png,true,Leonardo Phoenix,food,0.7565157413482666
ai_food_glm_image_food_09.png,true,GLM Image,food,0.0020878927316516638
ai_food_leonardo_phoenix_food_10.png,true,Leonardo Phoenix,food,0.941030740737915
ai_food_flux_schnell_food_02.png,true,Flux Schnell,food,0.005344660021364689
ai_food_gemini_3_pro_food_05.png,true,Gemini 3 Pro,food,1.6367242778869695e-06
ai_food_seedream_v3_food_03.png,true,Seedream,food,4.123862163396552e-05
ai_food_seedream_v3_food_01.png,true,Seedream,food,0.035052407532930374
ai_food_gemini_3_pro_food_07.png,true,Gemini 3 Pro,food,0.00595899811014533
ai_food_leonardo_phoenix_food_06.png,true,Leonardo Phoenix,food,0.023847078904509544
ai_food_gpt_image_1.5_food_02.png,true,Gpt,food,7.048887255223235e-06
ai_food_flux_pro_v1.1_food_06.png,true,Flux Pro v1.1,food,0.3873780369758606
ai_food_flux_pro_v1.1_food_07.png,true,Flux Pro v1.1,food,0.0024795071221888065
ai_food_gpt_image_1.5_food_03.png,true,Gpt,food,2.5594639737391844e-05
ai_food_leonardo_phoenix_food_07.png,true,Leonardo Phoenix,food,0.9938446283340454
ai_food_flux_schnell_food_01.png,true,Flux Schnell,food,2.7758875148720108e-05
ai_food_gemini_3_pro_food_06.png,true,Gemini 3 Pro,food,0.0005657931906171143
ai_food_seedream_v3_food_10.png,true,Seedream,food,1.1873593393829651e-05
ai_food_seedream_v3_food_04.png,true,Seedream,food,0.00017980103439185768
ai_food_seedream_v4_food_08.png,true,Seedream,food,5.341471842257306e-05
ai_food_gemini_3_pro_food_02.png,true,Gemini 3 Pro,food,1.535462070023641e-05
ai_food_flux_schnell_food_05.png,true,Flux Schnell,food,0.24649600684642792
ai_food_leonardo_phoenix_food_03.png,true,Leonardo Phoenix,food,0.0341796800494194
ai_food_gpt_image_1.5_food_07.png,true,Gpt,food,0.0007140072993934155
ai_food_flux_pro_v1.1_food_03.png,true,Flux Pro v1.1,food,0.003817776683717966
ai_food_flux_pro_v1.1_food_02.png,true,Flux Pro v1.1,food,6.65023981127888e-05
ai_food_gpt_image_1.5_food_06.png,true,Gpt,food,0.1346328854560852
ai_food_leonardo_phoenix_food_02.png,true,Leonardo Phoenix,food,0.0015081758610904217
ai_food_flux_schnell_food_04.png,true,Flux Schnell,food,1.1925940270884894e-06
ai_food_flux_schnell_food_10.png,true,Flux Schnell,food,7.431592621287564e-06
ai_food_gemini_3_pro_food_03.png,true,Gemini 3 Pro,food,1.578500700816221e-06
ai_food_seedream_v4_food_09.png,true,Seedream,food,0.03028220869600773
ai_food_seedream_v3_food_05.png,true,Seedream,food,3.859538082906511e-06
ai_food_seedream_v3_food_07.png,true,Seedream,food,8.901707042241469e-05
ai_food_ideogram_v3_food_09.png,true,Ideogram v3,food,3.110980469500646e-05
ai_food_gemini_3_pro_food_01.png,true,Gemini 3 Pro,food,2.363061412324896e-06
ai_food_flux_schnell_food_06.png,true,Flux Schnell,food,0.03955797851085663
ai_food_gpt_image_1.5_food_04.png,true,Gpt,food,0.0007778799044899642
ai_food_grok_aurora_food_09.png,true,Grok Aurora,food,6.95332491886802e-05
ai_food_gpt_image_1.5_food_10.png,true,Gpt,food,9.150114237854723e-06
ai_food_flux_pro_v1.1_food_01.png,true,Flux Pro v1.1,food,7.531070423283381e-06
ai_food_grok_aurora_food_08.png,true,Grok Aurora,food,0.9821616411209106
ai_food_gpt_image_1.5_food_05.png,true,Gpt,food,9.456753105041571e-07
ai_food_leonardo_phoenix_food_01.png,true,Leonardo Phoenix,food,0.9994460940361023
ai_food_flux_schnell_food_07.png,true,Flux Schnell,food,0.0002357452904107049
ai_food_ideogram_v3_food_08.png,true,Ideogram v3,food,0.5737208724021912
ai_food_seedream_v3_food_06.png,true,Seedream,food,0.034334272146224976
ai_food_sd_3.5_large_food_01.png,true,Sd,food,0.002737540751695633
ai_food_flux_2_flex_food_06.png,true,Flux,food,0.001520637422800064
ai_food_hunyuan_v3_food_08.png,true,Hunyuan v3,food,9.3698163254885e-06
ai_food_hunyuan_v3_food_09.png,true,Hunyuan v3,food,0.017481163144111633
ai_food_flux_2_flex_food_07.png,true,Flux,food,0.9063161015510559
ai_food_sd_3.5_large_food_02.png,true,Sd,food,0.00018975215789396316
ai_food_flux_2_flex_food_05.png,true,Flux,food,1.2392881671985378e-06
ai_food_qwen_2512_food_08.png,true,Qwen 2512,food,1.0372044016548898e-05
ai_food_z_image_food_09.png,true,Z,food,0.00028142164228484035
ai_food_z_image_food_08.png,true,Z,food,0.34844034910202026
ai_food_flux_2_flex_food_10.png,true,Flux,food,0.0003844168968498707
ai_food_flux_2_flex_food_04.png,true,Flux,food,0.23974071443080902
ai_food_qwen_2512_food_09.png,true,Qwen 2512,food,0.9769020676612854
ai_food_sd_3.5_large_food_03.png,true,Sd,food,5.4369567806134e-05
ai_food_sd_3.5_large_food_07.png,true,Sd,food,0.02439466305077076
ai_food_wan_v2.6_food_08.png,true,Wan v2.6,food,0.47916096448898315
ai_food_wan_v2.6_food_09.png,true,Wan v2.6,food,0.4990886449813843
ai_food_flux_2_flex_food_01.png,true,Flux,food,0.20291483402252197
ai_food_sd_3.5_large_food_06.png,true,Sd,food,0.23667334020137787
ai_food_sd_3.5_large_food_10.png,true,Sd,food,1.9923570562241366e-06
ai_food_sd_3.5_large_food_04.png,true,Sd,food,1.8118584193871357e-05
ai_food_recraft_v3_food_09.png,true,Recraft v3,food,0.0026436045300215483
ai_food_flux_2_flex_food_03.png,true,Flux,food,7.288400956895202e-05
ai_food_flux_2_flex_food_02.png,true,Flux,food,0.987775444984436
ai_food_sd_3.5_large_food_05.png,true,Sd,food,0.0017570832278579473
ai_food_recraft_v3_food_08.png,true,Recraft v3,food,0.7283276319503784
ai_food_sd_3.5_large_food_08.png,true,Sd,food,0.0022298151161521673
ai_food_recraft_v3_food_05.png,true,Recraft v3,food,0.06456156075000763
ai_food_qwen_2512_food_02.png,true,Qwen 2512,food,0.20414358377456665
ai_food_wan_v2.6_food_07.png,true,Wan v2.6,food,0.0023023150861263275
ai_food_hunyuan_v3_food_01.png,true,Hunyuan v3,food,0.01957087777554989
ai_food_z_image_food_03.png,true,Z,food,7.195286343630869e-06
ai_food_z_image_food_02.png,true,Z,food,0.00022771651856601238
ai_food_wan_v2.6_food_06.png,true,Wan v2.6,food,0.07209127396345139
ai_food_qwen_2512_food_03.png,true,Qwen 2512,food,5.719915498048067e-05
ai_food_recraft_v3_food_10.png,true,Recraft v3,food,0.00032864126842468977
ai_food_sd_3.5_large_food_09.png,true,Sd,food,0.0007526667905040085
ai_food_recraft_v3_food_04.png,true,Recraft v3,food,3.8352704905264545e-06
ai_food_recraft_v3_food_06.png,true,Recraft v3,food,0.0003254739858675748
ai_food_qwen_2512_food_01.png,true,Qwen 2512,food,0.9710018038749695
ai_food_wan_v2.6_food_04.png,true,Wan v2.6,food,0.8543186783790588
ai_food_wan_v2.6_food_10.png,true,Wan v2.6,food,1.1658389666990843e-06
ai_food_hunyuan_v3_food_02.png,true,Hunyuan v3,food,7.519203791161999e-05
ai_food_z_image_food_01.png,true,Z,food,2.073470795949106e-06
ai_food_hunyuan_v3_food_03.png,true,Hunyuan v3,food,0.001112671452574432
ai_food_wan_v2.6_food_05.png,true,Wan v2.6,food,0.0059448666870594025
ai_food_recraft_v3_food_07.png,true,Recraft v3,food,0.0005405631382018328
ai_food_recraft_v3_food_03.png,true,Recraft v3,food,0.000850873242598027
ai_food_wan_v2.6_food_01.png,true,Wan v2.6,food,3.405055758776143e-05
ai_food_qwen_2512_food_10.png,true,Qwen 2512,food,3.539794533935492e-06
ai_food_flux_2_flex_food_09.png,true,Flux,food,4.036262180306949e-05
ai_food_qwen_2512_food_04.png,true,Qwen 2512,food,0.043236080557107925
ai_food_hunyuan_v3_food_07.png,true,Hunyuan v3,food,0.0008389929425902665
ai_food_z_image_food_05.png,true,Z,food,7.217084203148261e-06
ai_food_z_image_food_04.png,true,Z,food,6.127343658590689e-05
ai_food_hunyuan_v3_food_06.png,true,Hunyuan v3,food,2.9271286621224135e-05
ai_food_z_image_food_10.png,true,Z,food,0.00013718422269448638
ai_food_flux_2_flex_food_08.png,true,Flux,food,0.04236089065670967
ai_food_qwen_2512_food_05.png,true,Qwen 2512,food,0.0003257552452851087
ai_food_recraft_v3_food_02.png,true,Recraft v3,food,0.0949903354048729
ai_food_wan_v2.6_food_02.png,true,Wan v2.6,food,0.026569325476884842
ai_food_qwen_2512_food_07.png,true,Qwen 2512,food,0.8644466996192932
ai_food_hunyuan_v3_food_04.png,true,Hunyuan v3,food,1.9873752535204403e-05
ai_food_z_image_food_06.png,true,Z,food,0.011464109644293785
ai_food_hunyuan_v3_food_10.png,true,Hunyuan v3,food,4.9470227168058045e-06
ai_food_z_image_food_07.png,true,Z,food,0.00011918042582692578
ai_food_hunyuan_v3_food_05.png,true,Hunyuan v3,food,4.6302315581669973e-07
ai_food_qwen_2512_food_06.png,true,Qwen 2512,food,0.8359848260879517
ai_food_wan_v2.6_food_03.png,true,Wan v2.6,food,0.00019168519065715373
ai_food_recraft_v3_food_01.png,true,Recraft v3,food,0.03377644717693329
ai_food_ideogram_v3_food_05.png,true,Ideogram v3,food,0.0009632095461711287
ai_food_seedream_v4_food_07.png,true,Seedream,food,0.0003427489718887955
ai_food_glm_image_food_01.png,true,GLM Image,food,0.9038312435150146
ai_food_grok_aurora_food_05.png,true,Grok Aurora,food,0.001094436040148139
ai_food_gpt_image_1.5_food_08.png,true,Gpt,food,0.009659085422754288
ai_food_gpt_image_1.5_food_09.png,true,Gpt,food,0.00011674109555315226
ai_food_grok_aurora_food_04.png,true,Grok Aurora,food,4.469338819035329e-05
ai_food_grok_aurora_food_10.png,true,Grok Aurora,food,2.525457603042014e-06
ai_food_seedream_v4_food_06.png,true,Seedream,food,0.012382980436086655
ai_food_ideogram_v3_food_10.png,true,Ideogram v3,food,1.3514992360796896e-06
ai_food_ideogram_v3_food_04.png,true,Ideogram v3,food,0.9000253677368164
ai_food_seedream_v3_food_08.png,true,Seedream,food,0.00018152380653191358
ai_food_seedream_v4_food_04.png,true,Seedream,food,1.0374408702773508e-05
ai_food_seedream_v4_food_10.png,true,Seedream,food,6.407566957022937e-07
ai_food_ideogram_v3_food_06.png,true,Ideogram v3,food,6.902678433107212e-05
ai_food_flux_schnell_food_09.png,true,Flux Schnell,food,0.00010464232036611065
ai_food_glm_image_food_02.png,true,GLM Image,food,1.3104468052915763e-05
ai_food_grok_aurora_food_06.png,true,Grok Aurora,food,0.0023793207947164774
ai_food_grok_aurora_food_07.png,true,Grok Aurora,food,0.0003971722035203129
ai_food_glm_image_food_03.png,true,GLM Image,food,3.0962204618845135e-05
ai_food_flux_schnell_food_08.png,true,Flux Schnell,food,0.00017995007510762662
ai_food_ideogram_v3_food_07.png,true,Ideogram v3,food,0.00010488366388017312
ai_food_seedream_v4_food_05.png,true,Seedream,food,9.783379027794581e-06
ai_food_seedream_v3_food_09.png,true,Seedream,food,0.0001566082937642932
ai_food_seedream_v4_food_01.png,true,Seedream,food,1.8786513464874588e-06
ai_food_ideogram_v3_food_03.png,true,Ideogram v3,food,0.020237555727362633
ai_food_glm_image_food_07.png,true,GLM Image,food,0.00021546588686760515
ai_food_grok_aurora_food_03.png,true,Grok Aurora,food,1.7358423065161332e-05
ai_food_grok_aurora_food_02.png,true,Grok Aurora,food,1.6323052477673627e-05
ai_food_glm_image_food_06.png,true,GLM Image,food,0.5764709711074829
ai_food_ideogram_v3_food_02.png,true,Ideogram v3,food,1.63249369506957e-05
ai_food_gemini_3_pro_food_08.png,true,Gemini 3 Pro,food,3.2292909963871352e-06
ai_food_seedream_v4_food_02.png,true,Seedream,food,6.362937710946426e-05
ai_food_leonardo_phoenix_food_09.png,true,Leonardo Phoenix,food,0.9999872446060181
ai_food_glm_image_food_10.png,true,GLM Image,food,0.00011138351692352444
ai_food_glm_image_food_04.png,true,GLM Image,food,0.0008388633723370731
ai_food_flux_pro_v1.1_food_09.png,true,Flux Pro v1.1,food,2.9474424081854522e-05
ai_food_flux_pro_v1.1_food_08.png,true,Flux Pro v1.1,food,0.0020105114672333
ai_food_grok_aurora_food_01.png,true,Grok Aurora,food,2.5027327865245752e-05
ai_food_glm_image_food_05.png,true,GLM Image,food,0.005037485156208277
ai_food_leonardo_phoenix_food_08.png,true,Leonardo Phoenix,food,0.31074124574661255
ai_food_seedream_v4_food_03.png,true,Seedream,food,3.689565119202598e-06
ai_food_ideogram_v3_food_01.png,true,Ideogram v3,food,7.844842912163585e-05
ai_food_gemini_3_pro_food_09.png,true,Gemini 3 Pro,food,5.620704177999869e-05
ai_animal_flux_pro_v1.1_animal_07.png,true,Flux Pro v1.1,animal,0.661052405834198
ai_animal_seedream_v3_animal_10.png,true,Seedream,animal,0.0027634126599878073
ai_animal_seedream_v3_animal_04.png,true,Seedream,animal,0.0001675477542448789
ai_animal_ideogram_v3_animal_03.png,true,Ideogram v3,animal,0.7727670669555664
ai_animal_flux_2_flex_animal_07.png,true,Flux,animal,7.042484503472224e-05
ai_animal_seedream_v4_animal_01.png,true,Seedream,animal,8.813029853627086e-05
ai_animal_flux_2_flex_animal_06.png,true,Flux,animal,0.9998927116394043
ai_animal_gemini_3_pro_animal_01.png,true,Gemini 3 Pro,animal,4.4354950659908354e-05
ai_animal_ideogram_v3_animal_02.png,true,Ideogram v3,animal,0.9920694828033447
ai_animal_seedream_v3_animal_05.png,true,Seedream,animal,7.94143124949187e-06
ai_animal_flux_pro_v1.1_animal_06.png,true,Flux Pro v1.1,animal,0.005177841056138277
ai_animal_flux_pro_v1.1_animal_04.png,true,Flux Pro v1.1,animal,0.9999123811721802
ai_animal_flux_pro_v1.1_animal_10.png,true,Flux Pro v1.1,animal,0.7029473781585693
ai_animal_seedream_v3_animal_07.png,true,Seedream,animal,0.3269621729850769
ai_animal_sd_3.5_large_animal_09.png,true,Sd,animal,0.008068129420280457
ai_animal_gemini_3_pro_animal_03.png,true,Gemini 3 Pro,animal,3.046060555789154e-05
ai_animal_flux_2_flex_animal_04.png,true,Flux,animal,0.06020502373576164
ai_animal_flux_2_flex_animal_10.png,true,Flux,animal,0.8204154968261719
ai_animal_seedream_v4_animal_03.png,true,Seedream,animal,0.0001000137344817631
ai_animal_seedream_v4_animal_02.png,true,Seedream,animal,0.06555688381195068
ai_animal_flux_2_flex_animal_05.png,true,Flux,animal,2.0945031792507507e-05
ai_animal_gemini_3_pro_animal_02.png,true,Gemini 3 Pro,animal,5.4015770729165524e-05
ai_animal_ideogram_v3_animal_01.png,true,Ideogram v3,animal,5.086826149636181e-06
ai_animal_sd_3.5_large_animal_08.png,true,Sd,animal,0.04481600597500801
ai_animal_seedream_v3_animal_06.png,true,Seedream,animal,0.5052083730697632
ai_animal_flux_pro_v1.1_animal_05.png,true,Flux Pro v1.1,animal,6.408896297216415e-06
ai_animal_seedream_v3_animal_02.png,true,Seedream,animal,0.9565838575363159
ai_animal_flux_pro_v1.1_animal_01.png,true,Flux Pro v1.1,animal,0.9984357953071594
ai_animal_gemini_3_pro_animal_06.png,true,Gemini 3 Pro,animal,1.0968583410431165e-05
ai_animal_ideogram_v3_animal_05.png,true,Ideogram v3,animal,0.00010281102731823921
ai_animal_flux_2_flex_animal_01.png,true,Flux,animal,0.9999855756759644
ai_animal_seedream_v4_animal_06.png,true,Seedream,animal,0.988269567489624
ai_animal_seedream_v4_animal_07.png,true,Seedream,animal,4.384574276627973e-05
ai_animal_ideogram_v3_animal_10.png,true,Ideogram v3,animal,0.0025234997738152742
ai_animal_ideogram_v3_animal_04.png,true,Ideogram v3,animal,0.002308063907548785
ai_animal_gemini_3_pro_animal_07.png,true,Gemini 3 Pro,animal,1.4790438171985443e-06
ai_animal_seedream_v3_animal_03.png,true,Seedream,animal,0.9992818236351013
ai_animal_seedream_v3_animal_01.png,true,Seedream,animal,0.013185717165470123
ai_animal_flux_pro_v1.1_animal_02.png,true,Flux Pro v1.1,animal,0.9970859885215759
ai_animal_gemini_3_pro_animal_05.png,true,Gemini 3 Pro,animal,5.3244839364197105e-06
ai_animal_ideogram_v3_animal_06.png,true,Ideogram v3,animal,0.9981799125671387
ai_animal_flux_2_flex_animal_02.png,true,Flux,animal,0.9989569187164307
ai_animal_seedream_v4_animal_05.png,true,Seedream,animal,4.547679054667242e-06
ai_animal_qwen_2512_animal_08.png,true,Qwen 2512,animal,0.8440850377082825
ai_animal_qwen_2512_animal_09.png,true,Qwen 2512,animal,0.00041345972567796707
ai_animal_seedream_v4_animal_10.png,true,Seedream,animal,3.2005873435991816e-06
ai_animal_seedream_v4_animal_04.png,true,Seedream,animal,0.005224564578384161
ai_animal_flux_2_flex_animal_03.png,true,Flux,animal,0.404704213142395
ai_animal_ideogram_v3_animal_07.png,true,Ideogram v3,animal,6.315188784355996e-06
ai_animal_gemini_3_pro_animal_04.png,true,Gemini 3 Pro,animal,3.309492285552551e-06
ai_animal_gemini_3_pro_animal_10.png,true,Gemini 3 Pro,animal,1.0031576493929606e-05
ai_animal_flux_pro_v1.1_animal_03.png,true,Flux Pro v1.1,animal,0.9996809959411621
ai_animal_flux_schnell_animal_01.png,true,Flux Schnell,animal,0.9999850988388062
ai_animal_z_image_animal_06.png,true,Z,animal,0.9999359846115112
ai_animal_grok_aurora_animal_10.png,true,Grok Aurora,animal,0.0076347170397639275
ai_animal_grok_aurora_animal_04.png,true,Grok Aurora,animal,0.003915645647794008
ai_animal_glm_image_animal_06.png,true,GLM Image,animal,0.9998189806938171
ai_animal_recraft_v3_animal_02.png,true,Recraft v3,animal,0.8414182066917419
ai_animal_glm_image_animal_07.png,true,GLM Image,animal,0.0537678562104702
ai_animal_recraft_v3_animal_03.png,true,Recraft v3,animal,0.0033521687146276236
ai_animal_grok_aurora_animal_05.png,true,Grok Aurora,animal,0.0001401480403728783
ai_animal_z_image_animal_07.png,true,Z,animal,0.01505139097571373
ai_animal_flux_schnell_animal_02.png,true,Flux Schnell,animal,0.99998939037323
ai_animal_z_image_animal_05.png,true,Z,animal,0.00018760663806460798
ai_animal_grok_aurora_animal_07.png,true,Grok Aurora,animal,5.009052870263986e-07
ai_animal_recraft_v3_animal_01.png,true,Recraft v3,animal,0.7623786926269531
ai_animal_glm_image_animal_05.png,true,GLM Image,animal,0.9999834299087524
ai_animal_glm_image_animal_10.png,true,GLM Image,animal,1.187483940157108e-05
ai_animal_glm_image_animal_04.png,true,GLM Image,animal,0.005619162227958441
ai_animal_grok_aurora_animal_06.png,true,Grok Aurora,animal,0.001997683197259903
ai_animal_z_image_animal_10.png,true,Z,animal,0.8282743692398071
ai_animal_z_image_animal_04.png,true,Z,animal,0.001875084824860096
ai_animal_flux_schnell_animal_03.png,true,Flux Schnell,animal,0.8701929450035095
ai_animal_flux_schnell_animal_07.png,true,Flux Schnell,animal,0.005573906935751438
ai_animal_wan_v2.6_animal_09.png,true,Wan v2.6,animal,0.00020301406038925052
ai_animal_hunyuan_v3_animal_09.png,true,Hunyuan v3,animal,1.6925594536587596e-05
ai_animal_grok_aurora_animal_02.png,true,Grok Aurora,animal,0.7824131846427917
ai_animal_recraft_v3_animal_04.png,true,Recraft v3,animal,0.5276385545730591
ai_animal_recraft_v3_animal_10.png,true,Recraft v3,animal,0.5608239769935608
ai_animal_gpt_image_1.5_animal_08.png,true,Gpt,animal,2.067860623355955e-05
ai_animal_gpt_image_1.5_animal_09.png,true,Gpt,animal,2.257485357404221e-05
ai_animal_glm_image_animal_01.png,true,GLM Image,animal,0.9798310399055481
ai_animal_recraft_v3_animal_05.png,true,Recraft v3,animal,2.548542761360295e-05
ai_animal_grok_aurora_animal_03.png,true,Grok Aurora,animal,0.6565763354301453
ai_animal_hunyuan_v3_animal_08.png,true,Hunyuan v3,animal,0.0067075565457344055
ai_animal_flux_schnell_animal_06.png,true,Flux Schnell,animal,0.9519752860069275
ai_animal_wan_v2.6_animal_08.png,true,Wan v2.6,animal,0.048079714179039
ai_animal_z_image_animal_01.png,true,Z,animal,0.9987419247627258
ai_animal_z_image_animal_03.png,true,Z,animal,0.21374554932117462
ai_animal_flux_schnell_animal_04.png,true,Flux Schnell,animal,0.04506329819560051
ai_animal_flux_schnell_animal_10.png,true,Flux Schnell,animal,0.9117223620414734
ai_animal_grok_aurora_animal_01.png,true,Grok Aurora,animal,3.3595413697184995e-05
ai_animal_leonardo_phoenix_animal_08.png,true,Leonardo Phoenix,animal,0.23106630146503448
ai_animal_recraft_v3_animal_07.png,true,Recraft v3,animal,0.0002699062169995159
ai_animal_glm_image_animal_03.png,true,GLM Image,animal,0.8854106664657593
ai_animal_recraft_v3_animal_06.png,true,Recraft v3,animal,0.9925715327262878
ai_animal_glm_image_animal_02.png,true,GLM Image,animal,0.9971833825111389
ai_animal_leonardo_phoenix_animal_09.png,true,Leonardo Phoenix,animal,0.9858760237693787
ai_animal_flux_schnell_animal_05.png,true,Flux Schnell,animal,9.262352250516415e-05
ai_animal_z_image_animal_02.png,true,Z,animal,0.11647927016019821
ai_animal_wan_v2.6_animal_06.png,true,Wan v2.6,animal,0.38588082790374756
ai_animal_flux_schnell_animal_08.png,true,Flux Schnell,animal,0.9978581070899963
ai_animal_hunyuan_v3_animal_06.png,true,Hunyuan v3,animal,0.0009444507886655629
ai_animal_leonardo_phoenix_animal_10.png,true,Leonardo Phoenix,animal,0.9999923706054688
ai_animal_leonardo_phoenix_animal_04.png,true,Leonardo Phoenix,animal,0.6756784319877625
ai_animal_gpt_image_1.5_animal_07.png,true,Gpt,animal,4.262547008693218e-05
ai_animal_gpt_image_1.5_animal_06.png,true,Gpt,animal,1.654689731367398e-05
ai_animal_leonardo_phoenix_animal_05.png,true,Leonardo Phoenix,animal,0.0020698020234704018
ai_animal_hunyuan_v3_animal_07.png,true,Hunyuan v3,animal,0.00010064880916615948
ai_animal_wan_v2.6_animal_07.png,true,Wan v2.6,animal,0.09531857818365097
ai_animal_flux_schnell_animal_09.png,true,Flux Schnell,animal,3.987596574006602e-05
ai_animal_wan_v2.6_animal_05.png,true,Wan v2.6,animal,0.00013369967928156257
ai_animal_hunyuan_v3_animal_05.png,true,Hunyuan v3,animal,0.00038473139284178615
ai_animal_leonardo_phoenix_animal_07.png,true,Leonardo Phoenix,animal,0.9980417490005493
ai_animal_recraft_v3_animal_08.png,true,Recraft v3,animal,0.03005238063633442
ai_animal_gpt_image_1.5_animal_04.png,true,Gpt,animal,0.00012109649833291769
ai_animal_gpt_image_1.5_animal_10.png,true,Gpt,animal,0.08274977654218674
ai_animal_gpt_image_1.5_animal_05.png,true,Gpt,animal,3.880930762534263e-06
ai_animal_recraft_v3_animal_09.png,true,Recraft v3,animal,0.4272385239601135
ai_animal_leonardo_phoenix_animal_06.png,true,Leonardo Phoenix,animal,0.03387836739420891
ai_animal_hunyuan_v3_animal_10.png,true,Hunyuan v3,animal,0.027105266228318214
ai_animal_hunyuan_v3_animal_04.png,true,Hunyuan v3,animal,8.022995461942628e-05
ai_animal_wan_v2.6_animal_10.png,true,Wan v2.6,animal,1.1340559467498679e-05
ai_animal_wan_v2.6_animal_04.png,true,Wan v2.6,animal,8.710543625056744e-06
ai_animal_z_image_animal_09.png,true,Z,animal,0.0008018363732844591
ai_animal_leonardo_phoenix_animal_02.png,true,Leonardo Phoenix,animal,0.9958294034004211
ai_animal_gpt_image_1.5_animal_01.png,true,Gpt,animal,0.00044661923311650753
ai_animal_glm_image_animal_09.png,true,GLM Image,animal,0.0005014643538743258
ai_animal_glm_image_animal_08.png,true,GLM Image,animal,0.7242700457572937
ai_animal_leonardo_phoenix_animal_03.png,true,Leonardo Phoenix,animal,0.17698507010936737
ai_animal_hunyuan_v3_animal_01.png,true,Hunyuan v3,animal,4.053206430398859e-05
ai_animal_z_image_animal_08.png,true,Z,animal,0.0668044462800026
ai_animal_wan_v2.6_animal_01.png,true,Wan v2.6,animal,0.0006810701452195644
ai_animal_wan_v2.6_animal_03.png,true,Wan v2.6,animal,2.1168145394767635e-05
ai_animal_grok_aurora_animal_08.png,true,Grok Aurora,animal,5.162720299267676e-06
ai_animal_hunyuan_v3_animal_03.png,true,Hunyuan v3,animal,0.9944199919700623
ai_animal_leonardo_phoenix_animal_01.png,true,Leonardo Phoenix,animal,0.8647539615631104
ai_animal_gpt_image_1.5_animal_02.png,true,Gpt,animal,0.00012787642481271178
ai_animal_gpt_image_1.5_animal_03.png,true,Gpt,animal,0.00018957926658913493
ai_animal_hunyuan_v3_animal_02.png,true,Hunyuan v3,animal,0.960954487323761
ai_animal_grok_aurora_animal_09.png,true,Grok Aurora,animal,9.919822332449257e-06
ai_animal_wan_v2.6_animal_02.png,true,Wan v2.6,animal,2.836356316038291e-06
ai_animal_sd_3.5_large_animal_03.png,true,Sd,animal,6.073555414332077e-05
ai_animal_gemini_3_pro_animal_09.png,true,Gemini 3 Pro,animal,5.4523567087017e-05
ai_animal_qwen_2512_animal_04.png,true,Qwen 2512,animal,8.160250217770226e-06
ai_animal_seedream_v4_animal_09.png,true,Seedream,animal,7.559360142295191e-07
ai_animal_qwen_2512_animal_10.png,true,Qwen 2512,animal,0.6010503768920898
ai_animal_seedream_v4_animal_08.png,true,Seedream,animal,2.493903139111353e-06
ai_animal_qwen_2512_animal_05.png,true,Qwen 2512,animal,1.0795854905154556e-05
ai_animal_gemini_3_pro_animal_08.png,true,Gemini 3 Pro,animal,1.4211622101356625e-06
ai_animal_sd_3.5_large_animal_02.png,true,Sd,animal,0.8941725492477417
ai_animal_ideogram_v3_animal_09.png,true,Ideogram v3,animal,0.008785733953118324
ai_animal_qwen_2512_animal_07.png,true,Qwen 2512,animal,8.840427472023293e-05
ai_animal_qwen_2512_animal_06.png,true,Qwen 2512,animal,0.9698923826217651
ai_animal_ideogram_v3_animal_08.png,true,Ideogram v3,animal,5.34400555807224e-07
ai_animal_sd_3.5_large_animal_01.png,true,Sd,animal,0.0012837026733905077
ai_animal_flux_pro_v1.1_animal_08.png,true,Flux Pro v1.1,animal,2.7509471692610532e-05
ai_animal_sd_3.5_large_animal_05.png,true,Sd,animal,8.552027429686859e-05
ai_animal_flux_2_flex_animal_08.png,true,Flux,animal,0.0017905470449477434
ai_animal_qwen_2512_animal_02.png,true,Qwen 2512,animal,0.001037265406921506
ai_animal_qwen_2512_animal_03.png,true,Qwen 2512,animal,0.18985414505004883
ai_animal_flux_2_flex_animal_09.png,true,Flux,animal,0.3438006341457367
ai_animal_sd_3.5_large_animal_10.png,true,Sd,animal,0.8955436944961548
ai_animal_sd_3.5_large_animal_04.png,true,Sd,animal,5.770896223111777e-06
ai_animal_flux_pro_v1.1_animal_09.png,true,Flux Pro v1.1,animal,9.740802488522604e-05
ai_animal_seedream_v3_animal_08.png,true,Seedream,animal,8.249183338193689e-06
ai_animal_sd_3.5_large_animal_06.png,true,Sd,animal,0.8985624313354492
ai_animal_qwen_2512_animal_01.png,true,Qwen 2512,animal,0.9971502423286438
ai_animal_sd_3.5_large_animal_07.png,true,Sd,animal,0.0005581417353823781
ai_animal_seedream_v3_animal_09.png,true,Seedream,animal,4.250758502166718e-05
ai_landscape_gemini_3_pro_landscape_04.png,true,Gemini 3 Pro,landscape,7.833510608179495e-05
ai_landscape_gemini_3_pro_landscape_10.png,true,Gemini 3 Pro,landscape,3.258033757447265e-05
ai_landscape_flux_schnell_landscape_01.png,true,Flux Schnell,landscape,0.00045720540219917893
ai_landscape_gemini_3_pro_landscape_05.png,true,Gemini 3 Pro,landscape,5.772856184194097e-06
ai_landscape_gpt_image_1.5_landscape_08.png,true,Gpt,landscape,0.7663631439208984
ai_landscape_hunyuan_v3_landscape_09.png,true,Hunyuan v3,landscape,5.867053914698772e-06
ai_landscape_sd_3.5_large_landscape_09.png,true,Sd,landscape,5.9025669543189e-06
ai_landscape_gemini_3_pro_landscape_07.png,true,Gemini 3 Pro,landscape,0.00019183768017683178
ai_landscape_flux_schnell_landscape_02.png,true,Flux Schnell,landscape,1.2918566426378675e-05
ai_landscape_flux_schnell_landscape_03.png,true,Flux Schnell,landscape,0.009374557994306087
ai_landscape_gemini_3_pro_landscape_06.png,true,Gemini 3 Pro,landscape,0.00017817103071138263
ai_landscape_sd_3.5_large_landscape_08.png,true,Sd,landscape,6.610324635403231e-05
ai_landscape_hunyuan_v3_landscape_08.png,true,Hunyuan v3,landscape,2.758879872999387e-06
ai_landscape_gpt_image_1.5_landscape_09.png,true,Gpt,landscape,0.00020738558669108897
ai_landscape_gemini_3_pro_landscape_02.png,true,Gemini 3 Pro,landscape,2.2871818146086298e-05
ai_landscape_flux_schnell_landscape_07.png,true,Flux Schnell,landscape,0.00101707992143929
ai_landscape_flux_schnell_landscape_06.png,true,Flux Schnell,landscape,4.226215969538316e-05
ai_landscape_gemini_3_pro_landscape_03.png,true,Gemini 3 Pro,landscape,0.00014309794642031193
ai_landscape_gemini_3_pro_landscape_01.png,true,Gemini 3 Pro,landscape,0.004757669288665056
ai_landscape_z_image_landscape_09.png,true,Z,landscape,0.0631011426448822
ai_landscape_flux_schnell_landscape_04.png,true,Flux Schnell,landscape,0.00026990287005901337
ai_landscape_flux_schnell_landscape_10.png,true,Flux Schnell,landscape,2.5533020675538864e-07
ai_landscape_flux_schnell_landscape_05.png,true,Flux Schnell,landscape,2.2976559193921275e-05
ai_landscape_z_image_landscape_08.png,true,Z,landscape,0.00018540896417107433
ai_landscape_leonardo_phoenix_landscape_04.png,true,Leonardo Phoenix,landscape,0.011850758455693722
ai_landscape_flux_pro_v1.1_landscape_04.png,true,Flux Pro v1.1,landscape,0.00046308868331834674
ai_landscape_flux_pro_v1.1_landscape_10.png,true,Flux Pro v1.1,landscape,8.393839721065888e-07
ai_landscape_ideogram_v3_landscape_08.png,true,Ideogram v3,landscape,5.710220989385562e-07
ai_landscape_qwen_2512_landscape_08.png,true,Qwen 2512,landscape,0.10257083177566528
ai_landscape_grok_aurora_landscape_03.png,true,Grok Aurora,landscape,0.0014442894607782364
ai_landscape_wan_v2.6_landscape_05.png,true,Wan v2.6,landscape,0.0004273109370842576
ai_landscape_recraft_v3_landscape_09.png,true,Recraft v3,landscape,0.06952790915966034
ai_landscape_seedream_v4_landscape_05.png,true,Seedream,landscape,0.02822580188512802
ai_landscape_seedream_v4_landscape_04.png,true,Seedream,landscape,0.00011654811532935128
ai_landscape_seedream_v4_landscape_10.png,true,Seedream,landscape,6.716470670653507e-05
ai_landscape_recraft_v3_landscape_08.png,true,Recraft v3,landscape,0.03936701640486717
ai_landscape_wan_v2.6_landscape_04.png,true,Wan v2.6,landscape,0.0009727129945531487
ai_landscape_wan_v2.6_landscape_10.png,true,Wan v2.6,landscape,1.0916569408436771e-06
ai_landscape_grok_aurora_landscape_02.png,true,Grok Aurora,landscape,0.00013084575766697526
ai_landscape_qwen_2512_landscape_09.png,true,Qwen 2512,landscape,6.513752305181697e-05
ai_landscape_ideogram_v3_landscape_09.png,true,Ideogram v3,landscape,7.829324204067234e-06
ai_landscape_flux_pro_v1.1_landscape_05.png,true,Flux Pro v1.1,landscape,0.0021098856814205647
ai_landscape_leonardo_phoenix_landscape_07.png,true,Leonardo Phoenix,landscape,0.9037150144577026
ai_landscape_flux_2_flex_landscape_08.png,true,Flux,landscape,0.0010031320853158832
ai_landscape_seedream_v3_landscape_08.png,true,Seedream,landscape,8.618405263405293e-05
ai_landscape_glm_image_landscape_09.png,true,GLM Image,landscape,0.0006433918024413288
ai_landscape_flux_pro_v1.1_landscape_07.png,true,Flux Pro v1.1,landscape,0.00014819964417256415
ai_landscape_wan_v2.6_landscape_06.png,true,Wan v2.6,landscape,0.1942274570465088
ai_landscape_seedream_v4_landscape_06.png,true,Seedream,landscape,1.9507904653437436e-05
ai_landscape_seedream_v4_landscape_07.png,true,Seedream,landscape,0.018654759973287582
ai_landscape_wan_v2.6_landscape_07.png,true,Wan v2.6,landscape,0.0002303463261341676
ai_landscape_grok_aurora_landscape_01.png,true,Grok Aurora,landscape,0.23493126034736633
ai_landscape_flux_pro_v1.1_landscape_06.png,true,Flux Pro v1.1,landscape,4.0885337512008846e-05
ai_landscape_glm_image_landscape_08.png,true,GLM Image,landscape,0.8650829195976257
ai_landscape_seedream_v3_landscape_09.png,true,Seedream,landscape,0.0006892436649650335
ai_landscape_flux_2_flex_landscape_09.png,true,Flux,landscape,4.648801677831216e-06
ai_landscape_leonardo_phoenix_landscape_06.png,true,Leonardo Phoenix,landscape,0.9999403953552246
ai_landscape_leonardo_phoenix_landscape_02.png,true,Leonardo Phoenix,landscape,0.02109905332326889
ai_landscape_flux_pro_v1.1_landscape_02.png,true,Flux Pro v1.1,landscape,0.0004653430078178644
ai_landscape_grok_aurora_landscape_05.png,true,Grok Aurora,landscape,2.2088372134021483e-05
ai_landscape_wan_v2.6_landscape_03.png,true,Wan v2.6,landscape,0.9980595707893372
ai_landscape_seedream_v4_landscape_03.png,true,Seedream,landscape,0.00012509370571933687
ai_landscape_seedream_v4_landscape_02.png,true,Seedream,landscape,2.9854940294171683e-05
ai_landscape_wan_v2.6_landscape_02.png,true,Wan v2.6,landscape,0.009427178651094437
ai_landscape_grok_aurora_landscape_04.png,true,Grok Aurora,landscape,0.922166645526886
ai_landscape_grok_aurora_landscape_10.png,true,Grok Aurora,landscape,2.8859531084890477e-06
ai_landscape_flux_pro_v1.1_landscape_03.png,true,Flux Pro v1.1,landscape,0.34205111861228943
ai_landscape_leonardo_phoenix_landscape_03.png,true,Leonardo Phoenix,landscape,0.7916154265403748
ai_landscape_leonardo_phoenix_landscape_01.png,true,Leonardo Phoenix,landscape,0.6041526794433594
ai_landscape_flux_pro_v1.1_landscape_01.png,true,Flux Pro v1.1,landscape,0.010360967367887497
ai_landscape_grok_aurora_landscape_06.png,true,Grok Aurora,landscape,0.9896727800369263
ai_landscape_seedream_v4_landscape_01.png,true,Seedream,landscape,0.0001703340094536543
ai_landscape_wan_v2.6_landscape_01.png,true,Wan v2.6,landscape,0.0627189502120018
ai_landscape_grok_aurora_landscape_07.png,true,Grok Aurora,landscape,0.9988154172897339
ai_landscape_flux_2_flex_landscape_02.png,true,Flux,landscape,0.0017655458068475127
ai_landscape_glm_image_landscape_03.png,true,GLM Image,landscape,0.564427375793457
ai_landscape_seedream_v3_landscape_02.png,true,Seedream,landscape,1.8579476090962999e-06
ai_landscape_ideogram_v3_landscape_01.png,true,Ideogram v3,landscape,3.4096538001904264e-05
ai_landscape_qwen_2512_landscape_01.png,true,Qwen 2512,landscape,0.13150225579738617
ai_landscape_recraft_v3_landscape_01.png,true,Recraft v3,landscape,0.9891267418861389
ai_landscape_seedream_v3_landscape_03.png,true,Seedream,landscape,0.002013889839872718
ai_landscape_glm_image_landscape_02.png,true,GLM Image,landscape,0.015046565793454647
ai_landscape_flux_2_flex_landscape_03.png,true,Flux,landscape,0.9679995775222778
ai_landscape_flux_2_flex_landscape_01.png,true,Flux,landscape,0.9989390969276428
ai_landscape_seedream_v3_landscape_01.png,true,Seedream,landscape,0.2033057063817978
ai_landscape_ideogram_v3_landscape_02.png,true,Ideogram v3,landscape,3.0876976779836696e-06
ai_landscape_qwen_2512_landscape_02.png,true,Qwen 2512,landscape,0.0006979679455980659
ai_landscape_grok_aurora_landscape_09.png,true,Grok Aurora,landscape,4.155078931944445e-05
ai_landscape_recraft_v3_landscape_03.png,true,Recraft v3,landscape,0.9793682098388672
ai_landscape_recraft_v3_landscape_02.png,true,Recraft v3,landscape,0.04267605021595955
ai_landscape_grok_aurora_landscape_08.png,true,Grok Aurora,landscape,2.4496421247022226e-06
ai_landscape_qwen_2512_landscape_03.png,true,Qwen 2512,landscape,0.0001594721688888967
ai_landscape_ideogram_v3_landscape_03.png,true,Ideogram v3,landscape,0.0005397236673161387
ai_landscape_glm_image_landscape_01.png,true,GLM Image,landscape,0.9501003623008728
ai_landscape_flux_2_flex_landscape_10.png,true,Flux,landscape,1.098191546589078e-06
ai_landscape_flux_2_flex_landscape_04.png,true,Flux,landscape,0.09413668513298035
ai_landscape_seedream_v3_landscape_10.png,true,Seedream,landscape,1.0349746162319207e-06
ai_landscape_seedream_v3_landscape_04.png,true,Seedream,landscape,4.711915607913397e-05
ai_landscape_glm_image_landscape_05.png,true,GLM Image,landscape,0.000284903944702819
ai_landscape_ideogram_v3_landscape_07.png,true,Ideogram v3,landscape,0.9977900981903076
ai_landscape_qwen_2512_landscape_07.png,true,Qwen 2512,landscape,0.4540008306503296
ai_landscape_recraft_v3_landscape_06.png,true,Recraft v3,landscape,0.057627033442258835
ai_landscape_recraft_v3_landscape_07.png,true,Recraft v3,landscape,0.9283920526504517
ai_landscape_qwen_2512_landscape_06.png,true,Qwen 2512,landscape,0.7266367673873901
ai_landscape_ideogram_v3_landscape_06.png,true,Ideogram v3,landscape,3.0019673431525007e-05
ai_landscape_glm_image_landscape_10.png,true,GLM Image,landscape,0.0006477237911894917
ai_landscape_glm_image_landscape_04.png,true,GLM Image,landscape,0.0007537610945291817
ai_landscape_seedream_v3_landscape_05.png,true,Seedream,landscape,7.84976509748958e-06
ai_landscape_flux_2_flex_landscape_05.png,true,Flux,landscape,9.614166629035026e-06
ai_landscape_flux_2_flex_landscape_07.png,true,Flux,landscape,0.07862567901611328
ai_landscape_leonardo_phoenix_landscape_08.png,true,Leonardo Phoenix,landscape,0.8967698812484741
ai_landscape_seedream_v3_landscape_07.png,true,Seedream,landscape,5.3370065870694816e-05
ai_landscape_glm_image_landscape_06.png,true,GLM Image,landscape,0.8841928243637085
ai_landscape_flux_pro_v1.1_landscape_08.png,true,Flux Pro v1.1,landscape,1.2954453268321231e-05
ai_landscape_ideogram_v3_landscape_10.png,true,Ideogram v3,landscape,6.801566883041232e-07
ai_landscape_ideogram_v3_landscape_04.png,true,Ideogram v3,landscape,0.01538777258247137
ai_landscape_qwen_2512_landscape_10.png,true,Qwen 2512,landscape,2.778514044621261e-06
ai_landscape_qwen_2512_landscape_04.png,true,Qwen 2512,landscape,0.00021322944667190313
ai_landscape_wan_v2.6_landscape_09.png,true,Wan v2.6,landscape,4.527772489382187e-06
ai_landscape_recraft_v3_landscape_05.png,true,Recraft v3,landscape,0.11343155056238174
ai_landscape_seedream_v4_landscape_09.png,true,Seedream,landscape,0.0002805873809847981
ai_landscape_seedream_v4_landscape_08.png,true,Seedream,landscape,2.1729514628532343e-05
ai_landscape_recraft_v3_landscape_10.png,true,Recraft v3,landscape,0.16625596582889557
ai_landscape_recraft_v3_landscape_04.png,true,Recraft v3,landscape,0.0005539765115827322
ai_landscape_wan_v2.6_landscape_08.png,true,Wan v2.6,landscape,0.6145983934402466
ai_landscape_qwen_2512_landscape_05.png,true,Qwen 2512,landscape,0.004383264575153589
ai_landscape_ideogram_v3_landscape_05.png,true,Ideogram v3,landscape,3.620546294769156e-06
ai_landscape_flux_pro_v1.1_landscape_09.png,true,Flux Pro v1.1,landscape,0.0005899649113416672
ai_landscape_glm_image_landscape_07.png,true,GLM Image,landscape,0.5691115260124207
ai_landscape_seedream_v3_landscape_06.png,true,Seedream,landscape,1.7840799046098255e-05
ai_landscape_leonardo_phoenix_landscape_09.png,true,Leonardo Phoenix,landscape,0.9999485015869141
ai_landscape_flux_2_flex_landscape_06.png,true,Flux,landscape,0.640770673751831
ai_landscape_gpt_image_1.5_landscape_02.png,true,Gpt,landscape,2.79591422440717e-05
ai_landscape_hunyuan_v3_landscape_03.png,true,Hunyuan v3,landscape,1.8349594029132277e-05
ai_landscape_z_image_landscape_05.png,true,Z,landscape,0.0005321899661794305
ai_landscape_sd_3.5_large_landscape_03.png,true,Sd,landscape,0.9924154281616211
ai_landscape_flux_schnell_landscape_08.png,true,Flux Schnell,landscape,1.1024972991435789e-05
ai_landscape_flux_schnell_landscape_09.png,true,Flux Schnell,landscape,0.00011088204337283969
ai_landscape_z_image_landscape_10.png,true,Z,landscape,0.006783811375498772
ai_landscape_sd_3.5_large_landscape_02.png,true,Sd,landscape,8.726349733478855e-06
ai_landscape_z_image_landscape_04.png,true,Z,landscape,0.8758305907249451
ai_landscape_hunyuan_v3_landscape_02.png,true,Hunyuan v3,landscape,3.03386987070553e-05
ai_landscape_gpt_image_1.5_landscape_03.png,true,Gpt,landscape,0.00047083766548894346
ai_landscape_gpt_image_1.5_landscape_01.png,true,Gpt,landscape,0.055969856679439545
ai_landscape_z_image_landscape_06.png,true,Z,landscape,0.02173599600791931
ai_landscape_sd_3.5_large_landscape_01.png,true,Sd,landscape,0.009877710603177547
ai_landscape_z_image_landscape_07.png,true,Z,landscape,0.020094314590096474
ai_landscape_hunyuan_v3_landscape_01.png,true,Hunyuan v3,landscape,0.00012659112690016627
ai_landscape_gpt_image_1.5_landscape_04.png,true,Gpt,landscape,0.025708792731165886
ai_landscape_gpt_image_1.5_landscape_10.png,true,Gpt,landscape,1.8043498357656063e-06
ai_landscape_hunyuan_v3_landscape_05.png,true,Hunyuan v3,landscape,1.4362342426466057e-06
ai_landscape_sd_3.5_large_landscape_05.png,true,Sd,landscape,0.00468975305557251
ai_landscape_z_image_landscape_03.png,true,Z,landscape,0.969572126865387
ai_landscape_z_image_landscape_02.png,true,Z,landscape,0.47606250643730164
ai_landscape_sd_3.5_large_landscape_04.png,true,Sd,landscape,0.0007599740056321025
ai_landscape_sd_3.5_large_landscape_10.png,true,Sd,landscape,2.817313088598894e-06
ai_landscape_hunyuan_v3_landscape_04.png,true,Hunyuan v3,landscape,0.00011312224523862824
ai_landscape_hunyuan_v3_landscape_10.png,true,Hunyuan v3,landscape,2.0871857486781664e-06
ai_landscape_gpt_image_1.5_landscape_05.png,true,Gpt,landscape,0.0007064719102345407
ai_landscape_gpt_image_1.5_landscape_07.png,true,Gpt,landscape,0.0001161632317234762
ai_landscape_hunyuan_v3_landscape_06.png,true,Hunyuan v3,landscape,1.958167922566645e-05
ai_landscape_sd_3.5_large_landscape_06.png,true,Sd,landscape,0.0003570322587620467
ai_landscape_gemini_3_pro_landscape_08.png,true,Gemini 3 Pro,landscape,1.0089718671224546e-05
ai_landscape_gemini_3_pro_landscape_09.png,true,Gemini 3 Pro,landscape,1.563773002999369e-05
ai_landscape_z_image_landscape_01.png,true,Z,landscape,0.0010027765529230237
ai_landscape_sd_3.5_large_landscape_07.png,true,Sd,landscape,8.478904055664316e-05
ai_landscape_hunyuan_v3_landscape_07.png,true,Hunyuan v3,landscape,0.0008637839346192777
ai_landscape_gpt_image_1.5_landscape_06.png,true,Gpt,landscape,5.0928334530908614e-05
real_art_art_79_oil_painting_of_countryside_landscape_in_frame.jpg,false,,art,0.07219916582107544
real_art_art_163_tLQRMO33DeI.jpg,false,,art,0.002302720444276929
real_art_art_082_wzSfjeKGiLk.jpg,false,,art,0.00036901558632962406
real_art_art_114_11SmxL6FI1A.jpg,false,,art,1.1713460480677895e-05
real_art_art_58_watercolor_landscape_painting.jpg,false,,art,0.00013914986629970372
real_art_art_040_T2LEdBxpm54.jpg,false,,art,0.000183699608896859
real_art_art_105_HzNNbeGmJko.jpg,false,,art,1.9580724256229587e-05
real_art_art_68_vintage_botanical_illustration.jpg,false,,art,0.004064524546265602
real_art_art_164_GoJrwnPNPbg.jpg,false,,art,4.4310017983661965e-06
real_art_art_73_colorful_street_art_graffiti_mural.jpg,false,,art,0.0021339687518775463
real_art_art_112_zelgyeLINKc.jpg,false,,art,8.864925621310249e-05
real_art_art_034_bkY4pok-UM0.jpg,false,,art,2.550588646954566e-07
real_art_art_132_xnyXLEyE8L0.jpg,false,,art,7.167152216425166e-05
real_art_art_149_fnoCqGw7AMg.jpg,false,,art,3.240748992539011e-05
real_art_art_166_vDZCV1akWss.jpg,false,,art,2.3424772734870203e-06
real_art_art_113_Cn2YpUFVkCo.jpg,false,,art,2.7517289709066972e-05
real_art_art_78_mosaic_tile_artwork_pattern.jpg,false,,art,0.000335845717927441
real_art_art_72_pastel_colors_watercolor_wash.jpg,false,,art,0.00013914986629970372
real_art_art_074_QTWm4dJ_Z2E.jpg,false,,art,3.285581624368206e-05
real_art_art_65_abstract_geometric_modern_art.jpg,false,,art,2.0947647499269806e-05
real_art_art_056_riFTrh0K4pg.jpg,false,,art,5.229153885011328e-06
real_art_art_096_gzXhH-RiydU.jpg,false,,art,7.64167052693665e-05
real_art_art_094_JqpsJelnXb8.jpg,false,,art,0.0048334309831261635
real_art_art_56_pencil_and_watercolor_art_supplies_on_table.jpg,false,,art,9.210504686052445e-06
real_art_art_160_PDAzh1rSIa8.jpg,false,,art,0.00012043642345815897
real_art_art_152_uH3wpt7gKnQ.jpg,false,,art,0.0019877704326063395
real_art_art_088_8qigdir-PfA.jpg,false,,art,3.257269781897776e-05
real_art_art_070_AYYbqlo5af0.jpg,false,,art,5.331551619747188e-06
real_art_art_80_digital_art_printed_on_gallery_wall.jpg,false,,art,9.946590580511838e-05
real_art_art_120_NiV9YsPFhM8.jpg,false,,art,1.5843501387280412e-05
real_art_art_093_3qoP52UWFiY.jpg,false,,art,1.0595064850349445e-05
real_art_art_092_IhDDZyvwwC4.jpg,false,,art,1.786271695891628e-06
real_art_art_108_XOyxignLq1E.jpg,false,,art,0.00012351488112471998
real_art_art_127_P2LmtHXV2Wc.jpg,false,,art,2.575122834969079e-06
real_art_art_104_gQxrO5kOABU.jpg,false,,art,1.1782890396716539e-05
real_art_art_097_hBhfEXkihOs.jpg,false,,art,0.015501778572797775
real_art_art_085_Zm74mm1xEDY.jpg,false,,art,4.351824100012891e-05
real_art_art_050_hyoJJZd_hhI.jpg,false,,art,3.2542152439418714e-06
real_art_art_053_jdhYNL0KrCA.jpg,false,,art,0.000174054061062634
real_art_art_045_dFA5XycbhoQ.jpg,false,,art,0.005232218187302351
real_art_art_057_m-e3AFsfOs0.jpg,false,,art,5.605278056464158e-05
real_art_art_033_cpAKc-G6lPg.jpg,false,,art,7.834529469619156e-07
real_art_art_159_U0_hlwXFLn0.jpg,false,,art,2.8959998417121824e-06
real_art_art_051_PHdLDymaV90.jpg,false,,art,2.66280108007777e-06
real_art_art_170_Vbbz9pZmn5o.jpg,false,,art,3.275791823398322e-05
real_art_art_046_DQZl8fxpSp8.jpg,false,,art,2.0624936496460577e-06
real_art_art_118_BsAzhHIIwxg.jpg,false,,art,2.4020668206503615e-05
real_art_art_117_5MteLUU9FGI.jpg,false,,art,4.717881893157028e-05
real_art_art_66_still_life_oil_painting_with_fruit.jpg,false,,art,1.9168233848176897e-05
real_art_art_121_iKPxCjUU_bg.jpg,false,,art,1.2747306755045429e-05
real_art_art_157_8ezfg5oYHNY.jpg,false,,art,7.898611897871888e-07
real_art_art_081_w5bYMd9leus.jpg,false,,art,7.393387591037026e-07
real_art_art_062_dP9U-tIfU3M.jpg,false,,art,1.3007686902710702e-05
real_art_art_032_puf8VwPLAug.jpg,false,,art,0.00024223513901233673
real_art_art_119_iplwfXCe8a4.jpg,false,,art,7.538816589658381e-06
real_art_art_142_svOht0lwbyk.jpg,false,,art,0.0005895182839594781
real_art_art_068_J7w12ShptC0.jpg,false,,art,5.279453034745529e-06
real_art_art_147_oZKmdQlIVds.jpg,false,,art,0.3839031457901001
real_art_art_145_E_JDMtW_l0Y.jpg,false,,art,0.0024389137979596853
real_art_art_52_watercolor_painting_supplies_on_table.jpg,false,,art,9.210504686052445e-06
real_art_art_144_8XIAf776Fqg.jpg,false,,art,2.391224006714765e-05
real_art_art_126_wpw8sHoBtSY.jpg,false,,art,0.004141229670494795
real_art_art_066_OnAwhivaqrU.jpg,false,,art,7.284127786988392e-05
real_art_art_124_VHX-eIns4Wo.jpg,false,,art,2.4944121832959354e-05
real_art_art_158_I0QTg9ctFDY.jpg,false,,art,1.7808977645472623e-05
real_art_art_128_XzG9XYwxgXc.jpg,false,,art,1.4051871403353289e-05
real_art_art_62_impressionist_landscape_painting_in_ornate_frame.jpg,false,,art,0.001837690593674779
real_art_art_047_OfTVSQTuQ5Y.jpg,false,,art,3.143208459732705e-06
real_art_art_098_sKHf8VwwFdo.jpg,false,,art,1.334765670435445e-06
real_art_art_130_D1IS5s5O9xo.jpg,false,,art,0.00010502609075047076
real_art_art_129_0RTmv1Kx9Qk.jpg,false,,art,0.0009492229437455535
real_art_art_136_rGu8w3QP48o.jpg,false,,art,8.757719456298219e-07
real_art_art_060_BXkYKWKL7TA.jpg,false,,art,9.138062750935205e-07
real_art_art_123__yrdstGC_rg.jpg,false,,art,1.7963831169254263e-06
real_art_art_64_colorful_mural_on_building_exterior.jpg,false,,art,0.00011914019705727696
real_art_art_071_n00dm9FBwrs.jpg,false,,art,0.008076743222773075
real_art_art_064_1cVQMljvsnw.jpg,false,,art,0.0005937163368798792
real_art_art_107_7xemAmqHhLc.jpg,false,,art,5.704267096007243e-06
real_art_art_091_IF9x9SGOh1w.jpg,false,,art,3.489290611469187e-05
real_art_art_058_TOcmDVAo2jo.jpg,false,,art,5.788749604107579e-06
real_art_art_150_1CcjT68gMRM.jpg,false,,art,0.021819528192281723
real_art_art_100_9pU5knbOtgY.jpg,false,,art,1.6167090279850527e-06
real_art_art_083_jBV3_PRk1-U.jpg,false,,art,2.0267940271878615e-05
real_art_art_035_S0c_wsCmlXE.jpg,false,,art,5.0284265853406396e-06
real_art_art_122_nnIzqn6B6fA.jpg,false,,art,4.9764719733502716e-05
real_art_art_099_3kIPqGmmgwI.jpg,false,,art,6.827940524090081e-05
real_art_art_141_vsYrMcvb5nQ.jpg,false,,art,1.1478541637188755e-06
real_art_art_70_art_gallery_interior_with_paintings_on_walls.jpg,false,,art,0.06247119605541229
real_art_art_048__j6wbAlQ1ow.jpg,false,,art,8.900115062715486e-06
real_art_art_079_93aN5XCAlJs.jpg,false,,art,0.00012166456144768745
real_art_art_135_lvqcncxBYqw.jpg,false,,art,4.201226602162933e-06
real_art_art_111_DVauUHIJby0.jpg,false,,art,0.016025101765990257
real_art_art_161_StV72L0DH4A.jpg,false,,art,0.00018749380251392722
real_art_art_087_U3NtClWLRd4.jpg,false,,art,2.0460927885324054e-07
real_art_art_055_e-XPbBr0NhU.jpg,false,,art,0.00015085928316693753
real_art_art_043_e6xd2HXuy0A.jpg,false,,art,7.69589462379372e-07
real_art_art_109_GY_YJtmwPas.jpg,false,,art,0.0028680285904556513
real_art_art_61_charcoal_drawing_on_paper.jpg,false,,art,0.001571433967910707
real_art_art_137_70l86REbjmk.jpg,false,,art,0.008888703770935535
real_art_art_154_kBzQNk9AgOg.jpg,false,,art,0.0004208539321552962
real_art_art_037_cuddQwqncLc.jpg,false,,art,0.0011718375608325005
real_art_art_74_gallery_wall_with_multiple_framed_artworks.jpg,false,,art,0.1109708622097969
real_art_art_116_tEbRUeGJDfw.jpg,false,,art,2.8281452614464797e-05
real_art_art_125_ajAj3-55G2A.jpg,false,,art,1.8091624554017471e-07
real_art_art_67_acrylic_pour_painting_abstract.jpg,false,,art,0.0002139195566996932
real_art_art_51_modern_art_gallery_with_paintings_on_white_walls.jpg,false,,art,0.06247119605541229
real_art_art_049_ZW8dIPP4S4U.jpg,false,,art,1.564422177580127e-06
real_art_art_139_DD1fSz2HF1s.jpg,false,,art,2.586782466096338e-05
real_art_art_50_abstract_colorful_painting_on_canvas.jpg,false,,art,2.0126765321037965e-06
real_art_art_165_yN5c71nvg6g.jpg,false,,art,3.537141992637771e-06
real_art_art_153_rleYWWVY4Pc.jpg,false,,art,0.0001850357948569581
real_art_art_134_tClS6SPq8Zo.jpg,false,,art,1.1904350003533182e-06
real_art_art_090_yCWQevKzkkM.jpg,false,,art,0.007140293717384338
real_art_art_101_YJCRjsg1LQw.jpg,false,,art,4.112618262297474e-05
real_art_art_042_eN6FkYAetF8.jpg,false,,art,0.1117049902677536
real_art_art_059_yjiZAbTDkik.jpg,false,,art,1.0091172271131654e-06
real_art_art_54_oil_painting_of_flowers_in_vase.jpg,false,,art,0.004068699665367603
real_art_art_089_IMZ3bM611eA.jpg,false,,art,0.00039469695184379816
real_art_art_146_n1mVt4pyFow.jpg,false,,art,2.838919272107887e-06
real_art_art_169_Uo5MWyegjog.jpg,false,,art,1.5361532859969884e-05
real_art_art_073_n3VWZXx5n9I.jpg,false,,art,0.00022434726997744292
real_art_art_076_I7BDP_5WPqE.jpg,false,,art,1.8512971564632608e-06
real_art_art_53_colorful_abstract_oil_painting_closeup.jpg,false,,art,2.3222937670652755e-06
real_art_art_080_nNqBDh_l3oE.jpg,false,,art,2.557771949796006e-07
real_art_art_061_XuHkodhmiyk.jpg,false,,art,0.00020017755741719157
real_art_art_60_colorful_paint_brushstrokes_close_up_texture.jpg,false,,art,2.3222937670652755e-06
real_art_art_71_renaissance_painting_in_gilded_frame.jpg,false,,art,0.0011534781660884619
real_art_art_69_mixed_media_collage_artwork.jpg,false,,art,4.2314830352552235e-05
real_art_art_168_u7zd4x6-dx8.jpg,false,,art,4.9831680371426046e-05
real_art_art_095_9_vYkYnWn2w.jpg,false,,art,0.00046691970783285797
real_art_art_138_007R8JewpwU.jpg,false,,art,7.629514584550634e-06
real_art_art_069_ziIJiGSkfR4.jpg,false,,art,2.764198143268004e-05
real_art_art_63_sculpture_in_art_museum_with_natural_light.jpg,false,,art,0.20354264974594116
real_art_art_106_cqKG2s6WP6s.jpg,false,,art,9.356309078611957e-07
real_art_art_59_classical_oil_portrait_painting_in_museum.jpg,false,,art,0.0022514937445521355
real_art_art_039_izfOdN-3zw0.jpg,false,,art,1.0326635901947157e-06
real_art_art_57_graffiti_street_art_on_brick_wall.jpg,false,,art,4.9396356189390644e-05
real_art_art_084_JPFWudeuc54.jpg,false,,art,0.00010884344374062493
real_art_art_133_h1jyIBttST0.jpg,false,,art,3.0469553166767582e-05
real_art_art_038_UwKXPb7N9UY.jpg,false,,art,4.927745976601727e-06
real_art_art_054_Erf1Kz7ZE5Y.jpg,false,,art,3.467147053015651e-06
real_art_art_078_RYtFleIk_4U.jpg,false,,art,3.6048118090548087e-06
real_art_art_75_oil_painting_landscape_with_trees.jpg,false,,art,4.970042482455028e-06
real_art_art_041_4POG9GQo7Aw.jpg,false,,art,2.3991253783606226e-06
real_art_art_162_jrDzerLmfW0.jpg,false,,art,4.803424644705956e-07
real_art_art_167_Jpjj_v1-5OM.jpg,false,,art,7.208397164504277e-06
real_art_art_102_rXtXA42Lgzs.jpg,false,,art,2.2102412913227454e-06
real_art_art_140_Rq74Wkhffok.jpg,false,,art,1.5508952856180258e-05
real_art_art_086_OTP0nlljatI.jpg,false,,art,1.094674280466279e-05
real_art_art_036_KQBsTXCvGwM.jpg,false,,art,3.0343153412104584e-05
real_art_art_76_handwritten_calligraphy_on_white_paper.jpg,false,,art,0.0001742629538057372
real_art_art_072_F2olcCyRQBw.jpg,false,,art,0.00737189082428813
real_art_art_067_LOvJ2ECcUJY.jpg,false,,art,3.782314888667315e-05
real_art_art_052_OpqAtrUNJeI.jpg,false,,art,0.0011155311949551105
real_art_art_044_hptNUC-iitA.jpg,false,,art,3.2685036330803996e-06
real_art_art_151_tuU1puvTmWw.jpg,false,,art,2.459046982039581e-06
real_art_art_103_cLRvJPVw69U.jpg,false,,art,0.00013770411896985024
real_art_art_065_akbHiqZy4Pg.jpg,false,,art,5.536631988434237e-07
real_art_art_148_-bA6TkrToiY.jpg,false,,art,1.7763790310709737e-05
real_art_art_77_street_art_portrait_on_concrete_wall.jpg,false,,art,0.002379427198320627
real_art_art_131_bPqJ9ssfjqs.jpg,false,,art,1.164591776614543e-05
real_art_art_55_art_museum_gallery_room_with_framed_paintings.jpg,false,,art,0.0007413662970066071
real_art_art_110_hY3KGFVG-i0.jpg,false,,art,0.00036045635351911187
real_art_art_156_u2RlwQc1qiQ.jpg,false,,art,0.0036121411249041557
real_art_art_075_ff0HoIx3PzU.jpg,false,,art,1.5640893252566457e-05
real_art_art_143_TzAydhJ4QzE.jpg,false,,art,3.079696568875079e-07
real_art_art_077_IExOV9fFQBM.jpg,false,,art,0.00036343795363791287
real_art_art_155_KWpm9MmEo2s.jpg,false,,art,0.013188224285840988
real_art_art_063_heeEKtHAYEg.jpg,false,,art,7.431794074364007e-05
real_art_art_115_iMdsjoiftZo.jpg,false,,art,0.0021241242066025734
real_portrait_portrait_76_a_group_of_people_standing_around_a_white_cake.jpg,false,,portrait,0.004742178600281477
real_portrait_portrait_55_a_woman_holding_a_smart_phone_next_to_a_group_of_people.jpg,false,,portrait,2.1287402773850772e-07
real_portrait_portrait_118_iJGhIMWKz7w.jpg,false,,portrait,2.554405682531069e-06
real_portrait_portrait_094_7A5eK3q9qUA.jpg,false,,portrait,1.0447311979078222e-05
real_portrait_portrait_62_a_group_of_men_standing_and_sitting_next_to_each_other.jpg,false,,portrait,0.0016576476627960801
real_portrait_portrait_51_a_woman_is_helping_a_child_put_on_skis.jpg,false,,portrait,1.1630123481154442e-05
real_portrait_portrait_065_6lWqkLIh5L8.jpg,false,,portrait,8.01804071670631e-06
real_portrait_portrait_039_ZW3dnRiZD9U.jpg,false,,portrait,5.990164027025457e-07
real_portrait_portrait_135_BZzHWmQUszE.jpg,false,,portrait,6.566555384779349e-06
real_portrait_portrait_83_a_tennis_player_who_has_just_made_a_shot.jpg,false,,portrait,3.0496157705783844e-06
real_portrait_portrait_57_a_young_man_and_woman_holding_their_heads_close_to_each_othe.jpg,false,,portrait,1.3814593557981425e-06
real_portrait_portrait_67_there_are_many_bike_riders_racing_in_a_street_race.jpg,false,,portrait,2.2628757960774237e-06
real_portrait_portrait_058_dWiK1hrTl14.jpg,false,,portrait,6.303523605311057e-07
real_portrait_portrait_086_kpR9Mwgkj8c.jpg,false,,portrait,6.04651972935244e-07
real_portrait_portrait_075_VQRm94PV_20.jpg,false,,portrait,1.0893319085880648e-05
real_portrait_portrait_151_LlHgaeBwYVE.jpg,false,,portrait,2.225331263616681e-05
real_portrait_portrait_077_IIWiU1QXmWY.jpg,false,,portrait,1.626581934033311e-06
real_portrait_portrait_100_2FM9g-vAkJg.jpg,false,,portrait,1.8589522369438782e-05
real_portrait_portrait_098_wX7NeTEXq_w.jpg,false,,portrait,9.524217716716521e-07
real_portrait_portrait_071__lP2UOoZJKk.jpg,false,,portrait,4.5180669985711575e-05
real_portrait_portrait_81_two_men_next_to_each_other_holding_wine_glasses.jpg,false,,portrait,3.801013548354604e-08
real_portrait_portrait_114_VcWRNg2ju7Y.jpg,false,,portrait,3.8374622590708896e-07
real_portrait_portrait_65_three_women_sitting_on_a_train_seat_on_cellphones.jpg,false,,portrait,3.4044882113448693e-07
real_portrait_portrait_054_cFgCc3PM-A0.jpg,false,,portrait,1.3590046137323952e-06
real_portrait_portrait_067_ua9Im1zPoGM.jpg,false,,portrait,9.673830209067091e-05
real_portrait_portrait_63_a_man_sitting_at_a_table_eating_food_from_a_plate.jpg,false,,portrait,4.2749784370244015e-06
real_portrait_portrait_119_lAAmMH2c2gU.jpg,false,,portrait,8.840402733767405e-05
real_portrait_portrait_72_a_man_swinging_a_tennis_racket_at_a_tennis_ball.jpg,false,,portrait,5.131997227181273e-07
real_portrait_portrait_77_three_men_smiling_holding_a_wii_controller_in_their_hands.jpg,false,,portrait,7.579626253573224e-05
real_portrait_portrait_70_two_sets_of_hands_are_each_holding_a_cell_phone_while_anothe.jpg,false,,portrait,3.997932651600422e-07
real_portrait_portrait_168_ht1JkZ7tYmY.jpg,false,,portrait,2.8403492251527496e-06
real_portrait_portrait_58_woman_listening_on_her_phone_while_smoking_a_cigarette.jpg,false,,portrait,0.06218063831329346
real_portrait_portrait_137_O5BSKKHYiEU.jpg,false,,portrait,7.696958164160606e-07
real_portrait_portrait_59_a_woman_taking_a_selfie_with_a_mobile_phone.jpg,false,,portrait,1.2372676110317116e-06
real_portrait_portrait_060_wyCDQSzN8XE.jpg,false,,portrait,2.1627549813274527e-06
real_portrait_portrait_081_2EmLMaTshko.jpg,false,,portrait,6.86995122123335e-07
real_portrait_portrait_059_pFbJuxSwuhI.jpg,false,,portrait,3.256062200307497e-06
real_portrait_portrait_048_8sbwihARadA.jpg,false,,portrait,2.1208506950642914e-06
real_portrait_portrait_167_guDkXldTxy8.jpg,false,,portrait,0.10909761488437653
real_portrait_portrait_095_E38Gb_nVPck.jpg,false,,portrait,4.440472821443109e-06
real_portrait_portrait_043_aDvDvH428RQ.jpg,false,,portrait,1.4932769772713073e-05
real_portrait_portrait_133_iiQ-mmG2NxI.jpg,false,,portrait,8.538139013580803e-07
real_portrait_portrait_128_nE6EPBrM-EA.jpg,false,,portrait,2.4058312192209996e-05
real_portrait_portrait_050_eoAubhPm6H8.jpg,false,,portrait,6.161918918223819e-06
real_portrait_portrait_134_UY52j2uUvdU.jpg,false,,portrait,2.487126948835794e-06
real_portrait_portrait_104_eq9FtP7XwJI.jpg,false,,portrait,1.4191498848958872e-05
real_portrait_portrait_092_uTad53fcxss.jpg,false,,portrait,4.151892881054664e-06
real_portrait_portrait_062_ILz31HBGEak.jpg,false,,portrait,0.0009485367918387055
real_portrait_portrait_085_qV16cq3T420.jpg,false,,portrait,4.0181947724704514e-07
real_portrait_portrait_170_cQPUosG9dQE.jpg,false,,portrait,5.878097226741374e-07
real_portrait_portrait_147_RYNTlcn0e3k.jpg,false,,portrait,7.547323548351415e-07
real_portrait_portrait_103_TsvawNBQ7k0.jpg,false,,portrait,2.1949047379621334e-07
real_portrait_portrait_047_kN_F83xqdiM.jpg,false,,portrait,0.008940772153437138
real_portrait_portrait_105_Knvzw8_L_80.jpg,false,,portrait,9.062074468602077e-07
real_portrait_portrait_101_WXp2BT0AgnE.jpg,false,,portrait,9.189334946313465e-07
real_portrait_portrait_153_k_NkqIaRhro.jpg,false,,portrait,7.863671271479689e-06
real_portrait_portrait_71_a_woman_brushes_her_teeth_with_foamy_toothpaste.jpg,false,,portrait,0.0001479044440202415
real_portrait_portrait_142_mJaDIZr6eMY.jpg,false,,portrait,1.0726112122938503e-05
real_portrait_portrait_083_LN8t4ZAGZFQ.jpg,false,,portrait,1.1438460205681622e-06
real_portrait_portrait_115_82NWNb5AGWc.jpg,false,,portrait,4.935298875352601e-06
real_portrait_portrait_64_a_woman_smiles_from_behind_the_book_she_has_been_reading.jpg,false,,portrait,4.6919595320105145e-08
real_portrait_portrait_102_QGMWr63tKoo.jpg,false,,portrait,1.990546843444463e-05
real_portrait_portrait_037_M34IAftLLsY.jpg,false,,portrait,6.880291039124131e-06
real_portrait_portrait_79_a_copse_of_men_sitting_next_to_each_other_at_a_table.jpg,false,,portrait,1.5820586440895568e-07
real_portrait_portrait_068_g_eJl04NKEY.jpg,false,,portrait,9.202295586874243e-06
real_portrait_portrait_53_two_men_wearing_suits_and_hats_are_walking_together.jpg,false,,portrait,4.279667678019905e-07
real_portrait_portrait_055_ycF8akmJ_RU.jpg,false,,portrait,0.0035800233017653227
real_portrait_portrait_129_jqsprpPrn9w.jpg,false,,portrait,2.750237172222114e-06
real_portrait_portrait_138_NOcaza8sIBg.jpg,false,,portrait,0.0007558600045740604
real_portrait_portrait_78_a_woman_holding_a_plate_of_cake_covered_in_frosting.jpg,false,,portrait,3.351100531290285e-05
real_portrait_portrait_130_4wIY3oykWMo.jpg,false,,portrait,1.010330470307963e-05
real_portrait_portrait_099_dKH-4ml-5I4.jpg,false,,portrait,9.15729970074608e-07
real_portrait_portrait_093_8gRw4V0_XJA.jpg,false,,portrait,9.764532478584442e-06
real_portrait_portrait_109_IOkL3ZqAapM.jpg,false,,portrait,8.06309708423214e-06
real_portrait_portrait_74_a_person_helping_a_woman_put_on_a_tie.jpg,false,,portrait,2.3091419620868692e-07
real_portrait_portrait_121_hQBQ1ATvH10.jpg,false,,portrait,7.225771128105407e-07
real_portrait_portrait_076_6fc0hcXapYU.jpg,false,,portrait,0.00042023175046779215
real_portrait_portrait_155_3kWZ-gVZAG0.jpg,false,,portrait,1.9064795196754858e-05
real_portrait_portrait_140_83BjY5qcPKg.jpg,false,,portrait,4.528532372205518e-06
real_portrait_portrait_087_gENx9JQeQWs.jpg,false,,portrait,5.645450983138289e-06
real_portrait_portrait_084_7BDP97v-tT8.jpg,false,,portrait,1.4712144547956996e-05
real_portrait_portrait_040_kl22CsySpcw.jpg,false,,portrait,0.0006376717938110232
real_portrait_portrait_161_Tay3IMQpKHA.jpg,false,,portrait,4.165239442954771e-05
real_portrait_portrait_045_3F6Jo667E4w.jpg,false,,portrait,8.208760846173391e-05
real_portrait_portrait_116_L4CAMVlnRlg.jpg,false,,portrait,1.2684792636719067e-05
real_portrait_portrait_072_VlOrWGCFl_w.jpg,false,,portrait,5.339089739209157e-07
real_portrait_portrait_044_NljdMbT3s30.jpg,false,,portrait,7.685247692279518e-05
real_portrait_portrait_122_LpIy3YxbDA4.jpg,false,,portrait,5.943253199802712e-06
real_portrait_portrait_156_HC2t702jdGo.jpg,false,,portrait,3.083416004301398e-06
real_portrait_portrait_69_a_crowd_of_people_standing_around_each_other.jpg,false,,portrait,7.881824785727076e-06
real_portrait_portrait_73_a_baseball_player_talks_with_an_umpire.jpg,false,,portrait,1.1005360647686757e-05
real_portrait_portrait_096_Rur5fFIrWNY.jpg,false,,portrait,2.7617284104053397e-06
real_portrait_portrait_61_a_clown_talking_on_a_phone_next_to_a_building.jpg,false,,portrait,1.5667723118895083e-07
real_portrait_portrait_090_UNJ3hCbuHXA.jpg,false,,portrait,2.5019713234541996e-07
real_portrait_portrait_148_ofgYwK8j_cQ.jpg,false,,portrait,2.313786535523832e-05
real_portrait_portrait_113_J_I5FfqShJw.jpg,false,,portrait,4.5721490096184425e-06
real_portrait_portrait_152_P7ASbD-vHW8.jpg,false,,portrait,3.9293530562645174e-07
real_portrait_portrait_56_a_woman_holding_her_cell_phone_tucked_in_a_wool_cover.jpg,false,,portrait,9.40400695981225e-07
real_portrait_portrait_107_W80TTxhRRU4.jpg,false,,portrait,4.018801701022312e-05
real_portrait_portrait_073_yAsJE9nFiFw.jpg,false,,portrait,6.900786502228584e-07
real_portrait_portrait_091_xX9r2xULy7s.jpg,false,,portrait,5.0900048336188775e-06
real_portrait_portrait_082_QwsCqHTim98.jpg,false,,portrait,7.756247555334994e-07
real_portrait_portrait_132_shb8l1o-0Zk.jpg,false,,portrait,6.937012221897021e-05
real_portrait_portrait_078_cT4-8tBBJDA.jpg,false,,portrait,1.8104989067069255e-05
real_portrait_portrait_160_PEgf72cgr-w.jpg,false,,portrait,1.5160851035034284e-05
real_portrait_portrait_038_62Ims7pw_X8.jpg,false,,portrait,5.300752036418999e-06
real_portrait_portrait_75_a_man_wearing_a_suit_and_tie_and_red_hat_with_a_silver_buckl.jpg,false,,portrait,4.1291303887192043e-07
real_portrait_portrait_051_63KDwZUZQw8.jpg,false,,portrait,2.702885467442684e-06
real_portrait_portrait_82_a_man_wearing_a_tie_jacket_and_white_shirt.jpg,false,,portrait,9.491100172454026e-06
real_portrait_portrait_52_three_students_check_their_cell_phones_in_a_classroom.jpg,false,,portrait,1.312061925773378e-07
real_portrait_portrait_063_Qm4yrKLiawY.jpg,false,,portrait,0.14953529834747314
real_portrait_portrait_84_three_young_men_playing_wii_on_a_projection_television.jpg,false,,portrait,3.03724078776213e-07
real_portrait_portrait_159_o47Lif2bfqI.jpg,false,,portrait,2.2206556877790717e-06
real_portrait_portrait_041_vCZFKRZes_0.jpg,false,,portrait,2.428558445899398e-06
real_portrait_portrait_064_KrLXXQSojYs.jpg,false,,portrait,3.9592232496943325e-05
real_portrait_portrait_112_OxPuMO3zQ9s.jpg,false,,portrait,2.4317962470377097e-06
real_portrait_portrait_145_DQ9dW9v65Fc.jpg,false,,portrait,0.005377363413572311
real_portrait_portrait_117_4XrEyN5sXhA.jpg,false,,portrait,4.246403477736749e-07
real_portrait_portrait_070_kNZd7qT8ASY.jpg,false,,portrait,1.398130552843213e-05
real_portrait_portrait_146_I03ZQjTt4WI.jpg,false,,portrait,2.8937001843587495e-06
real_portrait_portrait_163_6qRpAg4pPEU.jpg,false,,portrait,4.076095501659438e-05
real_portrait_portrait_80_two_men_smiling_and_taking_a_picture_together.jpg,false,,portrait,5.256585495772015e-07
real_portrait_portrait_150_itdkHUjTuIY.jpg,false,,portrait,2.1802288756589405e-06
real_portrait_portrait_046_k1QqUSvRObc.jpg,false,,portrait,1.5839639218029333e-06
real_portrait_portrait_056_JxbqicKm-ko.jpg,false,,portrait,2.463703822286334e-06
real_portrait_portrait_042_2xf2beBy7Wo.jpg,false,,portrait,0.0014266158686950803
real_portrait_portrait_126_jxltRrbjtdI.jpg,false,,portrait,0.0003019736032001674
real_portrait_portrait_061_IppB3SB9f6s.jpg,false,,portrait,5.587591545008763e-07
real_portrait_portrait_68_a_photo_of_a_young_male_in_a_suit_jacket_and_tie.jpg,false,,portrait,0.0007116480264812708
real_portrait_portrait_124_Hd2T6EzW_2Q.jpg,false,,portrait,2.6773486752063036e-06
real_portrait_portrait_50_a_man_wearing_a_top_hat_and_a_red_tie.jpg,false,,portrait,6.745946734554309e-07
real_portrait_portrait_057_ZbvHaiUwVfo.jpg,false,,portrait,2.713363301154459e-06
real_portrait_portrait_079_fGfUJnZD3Mw.jpg,false,,portrait,9.863811283139512e-05
real_portrait_portrait_127_ZhJsD9T_20Q.jpg,false,,portrait,1.7448495270855346e-07
real_portrait_portrait_136_SwcnAmIRZYc.jpg,false,,portrait,2.01966008717136e-06
real_portrait_portrait_110_9iAIfjrSFYw.jpg,false,,portrait,4.666827067012491e-07
real_portrait_portrait_139_5Uvy1WMaUHw.jpg,false,,portrait,2.3659650594254344e-07
real_portrait_portrait_097_JibO_kC6vh4.jpg,false,,portrait,9.735410458233673e-06
real_portrait_portrait_157_jG4xhAmz-uQ.jpg,false,,portrait,9.892039088299498e-06
real_portrait_portrait_141_l7PnmcqTj5Q.jpg,false,,portrait,1.1599387107708026e-05
real_portrait_portrait_125_Oz7_usBqwuY.jpg,false,,portrait,0.0482121966779232
real_portrait_portrait_143_peP3zrquunA.jpg,false,,portrait,2.2120795620139688e-05
real_portrait_portrait_165_rEKKAV83i-8.jpg,false,,portrait,1.911153049150016e-06
real_portrait_portrait_069_Q7p9V_xHe08.jpg,false,,portrait,0.00012028768105665222
real_portrait_portrait_144_WUhpW32kBek.jpg,false,,portrait,9.420397191206575e-07
real_portrait_portrait_089_dgGWnapezLs.jpg,false,,portrait,5.176904778636526e-06
real_portrait_portrait_074_P_pjzMeIbj8.jpg,false,,portrait,3.978211225330597e-06
real_portrait_portrait_036_IHJtKBe9xNs.jpg,false,,portrait,8.465533755952492e-05
real_portrait_portrait_049_-lb-Wob1TeQ.jpg,false,,portrait,2.2490663468488492e-05
real_portrait_portrait_66_a_woman_holding_a_child_wrapped_in_a_towel_brushing_her_teet.jpg,false,,portrait,1.1324527804390527e-07
real_portrait_portrait_54_the_young_boy_just_finished_eating_the_banana.jpg,false,,portrait,6.375520570145454e-06
real_portrait_portrait_60_there_are_people_playing_a_soccer_game_on_the_field.jpg,false,,portrait,1.7327725799987093e-05
real_portrait_portrait_166_w-pEeDGN1w0.jpg,false,,portrait,4.628987426258391e-06
real_portrait_portrait_123_o1iV6Di2FX0.jpg,false,,portrait,1.3916683201387059e-05
real_portrait_portrait_162_1kJy_HK3eGI.jpg,false,,portrait,1.8415788872516714e-05
real_portrait_portrait_108_xz-qq9KNgwk.jpg,false,,portrait,2.0956558728357777e-05
real_portrait_portrait_149_qj1vIzXOtYo.jpg,false,,portrait,6.241998562472872e-07
real_portrait_portrait_164_qk6CnpKNmVw.jpg,false,,portrait,4.201494903099956e-06
real_portrait_portrait_131_rcXU8Tezb_k.jpg,false,,portrait,7.626339879607258e-07
real_portrait_portrait_053_oKA8kDSZpCc.jpg,false,,portrait,2.746604366166139e-07
real_portrait_portrait_066_bSNJ6R5Qrt4.jpg,false,,portrait,1.1085710411862237e-06
real_portrait_portrait_120_WSxluGgdlFQ.jpg,false,,portrait,2.8818229225180403e-07
real_portrait_portrait_169_-7JAEi4PhTU.jpg,false,,portrait,0.0003795840893872082
real_portrait_portrait_158_8kDx62gZRzk.jpg,false,,portrait,2.16966100197169e-06
real_portrait_portrait_052_FvrjfNKpITc.jpg,false,,portrait,2.1960286744615587e-07
real_portrait_portrait_088_iMYRUK-oadw.jpg,false,,portrait,1.4472007023869082e-06
real_portrait_portrait_154_fXik2Do-bB4.jpg,false,,portrait,5.991100351820933e-06
real_portrait_portrait_080_uOnxXwB3KNE.jpg,false,,portrait,8.04157207312528e-06
real_portrait_portrait_106_ZzNLsAPymuI.jpg,false,,portrait,2.7281916118226945e-05
real_portrait_portrait_111_tEQV_wnx3U8.jpg,false,,portrait,7.176481631177012e-06
real_product_product_161_paw_7bdZ8Xg.jpg,false,,product,1.1478801752673462e-05
real_product_product_118_0ON2rLuvo5c.jpg,false,,product,2.1643809304805472e-06
real_product_product_035_s9TJ2ncyLcQ.jpg,false,,product,1.885606070572976e-05
real_product_product_162_iCW61HY_vjg.jpg,false,,product,2.2075275410315953e-05
real_product_product_039_AaRflAurGmg.jpg,false,,product,1.1824280591099523e-05
real_product_product_140_xRyL63AwZFE.jpg,false,,product,9.493761353951413e-06
real_product_product_067_IWOOT4ChLjM.jpg,false,,product,0.0003628258709795773
real_product_product_066_-jXsYZeA7tQ.jpg,false,,product,1.616479676158633e-05
real_product_product_70_a_young_woman_sitting_cross_legged_on_an_apartment_sofa.jpg,false,,product,8.839817837724695e-07
real_product_product_115_a0dGKKDQUQ8.jpg,false,,product,3.0098790375632234e-05
real_product_product_130_BDFWZ3fLxrg.jpg,false,,product,0.006306638475507498
real_product_product_094_oZzoDW61aoM.jpg,false,,product,0.00948277860879898
real_product_product_077_oyr64kMIz98.jpg,false,,product,4.74021871923469e-05
real_product_product_50_a_living_room_filled_with_furniture_and_decor.jpg,false,,product,3.5347034099686425e-07
real_product_product_168_qsYM_gFgliw.jpg,false,,product,3.787589264447888e-07
real_product_product_125_Re8T5DwoMic.jpg,false,,product,2.346690780541394e-05
real_product_product_166_P_fMqU34A3I.jpg,false,,product,7.139224635466235e-06
real_product_product_046_G59UIKfHz6o.jpg,false,,product,0.15384308993816376
real_product_product_139_5JuLcub3dYg.jpg,false,,product,1.3036200471105985e-05
real_product_product_058_fX8leXj8Q4o.jpg,false,,product,1.0708379704738036e-05
real_product_product_087__vAuxGCAfjQ.jpg,false,,product,1.854156295166831e-07
real_product_product_078_1UFTd1eRamE.jpg,false,,product,1.128907911152055e-06
real_product_product_80_kitchen_area_with_counter_top_space_and_dining_room_table.jpg,false,,product,2.380854056127646e-07
real_product_product_81_a_pizza_sitting_on_top_of_a_plate_next_to_a_foil_bag_of_food.jpg,false,,product,7.684353420245316e-08
real_product_product_60_three_laptop_computers_and_a_desktop_computer_sit_next_to_ea.jpg,false,,product,5.966663252365834e-08
real_product_product_042_NydHbLFLoS8.jpg,false,,product,8.3323448052397e-06
real_product_product_050_udHDq62Dgpc.jpg,false,,product,0.0005082071293145418
real_product_product_145_F7FhTijeOG8.jpg,false,,product,0.003771525342017412
real_product_product_137_OmfMncXSshw.jpg,false,,product,0.00021406075393315405
real_product_product_041_iW1l64BMMR0.jpg,false,,product,2.335896397198667e-06
real_product_product_103_i4Tv0A_n4EQ.jpg,false,,product,9.063102334039286e-05
real_product_product_073_m3MWJTeKGBg.jpg,false,,product,8.606340998085216e-05
real_product_product_036_ww2S2eKgbKE.jpg,false,,product,2.1828087483299896e-05
real_product_product_111_utu66oQU6vI.jpg,false,,product,1.5800391338416375e-05
real_product_product_68_a_woman_holding_a_cigarette_smiling_at_the_camera_on_a_sunny.jpg,false,,product,5.414920565272041e-07
real_product_product_045_00y8k1-0DlA.jpg,false,,product,0.00018334244668949395
real_product_product_63_a_picture_of_a_cluttered_home_office_desk.jpg,false,,product,8.537335105529564e-08
real_product_product_54_young_children_sharing_a_laptop_in_a_messy_room_with_several.jpg,false,,product,6.21033890979561e-08
real_product_product_079_8LotN6HsaT4.jpg,false,,product,0.000600985309574753
real_product_product_095_UaaqY7j09B8.jpg,false,,product,8.068097940849839e-07
real_product_product_71_the_child_smiles_brightly_while_being_handed_a_pink_umbrella.jpg,false,,product,2.483158993982215e-07
real_product_product_101_G6ntxf-QoSI.jpg,false,,product,7.281863508978859e-05
real_product_product_66_a_woman_holding_up_a_large_carrot_in_a_backyard.jpg,false,,product,6.740158369211713e-07
real_product_product_099_s_IHISlORGo.jpg,false,,product,1.3241359511084738e-06
real_product_product_069_3dVjKoVYgD0.jpg,false,,product,1.9944957330153557e-06
real_product_product_061_nRVn-_k1uMI.jpg,false,,product,4.78276717785775e-07
real_product_product_64_a_cat_lying_down_in_a_sink_in_a_bathroom.jpg,false,,product,2.6886633008871286e-07
real_product_product_049_9ouht2FSTDU.jpg,false,,product,0.04484547674655914
real_product_product_104_CoNkFbYZzBI.jpg,false,,product,1.7753701513356646e-06
real_product_product_144_TE4vKu9w5lI.jpg,false,,product,4.40645777644022e-07
real_product_product_076_MhPJdWYWbWI.jpg,false,,product,2.624745775392512e-06
real_product_product_77_a_motorized_cart_fills_a_train_with_luggage.jpg,false,,product,3.3270859489675786e-07
real_product_product_106_kF8pH4lMkyc.jpg,false,,product,2.010889511439018e-05
real_product_product_068_fUd_0iyYFVg.jpg,false,,product,3.6760116017831024e-06
real_product_product_73_a_laptop_in_a_bright_yellow_coffee_house.jpg,false,,product,9.034323511514231e-07
real_product_product_127_EIH4dHgb6Tg.jpg,false,,product,4.004447691841051e-05
real_product_product_149_KBqiQ6coMcI.jpg,false,,product,1.1789022664743243e-06
real_product_product_72_a_group_of_people_are_reading_a_menu_at_the_table.jpg,false,,product,6.662143277935684e-06
real_product_product_085_Si69OZ_9tg0.jpg,false,,product,2.830390258168336e-06
real_product_product_083_OAlYImdG1IQ.jpg,false,,product,1.2800748663721606e-05
real_product_product_141_92bRtruSyPU.jpg,false,,product,3.0241669719544007e-06
real_product_product_117_vnCxhLnaxS8.jpg,false,,product,4.043881290272111e-06
real_product_product_105_skF1azpN4rk.jpg,false,,product,3.6527615066006547e-07
real_product_product_072_9rWHrdJfZBw.jpg,false,,product,2.0057805159012787e-06
real_product_product_132_aJm2XW384QA.jpg,false,,product,3.158758772769943e-05
real_product_product_057_AZiyMfuAum4.jpg,false,,product,3.033143912034575e-06
real_product_product_097_g1MocwsEZhI.jpg,false,,product,5.344336955204199e-07
real_product_product_74_two_computers_sitting_on_top_of_a_desk.jpg,false,,product,1.2433604297257261e-06
real_product_product_043_B8_YF4fjPwo.jpg,false,,product,1.476769830333069e-05
real_product_product_047_BXlSfmhVEzE.jpg,false,,product,5.831514954479644e-06
real_product_product_062_4Q4LpNP-UAs.jpg,false,,product,2.565431350376457e-05
real_product_product_69_a_desk_with_a_cup_plate_laptop_monitor_and_keyboard.jpg,false,,product,1.5638643446891365e-07
real_product_product_133_5GibcyAX20Q.jpg,false,,product,7.113035098882392e-05
real_product_product_170_z14hF-2ssM0.jpg,false,,product,2.7715695978258736e-06
real_product_product_120_63EhFafADqI.jpg,false,,product,0.0006392100476659834
real_product_product_086_vWR6FDWA5hk.jpg,false,,product,0.00037136313039809465
real_product_product_100_Pledx042HMI.jpg,false,,product,0.16297286748886108
real_product_product_053_AxdlcxaModc.jpg,false,,product,0.0004721756558865309
real_product_product_110_9yY6qj6N4Ek.jpg,false,,product,1.0007935316025396e-06
real_product_product_138_gR8QukPoAvQ.jpg,false,,product,9.63794832387066e-07
real_product_product_090_xepikEyPgmI.jpg,false,,product,0.00011724299838533625
real_product_product_165_b2_pVdk4lGI.jpg,false,,product,5.827388918078213e-07
real_product_product_136_TH4Ug5gGgD8.jpg,false,,product,4.291315462978673e-07
real_product_product_096_1CQjStL89kQ.jpg,false,,product,0.0016510502900928259
real_product_product_52_a_room_with_a_desktop_computer_and_a_picture_of_a_mummy.jpg,false,,product,9.112732612948093e-08
real_product_product_044_P3BwhD8sa6M.jpg,false,,product,1.957678614417091e-05
real_product_product_084__pA5RUGRPvg.jpg,false,,product,1.2895584404759575e-05
real_product_product_153_CjcqO587KRI.jpg,false,,product,3.502939944155514e-05
real_product_product_071_XYq2hcSmakA.jpg,false,,product,1.4924233937563258e-06
real_product_product_129_bQjEEII7G5E.jpg,false,,product,3.1025962243802496e-07
real_product_product_164_pNRLVLA1gNU.jpg,false,,product,0.00010865055810427293
real_product_product_67_a_floor_filled_with_the_contents_of_a_womans_bag.jpg,false,,product,2.358486170805918e-07
real_product_product_158_Ow4X45p6mIw.jpg,false,,product,1.2134109056205489e-05
real_product_product_123_T4xh5oV8LuY.jpg,false,,product,3.3374278700648574e-06
real_product_product_147_Dx47EsVBnEo.jpg,false,,product,4.262498259777203e-05
real_product_product_148_UlNDzqInCXk.jpg,false,,product,4.240537691657664e-06
real_product_product_064_A_fBQe39A4k.jpg,false,,product,4.030607669847086e-05
real_product_product_169_en-RjVJurms.jpg,false,,product,0.013912167400121689
real_product_product_088_XLnkWVCPuoU.jpg,false,,product,0.00014133182412479073
real_product_product_61_a_marine_that_is_looking_at_his_cell_phone.jpg,false,,product,5.862775196874281e-06
real_product_product_109_UuAs_sR4frs.jpg,false,,product,0.07805734872817993
real_product_product_056_ZQm_wg8jxhI.jpg,false,,product,1.138489324148395e-06
real_product_product_052_Lwqv4tEIKOU.jpg,false,,product,6.423597369575873e-07
real_product_product_093_MzFclBeMwSo.jpg,false,,product,1.743329221426393e-06
real_product_product_082_gRPFfk_c0HE.jpg,false,,product,0.0018876887625083327
real_product_product_055_PMhYnFuj1ls.jpg,false,,product,1.1015858945029322e-06
real_product_product_152_eORbhX0F4_4.jpg,false,,product,3.036241764675651e-07
real_product_product_160_iwwMFnt1GTc.jpg,false,,product,0.0009531675023026764
real_product_product_75_a_computer_mouse_is_beside_a_notebook_computer.jpg,false,,product,5.4575608032791934e-08
real_product_product_122_TVWBH7UHQ7Y.jpg,false,,product,5.057464932178846e-06
real_product_product_070_LDlC-35X2uU.jpg,false,,product,7.942900083435234e-06
real_product_product_051_MdZFPwlWMYs.jpg,false,,product,1.9435722151683876e-06
real_product_product_060_RAmpnn20rmY.jpg,false,,product,1.2623127076949459e-05
real_product_product_143_kVuPfz-3HKw.jpg,false,,product,1.159105295300833e-06
real_product_product_034_VlgzxZZKQOQ.jpg,false,,product,1.2271895684534684e-05
real_product_product_128_wk8ilTaXqw4.jpg,false,,product,0.00013396397116594017
real_product_product_82_a_crowd_of_people_with_umbrellas_on_a_street.jpg,false,,product,0.00011346967949066311
real_product_product_119_0QP-0DUaCo4.jpg,false,,product,2.1755308807769325e-06
real_product_product_159_AWWUNRA1KFw.jpg,false,,product,0.0005626138881780207
real_product_product_57_a_big_fancy_glass_chandelier_hanging_in_a_small_kitchen.jpg,false,,product,1.956190999408136e-06
real_product_product_124_yb3hsmz4utg.jpg,false,,product,1.214696021634154e-05
real_product_product_78_a_woman_with_suitcases_waiting_for_a_train.jpg,false,,product,9.846054638273927e-08
real_product_product_155_fSoJ_Kj59zs.jpg,false,,product,2.1345229015423683e-06
real_product_product_156_qiMmrWdYZfg.jpg,false,,product,4.1197281461791135e-06
real_product_product_121_mFFATULxMBU.jpg,false,,product,6.492340958175191e-07
real_product_product_134_n1bbNrNSJH8.jpg,false,,product,1.9489774786052294e-05
real_product_product_074_y26NHYSTZRk.jpg,false,,product,1.1740978607122088e-06
real_product_product_135_YZIdz19jhqs.jpg,false,,product,2.7830409976559167e-07
real_product_product_58_a_beautiful_woman_taking_a_picture_with_her_smart_phone.jpg,false,,product,1.6313325090777653e-07
real_product_product_51_a_group_of_people_walking_across_a_busy_city_street.jpg,false,,product,5.877458875147568e-07
real_product_product_098_pkfwwofpNUw.jpg,false,,product,0.4121490716934204
real_product_product_081_e6z6DVc_JqQ.jpg,false,,product,1.1967254977207631e-05
real_product_product_76_a_man_in_a_gray_shirt_holds_his_phone_as_he_sits_by_a_man_in.jpg,false,,product,7.428578641111017e-08
real_product_product_037_sxh5dE2bD50.jpg,false,,product,2.5681485567474738e-05
real_product_product_091_kcy3tHgHpcs.jpg,false,,product,0.00016369990771636367
real_product_product_048__CSr-_ZICSY.jpg,false,,product,1.172747761302162e-05
real_product_product_167_xWeSCy5BdfI.jpg,false,,product,4.28396515417262e-06
real_product_product_107_xVptEZzgVfo.jpg,false,,product,0.00036131421802565455
real_product_product_151_ICAxsNRt_WM.jpg,false,,product,2.6458577849552967e-05
real_product_product_038_3Cgmcux-cpY.jpg,false,,product,4.849581728194607e-06
real_product_product_56_two_computer_monitors_are_turned_on_on_a_computer_desk.jpg,false,,product,1.0218143842166683e-07
real_product_product_054_eAaoUuAMb7M.jpg,false,,product,3.338564783916809e-05
real_product_product_163_r1BS0pzlr1M.jpg,false,,product,7.680345333938021e-06
real_product_product_108_5GKdpmo0wI8.jpg,false,,product,4.197205726086395e-06
real_product_product_112_aokIiOCtnXk.jpg,false,,product,1.3638873497257009e-05
real_product_product_62_a_few_different_computers_are_placed_on_the_desk.jpg,false,,product,2.769662330592837e-07
real_product_product_102_kjfdacDML9M.jpg,false,,product,5.328834618012479e-07
real_product_product_150_kFDyajOyqTA.jpg,false,,product,4.918435479339678e-06
real_product_product_59_a_refrigerator_next_to_a_red_wall_in_the_kitchen.jpg,false,,product,1.5925400020933012e-07
real_product_product_059_Lcqz6UUKXRU.jpg,false,,product,0.00012858696572948247
real_product_product_089_IYvYz0j7zpA.jpg,false,,product,2.8461701731430367e-05
real_product_product_092_7QyUPe30vqU.jpg,false,,product,3.210026534361532e-06
real_product_product_116_xUpbmUINv9o.jpg,false,,product,3.550647306838073e-06
real_product_product_142_oNte8riFdX0.jpg,false,,product,2.630473318276927e-05
real_product_product_146_wW1raPiIJIU.jpg,false,,product,8.657937542011496e-06
real_product_product_79_a_group_of_commuters_standing_around_a_train_station.jpg,false,,product,6.995674652898742e-07
real_product_product_126_MHBJeSSQfx8.jpg,false,,product,4.170013596649369e-07
real_product_product_065_Yu-xv5OzGgo.jpg,false,,product,8.045876143114583e-07
real_product_product_113_pOCcShZwNcs.jpg,false,,product,0.0002497787063475698
real_product_product_075_MUv_7l-GRKU.jpg,false,,product,1.0518752787902486e-05
real_product_product_55_there_is_a_lap_top_computer_on_the_desk.jpg,false,,product,4.457178803818351e-08
real_product_product_157_fVIiTknYim8.jpg,false,,product,4.1569019231246784e-05
real_product_product_65_people_laying_in_chairs_walking_and_playing_in_the_water_on.jpg,false,,product,8.832969200511798e-08
real_product_product_154_nwhqGZ5DcOY.jpg,false,,product,3.853455382341053e-06
real_product_product_080_QESicPqs_XE.jpg,false,,product,2.563880661909934e-05
real_product_product_063_cD_obz7W774.jpg,false,,product,0.0002079530677292496
real_product_product_53_a_woman_walking_next_to_a_man_riding_a_pink_bike.jpg,false,,product,5.6489039707230404e-05
real_product_product_131_F-e4-hd1-oA.jpg,false,,product,8.602836896898225e-05
real_product_product_040_uWrLpDAT81g.jpg,false,,product,1.2642367437365465e-05
real_product_product_114_vGhpfizChpY.jpg,false,,product,2.7368935207050527e-06
real_food_food_084_-BSvBlnCvUU.jpg,false,,food,3.5287047239762614e-07
real_food_food_58_man_cutting_a_cake_on_the_table_in_the_kitchen.jpg,false,,food,9.71950612438377e-07
real_food_food_035_91czTE5wmCg.jpg,false,,food,0.00047929634456522763
real_food_food_039_pGCwAAk04BU.jpg,false,,food,2.0689669327111915e-05
real_food_food_157_-dm8WfhnQU4.jpg,false,,food,8.079263352556154e-05
real_food_food_141_MUdGuohE-Mk.jpg,false,,food,0.00166283396538347
real_food_food_159_K3q1KVUeGQY.jpg,false,,food,0.0010426646331325173
real_food_food_117_dv5SSMfXbs4.jpg,false,,food,3.5600631235865876e-05
real_food_food_131_l8Y9fVgxrEE.jpg,false,,food,1.547306965221651e-06
real_food_food_170_rDLBArZUl1c.jpg,false,,food,9.557747944199946e-07
real_food_food_123_49EKj06dQCc.jpg,false,,food,8.331846856890479e-07
real_food_food_155_h5yMpgOI5nI.jpg,false,,food,1.9525085008353926e-05
real_food_food_165_9PDBbyJc2eE.jpg,false,,food,4.758395334647503e-06
real_food_food_063_bgHJL294VVY.jpg,false,,food,1.3562054164140136e-06
real_food_food_118_xXIRSZmzvU8.jpg,false,,food,1.7473656725996989e-06
real_food_food_037_dQIcaRtNZtQ.jpg,false,,food,3.951079179387307e-06
real_food_food_110_o8PCoxDO8PQ.jpg,false,,food,7.395302873192122e-06
real_food_food_59_a_white_plate_with_some_food_and_two_trays_of_sauce.jpg,false,,food,2.420241798972711e-06
real_food_food_81_a_table_topped_with_plates_bowls_and_containers_of_food.jpg,false,,food,3.922418727597687e-06
real_food_food_056_qw6_11-Ob48.jpg,false,,food,2.2759806597605348e-05
real_food_food_169_T5Pm7ZId3sc.jpg,false,,food,0.005760869476944208
real_food_food_048_BxY-nv-RBsA.jpg,false,,food,3.0835958568786737e-06
real_food_food_036_HkaSi5Fvc0s.jpg,false,,food,6.738449087606568e-07
real_food_food_077_LOdAL10JejI.jpg,false,,food,1.892337968456559e-05
real_food_food_069_av5GTf-KxcI.jpg,false,,food,1.817476913856808e-06
real_food_food_152_gDwonOrdh0Q.jpg,false,,food,1.8132491277356166e-06
real_food_food_68_a_bunch_of_oranges_are_sitting_in_a_clear_fruit_bowl.jpg,false,,food,0.00015221796638797969
real_food_food_167_3Vr4qQvQn34.jpg,false,,food,0.00010447929525980726
real_food_food_163_vExD0Y0Aei0.jpg,false,,food,1.9433724446571432e-05
real_food_food_151_FyDHcvRi3QI.jpg,false,,food,3.821374775725417e-06
real_food_food_135_jdcifvdsJZg.jpg,false,,food,2.181994886996108e-06
real_food_food_57_the_meal_of_fish_has_a_side_of_broccoli.jpg,false,,food,1.274388523597736e-06
real_food_food_164_1Uqr_jqi3c4.jpg,false,,food,8.925817951421777e-07
real_food_food_072_t1_BuMsRRsI.jpg,false,,food,1.6014770665151445e-07
real_food_food_096_JVd2FchPjCg.jpg,false,,food,1.9909041384380544e-06
real_food_food_114_ozVQrfENFOs.jpg,false,,food,2.1395431758719496e-05
real_food_food_78_three_round_plates_filled_with_artistically_presented_food.jpg,false,,food,7.128559076363672e-08
real_food_food_051_GCEK8Jo_vGM.jpg,false,,food,4.6178979573596735e-06
real_food_food_130_QYU_U2wXxig.jpg,false,,food,1.5065908200995182e-06
real_food_food_089_sp2lfKOUzAM.jpg,false,,food,0.08288764208555222
real_food_food_52_a_kitchen_that_has_a_table_and_a_chair.jpg,false,,food,2.1875580387131777e-06
real_food_food_149_G8qVZEiyCJU.jpg,false,,food,9.139282155956607e-06
real_food_food_078_tz0moLxAMCc.jpg,false,,food,3.891630910857202e-07
real_food_food_080_zyLgpFi4Tvg.jpg,false,,food,4.739586984214839e-06
real_food_food_068_aFa_Fu12bj8.jpg,false,,food,1.113859070756007e-05
real_food_food_050_M5kI-5OFviE.jpg,false,,food,1.2203448704894981e-06
real_food_food_034_dY7ONzZzoU8.jpg,false,,food,1.1773760633104757e-07
real_food_food_143_1fxcQYy5OXc.jpg,false,,food,1.849327873060247e-06
real_food_food_148_6dC5tYPiD2s.jpg,false,,food,3.933638765829528e-07
real_food_food_64_a_kitchen_with_a_bright_window_and_house_plants.jpg,false,,food,1.657235486618447e-07
real_food_food_046_YQPTf86GvpM.jpg,false,,food,4.9894470066647045e-06
real_food_food_052_n5Wvn6wU1Xw.jpg,false,,food,2.5111987156378746e-07
real_food_food_80_a_lot_of_food_that_are_in_some_baskets.jpg,false,,food,3.8624438047918375e-07
real_food_food_124_hhZDn50B17c.jpg,false,,food,1.1651660315692425e-05
real_food_food_139_8v38azmFYr8.jpg,false,,food,4.054752935189754e-05
real_food_food_094_9oUL0x_puck.jpg,false,,food,2.499472202543984e-07
real_food_food_075_SidputyP-eE.jpg,false,,food,2.3938457161420956e-05
real_food_food_053_rf0XgpH-2ao.jpg,false,,food,5.004787908546859e-06
real_food_food_67_a_person_adjusting_a_metal_object_hanging_from_a_ceiling.jpg,false,,food,1.0842752118378485e-07
real_food_food_53_a_group_of_people_sitting_around_a_table_filled_with_food.jpg,false,,food,2.808849330904195e-07
real_food_food_104_0byawXfQl5c.jpg,false,,food,2.156617256332538e-06
real_food_food_125_NNddPCQDhyw.jpg,false,,food,3.0994606277090497e-06
real_food_food_128_GVxJRsudSIU.jpg,false,,food,4.0924540371634066e-05
real_food_food_079_POg3Z47YPkM.jpg,false,,food,0.00019210693426430225
real_food_food_72_a_newly_married_couple_sharing_a_piece_of_there_wedding_cake.jpg,false,,food,1.9021474884084455e-07
real_food_food_055_dSZQC7vVf5M.jpg,false,,food,7.560499284409161e-07
real_food_food_54_two_birds_preparing_to_eat_food_off_of_a_plate_that_was_left.jpg,false,,food,1.1866971362906042e-05
real_food_food_138_E1ZwXiBD7LA.jpg,false,,food,5.2322416195238475e-06
real_food_food_147_cRPz6-ryzSg.jpg,false,,food,1.551997570459207e-07
real_food_food_054_mV4oTSZR4eA.jpg,false,,food,2.6478946892893873e-05
real_food_food_62_a_man_that_is_sitting_down_on_a_bench_in_front_of_a_table.jpg,false,,food,1.4658718328064424e-07
real_food_food_61_food_on_a_train_with_a_pie_and_some_vegetable.jpg,false,,food,1.7835344578998047e-06
real_food_food_50_bride_and_grooms_arms_cutting_the_wedding_cake_with_fruit_on.jpg,false,,food,1.1162277502307916e-07
real_food_food_56_a_breakfast_plate_with_toast_vegetables_eggs_and_meat.jpg,false,,food,7.031183599792712e-07
real_food_food_038_eD3gkNVlm94.jpg,false,,food,7.669467549931142e-07
real_food_food_132_ONeUTPIkoEs.jpg,false,,food,4.895655365544371e-07
real_food_food_093_7DpEKohpOhQ.jpg,false,,food,1.937136948981788e-05
real_food_food_137_AELjKcCaNSk.jpg,false,,food,1.9885062840785395e-07
real_food_food_070_4l5BlL6OX7A.jpg,false,,food,0.07599819451570511
real_food_food_090_YwH212PJk0Q.jpg,false,,food,4.0017075662035495e-06
real_food_food_121_xd0g61tGBgc.jpg,false,,food,9.267360837839078e-06
real_food_food_133_PMOAfRP_kLI.jpg,false,,food,1.8829488226401736e-06
real_food_food_150_tIvWsbppj5k.jpg,false,,food,5.265675099508371e-06
real_food_food_059_ELISIYFi-ws.jpg,false,,food,1.1548737575139967e-06
real_food_food_140_PBXZSIQ0XTg.jpg,false,,food,5.072391786598018e-07
real_food_food_75_a_group_of_people_that_are_standing_in_front_of_a_island.jpg,false,,food,1.772994437487796e-06
real_food_food_062_JZ5WREw9664.jpg,false,,food,2.338621015951503e-05
real_food_food_098__WuZ9cOPc6M.jpg,false,,food,1.8789579314670846e-07
real_food_food_044_s-4i34Z07To.jpg,false,,food,1.7646343621890992e-06
real_food_food_064_cuaxqIA_pk0.jpg,false,,food,3.630431137935375e-07
real_food_food_074_v9MpHbQimqY.jpg,false,,food,3.816296157310717e-05
real_food_food_156_XU1-sAMZFqc.jpg,false,,food,7.112743332982063e-05
real_food_food_120_raakZHcgWWw.jpg,false,,food,0.004790840670466423
real_food_food_060_dUeD4im5YSQ.jpg,false,,food,1.0591934369585942e-05
real_food_food_145_aw47u5DHXEg.jpg,false,,food,0.002569721546024084
real_food_food_058_ue4AfKGEQoA.jpg,false,,food,6.806225201216876e-07
real_food_food_127_OKT6Ce9fwqI.jpg,false,,food,1.0367306458647363e-05
real_food_food_067_3OSiYv09hhs.jpg,false,,food,4.288052878109738e-05
real_food_food_168_sFPxZsn8cwU.jpg,false,,food,1.187785869660729e-06
real_food_food_091_nrfSpR3_4yE.jpg,false,,food,2.934177985025599e-07
real_food_food_144_YvEGiuPZ0Sg.jpg,false,,food,0.06558966636657715
real_food_food_107_f87RdAQSoJk.jpg,false,,food,1.0997111985489028e-06
real_food_food_126_AgWVcQz1bOA.jpg,false,,food,1.863947886704409e-06
real_food_food_158_j1KUsXahuXk.jpg,false,,food,3.1101671993383206e-06
real_food_food_049_BPsqF6C_Ou8.jpg,false,,food,9.375537047162652e-05
real_food_food_042_pyFWN-TrXvk.jpg,false,,food,2.5528761398163624e-06
real_food_food_111_GlWOWrJXk5s.jpg,false,,food,3.886771992256399e-06
real_food_food_71_belgium_waffle_loaded_with_bananas_topped_with_powdered_suga.jpg,false,,food,5.845216719535529e-07
real_food_food_092_69P8Y4ErG0Y.jpg,false,,food,0.006457087118178606
real_food_food_73_a_plate_with_bacon_eggs_and_hamburger_topped_with_bananas.jpg,false,,food,6.415754683075647e-07
real_food_food_076_IrM6Fvhmc9k.jpg,false,,food,1.4732354429725092e-06
real_food_food_136_ZHW1qo-VRXM.jpg,false,,food,2.028648668783717e-05
real_food_food_083_HgoEnDWOGrA.jpg,false,,food,0.0049844118766486645
real_food_food_109_HbQj2RAanTs.jpg,false,,food,3.531860784278251e-05
real_food_food_043_siHk8IfK_Ec.jpg,false,,food,0.0010968089336529374
real_food_food_113_n2sQQ6XjqfE.jpg,false,,food,0.09225328266620636
real_food_food_82_a_kitchen_with_a_center_white_island_topped_with_a_bowl_of_g.jpg,false,,food,9.431313685581699e-08
real_food_food_51_a_bowl_of_some_broccoli_that_is_chopped.jpg,false,,food,7.204412781902647e-07
real_food_food_154_VpjPHuFAI-4.jpg,false,,food,9.869781933957711e-06
real_food_food_162_f4GdYFpUyH8.jpg,false,,food,8.873248589225113e-07
real_food_food_045_iRVq6avVGDE.jpg,false,,food,8.94359345693374e-06
real_food_food_129_3P0BmvFk5rg.jpg,false,,food,1.0733715782862419e-07
real_food_food_74_a_sandwich_with_nachos_and_a_salad_on_a_plate.jpg,false,,food,5.636917421725229e-07
real_food_food_071_9cH-uVU__0c.jpg,false,,food,1.8511597943415836e-07
real_food_food_79_a_tray_of_various_foods_next_to_drinks_on_a_table.jpg,false,,food,7.546987035311759e-08
real_food_food_115_YjJFJDai9zg.jpg,false,,food,0.00012368732132017612
real_food_food_100_OSwea3yxjT0.jpg,false,,food,4.2825502077903366e-07
real_food_food_088_QPKJZvqMaDs.jpg,false,,food,1.774675547494553e-05
real_food_food_040_a7nzCe8FlT4.jpg,false,,food,3.3101377994171344e-07
real_food_food_108_ixC7gmLcKaQ.jpg,false,,food,0.008773371577262878
real_food_food_63_a_man_preparing_food_in_a_restaurant_kitchen.jpg,false,,food,1.575193664393737e-07
real_food_food_066_s0oNVwpU9NE.jpg,false,,food,1.1312497008475475e-05
real_food_food_134_T-tgZmKFRZU.jpg,false,,food,8.521726158505771e-06
real_food_food_161_AX8z0xXzrUo.jpg,false,,food,0.00015397073002532125
real_food_food_69_a_scene_of_an_apartment_with_a_dining_table_and_a_couple_of.jpg,false,,food,8.776740401117422e-07
real_food_food_073_kswmO8BRzQQ.jpg,false,,food,2.6308394808438607e-05
real_food_food_66_a_plate_of_bananas_and_sliced_oranges_covered_in_butterflies.jpg,false,,food,7.443916842930776e-07
real_food_food_102_DuObvMLmc8M.jpg,false,,food,7.748336088297947e-07
real_food_food_097_jT86IpheR2w.jpg,false,,food,0.00011000865924870595
real_food_food_103_Fff5ve-rGVA.jpg,false,,food,0.0003877717535942793
real_food_food_081_lgvvFFplBHw.jpg,false,,food,1.6231124391197227e-06
real_food_food_041_qDdv33C-BSw.jpg,false,,food,8.456426257907879e-06
real_food_food_085_WT_nZUfAmBc.jpg,false,,food,1.385227824357571e-05
real_food_food_047_qpZlQ8IIghI.jpg,false,,food,0.009939843788743019
real_food_food_160_uRqMI5Nw4Yc.jpg,false,,food,0.0006611965945921838
real_food_food_065_Q5QspluNZmM.jpg,false,,food,1.701192741165869e-05
real_food_food_119_47urRDhCphA.jpg,false,,food,4.895519396086456e-06
real_food_food_095_WY_EKY3taJE.jpg,false,,food,2.3489108116336865e-06
real_food_food_087_oYllk_NdgA0.jpg,false,,food,1.2284377589821815e-05
real_food_food_061_DCZGNIZjz_Q.jpg,false,,food,0.003586083883419633
real_food_food_65_a_small_bowl_of_fruit_on_a_table.jpg,false,,food,1.0527402992011048e-05
real_food_food_76_three_bowls_filled_with_vegetables_on_top_of_a_table.jpg,false,,food,1.7717185585297557e-07
real_food_food_146_fv7ttjeTgyM.jpg,false,,food,5.685291853296803e-06
real_food_food_70_a_sandwich_sitting_on_top_of_a_pile_of_fries.jpg,false,,food,1.9250978766649496e-07
real_food_food_099_gyaPIZZjV_A.jpg,false,,food,7.448517749253369e-07
real_food_food_057_v8-cAH5cmTU.jpg,false,,food,2.964492523460649e-06
real_food_food_77_a_bowl_that_has_soup_and_a_spoon_in_it.jpg,false,,food,0.0006740391836501658
real_food_food_166_lZ98dwbkTws.jpg,false,,food,3.0911771773389773e-06
real_food_food_082_w-LpijUp8yw.jpg,false,,food,2.116760924764094e-06
real_food_food_101_OZhdQm_OjX4.jpg,false,,food,9.982779829442734e-07
real_food_food_153_Rh8vxWHc5DA.jpg,false,,food,0.00014937420201022178
real_food_food_112_T8I3UuK-QXY.jpg,false,,food,1.3344055105335428e-06
real_food_food_106_0b4sfNTqBLU.jpg,false,,food,0.00010263881995342672
real_food_food_105_jCTo3MAtzjA.jpg,false,,food,1.3640387805935461e-06
real_food_food_122_4Y_bVu4j0cA.jpg,false,,food,4.8690108087612316e-05
real_food_food_142_YY5uHzZV6Wo.jpg,false,,food,2.6216579499305226e-05
real_food_food_086_lz8rih2cNJQ.jpg,false,,food,2.355128572162357e-06
real_food_food_55_a_beautiful_dessert_waiting_to_be_shared_by_two_people.jpg,false,,food,8.609842439000204e-08
real_food_food_116_dpQqhZRyF7w.jpg,false,,food,1.948668978002388e-05
real_food_food_60_two_computers_sitting_on_top_of_a_desk.jpg,false,,food,1.2433604297257261e-06
real_animal_animal_141_L79Jcm80Y3U.jpg,false,,animal,8.367389455088414e-06
real_animal_animal_050_CBK17BPteJE.jpg,false,,animal,4.7199655455187894e-06
real_animal_animal_044_7pMTQP_kIhg.jpg,false,,animal,3.1395177302329103e-06
real_animal_animal_132_J4DL0onKVng.jpg,false,,animal,0.0009397961548529565
real_animal_animal_50_a_calico_cat_drinking_from_a_sink_faucet.jpg,false,,animal,1.7609478675240098e-07
real_animal_animal_142_ScLYGfuCqQg.jpg,false,,animal,3.432942685321905e-05
real_animal_animal_061_KKK-mavLRIY.jpg,false,,animal,0.00348643958568573
real_animal_animal_131_NoNqa205O40.jpg,false,,animal,1.7794682207750157e-05
real_animal_animal_163_ujOHucbnC94.jpg,false,,animal,0.00014481348625849932
real_animal_animal_058_UsDyOmKQjzo.jpg,false,,animal,0.004356725141406059
real_animal_animal_118_O-dnv951XTY.jpg,false,,animal,5.054264420323307e-07
real_animal_animal_124_idMSI66-1NQ.jpg,false,,animal,9.580553523846902e-07
real_animal_animal_69_a_couple_of_people_that_are_biking_down_a_road.jpg,false,,animal,2.7726061944122193e-06
real_animal_animal_089_4KV3SKyHNjE.jpg,false,,animal,0.00017834099708124995
real_animal_animal_61_a_dog_laying_down_licking_food_off_of_a_plate.jpg,false,,animal,2.3776237867423333e-06
real_animal_animal_140_bj7ALDr6E-o.jpg,false,,animal,2.9187523978180252e-05
real_animal_animal_097_sCgBFOArERk.jpg,false,,animal,8.664040069561452e-05
real_animal_animal_054_Qv8NgYRjSn4.jpg,false,,animal,0.005452164448797703
real_animal_animal_082_hvkcofV0bvw.jpg,false,,animal,4.7633989197493065e-06
real_animal_animal_107_4rezxlfTrGA.jpg,false,,animal,1.6992414657579502e-06
real_animal_animal_126_IOvOeZRGanM.jpg,false,,animal,2.432398105156608e-05
real_animal_animal_127_4sMVrh8-S1g.jpg,false,,animal,0.0025895012076944113
real_animal_animal_078_YzfCevgzsPI.jpg,false,,animal,1.6264934856735636e-06
real_animal_animal_062_J7X_npgVujU.jpg,false,,animal,1.815119389902975e-06
real_animal_animal_53_bird_sits_atop_cattle_on_snow_covered_field.jpg,false,,animal,2.10195139516145e-06
real_animal_animal_096_nvDnfWuSyD8.jpg,false,,animal,2.762298572633881e-05
real_animal_animal_048_YvYBOSiBJE8.jpg,false,,animal,9.218978789249377e-07
real_animal_animal_038_CiacXjCwb3g.jpg,false,,animal,2.3543448151031043e-06
real_animal_animal_103__GQCzeh1oWk.jpg,false,,animal,2.146427732441225e-06
real_animal_animal_115_qvkA4FMTNKo.jpg,false,,animal,8.114007869153284e-06
real_animal_animal_150_eNi9DGpVYWk.jpg,false,,animal,1.3036930113230483e-06
real_animal_animal_037_j3JAI9KXJ-c.jpg,false,,animal,2.58443975553746e-07
real_animal_animal_071_zjKxb4xhBXc.jpg,false,,animal,0.6582062244415283
real_animal_animal_064_uLMM6TyPfGw.jpg,false,,animal,0.00015777589578647166
real_animal_animal_152_JkVNRBpFSK8.jpg,false,,animal,7.111507898116542e-07
real_animal_animal_145_Qtg_270Aa_I.jpg,false,,animal,6.008483524055919e-06
real_animal_animal_060_lZts59erQVw.jpg,false,,animal,6.777057569706813e-05
real_animal_animal_114_J0-ZaraetTE.jpg,false,,animal,3.0844381399219856e-05
real_animal_animal_79_a_herd_of_cattle_and_zebra_standing_next_to_each_other_on_a.jpg,false,,animal,3.1423047630596557e-07
real_animal_animal_047_uHHA_YklxMc.jpg,false,,animal,7.970026672410313e-06
real_animal_animal_036_xlTolOtNLZM.jpg,false,,animal,3.241274316678755e-05
real_animal_animal_169_rxFkfMJL9tw.jpg,false,,animal,0.00020218997087795287
real_animal_animal_074_TfakEsc83HU.jpg,false,,animal,5.219319064053707e-06
real_animal_animal_138_t5rBtxLiHj8.jpg,false,,animal,3.975382060161792e-05
real_animal_animal_049_nwaiAiHAVEY.jpg,false,,animal,4.571795670926804e-06
real_animal_animal_043_Dv45FbzLiik.jpg,false,,animal,2.6840983991860412e-05
real_animal_animal_091_yRdK7ijQPNw.jpg,false,,animal,1.3614702766062692e-05
real_animal_animal_053_CACQDEJknBs.jpg,false,,animal,3.3685730613797205e-06
real_animal_animal_170_P6s8EbcSgmA.jpg,false,,animal,8.722782513359562e-05
real_animal_animal_166_jh6YaoB0TBw.jpg,false,,animal,8.42594999994617e-06
real_animal_animal_144_ihivSSUOpno.jpg,false,,animal,1.5689969586674124e-05
real_animal_animal_158_fkxUyu6F2L8.jpg,false,,animal,1.9490333215799183e-05
real_animal_animal_046_88Kt5KHUe_8.jpg,false,,animal,1.6441568732261658e-05
real_animal_animal_73_a_small_motor_bike_outside_of_the_garage.jpg,false,,animal,1.1574710612194394e-07
real_animal_animal_108_JNHrBVfdT_A.jpg,false,,animal,4.2381667299196124e-05
real_animal_animal_151_8LPgWfHgcMg.jpg,false,,animal,3.129148581137997e-06
real_animal_animal_075_PA3F7YWHUPM.jpg,false,,animal,1.3825553651258815e-05
real_animal_animal_041_-96qBKyFefQ.jpg,false,,animal,1.6042093193391338e-05
real_animal_animal_095_iuoIlOvTa6g.jpg,false,,animal,7.270797141245566e-06
real_animal_animal_139_i80SbIDgFf8.jpg,false,,animal,2.1858918444195297e-06
real_animal_animal_092_mg-k04n58xY.jpg,false,,animal,1.3716497960558627e-05
real_animal_animal_068_ZBR7NAYRR4M.jpg,false,,animal,2.7341775421518832e-06
real_animal_animal_083_2QHHOAPI--I.jpg,false,,animal,3.438703060965054e-05
real_animal_animal_143_7xYdOPDfNcE.jpg,false,,animal,1.2884534044133034e-05
real_animal_animal_094_bmwUCv0wMIU.jpg,false,,animal,0.002667099004611373
real_animal_animal_70_a_street_scene_with_a_person_on_a_motorcycle.jpg,false,,animal,2.6147120024688775e-07
real_animal_animal_56_a_flock_of_goats_and_some_men_watching_them.jpg,false,,animal,1.41839209391037e-05
real_animal_animal_123_o-c4UrB0WBA.jpg,false,,animal,6.465638307417976e-06
real_animal_animal_066_rh7KA6jVJFM.jpg,false,,animal,1.0768482752609998e-05
real_animal_animal_134_GVe30cQ8CWU.jpg,false,,animal,1.148415890384058e-06
real_animal_animal_160_A_unG6e0Cug.jpg,false,,animal,8.57438863022253e-06
real_animal_animal_070_iY8qBtToC0o.jpg,false,,animal,4.610667747328989e-05
real_animal_animal_111_22_r4pgeL28.jpg,false,,animal,9.690993465483189e-06
real_animal_animal_113_knB89oNur0A.jpg,false,,animal,0.0021984921768307686
real_animal_animal_78_a_giraffe_standing_in_a_field_next_to_a_fence.jpg,false,,animal,2.565161594247911e-06
real_animal_animal_063_oajraKUY0uQ.jpg,false,,animal,2.761522864602739e-06
real_animal_animal_155_85YNg0KtSPw.jpg,false,,animal,1.1665546480799094e-05
real_animal_animal_056_Nzzk-pOcqvA.jpg,false,,animal,5.065172899776371e-06
real_animal_animal_161_f3Os5oCc874.jpg,false,,animal,1.3534749996324535e-05
real_animal_animal_067_KmmVj3LY4lA.jpg,false,,animal,9.98540713226248e-07
real_animal_animal_60_a_grouping_of_zebras_in_a_pen_next_to_a_giraffe.jpg,false,,animal,1.0035795412477455e-06
real_animal_animal_133_nzPivGosPIQ.jpg,false,,animal,9.706643140816595e-06
real_animal_animal_122_t81H__wdxlc.jpg,false,,animal,1.0665671652532183e-06
real_animal_animal_098_RMj_T-DMgDA.jpg,false,,animal,1.9858312953147106e-05
real_animal_animal_077_vVh9BUJIizQ.jpg,false,,animal,0.0009412168874405324
real_animal_animal_087__qLFof8-Loo.jpg,false,,animal,6.784088668609911e-07
real_animal_animal_088_1tXeMpkssik.jpg,false,,animal,1.30326679936843e-06
real_animal_animal_164_wAP_IBPhn-4.jpg,false,,animal,6.438125979002507e-07
real_animal_animal_76_a_dog_is_tied_to_a_fire_hydrant.jpg,false,,animal,1.3587878129328601e-05
real_animal_animal_080_49TMUrNQDQ0.jpg,false,,animal,0.0002115232200594619
real_animal_animal_75_a_family_of_giraffes_by_a_few_zebras_and_a_gazelle.jpg,false,,animal,1.1883048500749283e-06
real_animal_animal_085_U9frYiUp1Qg.jpg,false,,animal,4.032685865240637e-06
real_animal_animal_100_PJTfOzSo8fQ.jpg,false,,animal,3.7431768760143314e-06
real_animal_animal_51_a_bunch_of_sheep_in_the_snow_behind_a_barbed_wire_fence.jpg,false,,animal,1.2636851351999212e-06
real_animal_animal_072_eX45lve1DIo.jpg,false,,animal,1.129502493313339e-06
real_animal_animal_105_DORi0W_afqk.jpg,false,,animal,2.460317887198471e-07
real_animal_animal_148_Xr4TYgSEXqQ.jpg,false,,animal,0.00019424039055593312
real_animal_animal_65_a_cats_sits_on_the_table_with_a_dog_outside.jpg,false,,animal,3.42090561389341e-06
real_animal_animal_102_Cl8iDlk008c.jpg,false,,animal,3.828324111054826e-07
real_animal_animal_147_nlF8qaFWI0w.jpg,false,,animal,6.743181438650936e-05
real_animal_animal_63_rear_view_mirror_reflection_showing_a_dog_in_the_back_seat.jpg,false,,animal,1.2412137948558666e-06
real_animal_animal_045_eo93HAoalwQ.jpg,false,,animal,0.0036962705198675394
real_animal_animal_77_a_herd_of_sheep_standing_next_to_each_other_on_dirt_ground.jpg,false,,animal,1.1669536661429447e-06
real_animal_animal_081_TNMOJYUteDU.jpg,false,,animal,3.959029982070206e-06
real_animal_animal_64_a_dog_following_a_man_on_his_horse_in_a_field.jpg,false,,animal,0.01036758441478014
real_animal_animal_120_EdlNaRhg9ik.jpg,false,,animal,3.506671873765299e-06
real_animal_animal_052_tmrQPLJpBrk.jpg,false,,animal,0.0005050111212767661
real_animal_animal_129_IwiaImVNcQU.jpg,false,,animal,1.6967096598818898e-05
real_animal_animal_042_1qT-zMTRFp0.jpg,false,,animal,0.0009049057844094932
real_animal_animal_74_a_cat_standing_on_the_edge_of_a_sink_drink_water.jpg,false,,animal,4.872329668614839e-07
real_animal_animal_125_snhqHThkCRE.jpg,false,,animal,4.794518190465169e-06
real_animal_animal_153_FBOP5an6h74.jpg,false,,animal,2.670883759492426e-06
real_animal_animal_66_a_bunch_of_sheep_make_their_way_through_the_crowded_city_str.jpg,false,,animal,1.0945962003461318e-07
real_animal_animal_168_g9M46POadWU.jpg,false,,animal,4.8638270527590066e-05
real_animal_animal_101_iQC6u4ejuGE.jpg,false,,animal,9.846400644164532e-06
real_animal_animal_57_a_cat_walking_through_a_kitchen_by_a_eating_tray.jpg,false,,animal,6.75951596917912e-08
real_animal_animal_149_E12vXZq9AZA.jpg,false,,animal,2.8041438326908974e-06
real_animal_animal_156_yiwB58St4bE.jpg,false,,animal,6.015420240146341e-06
real_animal_animal_093_mYxtYpSJvbw.jpg,false,,animal,2.9867032935726456e-06
real_animal_animal_165_PChlguQgbCw.jpg,false,,animal,5.827027962368447e-07
real_animal_animal_62_a_cat_eating_a_bird_it_has_caught.jpg,false,,animal,4.878922936768504e-07
real_animal_animal_084_QRzQlECEbsk.jpg,false,,animal,0.00012849234917666763
real_animal_animal_109_P6InS7LxUS4.jpg,false,,animal,4.141344106756151e-05
real_animal_animal_121_ZOGamuDrPJw.jpg,false,,animal,4.0249844460049644e-05
real_animal_animal_81_three_sheep_are_grazing_in_the_field_next_to_the_water.jpg,false,,animal,3.241770514250675e-07
real_animal_animal_157_VSVcEzWsqyc.jpg,false,,animal,0.0003288337029516697
real_animal_animal_80_many_woolly_sheep_standing_together_in_the_field.jpg,false,,animal,6.152336027298588e-06
real_animal_animal_090_fRJGUAQ6uNg.jpg,false,,animal,5.964989782114571e-07
real_animal_animal_110_HPHtMOJvHDM.jpg,false,,animal,0.00020388563279993832
real_animal_animal_055_feos9QXjxJY.jpg,false,,animal,1.593563865753822e-06
real_animal_animal_069_q0J6zQPO-zw.jpg,false,,animal,0.000443648750660941
real_animal_animal_58_two_men_herding_a_pack_of_elephants_across_a_field.jpg,false,,animal,5.647691068588756e-06
real_animal_animal_104_1Ytzecs_XU4.jpg,false,,animal,9.58356395130977e-06
real_animal_animal_55_a_horse_in_a_pasture_of_tall_grass_observing_an_energetic_do.jpg,false,,animal,2.2559324008852855e-07
real_animal_animal_079_m_wgaQ-sQPQ.jpg,false,,animal,2.1597068553091958e-05
real_animal_animal_112_cPyHO3eDlsE.jpg,false,,animal,5.320943614606222e-07
real_animal_animal_034_-Ylz_tc8NOk.jpg,false,,animal,6.984727860981366e-06
real_animal_animal_051_PpwK032gSao.jpg,false,,animal,8.464236998406705e-06
real_animal_animal_099_m5Zy3Ulb3g0.jpg,false,,animal,3.5449902497930452e-06
real_animal_animal_059_2_3g53wNQk8.jpg,false,,animal,5.866113497177139e-07
real_animal_animal_039_i_Z1o10BPPk.jpg,false,,animal,1.5844625522731803e-06
real_animal_animal_136_fXqOgYJgNBk.jpg,false,,animal,7.114296749932691e-05
real_animal_animal_59_a_dog_standing_on_the_back_of_a_brown_car.jpg,false,,animal,2.6267838393323473e-07
real_animal_animal_119_70s5ZKzNkac.jpg,false,,animal,2.480934142568003e-07
real_animal_animal_52_a_cat_sitting_on_the_floor_watching_television.jpg,false,,animal,9.173384540872576e-08
real_animal_animal_82_a_couple_of_cows_and_some_birds_flying_in_the_sky.jpg,false,,animal,8.770967383497918e-07
real_animal_animal_154_IHHiw3VMZvc.jpg,false,,animal,8.611836506133841e-07
real_animal_animal_035_vQvq16ZQM60.jpg,false,,animal,5.955957362857589e-07
real_animal_animal_54_a_man_riding_a_horse_drawn_carriage_on_a_race_track.jpg,false,,animal,4.0228380271400965e-07
real_animal_animal_117_DmnOlnAWRdE.jpg,false,,animal,1.8929937368739047e-06
real_animal_animal_040_7jXA55Tl4xU.jpg,false,,animal,8.685000648256391e-05
real_animal_animal_68_a_cat_outside_looking_through_a_window.jpg,false,,animal,1.936179614858702e-06
real_animal_animal_159_gjDKWxrKrgk.jpg,false,,animal,4.763047400047071e-05
real_animal_animal_076_JHxFiw603QA.jpg,false,,animal,1.905189947137842e-06
real_animal_animal_162_vLCMWwg5TAs.jpg,false,,animal,2.4348093575099483e-05
real_animal_animal_128_dtYCvr0r_X4.jpg,false,,animal,7.432184361277905e-07
real_animal_animal_057_n4tWGvk_gWY.jpg,false,,animal,1.1058677955588792e-06
real_animal_animal_146_tvH8ECkyQKI.jpg,false,,animal,0.001153943594545126
real_animal_animal_67_a_sheepdog_runs_around_a_herd_of_cows_in_a_fencedin_field.jpg,false,,animal,5.11464236296888e-07
real_animal_animal_72_a_cat_sprawled_out_over_the_top_of_a_laptop_computer_keyboar.jpg,false,,animal,1.1550957168537934e-07
real_animal_animal_167_u3XMyl-4OSY.jpg,false,,animal,2.3576325475005433e-05
real_animal_animal_106_ejAz1xfCyNM.jpg,false,,animal,0.0003439912688918412
real_animal_animal_086_YSoqrTfEWcI.jpg,false,,animal,1.1529028824952547e-06
real_animal_animal_116_dSAzIH5UtOI.jpg,false,,animal,5.499790859175846e-06
real_animal_animal_073_MVQPTvPYsJs.jpg,false,,animal,3.209133865311742e-05
real_animal_animal_065_M8uSC8OPXco.jpg,false,,animal,3.102673247212806e-07
real_animal_animal_137_lHeXOpxzok8.jpg,false,,animal,4.9544164539838675e-06
real_animal_animal_71_a_black_ct_with_green_eyes_sitting_in_the_sun.jpg,false,,animal,3.656197975487885e-07
real_animal_animal_135_Tu_lH5CFFZw.jpg,false,,animal,6.118680175859481e-06
real_animal_animal_130_vPyhiJjBlSM.jpg,false,,animal,2.571115874161478e-05
real_landscape_landscape_80_this_highway_is_empty_this_early_on_the_morning.jpg,false,,landscape,2.3103432340576546e-06
real_landscape_landscape_59_a_passenger_bus_that_is_parked_in_a_parking_lot.jpg,false,,landscape,0.0004938198253512383
real_landscape_landscape_073_gtabImSzH-g.jpg,false,,landscape,0.0008809839491732419
real_landscape_landscape_160_yaj-SndYOb0.jpg,false,,landscape,1.6899981346796267e-05
real_landscape_landscape_140_pNMH4SDf8us.jpg,false,,landscape,3.090591781074181e-05
real_landscape_landscape_117_KQX4AEXEV1g.jpg,false,,landscape,0.00034428847720846534
real_landscape_landscape_056_TqfJUbdnCxM.jpg,false,,landscape,4.608250037563266e-06
real_landscape_landscape_05_foggy_forest_hills.jpg,false,,landscape,2.1860605556867085e-06
real_landscape_landscape_118_z7IW1w4C870.jpg,false,,landscape,6.726726496708579e-06
real_landscape_landscape_135_Bwkl85sszNM.jpg,false,,landscape,4.868360701948404e-05
real_landscape_landscape_053_E9CrQou9K0Y.jpg,false,,landscape,1.2506111488619354e-06
real_landscape_landscape_064_pnFNoPuilVI.jpg,false,,landscape,2.930642403953243e-05
real_landscape_landscape_154_VFjGgIGNWlI.jpg,false,,landscape,2.4632228814880364e-05
real_landscape_landscape_09_starry_night_mountains.jpg,false,,landscape,6.155807932373136e-05
real_landscape_landscape_124__rsGm7nob3w.jpg,false,,landscape,3.6821516005147714e-06
real_landscape_landscape_079_n6hzRDQ9CM8.jpg,false,,landscape,4.624283519660821e-06
real_landscape_landscape_095_YzJlElq6Pc0.jpg,false,,landscape,3.27326688420726e-06
real_landscape_landscape_098_F4dGVi1g8rQ.jpg,false,,landscape,1.7475387039667112e-06
real_landscape_landscape_062_oGrOhXJaHME.jpg,false,,landscape,1.0334484613849781e-05
real_landscape_landscape_68_a_wooden_bench_and_a_fire_hydrant_on_a_field.jpg,false,,landscape,3.075012671160948e-07
real_landscape_landscape_119_ENkQJj-7orc.jpg,false,,landscape,1.1619985116340104e-06
real_landscape_landscape_81_a_dog_rests_his_head_on_the_edge_of_a_boat_at_sea.jpg,false,,landscape,3.437147881868441e-07
real_landscape_landscape_51_a_green_traffic_light_suspended_above_a_street.jpg,false,,landscape,1.8454926248523407e-05
real_landscape_landscape_085_cCthPLHmrzI.jpg,false,,landscape,3.17763006023597e-05
real_landscape_landscape_060_jdaigQmK-qA.jpg,false,,landscape,0.9876355528831482
real_landscape_landscape_58_a_passenger_train_that_has_some_graffiti_on_it.jpg,false,,landscape,1.8761288345103821e-07
real_landscape_landscape_077_ID4OhGirKvg.jpg,false,,landscape,5.583053280133754e-05
real_landscape_landscape_133_-5eZ1-Ie68w.jpg,false,,landscape,2.0775580651388736e-06
real_landscape_landscape_086_ke-voL7t_I8.jpg,false,,landscape,7.729083336016629e-06
real_landscape_landscape_143_-hbbmFHQYiw.jpg,false,,landscape,2.0394183593452908e-05
real_landscape_landscape_080_1DPIP44atys.jpg,false,,landscape,1.659139343246352e-05
real_landscape_landscape_110_02YdrfDb3UE.jpg,false,,landscape,2.6969480586558348e-06
real_landscape_landscape_116_sNKwtrVQ4hU.jpg,false,,landscape,3.1210511224344373e-06
real_landscape_landscape_157_nMhbF-YMdXE.jpg,false,,landscape,0.0003096132422797382
real_landscape_landscape_051_4k8UHZC1-6k.jpg,false,,landscape,1.5196242202364374e-05
real_landscape_landscape_161_CL665uHJb7c.jpg,false,,landscape,1.1185684343217872e-05
real_landscape_landscape_093_UazfuoH2sRU.jpg,false,,landscape,2.426789706078125e-06
real_landscape_landscape_55_a_green_traffic_light_a_street_some_buildings_and_some_other.jpg,false,,landscape,2.5079725674004294e-05
real_landscape_landscape_82_a_large_bus_on_the_side_of_the_road.jpg,false,,landscape,1.6542701075650257e-07
real_landscape_landscape_045_W3wgy9tDgto.jpg,false,,landscape,1.0577448847470805e-05
real_landscape_landscape_120_afwi-D9xmt4.jpg,false,,landscape,0.00017215624393429607
real_landscape_landscape_099_kDrTt4sCC7I.jpg,false,,landscape,4.73534510092577e-06
real_landscape_landscape_167_60cbKmNJ-ls.jpg,false,,landscape,1.959574547072407e-06
real_landscape_landscape_046_wgH3Lzgmm_c.jpg,false,,landscape,7.264378837135155e-06
real_landscape_landscape_072_jYkvecfWgx0.jpg,false,,landscape,0.0016919898334890604
real_landscape_landscape_048_PA0KerQ0lHg.jpg,false,,landscape,6.624782690778375e-05
real_landscape_landscape_126_Cmjq13jc_2g.jpg,false,,landscape,2.69483462034259e-05
real_landscape_landscape_081_0PgC0jve7u4.jpg,false,,landscape,1.9567210074455943e-06
real_landscape_landscape_06_waterfall_in_forest.jpg,false,,landscape,1.6892150597414002e-05
real_landscape_landscape_77_rear_view_mirror_reflection_showing_a_dog_in_the_back_seat.jpg,false,,landscape,1.2412137948558666e-06
real_landscape_landscape_147_bUhzlj3gGso.jpg,false,,landscape,7.629703759448603e-06
real_landscape_landscape_69_a_yellow_bus_that_is_sitting_in_the_grass.jpg,false,,landscape,2.828777212471323e-07
real_landscape_landscape_067_LLD9FKRoqDc.jpg,false,,landscape,1.6572763342992403e-05
real_landscape_landscape_115_q2Cv_B3_AZI.jpg,false,,landscape,3.030460538866464e-05
real_landscape_landscape_125_4UfCRXv_tGM.jpg,false,,landscape,9.375339686812367e-06
real_landscape_landscape_092__XHphe2atWM.jpg,false,,landscape,3.507447900119587e-06
real_landscape_landscape_109_-UsvhirEIeI.jpg,false,,landscape,0.0005329003324732184
real_landscape_landscape_129_5LyYqPEv8w0.jpg,false,,landscape,0.00029232027009129524
real_landscape_landscape_070_uQDRDqpYJHI.jpg,false,,landscape,1.0906715033343062e-06
real_landscape_landscape_71_a_black_and_white_photo_of_a_train.jpg,false,,landscape,7.679259397264104e-07
real_landscape_landscape_057_C69YOsY9lYg.jpg,false,,landscape,5.863171850251092e-07
real_landscape_landscape_089_zjOv1yyUzQg.jpg,false,,landscape,0.0003859620192088187
real_landscape_landscape_130_qOxQEA8obSg.jpg,false,,landscape,4.0585628084954806e-06
real_landscape_landscape_163_Bz4dHv-9PFQ.jpg,false,,landscape,4.154432826908305e-05
real_landscape_landscape_071_zjqqKVQZoNg.jpg,false,,landscape,4.761603122460656e-05
real_landscape_landscape_76_a_blue_rusted_train_engine_sitting_on_top_of_rail_tracks.jpg,false,,landscape,7.230513574540964e-07
real_landscape_landscape_114_FCPJn1NeFdI.jpg,false,,landscape,1.094554227165645e-05
real_landscape_landscape_156_pcgo3E7vJr4.jpg,false,,landscape,3.185665718774544e-06
real_landscape_landscape_075_G86MS2ZsiJA.jpg,false,,landscape,8.406425422435859e-07
real_landscape_landscape_059_i7OiHRQkJHY.jpg,false,,landscape,3.946564902435057e-05
real_landscape_landscape_164_tMYDgAySy9w.jpg,false,,landscape,1.1403602911741473e-05
real_landscape_landscape_84_part_of_train_car_with_a_door_to_the_rear_connected_to_the_c.jpg,false,,landscape,6.845916544762076e-08
real_landscape_landscape_083_DlCr9IujpJI.jpg,false,,landscape,9.02642568689771e-06
real_landscape_landscape_04_dramatic_mountain_valley.jpg,false,,landscape,2.8214666599524207e-05
real_landscape_landscape_02_sunset_over_mountains.jpg,false,,landscape,4.483947850530967e-05
real_landscape_landscape_53_a_train_of_many_colors_is_coming_down_the_track.jpg,false,,landscape,2.3926659196149558e-06
real_landscape_landscape_100_xpLNPVL3IJA.jpg,false,,landscape,4.077331686858088e-05
real_landscape_landscape_153_6SGsL73EbKM.jpg,false,,landscape,5.284580311126774e-06
real_landscape_landscape_107_cssvEZacHvQ.jpg,false,,landscape,1.6892150597414002e-05
real_landscape_landscape_79_an_orange_train_traveling_along_train_tracks_near_a_train_ya.jpg,false,,landscape,7.644354695912625e-07
real_landscape_landscape_090_tZaA8VqJG3g.jpg,false,,landscape,0.00048079423140734434
real_landscape_landscape_73_a_tall_church_tower_sitting_on_the_side_of_a_road.jpg,false,,landscape,5.722039304600912e-07
real_landscape_landscape_61_a_wooden_bench_sitting_outside_of_a_home.jpg,false,,landscape,1.2858943421178992e-07
real_landscape_landscape_03_lake_reflection.jpg,false,,landscape,1.5879259080975316e-05
real_landscape_landscape_155_DqIyKlJa-2s.jpg,false,,landscape,3.053494219784625e-05
real_landscape_landscape_105_ur4NB1f3kQ8.jpg,false,,landscape,3.6952022242076055e-07
real_landscape_landscape_128_MasnAA5KqDY.jpg,false,,landscape,5.114523901283974e-06
real_landscape_landscape_134_1pFIPoOa--Y.jpg,false,,landscape,3.699562876136042e-05
real_landscape_landscape_097_1U6EOU8hiTM.jpg,false,,landscape,5.71599628074182e-07
real_landscape_landscape_047_58Mkqady7lE.jpg,false,,landscape,6.265132105909288e-05
real_landscape_landscape_102_T-AOFf2B8Zw.jpg,false,,landscape,1.120545903177117e-06
real_landscape_landscape_83_a_small_bus_parked_in_front_of_a_bus_stop.jpg,false,,landscape,5.6435663253751045e-08
real_landscape_landscape_162_3m4lH961q20.jpg,false,,landscape,8.556662578484975e-06
real_landscape_landscape_122_K5eIMIz8kaI.jpg,false,,landscape,0.11381956934928894
real_landscape_landscape_069_TdoxXD7aGv8.jpg,false,,landscape,3.4701897675404325e-05
real_landscape_landscape_165_C2YORgsJqXs.jpg,false,,landscape,5.179075742489658e-05
real_landscape_landscape_152_ayzzI9nOjWY.jpg,false,,landscape,2.880940883187577e-05
real_landscape_landscape_54_white_birds_are_gathered_around_a_water_puddle.jpg,false,,landscape,1.931369979502051e-06
real_landscape_landscape_078_TnLdd0LMfwk.jpg,false,,landscape,0.0021165311336517334
real_landscape_landscape_068_aqS6bCynDv8.jpg,false,,landscape,0.007096311077475548
real_landscape_landscape_07_desert_dunes.jpg,false,,landscape,3.169032061123289e-05
real_landscape_landscape_166_ioAK4HESn6k.jpg,false,,landscape,4.031332537124399e-06
real_landscape_landscape_111_62_2KGyX13E.jpg,false,,landscape,8.421956408710685e-06
real_landscape_landscape_60_a_red_and_silver_fire_hydrant_sitting_on_top_of_a_sidewalk.jpg,false,,landscape,1.976530938918586e-07
real_landscape_landscape_158_QAXDmkU60OU.jpg,false,,landscape,5.641669486067258e-05
real_landscape_landscape_138_78wDBw9ajUk.jpg,false,,landscape,3.737859515240416e-05
real_landscape_landscape_142_3bsVcAbqS7Q.jpg,false,,landscape,8.4490502558765e-06
real_landscape_landscape_131_hoAFrPJlbT0.jpg,false,,landscape,1.5152422747632954e-05
real_landscape_landscape_106_hu8Mp-XTksA.jpg,false,,landscape,1.1117588201159379e-06
real_landscape_landscape_082_ercx7zE_Mzo.jpg,false,,landscape,1.920115892062313e-06
real_landscape_landscape_132_zUEjNDEEca8.jpg,false,,landscape,2.650542592164129e-05
real_landscape_landscape_78_a_yellow_bus_is_on_a_street_near_a_black_guard_rail.jpg,false,,landscape,3.231230039091315e-07
real_landscape_landscape_159_G4su92tyImI.jpg,false,,landscape,2.4843395294738002e-05
real_landscape_landscape_088_N22iRE8u3MU.jpg,false,,landscape,4.7169729100460245e-07
real_landscape_landscape_168_r-PPOX0QQ1g.jpg,false,,landscape,7.852871931390837e-06
real_landscape_landscape_074_r2Ug9sXPEHA.jpg,false,,landscape,0.0010466149542480707
real_landscape_landscape_57_a_yellow_and_green_train_at_stop_lights.jpg,false,,landscape,1.0642916237202371e-07
real_landscape_landscape_146__MCLUFQlZ_c.jpg,false,,landscape,3.844784714601701e-06
real_landscape_landscape_096_3eC5n6gHwe8.jpg,false,,landscape,2.9298991648829542e-05
real_landscape_landscape_063_Lm6mqM_KqQY.jpg,false,,landscape,0.00018567946972325444
real_landscape_landscape_145_xZX3pXjQQSw.jpg,false,,landscape,1.528630127722863e-05
real_landscape_landscape_74_a_bathroom_with_some_orange_walls_and_a_black_and_white_coun.jpg,false,,landscape,4.051092901136144e-07
real_landscape_landscape_136_awNpFWNTGFY.jpg,false,,landscape,2.9218714189482853e-05
real_landscape_landscape_061_bk4hN4Jvnac.jpg,false,,landscape,1.958774919330608e-05
real_landscape_landscape_121_JtVkmKQ1FQI.jpg,false,,landscape,3.939248199458234e-05
real_landscape_landscape_104_6gt7AoSk5pQ.jpg,false,,landscape,0.00010604543058434501
real_landscape_landscape_139_aoWukdAWJno.jpg,false,,landscape,5.900850737816654e-06
real_landscape_landscape_75_a_city_traffic_signal_and_street_at_night.jpg,false,,landscape,2.62710454990156e-06
real_landscape_landscape_055_ixbSaWYYOwY.jpg,false,,landscape,3.342585114296526e-05
real_landscape_landscape_137_9CkGNheiEFQ.jpg,false,,landscape,2.4643290998938028e-06
real_landscape_landscape_066_7AKHr2kdmAc.jpg,false,,landscape,1.5282219465007074e-05
real_landscape_landscape_08_ocean_waves_beach.jpg,false,,landscape,6.232156010810286e-05
real_landscape_landscape_076_OrkbCipJriw.jpg,false,,landscape,5.644729753839783e-06
real_landscape_landscape_113_etJBEUW4ZDg.jpg,false,,landscape,3.2508054573554546e-05
real_landscape_landscape_123_ac9BZlaKuG4.jpg,false,,landscape,2.521839451219421e-05
real_landscape_landscape_049_yFCXHHLEZA0.jpg,false,,landscape,9.979410151572665e-07
real_landscape_landscape_151_OueojWSe66o.jpg,false,,landscape,3.560259938240051e-05
real_landscape_landscape_087_NW-WPrJoyzc.jpg,false,,landscape,1.460526277696772e-06
real_landscape_landscape_62_two_large_jets_sitting_on_top_of_an_airport_runway.jpg,false,,landscape,3.729232048499398e-05
real_landscape_landscape_67_an_image_of_a_subway_bus_going_thru_the_subway_station.jpg,false,,landscape,5.158474323252449e-07
real_landscape_landscape_64_a_bird_sitting_on_top_of_a_park_bench.jpg,false,,landscape,7.849718599572952e-07
real_landscape_landscape_141_F0_qeY5OWJE.jpg,false,,landscape,4.191418156551663e-06
real_landscape_landscape_149_zMhnN9FpDBE.jpg,false,,landscape,7.128855486371322e-06
real_landscape_landscape_56_a_train_on_the_tracks_out_in_the_country.jpg,false,,landscape,2.0167352943190053e-07
real_landscape_landscape_103_Yd6TC3qee6M.jpg,false,,landscape,0.004812201950699091
real_landscape_landscape_052_Xaje8s7H9Cw.jpg,false,,landscape,1.1729160860340926e-06
real_landscape_landscape_01_mountain_peaks_with_snow.jpg,false,,landscape,3.074041160289198e-06
real_landscape_landscape_058_CPIQfMbSjmM.jpg,false,,landscape,5.469313236972084e-06
real_landscape_landscape_065_xMMh-VFGL9M.jpg,false,,landscape,0.00019970627909060568
real_landscape_landscape_72_a_street_corner_with_a_brown_and_white_building_on_it.jpg,false,,landscape,1.9816417307083611e-07
real_landscape_landscape_094_8v_1afZJpg4.jpg,false,,landscape,3.999097680207342e-05
real_landscape_landscape_150_NoSRqbXJY68.jpg,false,,landscape,8.05342187959468e-06
real_landscape_landscape_144_MZxQoMVN518.jpg,false,,landscape,2.4458465759380488e-06
real_landscape_landscape_63_a_pole_with_a_street_light_and_signs_next_to_a_bare_tree.jpg,false,,landscape,4.388340926197998e-07
real_landscape_landscape_127_uFdsMOjWX58.jpg,false,,landscape,7.844155334169045e-05
real_landscape_landscape_101_C27Jip4jz4k.jpg,false,,landscape,6.422179012588458e-06
real_landscape_landscape_050_nlllZxwRoLM.jpg,false,,landscape,1.1710965281963581e-06
real_landscape_landscape_054_R0hVu1Mqo7A.jpg,false,,landscape,7.453576108673587e-05
real_landscape_landscape_170_rGmCuOfPwnk.jpg,false,,landscape,0.0019738925620913506
real_landscape_landscape_52_the_train_engine_is_followed_by_a_line_of_open_cars.jpg,false,,landscape,2.8456390737119364e-06
real_landscape_landscape_50_a_green_bench_sitting_on_the_side_of_a_sidewalk.jpg,false,,landscape,6.653937703049451e-07
real_landscape_landscape_65_these_toilets_are_being_used_outside_as_decor.jpg,false,,landscape,2.9032787551841466e-07
real_landscape_landscape_148_qgfiux6vEmc.jpg,false,,landscape,1.1559702670638217e-06
real_landscape_landscape_169_TWvnc-oToE4.jpg,false,,landscape,4.035267011204269e-06
real_landscape_landscape_112_hfxvkEzd_I0.jpg,false,,landscape,0.00010699851554818451
real_landscape_landscape_70_a_semi_truck_is_driving_down_a_street.jpg,false,,landscape,1.8386607791853748e-07
real_landscape_landscape_084_uzWLhB7n3m8.jpg,false,,landscape,2.642865638335934e-06
real_landscape_landscape_091_Bch-Zl9ZUc8.jpg,false,,landscape,8.78951686900109e-06
real_landscape_landscape_66_a_few_meters_are_sitting_near_an_air_plane.jpg,false,,landscape,5.158366320756613e-07
real_landscape_landscape_108_LpryxGvyY-8.jpg,false,,landscape,1.8477183402865194e-05
