id,is_ai,generator,category,score
ai_art_qwen_2512_art_08.png,true,Qwen 2512,art,0.9999918937683105
ai_art_flux_2_flex_art_03.png,true,Flux,art,0.9997665286064148
ai_art_seedream_v3_art_07.png,true,Seedream,art,0.9999362230300903
ai_art_seedream_v3_art_06.png,true,Seedream,art,0.9999649524688721
ai_art_flux_2_flex_art_02.png,true,Flux,art,0.9988735318183899
ai_art_glm_image_art_01.png,true,GLM Image,art,0.6484807133674622
ai_art_qwen_2512_art_09.png,true,Qwen 2512,art,0.999446451663971
ai_art_wan_v2.6_art_09.png,true,Wan v2.6,art,0.0034042508341372013
ai_art_flux_schnell_art_08.png,true,Flux Schnell,art,0.9991248250007629
ai_art_glm_image_art_03.png,true,GLM Image,art,0.9495099186897278
ai_art_seedream_v3_art_10.png,true,Seedream,art,0.009276370517909527
ai_art_seedream_v3_art_04.png,true,Seedream,art,0.7405519485473633
ai_art_seedream_v3_art_05.png,true,Seedream,art,9.932696229952853e-06
ai_art_flux_2_flex_art_01.png,true,Flux,art,0.9999254941940308
ai_art_glm_image_art_02.png,true,GLM Image,art,0.9999932050704956
ai_art_flux_schnell_art_09.png,true,Flux Schnell,art,0.01336093619465828
ai_art_wan_v2.6_art_08.png,true,Wan v2.6,art,0.9901106953620911
ai_art_z_image_art_09.png,true,Z,art,0.4447558522224426
ai_art_glm_image_art_06.png,true,GLM Image,art,0.9999940395355225
ai_art_flux_2_flex_art_05.png,true,Flux,art,0.0005534091615118086
ai_art_seedream_v3_art_01.png,true,Seedream,art,0.1017705649137497
ai_art_flux_2_flex_art_10.png,true,Flux,art,0.9999985694885254
ai_art_flux_2_flex_art_04.png,true,Flux,art,0.9653667211532593
ai_art_glm_image_art_07.png,true,GLM Image,art,0.9999741315841675
ai_art_z_image_art_08.png,true,Z,art,0.9998830556869507
ai_art_glm_image_art_05.png,true,GLM Image,art,1.995717411773512e-06
ai_art_flux_2_flex_art_06.png,true,Flux,art,0.9999827146530151
ai_art_seedream_v3_art_02.png,true,Seedream,art,0.9999899864196777
ai_art_seedream_v3_art_03.png,true,Seedream,art,0.004070068243891001
ai_art_flux_2_flex_art_07.png,true,Flux,art,0.9998961687088013
ai_art_glm_image_art_10.png,true,GLM Image,art,0.9965007305145264
ai_art_glm_image_art_04.png,true,GLM Image,art,0.9999680519104004
ai_art_hunyuan_v3_art_07.png,true,Hunyuan v3,art,0.05862072482705116
ai_art_ideogram_v3_art_04.png,true,Ideogram v3,art,0.004728348925709724
ai_art_ideogram_v3_art_10.png,true,Ideogram v3,art,0.5947847366333008
ai_art_sd_3.5_large_art_08.png,true,Sd,art,0.9999525547027588
ai_art_seedream_v4_art_03.png,true,Seedream,art,0.00010014246799983084
ai_art_leonardo_phoenix_art_06.png,true,Leonardo Phoenix,art,0.99140465259552
ai_art_leonardo_phoenix_art_07.png,true,Leonardo Phoenix,art,0.9994066953659058
ai_art_grok_aurora_art_01.png,true,Grok Aurora,art,0.9998699426651001
ai_art_seedream_v4_art_02.png,true,Seedream,art,0.017684245482087135
ai_art_sd_3.5_large_art_09.png,true,Sd,art,0.0010798207949846983
ai_art_ideogram_v3_art_05.png,true,Ideogram v3,art,0.9996602535247803
ai_art_hunyuan_v3_art_06.png,true,Hunyuan v3,art,0.9997565150260925
ai_art_hunyuan_v3_art_04.png,true,Hunyuan v3,art,0.9995889067649841
ai_art_hunyuan_v3_art_10.png,true,Hunyuan v3,art,0.8612875938415527
ai_art_recraft_v3_art_09.png,true,Recraft v3,art,0.9966069459915161
ai_art_ideogram_v3_art_07.png,true,Ideogram v3,art,0.06927490234375
ai_art_grok_aurora_art_03.png,true,Grok Aurora,art,0.9956032037734985
ai_art_leonardo_phoenix_art_05.png,true,Leonardo Phoenix,art,0.8996796011924744
ai_art_leonardo_phoenix_art_10.png,true,Leonardo Phoenix,art,0.9999473094940186
ai_art_leonardo_phoenix_art_04.png,true,Leonardo Phoenix,art,0.9966577291488647
ai_art_grok_aurora_art_02.png,true,Grok Aurora,art,0.9995715022087097
ai_art_seedream_v4_art_01.png,true,Seedream,art,0.7744669914245605
ai_art_ideogram_v3_art_06.png,true,Ideogram v3,art,0.9966872334480286
ai_art_recraft_v3_art_08.png,true,Recraft v3,art,0.028350353240966797
ai_art_hunyuan_v3_art_05.png,true,Hunyuan v3,art,0.00023922430409584194
ai_art_hunyuan_v3_art_01.png,true,Hunyuan v3,art,0.14286546409130096
ai_art_ideogram_v3_art_02.png,true,Ideogram v3,art,0.9950010180473328
ai_art_flux_pro_v1.1_art_09.png,true,Flux Pro v1.1,art,0.002214617794379592
ai_art_seedream_v4_art_05.png,true,Seedream,art,0.0006566058727912605
ai_art_grok_aurora_art_06.png,true,Grok Aurora,art,0.9999676942825317
ai_art_grok_aurora_art_07.png,true,Grok Aurora,art,0.4568006098270416
ai_art_leonardo_phoenix_art_01.png,true,Leonardo Phoenix,art,0.007138799410313368
ai_art_seedream_v4_art_04.png,true,Seedream,art,0.04121182858943939
ai_art_seedream_v4_art_10.png,true,Seedream,art,0.003898298367857933
ai_art_flux_pro_v1.1_art_08.png,true,Flux Pro v1.1,art,0.9996446371078491
ai_art_ideogram_v3_art_03.png,true,Ideogram v3,art,0.9900626540184021
ai_art_hunyuan_v3_art_02.png,true,Hunyuan v3,art,0.788675844669342
ai_art_gpt_image_1.5_art_08.png,true,Gpt,art,0.9919122457504272
ai_art_ideogram_v3_art_01.png,true,Ideogram v3,art,0.9974883794784546
ai_art_gemini_3_pro_art_09.png,true,Gemini 3 Pro,art,0.034695062786340714
ai_art_seedream_v4_art_06.png,true,Seedream,art,0.998991072177887
ai_art_leonardo_phoenix_art_03.png,true,Leonardo Phoenix,art,0.9997456669807434
ai_art_grok_aurora_art_05.png,true,Grok Aurora,art,0.030124839395284653
ai_art_grok_aurora_art_10.png,true,Grok Aurora,art,0.010219424031674862
ai_art_grok_aurora_art_04.png,true,Grok Aurora,art,0.9473450779914856
ai_art_leonardo_phoenix_art_02.png,true,Leonardo Phoenix,art,0.9509922862052917
ai_art_seedream_v4_art_07.png,true,Seedream,art,0.030177971348166466
ai_art_gemini_3_pro_art_08.png,true,Gemini 3 Pro,art,0.1183186024427414
ai_art_gpt_image_1.5_art_09.png,true,Gpt,art,0.00034084697836078703
ai_art_hunyuan_v3_art_03.png,true,Hunyuan v3,art,0.1410028040409088
ai_art_gpt_image_1.5_art_10.png,true,Gpt,art,0.012271437793970108
ai_art_recraft_v3_art_03.png,true,Recraft v3,art,0.9962373971939087
ai_art_gpt_image_1.5_art_04.png,true,Gpt,art,0.21255402266979218
ai_art_sd_3.5_large_art_01.png,true,Sd,art,0.01097059715539217
ai_art_gemini_3_pro_art_05.png,true,Gemini 3 Pro,art,3.623497104854323e-05
ai_art_flux_pro_v1.1_art_06.png,true,Flux Pro v1.1,art,0.3326356112957001
ai_art_grok_aurora_art_09.png,true,Grok Aurora,art,0.001516072079539299
ai_art_grok_aurora_art_08.png,true,Grok Aurora,art,0.9950597286224365
ai_art_flux_pro_v1.1_art_07.png,true,Flux Pro v1.1,art,0.0025291352067142725
ai_art_gemini_3_pro_art_10.png,true,Gemini 3 Pro,art,0.9948575496673584
ai_art_gemini_3_pro_art_04.png,true,Gemini 3 Pro,art,0.9326812624931335
ai_art_gpt_image_1.5_art_05.png,true,Gpt,art,2.8180731533211656e-05
ai_art_recraft_v3_art_02.png,true,Recraft v3,art,0.9998897314071655
ai_art_gpt_image_1.5_art_07.png,true,Gpt,art,0.7928761839866638
ai_art_gemini_3_pro_art_06.png,true,Gemini 3 Pro,art,0.9998335838317871
ai_art_sd_3.5_large_art_02.png,true,Sd,art,0.9999371767044067
ai_art_flux_pro_v1.1_art_05.png,true,Flux Pro v1.1,art,3.342186755617149e-05
ai_art_seedream_v4_art_09.png,true,Seedream,art,0.0030637371819466352
ai_art_seedream_v4_art_08.png,true,Seedream,art,0.007833330892026424
ai_art_flux_pro_v1.1_art_10.png,true,Flux Pro v1.1,art,0.34583157300949097
ai_art_flux_pro_v1.1_art_04.png,true,Flux Pro v1.1,art,0.8661267161369324
ai_art_gemini_3_pro_art_07.png,true,Gemini 3 Pro,art,0.0014160311548039317
ai_art_sd_3.5_large_art_03.png,true,Sd,art,0.9818682670593262
ai_art_recraft_v3_art_01.png,true,Recraft v3,art,0.2737511098384857
ai_art_gpt_image_1.5_art_06.png,true,Gpt,art,0.9999901056289673
ai_art_hunyuan_v3_art_08.png,true,Hunyuan v3,art,0.21464011073112488
ai_art_gpt_image_1.5_art_02.png,true,Gpt,art,0.9989866614341736
ai_art_recraft_v3_art_05.png,true,Recraft v3,art,0.0004418739990796894
ai_art_sd_3.5_large_art_07.png,true,Sd,art,0.9999984502792358
ai_art_gemini_3_pro_art_03.png,true,Gemini 3 Pro,art,0.9952371120452881
ai_art_leonardo_phoenix_art_09.png,true,Leonardo Phoenix,art,0.9994408488273621
ai_art_leonardo_phoenix_art_08.png,true,Leonardo Phoenix,art,0.9168378710746765
ai_art_flux_pro_v1.1_art_01.png,true,Flux Pro v1.1,art,0.023567622527480125
ai_art_sd_3.5_large_art_06.png,true,Sd,art,0.9996067881584167
ai_art_gemini_3_pro_art_02.png,true,Gemini 3 Pro,art,0.9998427629470825
ai_art_recraft_v3_art_10.png,true,Recraft v3,art,0.9867720007896423
ai_art_recraft_v3_art_04.png,true,Recraft v3,art,0.771393358707428
ai_art_gpt_image_1.5_art_03.png,true,Gpt,art,0.10508937388658524
ai_art_hunyuan_v3_art_09.png,true,Hunyuan v3,art,0.0009894600370898843
ai_art_recraft_v3_art_06.png,true,Recraft v3,art,0.9909701347351074
ai_art_gpt_image_1.5_art_01.png,true,Gpt,art,0.5826543569564819
ai_art_sd_3.5_large_art_04.png,true,Sd,art,0.9590199589729309
ai_art_sd_3.5_large_art_10.png,true,Sd,art,2.522955765016377e-05
ai_art_ideogram_v3_art_08.png,true,Ideogram v3,art,0.9997852444648743
ai_art_flux_pro_v1.1_art_03.png,true,Flux Pro v1.1,art,0.39302876591682434
ai_art_flux_pro_v1.1_art_02.png,true,Flux Pro v1.1,art,0.96306312084198
ai_art_ideogram_v3_art_09.png,true,Ideogram v3,art,0.9999746084213257
ai_art_gemini_3_pro_art_01.png,true,Gemini 3 Pro,art,0.9996817111968994
ai_art_sd_3.5_large_art_05.png,true,Sd,art,6.143178325146437e-06
ai_art_recraft_v3_art_07.png,true,Recraft v3,art,0.948137640953064
ai_art_wan_v2.6_art_03.png,true,Wan v2.6,art,0.6311309933662415
ai_art_flux_schnell_art_02.png,true,Flux Schnell,art,0.9992436170578003
ai_art_qwen_2512_art_01.png,true,Qwen 2512,art,0.9998416900634766
ai_art_z_image_art_06.png,true,Z,art,0.9999982118606567
ai_art_glm_image_art_09.png,true,GLM Image,art,0.00036522510345093906
ai_art_glm_image_art_08.png,true,GLM Image,art,0.999919056892395
ai_art_z_image_art_07.png,true,Z,art,0.6186144948005676
ai_art_flux_schnell_art_03.png,true,Flux Schnell,art,0.9999192953109741
ai_art_wan_v2.6_art_02.png,true,Wan v2.6,art,0.9961869120597839
ai_art_qwen_2512_art_02.png,true,Qwen 2512,art,0.9999737739562988
ai_art_flux_schnell_art_01.png,true,Flux Schnell,art,0.11090168356895447
ai_art_z_image_art_05.png,true,Z,art,0.9816925525665283
ai_art_flux_2_flex_art_09.png,true,Flux,art,3.125086732325144e-05
ai_art_flux_2_flex_art_08.png,true,Flux,art,0.0013533900491893291
ai_art_z_image_art_04.png,true,Z,art,0.23502923548221588
ai_art_z_image_art_10.png,true,Z,art,0.9988598823547363
ai_art_qwen_2512_art_03.png,true,Qwen 2512,art,0.9999756813049316
ai_art_wan_v2.6_art_01.png,true,Wan v2.6,art,0.9996309280395508
ai_art_flux_schnell_art_10.png,true,Flux Schnell,art,0.2050197720527649
ai_art_wan_v2.6_art_05.png,true,Wan v2.6,art,0.006987124681472778
ai_art_flux_schnell_art_04.png,true,Flux Schnell,art,0.9959211349487305
ai_art_qwen_2512_art_07.png,true,Qwen 2512,art,0.7916814684867859
ai_art_seedream_v3_art_08.png,true,Seedream,art,0.9995080232620239
ai_art_seedream_v3_art_09.png,true,Seedream,art,0.0020011647138744593
ai_art_z_image_art_01.png,true,Z,art,0.09632475674152374
ai_art_flux_schnell_art_05.png,true,Flux Schnell,art,0.02007356658577919
ai_art_wan_v2.6_art_04.png,true,Wan v2.6,art,0.9972004890441895
ai_art_qwen_2512_art_06.png,true,Qwen 2512,art,0.9999774694442749
ai_art_wan_v2.6_art_10.png,true,Wan v2.6,art,0.588613748550415
ai_art_qwen_2512_art_04.png,true,Qwen 2512,art,0.9999887943267822
ai_art_wan_v2.6_art_06.png,true,Wan v2.6,art,0.9999912977218628
ai_art_flux_schnell_art_07.png,true,Flux Schnell,art,0.00197223830036819
ai_art_qwen_2512_art_10.png,true,Qwen 2512,art,0.9076051712036133
ai_art_z_image_art_03.png,true,Z,art,0.0025522583164274693
ai_art_z_image_art_02.png,true,Z,art,0.9995942711830139
ai_art_qwen_2512_art_05.png,true,Qwen 2512,art,0.9997451901435852
ai_art_flux_schnell_art_06.png,true,Flux Schnell,art,0.9994155168533325
ai_art_wan_v2.6_art_07.png,true,Wan v2.6,art,0.9999798536300659
ai_portrait_seedream_v3_portrait_10.png,true,Seedream,portrait,0.999030351638794
ai_portrait_seedream_v3_portrait_04.png,true,Seedream,portrait,0.24946698546409607
ai_portrait_recraft_v3_portrait_05.png,true,Recraft v3,portrait,0.9997795224189758
ai_portrait_flux_pro_v1.1_portrait_09.png,true,Flux Pro v1.1,portrait,0.9904559254646301
ai_portrait_flux_pro_v1.1_portrait_08.png,true,Flux Pro v1.1,portrait,0.0014462920371443033
ai_portrait_wan_v2.6_portrait_01.png,true,Wan v2.6,portrait,0.3664375841617584
ai_portrait_recraft_v3_portrait_04.png,true,Recraft v3,portrait,0.9983633160591125
ai_portrait_recraft_v3_portrait_10.png,true,Recraft v3,portrait,0.13133083283901215
ai_portrait_seedream_v3_portrait_05.png,true,Seedream,portrait,0.9908173084259033
ai_portrait_seedream_v4_portrait_01.png,true,Seedream,portrait,0.0010093714809045196
ai_portrait_seedream_v4_portrait_03.png,true,Seedream,portrait,0.0014015017077326775
ai_portrait_seedream_v3_portrait_07.png,true,Seedream,portrait,0.006620734464377165
ai_portrait_hunyuan_v3_portrait_09.png,true,Hunyuan v3,portrait,0.01828024350106716
ai_portrait_recraft_v3_portrait_06.png,true,Recraft v3,portrait,0.39817947149276733
ai_portrait_wan_v2.6_portrait_03.png,true,Wan v2.6,portrait,0.9985930323600769
ai_portrait_wan_v2.6_portrait_02.png,true,Wan v2.6,portrait,0.9997079968452454
ai_portrait_recraft_v3_portrait_07.png,true,Recraft v3,portrait,0.2713119089603424
ai_portrait_hunyuan_v3_portrait_08.png,true,Hunyuan v3,portrait,5.50559980183607e-06
ai_portrait_seedream_v3_portrait_06.png,true,Seedream,portrait,0.9984139204025269
ai_portrait_seedream_v4_portrait_02.png,true,Seedream,portrait,0.12928321957588196
ai_portrait_seedream_v3_portrait_02.png,true,Seedream,portrait,0.0001231588830705732
ai_portrait_seedream_v4_portrait_06.png,true,Seedream,portrait,3.987699528806843e-05
ai_portrait_recraft_v3_portrait_03.png,true,Recraft v3,portrait,0.006023390684276819
ai_portrait_grok_aurora_portrait_09.png,true,Grok Aurora,portrait,2.848456279025413e-05
ai_portrait_qwen_2512_portrait_08.png,true,Qwen 2512,portrait,0.763349711894989
ai_portrait_wan_v2.6_portrait_06.png,true,Wan v2.6,portrait,0.9274449348449707
ai_portrait_wan_v2.6_portrait_07.png,true,Wan v2.6,portrait,0.9999284744262695
ai_portrait_qwen_2512_portrait_09.png,true,Qwen 2512,portrait,0.9520331621170044
ai_portrait_recraft_v3_portrait_02.png,true,Recraft v3,portrait,0.1810661256313324
ai_portrait_grok_aurora_portrait_08.png,true,Grok Aurora,portrait,0.9418525695800781
ai_portrait_seedream_v4_portrait_07.png,true,Seedream,portrait,0.03096066415309906
ai_portrait_seedream_v3_portrait_03.png,true,Seedream,portrait,0.7490910887718201
ai_portrait_seedream_v3_portrait_01.png,true,Seedream,portrait,0.9999266862869263
ai_portrait_seedream_v4_portrait_05.png,true,Seedream,portrait,0.0012226203689351678
ai_portrait_wan_v2.6_portrait_05.png,true,Wan v2.6,portrait,0.09301113337278366
ai_portrait_flux_schnell_portrait_08.png,true,Flux Schnell,portrait,0.9353964328765869
ai_portrait_flux_schnell_portrait_09.png,true,Flux Schnell,portrait,0.9999043941497803
ai_portrait_wan_v2.6_portrait_10.png,true,Wan v2.6,portrait,0.9851876497268677
ai_portrait_wan_v2.6_portrait_04.png,true,Wan v2.6,portrait,0.13909514248371124
ai_portrait_recraft_v3_portrait_01.png,true,Recraft v3,portrait,0.002636409131810069
ai_portrait_seedream_v4_portrait_04.png,true,Seedream,portrait,0.13975311815738678
ai_portrait_seedream_v4_portrait_10.png,true,Seedream,portrait,9.778820822248235e-05
ai_portrait_z_image_portrait_01.png,true,Z,portrait,0.9886854887008667
ai_portrait_ideogram_v3_portrait_01.png,true,Ideogram v3,portrait,0.9998762607574463
ai_portrait_leonardo_phoenix_portrait_07.png,true,Leonardo Phoenix,portrait,0.9999114274978638
ai_portrait_sd_3.5_large_portrait_05.png,true,Sd,portrait,0.11658541858196259
ai_portrait_gpt_image_1.5_portrait_01.png,true,Gpt,portrait,0.7171041965484619
ai_portrait_flux_2_flex_portrait_03.png,true,Flux,portrait,0.9999974966049194
ai_portrait_gemini_3_pro_portrait_10.png,true,Gemini 3 Pro,portrait,0.00031040949397720397
ai_portrait_gemini_3_pro_portrait_04.png,true,Gemini 3 Pro,portrait,3.527333683450706e-05
ai_portrait_gemini_3_pro_portrait_05.png,true,Gemini 3 Pro,portrait,0.000892364711035043
ai_portrait_flux_2_flex_portrait_02.png,true,Flux,portrait,0.9991957545280457
ai_portrait_sd_3.5_large_portrait_04.png,true,Sd,portrait,0.9963646531105042
ai_portrait_leonardo_phoenix_portrait_06.png,true,Leonardo Phoenix,portrait,0.9981139898300171
ai_portrait_sd_3.5_large_portrait_10.png,true,Sd,portrait,0.0695979967713356
ai_portrait_glm_image_portrait_01.png,true,GLM Image,portrait,0.9918015599250793
ai_portrait_z_image_portrait_02.png,true,Z,portrait,0.9945858716964722
ai_portrait_glm_image_portrait_03.png,true,GLM Image,portrait,0.9999462366104126
ai_portrait_ideogram_v3_portrait_02.png,true,Ideogram v3,portrait,0.5724924206733704
ai_portrait_leonardo_phoenix_portrait_10.png,true,Leonardo Phoenix,portrait,0.9999990463256836
ai_portrait_sd_3.5_large_portrait_06.png,true,Sd,portrait,0.4285047650337219
ai_portrait_leonardo_phoenix_portrait_04.png,true,Leonardo Phoenix,portrait,0.9998778104782104
ai_portrait_gpt_image_1.5_portrait_02.png,true,Gpt,portrait,0.00431534368544817
ai_portrait_gemini_3_pro_portrait_07.png,true,Gemini 3 Pro,portrait,0.9957247972488403
ai_portrait_gemini_3_pro_portrait_06.png,true,Gemini 3 Pro,portrait,0.001023460179567337
ai_portrait_flux_2_flex_portrait_01.png,true,Flux,portrait,0.9992753863334656
ai_portrait_gpt_image_1.5_portrait_03.png,true,Gpt,portrait,0.22019770741462708
ai_portrait_leonardo_phoenix_portrait_05.png,true,Leonardo Phoenix,portrait,0.9999984502792358
ai_portrait_sd_3.5_large_portrait_07.png,true,Sd,portrait,0.9378766417503357
ai_portrait_ideogram_v3_portrait_03.png,true,Ideogram v3,portrait,0.9723691344261169
ai_portrait_glm_image_portrait_02.png,true,GLM Image,portrait,0.952978789806366
ai_portrait_z_image_portrait_03.png,true,Z,portrait,0.9991416931152344
ai_portrait_z_image_portrait_07.png,true,Z,portrait,0.02197137475013733
ai_portrait_glm_image_portrait_06.png,true,GLM Image,portrait,0.9999079704284668
ai_portrait_ideogram_v3_portrait_07.png,true,Ideogram v3,portrait,0.9935920834541321
ai_portrait_gpt_image_1.5_portrait_07.png,true,Gpt,portrait,0.021410848945379257
ai_portrait_sd_3.5_large_portrait_03.png,true,Sd,portrait,0.9701856374740601
ai_portrait_leonardo_phoenix_portrait_01.png,true,Leonardo Phoenix,portrait,0.004305949434638023
ai_portrait_gemini_3_pro_portrait_02.png,true,Gemini 3 Pro,portrait,0.10326895117759705
ai_portrait_flux_2_flex_portrait_05.png,true,Flux,portrait,0.9998507499694824
ai_portrait_flux_2_flex_portrait_10.png,true,Flux,portrait,0.9999226331710815
ai_portrait_flux_2_flex_portrait_04.png,true,Flux,portrait,0.9978055357933044
ai_portrait_gemini_3_pro_portrait_03.png,true,Gemini 3 Pro,portrait,0.8627459406852722
ai_portrait_sd_3.5_large_portrait_02.png,true,Sd,portrait,0.7510753870010376
ai_portrait_gpt_image_1.5_portrait_06.png,true,Gpt,portrait,0.00030447158496826887
ai_portrait_ideogram_v3_portrait_06.png,true,Ideogram v3,portrait,0.23087869584560394
ai_portrait_glm_image_portrait_07.png,true,GLM Image,portrait,0.9998953342437744
ai_portrait_z_image_portrait_06.png,true,Z,portrait,0.9968963861465454
ai_portrait_z_image_portrait_10.png,true,Z,portrait,0.7295988202095032
ai_portrait_z_image_portrait_04.png,true,Z,portrait,0.9909370541572571
ai_portrait_glm_image_portrait_05.png,true,GLM Image,portrait,0.9959808588027954
ai_portrait_ideogram_v3_portrait_10.png,true,Ideogram v3,portrait,0.998089611530304
ai_portrait_ideogram_v3_portrait_04.png,true,Ideogram v3,portrait,0.32964229583740234
ai_portrait_gpt_image_1.5_portrait_10.png,true,Gpt,portrait,0.923136293888092
ai_portrait_gpt_image_1.5_portrait_04.png,true,Gpt,portrait,0.0003146160743199289
ai_portrait_leonardo_phoenix_portrait_02.png,true,Leonardo Phoenix,portrait,0.9899305105209351
ai_portrait_gemini_3_pro_portrait_01.png,true,Gemini 3 Pro,portrait,5.4078391258371994e-05
ai_portrait_flux_2_flex_portrait_06.png,true,Flux,portrait,0.9999983310699463
ai_portrait_flux_2_flex_portrait_07.png,true,Flux,portrait,0.9999765157699585
ai_portrait_sd_3.5_large_portrait_01.png,true,Sd,portrait,0.6299409866333008
ai_portrait_leonardo_phoenix_portrait_03.png,true,Leonardo Phoenix,portrait,0.9836734533309937
ai_portrait_gpt_image_1.5_portrait_05.png,true,Gpt,portrait,0.7048028111457825
ai_portrait_ideogram_v3_portrait_05.png,true,Ideogram v3,portrait,0.9986588954925537
ai_portrait_glm_image_portrait_10.png,true,GLM Image,portrait,0.999961256980896
ai_portrait_glm_image_portrait_04.png,true,GLM Image,portrait,0.9998225569725037
ai_portrait_z_image_portrait_05.png,true,Z,portrait,0.0009642094955779612
ai_portrait_z_image_portrait_08.png,true,Z,portrait,0.9999674558639526
ai_portrait_glm_image_portrait_09.png,true,GLM Image,portrait,0.9998946189880371
ai_portrait_ideogram_v3_portrait_08.png,true,Ideogram v3,portrait,0.9557486772537231
ai_portrait_gpt_image_1.5_portrait_08.png,true,Gpt,portrait,0.0001075614636647515
ai_portrait_gpt_image_1.5_portrait_09.png,true,Gpt,portrait,0.002519071102142334
ai_portrait_ideogram_v3_portrait_09.png,true,Ideogram v3,portrait,0.5084574818611145
ai_portrait_glm_image_portrait_08.png,true,GLM Image,portrait,0.9975702166557312
ai_portrait_z_image_portrait_09.png,true,Z,portrait,0.9863990545272827
ai_portrait_flux_2_flex_portrait_09.png,true,Flux,portrait,0.9995429515838623
ai_portrait_flux_2_flex_portrait_08.png,true,Flux,portrait,0.9697633385658264
ai_portrait_leonardo_phoenix_portrait_08.png,true,Leonardo Phoenix,portrait,0.9663418531417847
ai_portrait_leonardo_phoenix_portrait_09.png,true,Leonardo Phoenix,portrait,0.9561734199523926
ai_portrait_sd_3.5_large_portrait_09.png,true,Sd,portrait,0.000668833963572979
ai_portrait_gemini_3_pro_portrait_08.png,true,Gemini 3 Pro,portrait,0.00021321400708984584
ai_portrait_gemini_3_pro_portrait_09.png,true,Gemini 3 Pro,portrait,0.0057068923488259315
ai_portrait_sd_3.5_large_portrait_08.png,true,Sd,portrait,0.9995114803314209
ai_portrait_seedream_v4_portrait_09.png,true,Seedream,portrait,0.5266647934913635
ai_portrait_hunyuan_v3_portrait_03.png,true,Hunyuan v3,portrait,0.001679464359767735
ai_portrait_grok_aurora_portrait_06.png,true,Grok Aurora,portrait,0.019304383546113968
ai_portrait_qwen_2512_portrait_07.png,true,Qwen 2512,portrait,0.9999333620071411
ai_portrait_wan_v2.6_portrait_09.png,true,Wan v2.6,portrait,0.9999963045120239
ai_portrait_flux_schnell_portrait_04.png,true,Flux Schnell,portrait,0.9999687671661377
ai_portrait_flux_schnell_portrait_10.png,true,Flux Schnell,portrait,0.9999606609344482
ai_portrait_flux_pro_v1.1_portrait_01.png,true,Flux Pro v1.1,portrait,0.00013701713760383427
ai_portrait_flux_schnell_portrait_05.png,true,Flux Schnell,portrait,0.9996490478515625
ai_portrait_wan_v2.6_portrait_08.png,true,Wan v2.6,portrait,0.9280309081077576
ai_portrait_qwen_2512_portrait_06.png,true,Qwen 2512,portrait,0.9996871948242188
ai_portrait_grok_aurora_portrait_07.png,true,Grok Aurora,portrait,0.4758633077144623
ai_portrait_hunyuan_v3_portrait_02.png,true,Hunyuan v3,portrait,0.02601301297545433
ai_portrait_seedream_v4_portrait_08.png,true,Seedream,portrait,0.11372530460357666
ai_portrait_grok_aurora_portrait_05.png,true,Grok Aurora,portrait,0.029405754059553146
ai_portrait_qwen_2512_portrait_04.png,true,Qwen 2512,portrait,0.002637739758938551
ai_portrait_qwen_2512_portrait_10.png,true,Qwen 2512,portrait,0.9943720102310181
ai_portrait_flux_schnell_portrait_07.png,true,Flux Schnell,portrait,0.9967800974845886
ai_portrait_flux_pro_v1.1_portrait_03.png,true,Flux Pro v1.1,portrait,0.00016429131210315973
ai_portrait_flux_pro_v1.1_portrait_02.png,true,Flux Pro v1.1,portrait,0.9993354678153992
ai_portrait_flux_schnell_portrait_06.png,true,Flux Schnell,portrait,0.9995226860046387
ai_portrait_qwen_2512_portrait_05.png,true,Qwen 2512,portrait,0.7377697825431824
ai_portrait_grok_aurora_portrait_04.png,true,Grok Aurora,portrait,0.23854584991931915
ai_portrait_grok_aurora_portrait_10.png,true,Grok Aurora,portrait,0.9999947547912598
ai_portrait_hunyuan_v3_portrait_01.png,true,Hunyuan v3,portrait,0.3326356112957001
ai_portrait_hunyuan_v3_portrait_05.png,true,Hunyuan v3,portrait,0.003208934562280774
ai_portrait_qwen_2512_portrait_01.png,true,Qwen 2512,portrait,0.9427881240844727
ai_portrait_flux_schnell_portrait_02.png,true,Flux Schnell,portrait,0.9892627596855164
ai_portrait_flux_pro_v1.1_portrait_06.png,true,Flux Pro v1.1,portrait,0.9709808826446533
ai_portrait_flux_pro_v1.1_portrait_07.png,true,Flux Pro v1.1,portrait,0.020349498838186264
ai_portrait_flux_schnell_portrait_03.png,true,Flux Schnell,portrait,0.999923586845398
ai_portrait_grok_aurora_portrait_01.png,true,Grok Aurora,portrait,0.00010964838293148205
ai_portrait_hunyuan_v3_portrait_10.png,true,Hunyuan v3,portrait,0.8749691843986511
ai_portrait_hunyuan_v3_portrait_04.png,true,Hunyuan v3,portrait,0.9370585083961487
ai_portrait_seedream_v3_portrait_08.png,true,Seedream,portrait,0.694390058517456
ai_portrait_hunyuan_v3_portrait_06.png,true,Hunyuan v3,portrait,0.034939758479595184
ai_portrait_recraft_v3_portrait_09.png,true,Recraft v3,portrait,0.0029468433931469917
ai_portrait_grok_aurora_portrait_03.png,true,Grok Aurora,portrait,0.05318748578429222
ai_portrait_qwen_2512_portrait_02.png,true,Qwen 2512,portrait,0.9999669790267944
ai_portrait_flux_schnell_portrait_01.png,true,Flux Schnell,portrait,0.9999573230743408
ai_portrait_flux_pro_v1.1_portrait_05.png,true,Flux Pro v1.1,portrait,0.0014141458086669445
ai_portrait_flux_pro_v1.1_portrait_10.png,true,Flux Pro v1.1,portrait,0.9985979199409485
ai_portrait_flux_pro_v1.1_portrait_04.png,true,Flux Pro v1.1,portrait,0.020806733518838882
ai_portrait_qwen_2512_portrait_03.png,true,Qwen 2512,portrait,0.03892470523715019
ai_portrait_recraft_v3_portrait_08.png,true,Recraft v3,portrait,0.7329543828964233
ai_portrait_grok_aurora_portrait_02.png,true,Grok Aurora,portrait,0.9895349144935608
ai_portrait_hunyuan_v3_portrait_07.png,true,Hunyuan v3,portrait,0.021222839131951332
ai_portrait_seedream_v3_portrait_09.png,true,Seedream,portrait,0.9415165185928345
ai_product_flux_pro_v1.1_product_03.png,true,Flux Pro v1.1,product,3.167808608850464e-05
ai_product_flux_2_flex_product_03.png,true,Flux,product,0.9279835820198059
ai_product_gpt_image_1.5_product_03.png,true,Gpt,product,0.00025070682750083506
ai_product_gpt_image_1.5_product_02.png,true,Gpt,product,0.18370994925498962
ai_product_flux_2_flex_product_02.png,true,Flux,product,0.029448283836245537
ai_product_flux_pro_v1.1_product_02.png,true,Flux Pro v1.1,product,0.05842460319399834
ai_product_grok_aurora_product_01.png,true,Grok Aurora,product,2.0948467863490805e-05
ai_product_glm_image_product_08.png,true,GLM Image,product,0.08383879065513611
ai_product_grok_aurora_product_03.png,true,Grok Aurora,product,0.007289750501513481
ai_product_hunyuan_v3_product_09.png,true,Hunyuan v3,product,6.964286876609549e-05
ai_product_gpt_image_1.5_product_01.png,true,Gpt,product,0.020380549132823944
ai_product_hunyuan_v3_product_08.png,true,Hunyuan v3,product,0.1393207311630249
ai_product_flux_2_flex_product_01.png,true,Flux,product,0.7975407242774963
ai_product_flux_pro_v1.1_product_01.png,true,Flux Pro v1.1,product,0.03041018359363079
ai_product_grok_aurora_product_02.png,true,Grok Aurora,product,0.010058112442493439
ai_product_glm_image_product_09.png,true,GLM Image,product,0.00556575320661068
ai_product_grok_aurora_product_06.png,true,Grok Aurora,product,6.894159741932526e-05
ai_product_seedream_v4_product_08.png,true,Seedream,product,0.9892594814300537
ai_product_flux_pro_v1.1_product_05.png,true,Flux Pro v1.1,product,0.0005056890659034252
ai_product_flux_2_flex_product_05.png,true,Flux,product,0.33841127157211304
ai_product_gpt_image_1.5_product_05.png,true,Gpt,product,0.00019319934654049575
ai_product_gpt_image_1.5_product_10.png,true,Gpt,product,0.04227757453918457
ai_product_gpt_image_1.5_product_04.png,true,Gpt,product,0.0001251337816938758
ai_product_flux_2_flex_product_04.png,true,Flux,product,0.7616493701934814
ai_product_flux_2_flex_product_10.png,true,Flux,product,4.422153324412648e-06
ai_product_flux_pro_v1.1_product_10.png,true,Flux Pro v1.1,product,6.889973155921325e-05
ai_product_flux_pro_v1.1_product_04.png,true,Flux Pro v1.1,product,0.0003133002610411495
ai_product_seedream_v4_product_09.png,true,Seedream,product,1.185060341413191e-06
ai_product_grok_aurora_product_07.png,true,Grok Aurora,product,0.007104453165084124
ai_product_grok_aurora_product_05.png,true,Grok Aurora,product,0.5377331972122192
ai_product_flux_schnell_product_08.png,true,Flux Schnell,product,0.024118386209011078
ai_product_flux_pro_v1.1_product_06.png,true,Flux Pro v1.1,product,0.012329142540693283
ai_product_seedream_v3_product_08.png,true,Seedream,product,0.0012070765951648355
ai_product_flux_2_flex_product_06.png,true,Flux,product,7.304954488063231e-05
ai_product_gpt_image_1.5_product_06.png,true,Gpt,product,0.029896698892116547
ai_product_gemini_3_pro_product_09.png,true,Gemini 3 Pro,product,8.173342394002248e-06
ai_product_gemini_3_pro_product_08.png,true,Gemini 3 Pro,product,0.00012109072849852964
ai_product_gpt_image_1.5_product_07.png,true,Gpt,product,0.8227614164352417
ai_product_flux_2_flex_product_07.png,true,Flux,product,0.029253244400024414
ai_product_seedream_v3_product_09.png,true,Seedream,product,0.011613607406616211
ai_product_flux_pro_v1.1_product_07.png,true,Flux Pro v1.1,product,0.04617273062467575
ai_product_flux_schnell_product_09.png,true,Flux Schnell,product,0.019273096695542336
ai_product_grok_aurora_product_10.png,true,Grok Aurora,product,0.031073272228240967
ai_product_grok_aurora_product_04.png,true,Grok Aurora,product,2.9740128866251325e-06
ai_product_recraft_v3_product_06.png,true,Recraft v3,product,0.0054230294190347195
ai_product_ideogram_v3_product_01.png,true,Ideogram v3,product,2.2073240870668087e-06
ai_product_recraft_v3_product_07.png,true,Recraft v3,product,0.9940868616104126
ai_product_recraft_v3_product_05.png,true,Recraft v3,product,0.0022558339405804873
ai_product_ideogram_v3_product_02.png,true,Ideogram v3,product,0.04333804175257683
ai_product_z_image_product_08.png,true,Z,product,0.9345183968544006
ai_product_qwen_2512_product_09.png,true,Qwen 2512,product,0.13642378151416779
ai_product_qwen_2512_product_08.png,true,Qwen 2512,product,0.976679801940918
ai_product_z_image_product_09.png,true,Z,product,0.9865843653678894
ai_product_ideogram_v3_product_03.png,true,Ideogram v3,product,0.08132531493902206
ai_product_recraft_v3_product_04.png,true,Recraft v3,product,0.7799487709999084
ai_product_recraft_v3_product_10.png,true,Recraft v3,product,0.0028797155246138573
ai_product_sd_3.5_large_product_09.png,true,Sd,product,0.0015593976713716984
ai_product_ideogram_v3_product_07.png,true,Ideogram v3,product,0.34176650643348694
ai_product_wan_v2.6_product_08.png,true,Wan v2.6,product,0.8518144488334656
ai_product_leonardo_phoenix_product_09.png,true,Leonardo Phoenix,product,0.633416473865509
ai_product_leonardo_phoenix_product_08.png,true,Leonardo Phoenix,product,0.9989370703697205
ai_product_wan_v2.6_product_09.png,true,Wan v2.6,product,0.7144994735717773
ai_product_ideogram_v3_product_06.png,true,Ideogram v3,product,0.14472705125808716
ai_product_sd_3.5_large_product_08.png,true,Sd,product,0.001546861371025443
ai_product_recraft_v3_product_01.png,true,Recraft v3,product,0.010733440518379211
ai_product_recraft_v3_product_03.png,true,Recraft v3,product,0.11537735909223557
ai_product_ideogram_v3_product_04.png,true,Ideogram v3,product,0.9988135099411011
ai_product_ideogram_v3_product_10.png,true,Ideogram v3,product,2.2575779439648613e-05
ai_product_ideogram_v3_product_05.png,true,Ideogram v3,product,1.128585972764995e-05
ai_product_recraft_v3_product_02.png,true,Recraft v3,product,0.03593263402581215
ai_product_z_image_product_02.png,true,Z,product,0.8465551137924194
ai_product_sd_3.5_large_product_06.png,true,Sd,product,0.00019411576795391738
ai_product_ideogram_v3_product_08.png,true,Ideogram v3,product,0.14567966759204865
ai_product_wan_v2.6_product_07.png,true,Wan v2.6,product,0.9395241141319275
ai_product_leonardo_phoenix_product_06.png,true,Leonardo Phoenix,product,0.8856743574142456
ai_product_qwen_2512_product_03.png,true,Qwen 2512,product,0.08892278373241425
ai_product_qwen_2512_product_02.png,true,Qwen 2512,product,0.9998687505722046
ai_product_leonardo_phoenix_product_07.png,true,Leonardo Phoenix,product,0.9999531507492065
ai_product_wan_v2.6_product_06.png,true,Wan v2.6,product,0.9869890213012695
ai_product_ideogram_v3_product_09.png,true,Ideogram v3,product,1.1523188732098788e-05
ai_product_sd_3.5_large_product_07.png,true,Sd,product,1.2733139556075912e-05
ai_product_z_image_product_03.png,true,Z,product,0.05839236080646515
ai_product_z_image_product_01.png,true,Z,product,4.30289446740062e-06
ai_product_sd_3.5_large_product_05.png,true,Sd,product,0.2703101933002472
ai_product_wan_v2.6_product_10.png,true,Wan v2.6,product,0.5926482677459717
ai_product_wan_v2.6_product_04.png,true,Wan v2.6,product,0.6665673851966858
ai_product_leonardo_phoenix_product_05.png,true,Leonardo Phoenix,product,0.9999973773956299
ai_product_qwen_2512_product_01.png,true,Qwen 2512,product,0.7856855988502502
ai_product_leonardo_phoenix_product_04.png,true,Leonardo Phoenix,product,0.9834824800491333
ai_product_leonardo_phoenix_product_10.png,true,Leonardo Phoenix,product,0.9999558925628662
ai_product_wan_v2.6_product_05.png,true,Wan v2.6,product,0.00016783716273494065
ai_product_sd_3.5_large_product_04.png,true,Sd,product,0.8089508414268494
ai_product_sd_3.5_large_product_10.png,true,Sd,product,4.343088221503422e-05
ai_product_recraft_v3_product_09.png,true,Recraft v3,product,0.09009101241827011
ai_product_z_image_product_10.png,true,Z,product,0.9995330572128296
ai_product_z_image_product_04.png,true,Z,product,0.00018605910008773208
ai_product_wan_v2.6_product_01.png,true,Wan v2.6,product,0.9997707009315491
ai_product_qwen_2512_product_05.png,true,Qwen 2512,product,0.1686505228281021
ai_product_qwen_2512_product_04.png,true,Qwen 2512,product,0.00027862138813361526
ai_product_qwen_2512_product_10.png,true,Qwen 2512,product,0.996698260307312
ai_product_leonardo_phoenix_product_01.png,true,Leonardo Phoenix,product,0.9979682564735413
ai_product_z_image_product_05.png,true,Z,product,5.369606878957711e-05
ai_product_sd_3.5_large_product_01.png,true,Sd,product,0.6765134334564209
ai_product_recraft_v3_product_08.png,true,Recraft v3,product,0.964978039264679
ai_product_sd_3.5_large_product_03.png,true,Sd,product,0.18207763135433197
ai_product_z_image_product_07.png,true,Z,product,0.6437075138092041
ai_product_wan_v2.6_product_02.png,true,Wan v2.6,product,0.6002962589263916
ai_product_leonardo_phoenix_product_03.png,true,Leonardo Phoenix,product,0.7530593872070312
ai_product_qwen_2512_product_06.png,true,Qwen 2512,product,0.865652859210968
ai_product_qwen_2512_product_07.png,true,Qwen 2512,product,0.8595516681671143
ai_product_leonardo_phoenix_product_02.png,true,Leonardo Phoenix,product,0.8958789110183716
ai_product_wan_v2.6_product_03.png,true,Wan v2.6,product,0.9934020638465881
ai_product_z_image_product_06.png,true,Z,product,0.9998732805252075
ai_product_sd_3.5_large_product_02.png,true,Sd,product,6.175133603392169e-05
ai_product_glm_image_product_02.png,true,GLM Image,product,0.4929538667201996
ai_product_grok_aurora_product_09.png,true,Grok Aurora,product,0.0007121605449356139
ai_product_flux_schnell_product_10.png,true,Flux Schnell,product,0.9915851354598999
ai_product_seedream_v4_product_07.png,true,Seedream,product,0.00860911887139082
ai_product_flux_schnell_product_04.png,true,Flux Schnell,product,0.0012186121894046664
ai_product_seedream_v3_product_04.png,true,Seedream,product,0.0015043561579659581
ai_product_seedream_v3_product_10.png,true,Seedream,product,0.8919504880905151
ai_product_hunyuan_v3_product_03.png,true,Hunyuan v3,product,0.01321910135447979
ai_product_gemini_3_pro_product_05.png,true,Gemini 3 Pro,product,1.6186928633032949e-06
ai_product_gemini_3_pro_product_04.png,true,Gemini 3 Pro,product,0.003955475054681301
ai_product_gemini_3_pro_product_10.png,true,Gemini 3 Pro,product,0.00620673643425107
ai_product_hunyuan_v3_product_02.png,true,Hunyuan v3,product,0.3968871235847473
ai_product_seedream_v3_product_05.png,true,Seedream,product,2.2412876205635257e-05
ai_product_flux_schnell_product_05.png,true,Flux Schnell,product,8.188855281332508e-05
ai_product_seedream_v4_product_06.png,true,Seedream,product,0.00010386313078925014
ai_product_grok_aurora_product_08.png,true,Grok Aurora,product,0.8942484259605408
ai_product_glm_image_product_03.png,true,GLM Image,product,0.8296317458152771
ai_product_glm_image_product_01.png,true,GLM Image,product,0.017565442249178886
ai_product_flux_schnell_product_07.png,true,Flux Schnell,product,0.011577188037335873
ai_product_seedream_v4_product_10.png,true,Seedream,product,0.05417020991444588
ai_product_flux_pro_v1.1_product_09.png,true,Flux Pro v1.1,product,9.48571994285885e-07
ai_product_seedream_v4_product_04.png,true,Seedream,product,2.5190208816638915e-06
ai_product_seedream_v3_product_07.png,true,Seedream,product,0.19902020692825317
ai_product_flux_2_flex_product_09.png,true,Flux,product,0.03428805619478226
ai_product_gpt_image_1.5_product_09.png,true,Gpt,product,1.3211680425229133e-06
ai_product_gemini_3_pro_product_06.png,true,Gemini 3 Pro,product,0.056591689586639404
ai_product_gemini_3_pro_product_07.png,true,Gemini 3 Pro,product,0.8683662414550781
ai_product_gpt_image_1.5_product_08.png,true,Gpt,product,0.3785935640335083
ai_product_hunyuan_v3_product_01.png,true,Hunyuan v3,product,0.5797437429428101
ai_product_flux_2_flex_product_08.png,true,Flux,product,0.9970505237579346
ai_product_seedream_v3_product_06.png,true,Seedream,product,0.001106745796278119
ai_product_seedream_v4_product_05.png,true,Seedream,product,5.701443797079264e-07
ai_product_flux_pro_v1.1_product_08.png,true,Flux Pro v1.1,product,0.0470142662525177
ai_product_flux_schnell_product_06.png,true,Flux Schnell,product,0.0979427620768547
ai_product_glm_image_product_10.png,true,GLM Image,product,0.7503662705421448
ai_product_glm_image_product_04.png,true,GLM Image,product,0.12032456696033478
ai_product_flux_schnell_product_02.png,true,Flux Schnell,product,0.0005048977327533066
ai_product_seedream_v4_product_01.png,true,Seedream,product,0.9989917874336243
ai_product_seedream_v3_product_02.png,true,Seedream,product,9.24618580029346e-05
ai_product_hunyuan_v3_product_05.png,true,Hunyuan v3,product,6.6806005634134635e-06
ai_product_gemini_3_pro_product_03.png,true,Gemini 3 Pro,product,3.859770731651224e-05
ai_product_gemini_3_pro_product_02.png,true,Gemini 3 Pro,product,6.564010982401669e-05
ai_product_hunyuan_v3_product_10.png,true,Hunyuan v3,product,0.0008799595525488257
ai_product_hunyuan_v3_product_04.png,true,Hunyuan v3,product,9.197914914693683e-05
ai_product_seedream_v3_product_03.png,true,Seedream,product,2.0150187992840074e-05
ai_product_flux_schnell_product_03.png,true,Flux Schnell,product,0.14707379043102264
ai_product_glm_image_product_05.png,true,GLM Image,product,0.6987352967262268
ai_product_glm_image_product_07.png,true,GLM Image,product,0.6679962873458862
ai_product_seedream_v4_product_02.png,true,Seedream,product,0.000171013773069717
ai_product_flux_schnell_product_01.png,true,Flux Schnell,product,0.001318085938692093
ai_product_seedream_v3_product_01.png,true,Seedream,product,0.0003879670111928135
ai_product_hunyuan_v3_product_06.png,true,Hunyuan v3,product,0.017578620463609695
ai_product_gemini_3_pro_product_01.png,true,Gemini 3 Pro,product,1.492367300670594e-05
ai_product_hunyuan_v3_product_07.png,true,Hunyuan v3,product,0.0010135859483852983
ai_product_seedream_v4_product_03.png,true,Seedream,product,0.0020016178023070097
ai_product_glm_image_product_06.png,true,GLM Image,product,0.04500168561935425
ai_food_seedream_v3_food_02.png,true,Seedream,food,0.6117767095565796
ai_food_gemini_3_pro_food_04.png,true,Gemini 3 Pro,food,0.06464913487434387
ai_food_gemini_3_pro_food_10.png,true,Gemini 3 Pro,food,1.0070848475152161e-05
ai_food_flux_schnell_food_03.png,true,Flux Schnell,food,8.527677709935233e-05
ai_food_glm_image_food_08.png,true,GLM Image,food,0.013908225111663342
ai_food_leonardo_phoenix_food_05.png,true,Leonardo Phoenix,food,0.9995771050453186
ai_food_gpt_image_1.5_food_01.png,true,Gpt,food,0.001041978015564382
ai_food_flux_pro_v1.1_food_05.png,true,Flux Pro v1.1,food,1.811127549444791e-05
ai_food_flux_pro_v1.1_food_04.png,true,Flux Pro v1.1,food,8.953877113526687e-05
ai_food_flux_pro_v1.1_food_10.png,true,Flux Pro v1.1,food,5.407574008131633e-06
ai_food_leonardo_phoenix_food_04.png,true,Leonardo Phoenix,food,0.934823751449585
ai_food_glm_image_food_09.png,true,GLM Image,food,0.17634448409080505
ai_food_leonardo_phoenix_food_10.png,true,Leonardo Phoenix,food,0.9815795421600342
ai_food_flux_schnell_food_02.png,true,Flux Schnell,food,0.5924657583236694
ai_food_gemini_3_pro_food_05.png,true,Gemini 3 Pro,food,0.0004494698659982532
ai_food_seedream_v3_food_03.png,true,Seedream,food,6.503226177301258e-05
ai_food_seedream_v3_food_01.png,true,Seedream,food,0.4320647418498993
ai_food_gemini_3_pro_food_07.png,true,Gemini 3 Pro,food,0.1034003496170044
ai_food_leonardo_phoenix_food_06.png,true,Leonardo Phoenix,food,0.06270763278007507
ai_food_gpt_image_1.5_food_02.png,true,Gpt,food,1.9233822968089953e-05
ai_food_flux_pro_v1.1_food_06.png,true,Flux Pro v1.1,food,0.9897666573524475
ai_food_flux_pro_v1.1_food_07.png,true,Flux Pro v1.1,food,0.17593760788440704
ai_food_gpt_image_1.5_food_03.png,true,Gpt,food,2.9212918889243156e-05
ai_food_leonardo_phoenix_food_07.png,true,Leonardo Phoenix,food,0.9907931685447693
ai_food_flux_schnell_food_01.png,true,Flux Schnell,food,0.0942685529589653
ai_food_gemini_3_pro_food_06.png,true,Gemini 3 Pro,food,0.0006317544030025601
ai_food_seedream_v3_food_10.png,true,Seedream,food,2.3238213543663733e-05
ai_food_seedream_v3_food_04.png,true,Seedream,food,0.1539493203163147
ai_food_seedream_v4_food_08.png,true,Seedream,food,3.452576129348017e-05
ai_food_gemini_3_pro_food_02.png,true,Gemini 3 Pro,food,0.002069529378786683
ai_food_flux_schnell_food_05.png,true,Flux Schnell,food,0.9808447360992432
ai_food_leonardo_phoenix_food_03.png,true,Leonardo Phoenix,food,0.6238780617713928
ai_food_gpt_image_1.5_food_07.png,true,Gpt,food,0.010096007958054543
ai_food_flux_pro_v1.1_food_03.png,true,Flux Pro v1.1,food,0.1830315738916397
ai_food_flux_pro_v1.1_food_02.png,true,Flux Pro v1.1,food,0.023985471576452255
ai_food_gpt_image_1.5_food_06.png,true,Gpt,food,0.1296602487564087
ai_food_leonardo_phoenix_food_02.png,true,Leonardo Phoenix,food,0.0005704647046513855
ai_food_flux_schnell_food_04.png,true,Flux Schnell,food,0.0031584606040269136
ai_food_flux_schnell_food_10.png,true,Flux Schnell,food,0.005531430710107088
ai_food_gemini_3_pro_food_03.png,true,Gemini 3 Pro,food,5.7656267017591745e-05
ai_food_seedream_v4_food_09.png,true,Seedream,food,0.1211678609251976
ai_food_seedream_v3_food_05.png,true,Seedream,food,6.659437531197909e-06
ai_food_seedream_v3_food_07.png,true,Seedream,food,0.00017971722991205752
ai_food_ideogram_v3_food_09.png,true,Ideogram v3,food,0.002474183216691017
ai_food_gemini_3_pro_food_01.png,true,Gemini 3 Pro,food,0.0012309156591072679
ai_food_flux_schnell_food_06.png,true,Flux Schnell,food,0.6287691593170166
ai_food_gpt_image_1.5_food_04.png,true,Gpt,food,0.005799287464469671
ai_food_grok_aurora_food_09.png,true,Grok Aurora,food,0.043264660984277725
ai_food_gpt_image_1.5_food_10.png,true,Gpt,food,5.450282060337486e-06
ai_food_flux_pro_v1.1_food_01.png,true,Flux Pro v1.1,food,0.0007680305279791355
ai_food_grok_aurora_food_08.png,true,Grok Aurora,food,0.9842909574508667
ai_food_gpt_image_1.5_food_05.png,true,Gpt,food,4.158522187935887e-06
ai_food_leonardo_phoenix_food_01.png,true,Leonardo Phoenix,food,0.999521017074585
ai_food_flux_schnell_food_07.png,true,Flux Schnell,food,0.011168759316205978
ai_food_ideogram_v3_food_08.png,true,Ideogram v3,food,0.10792393237352371
ai_food_seedream_v3_food_06.png,true,Seedream,food,0.6243370771408081
ai_food_sd_3.5_large_food_01.png,true,Sd,food,0.07814422994852066
ai_food_flux_2_flex_food_06.png,true,Flux,food,0.0015729136066511273
ai_food_hunyuan_v3_food_08.png,true,Hunyuan v3,food,1.2136712030041963e-05
ai_food_hunyuan_v3_food_09.png,true,Hunyuan v3,food,0.44216594099998474
ai_food_flux_2_flex_food_07.png,true,Flux,food,0.9983144998550415
ai_food_sd_3.5_large_food_02.png,true,Sd,food,0.321478933095932
ai_food_flux_2_flex_food_05.png,true,Flux,food,1.993268779187929e-05
ai_food_qwen_2512_food_08.png,true,Qwen 2512,food,1.3592997675004881e-05
ai_food_z_image_food_09.png,true,Z,food,0.04795548692345619
ai_food_z_image_food_08.png,true,Z,food,0.020621027797460556
ai_food_flux_2_flex_food_10.png,true,Flux,food,0.007829138077795506
ai_food_flux_2_flex_food_04.png,true,Flux,food,0.9001376032829285
ai_food_qwen_2512_food_09.png,true,Qwen 2512,food,0.9996699094772339
ai_food_sd_3.5_large_food_03.png,true,Sd,food,0.0005502669373527169
ai_food_sd_3.5_large_food_07.png,true,Sd,food,0.5220478773117065
ai_food_wan_v2.6_food_08.png,true,Wan v2.6,food,0.02640969678759575
ai_food_wan_v2.6_food_09.png,true,Wan v2.6,food,0.9796614646911621
ai_food_flux_2_flex_food_01.png,true,Flux,food,0.9893015027046204
ai_food_sd_3.5_large_food_06.png,true,Sd,food,0.1606457233428955
ai_food_sd_3.5_large_food_10.png,true,Sd,food,2.5350229861942353e-06
ai_food_sd_3.5_large_food_04.png,true,Sd,food,0.000442911172285676
ai_food_recraft_v3_food_09.png,true,Recraft v3,food,0.1474376767873764
ai_food_flux_2_flex_food_03.png,true,Flux,food,0.0067057302221655846
ai_food_flux_2_flex_food_02.png,true,Flux,food,0.9999853372573853
ai_food_sd_3.5_large_food_05.png,true,Sd,food,0.0823645368218422
ai_food_recraft_v3_food_08.png,true,Recraft v3,food,0.20195242762565613
ai_food_sd_3.5_large_food_08.png,true,Sd,food,0.002252629492431879
ai_food_recraft_v3_food_05.png,true,Recraft v3,food,0.9722890853881836
ai_food_qwen_2512_food_02.png,true,Qwen 2512,food,0.9997267127037048
ai_food_wan_v2.6_food_07.png,true,Wan v2.6,food,0.15545718371868134
ai_food_hunyuan_v3_food_01.png,true,Hunyuan v3,food,0.5238813161849976
ai_food_z_image_food_03.png,true,Z,food,8.918053936213255e-05
ai_food_z_image_food_02.png,true,Z,food,0.024586889892816544
ai_food_wan_v2.6_food_06.png,true,Wan v2.6,food,0.9752628207206726
ai_food_qwen_2512_food_03.png,true,Qwen 2512,food,0.006633303593844175
ai_food_recraft_v3_food_10.png,true,Recraft v3,food,0.7811694741249084
ai_food_sd_3.5_large_food_09.png,true,Sd,food,0.18419525027275085
ai_food_recraft_v3_food_04.png,true,Recraft v3,food,0.00024892191868275404
ai_food_recraft_v3_food_06.png,true,Recraft v3,food,0.0010431866394355893
ai_food_qwen_2512_food_01.png,true,Qwen 2512,food,0.9997679591178894
ai_food_wan_v2.6_food_04.png,true,Wan v2.6,food,0.9971674084663391
ai_food_wan_v2.6_food_10.png,true,Wan v2.6,food,3.1890198442852125e-05
ai_food_hunyuan_v3_food_02.png,true,Hunyuan v3,food,0.0033458664547652006
ai_food_z_image_food_01.png,true,Z,food,1.8062892195302993e-05
ai_food_hunyuan_v3_food_03.png,true,Hunyuan v3,food,0.039388079196214676
ai_food_wan_v2.6_food_05.png,true,Wan v2.6,food,0.9175505638122559
ai_food_recraft_v3_food_07.png,true,Recraft v3,food,0.05166209861636162
ai_food_recraft_v3_food_03.png,true,Recraft v3,food,0.017851239070296288
ai_food_wan_v2.6_food_01.png,true,Wan v2.6,food,0.002476455643773079
ai_food_qwen_2512_food_10.png,true,Qwen 2512,food,1.4740613551111892e-05
ai_food_flux_2_flex_food_09.png,true,Flux,food,0.016529664397239685
ai_food_qwen_2512_food_04.png,true,Qwen 2512,food,0.9493618607521057
ai_food_hunyuan_v3_food_07.png,true,Hunyuan v3,food,0.041950054466724396
ai_food_z_image_food_05.png,true,Z,food,0.0011934367939829826
ai_food_z_image_food_04.png,true,Z,food,0.004850765224546194
ai_food_hunyuan_v3_food_06.png,true,Hunyuan v3,food,7.558499783044681e-05
ai_food_z_image_food_10.png,true,Z,food,0.030138537287712097
ai_food_flux_2_flex_food_08.png,true,Flux,food,0.10957455635070801
ai_food_qwen_2512_food_05.png,true,Qwen 2512,food,0.047811176627874374
ai_food_recraft_v3_food_02.png,true,Recraft v3,food,0.8167694807052612
ai_food_wan_v2.6_food_02.png,true,Wan v2.6,food,0.9927708506584167
ai_food_qwen_2512_food_07.png,true,Qwen 2512,food,0.999642014503479
ai_food_hunyuan_v3_food_04.png,true,Hunyuan v3,food,0.0027685617096722126
ai_food_z_image_food_06.png,true,Z,food,0.08327224105596542
ai_food_hunyuan_v3_food_10.png,true,Hunyuan v3,food,4.0842394810169935e-05
ai_food_z_image_food_07.png,true,Z,food,0.0010923492955043912
ai_food_hunyuan_v3_food_05.png,true,Hunyuan v3,food,1.1522181466716575e-06
ai_food_qwen_2512_food_06.png,true,Qwen 2512,food,0.9897962212562561
ai_food_wan_v2.6_food_03.png,true,Wan v2.6,food,0.21417418122291565
ai_food_recraft_v3_food_01.png,true,Recraft v3,food,0.10253240913152695
ai_food_ideogram_v3_food_05.png,true,Ideogram v3,food,0.012971612624824047
ai_food_seedream_v4_food_07.png,true,Seedream,food,0.003395958337932825
ai_food_glm_image_food_01.png,true,GLM Image,food,0.999433696269989
ai_food_grok_aurora_food_05.png,true,Grok Aurora,food,0.0017278699669986963
ai_food_gpt_image_1.5_food_08.png,true,Gpt,food,0.0010342933237552643
ai_food_gpt_image_1.5_food_09.png,true,Gpt,food,0.0002806858392432332
ai_food_grok_aurora_food_04.png,true,Grok Aurora,food,0.0030133603140711784
ai_food_grok_aurora_food_10.png,true,Grok Aurora,food,8.78456121427007e-05
ai_food_seedream_v4_food_06.png,true,Seedream,food,0.3312828242778778
ai_food_ideogram_v3_food_10.png,true,Ideogram v3,food,9.140023394138552e-06
ai_food_ideogram_v3_food_04.png,true,Ideogram v3,food,0.9853283762931824
ai_food_seedream_v3_food_08.png,true,Seedream,food,5.603508907370269e-05
ai_food_seedream_v4_food_04.png,true,Seedream,food,2.776427754724864e-05
ai_food_seedream_v4_food_10.png,true,Seedream,food,2.5619515326980036e-06
ai_food_ideogram_v3_food_06.png,true,Ideogram v3,food,0.00018995798018295318
ai_food_flux_schnell_food_09.png,true,Flux Schnell,food,0.0025865468196570873
ai_food_glm_image_food_02.png,true,GLM Image,food,0.00041807969682849944
ai_food_grok_aurora_food_06.png,true,Grok Aurora,food,0.04723459109663963
ai_food_grok_aurora_food_07.png,true,Grok Aurora,food,0.04036973416805267
ai_food_glm_image_food_03.png,true,GLM Image,food,0.016890160739421844
ai_food_flux_schnell_food_08.png,true,Flux Schnell,food,0.00012346460425760597
ai_food_ideogram_v3_food_07.png,true,Ideogram v3,food,0.02224009670317173
ai_food_seedream_v4_food_05.png,true,Seedream,food,9.164925722870976e-05
ai_food_seedream_v3_food_09.png,true,Seedream,food,0.000239845976466313
ai_food_seedream_v4_food_01.png,true,Seedream,food,8.573971172154415e-06
ai_food_ideogram_v3_food_03.png,true,Ideogram v3,food,0.08467157185077667
ai_food_glm_image_food_07.png,true,GLM Image,food,0.17174194753170013
ai_food_grok_aurora_food_03.png,true,Grok Aurora,food,0.0008219299488700926
ai_food_grok_aurora_food_02.png,true,Grok Aurora,food,1.3823245353705715e-05
ai_food_glm_image_food_06.png,true,GLM Image,food,0.996471643447876
ai_food_ideogram_v3_food_02.png,true,Ideogram v3,food,0.011239652521908283
ai_food_gemini_3_pro_food_08.png,true,Gemini 3 Pro,food,3.2142415875568986e-06
ai_food_seedream_v4_food_02.png,true,Seedream,food,0.0031649137381464243
ai_food_leonardo_phoenix_food_09.png,true,Leonardo Phoenix,food,0.9999860525131226
ai_food_glm_image_food_10.png,true,GLM Image,food,0.4593028426170349
ai_food_glm_image_food_04.png,true,GLM Image,food,0.19421587884426117
ai_food_flux_pro_v1.1_food_09.png,true,Flux Pro v1.1,food,0.00023594497179146856
ai_food_flux_pro_v1.1_food_08.png,true,Flux Pro v1.1,food,3.3281412470387295e-05
ai_food_grok_aurora_food_01.png,true,Grok Aurora,food,0.0004122021491639316
ai_food_glm_image_food_05.png,true,GLM Image,food,0.005077005829662085
ai_food_leonardo_phoenix_food_08.png,true,Leonardo Phoenix,food,0.034790270030498505
ai_food_seedream_v4_food_03.png,true,Seedream,food,4.766655547427945e-05
ai_food_ideogram_v3_food_01.png,true,Ideogram v3,food,0.0010332769015803933
ai_food_gemini_3_pro_food_09.png,true,Gemini 3 Pro,food,0.0023128893226385117
ai_animal_flux_pro_v1.1_animal_07.png,true,Flux Pro v1.1,animal,0.799740731716156
ai_animal_seedream_v3_animal_10.png,true,Seedream,animal,0.9914203882217407
ai_animal_seedream_v3_animal_04.png,true,Seedream,animal,0.043951671570539474
ai_animal_ideogram_v3_animal_03.png,true,Ideogram v3,animal,0.9915719032287598
ai_animal_flux_2_flex_animal_07.png,true,Flux,animal,0.0025970579590648413
ai_animal_seedream_v4_animal_01.png,true,Seedream,animal,0.000273886660579592
ai_animal_flux_2_flex_animal_06.png,true,Flux,animal,0.9999637603759766
ai_animal_gemini_3_pro_animal_01.png,true,Gemini 3 Pro,animal,0.08497295528650284
ai_animal_ideogram_v3_animal_02.png,true,Ideogram v3,animal,0.9999765157699585
ai_animal_seedream_v3_animal_05.png,true,Seedream,animal,0.06704588979482651
ai_animal_flux_pro_v1.1_animal_06.png,true,Flux Pro v1.1,animal,0.039606984704732895
ai_animal_flux_pro_v1.1_animal_04.png,true,Flux Pro v1.1,animal,0.9999679327011108
ai_animal_flux_pro_v1.1_animal_10.png,true,Flux Pro v1.1,animal,0.9875444173812866
ai_animal_seedream_v3_animal_07.png,true,Seedream,animal,0.9936172962188721
ai_animal_sd_3.5_large_animal_09.png,true,Sd,animal,0.32697099447250366
ai_animal_gemini_3_pro_animal_03.png,true,Gemini 3 Pro,animal,1.802314363885671e-05
ai_animal_flux_2_flex_animal_04.png,true,Flux,animal,0.9975408315658569
ai_animal_flux_2_flex_animal_10.png,true,Flux,animal,0.999886155128479
ai_animal_seedream_v4_animal_03.png,true,Seedream,animal,0.0009003509767353535
ai_animal_seedream_v4_animal_02.png,true,Seedream,animal,0.8580026626586914
ai_animal_flux_2_flex_animal_05.png,true,Flux,animal,0.007530569564551115
ai_animal_gemini_3_pro_animal_02.png,true,Gemini 3 Pro,animal,0.3921615779399872
ai_animal_ideogram_v3_animal_01.png,true,Ideogram v3,animal,1.7938436940312386e-05
ai_animal_sd_3.5_large_animal_08.png,true,Sd,animal,0.9403678774833679
ai_animal_seedream_v3_animal_06.png,true,Seedream,animal,0.9865090250968933
ai_animal_flux_pro_v1.1_animal_05.png,true,Flux Pro v1.1,animal,1.2627245268959086e-05
ai_animal_seedream_v3_animal_02.png,true,Seedream,animal,0.9964330196380615
ai_animal_flux_pro_v1.1_animal_01.png,true,Flux Pro v1.1,animal,0.9999241828918457
ai_animal_gemini_3_pro_animal_06.png,true,Gemini 3 Pro,animal,0.001739843632094562
ai_animal_ideogram_v3_animal_05.png,true,Ideogram v3,animal,0.05955000966787338
ai_animal_flux_2_flex_animal_01.png,true,Flux,animal,0.9999936819076538
ai_animal_seedream_v4_animal_06.png,true,Seedream,animal,0.9994650483131409
ai_animal_seedream_v4_animal_07.png,true,Seedream,animal,3.194711825926788e-05
ai_animal_ideogram_v3_animal_10.png,true,Ideogram v3,animal,0.6885496973991394
ai_animal_ideogram_v3_animal_04.png,true,Ideogram v3,animal,0.19968990981578827
ai_animal_gemini_3_pro_animal_07.png,true,Gemini 3 Pro,animal,0.000574920151848346
ai_animal_seedream_v3_animal_03.png,true,Seedream,animal,0.9997838139533997
ai_animal_seedream_v3_animal_01.png,true,Seedream,animal,0.945881187915802
ai_animal_flux_pro_v1.1_animal_02.png,true,Flux Pro v1.1,animal,0.9990552067756653
ai_animal_gemini_3_pro_animal_05.png,true,Gemini 3 Pro,animal,0.00012382963905110955
ai_animal_ideogram_v3_animal_06.png,true,Ideogram v3,animal,0.9999784231185913
ai_animal_flux_2_flex_animal_02.png,true,Flux,animal,0.9996814727783203
ai_animal_seedream_v4_animal_05.png,true,Seedream,animal,4.227985846227966e-05
ai_animal_qwen_2512_animal_08.png,true,Qwen 2512,animal,0.9979315996170044
ai_animal_qwen_2512_animal_09.png,true,Qwen 2512,animal,0.8530922532081604
ai_animal_seedream_v4_animal_10.png,true,Seedream,animal,0.00014829817519057542
ai_animal_seedream_v4_animal_04.png,true,Seedream,animal,0.08508406579494476
ai_animal_flux_2_flex_animal_03.png,true,Flux,animal,0.9984686970710754
ai_animal_ideogram_v3_animal_07.png,true,Ideogram v3,animal,3.6924571759300306e-05
ai_animal_gemini_3_pro_animal_04.png,true,Gemini 3 Pro,animal,4.321210781199625e-06
ai_animal_gemini_3_pro_animal_10.png,true,Gemini 3 Pro,animal,0.0008397335186600685
ai_animal_flux_pro_v1.1_animal_03.png,true,Flux Pro v1.1,animal,0.9984733462333679
ai_animal_flux_schnell_animal_01.png,true,Flux Schnell,animal,0.9999940395355225
ai_animal_z_image_animal_06.png,true,Z,animal,0.9999116659164429
ai_animal_grok_aurora_animal_10.png,true,Grok Aurora,animal,0.9518486857414246
ai_animal_grok_aurora_animal_04.png,true,Grok Aurora,animal,0.011668937280774117
ai_animal_glm_image_animal_06.png,true,GLM Image,animal,0.9999730587005615
ai_animal_recraft_v3_animal_02.png,true,Recraft v3,animal,0.9957757592201233
ai_animal_glm_image_animal_07.png,true,GLM Image,animal,0.8117401599884033
ai_animal_recraft_v3_animal_03.png,true,Recraft v3,animal,0.06682329624891281
ai_animal_grok_aurora_animal_05.png,true,Grok Aurora,animal,0.5643511414527893
ai_animal_z_image_animal_07.png,true,Z,animal,0.8870861530303955
ai_animal_flux_schnell_animal_02.png,true,Flux Schnell,animal,0.9999933242797852
ai_animal_z_image_animal_05.png,true,Z,animal,0.021169327199459076
ai_animal_grok_aurora_animal_07.png,true,Grok Aurora,animal,8.86145983258757e-07
ai_animal_recraft_v3_animal_01.png,true,Recraft v3,animal,0.9976359605789185
ai_animal_glm_image_animal_05.png,true,GLM Image,animal,0.9999935626983643
ai_animal_glm_image_animal_10.png,true,GLM Image,animal,0.004781957250088453
ai_animal_glm_image_animal_04.png,true,GLM Image,animal,0.011393923312425613
ai_animal_grok_aurora_animal_06.png,true,Grok Aurora,animal,0.003243132494390011
ai_animal_z_image_animal_10.png,true,Z,animal,0.999996542930603
ai_animal_z_image_animal_04.png,true,Z,animal,0.0063109309412539005
ai_animal_flux_schnell_animal_03.png,true,Flux Schnell,animal,0.872501790523529
ai_animal_flux_schnell_animal_07.png,true,Flux Schnell,animal,0.7734923958778381
ai_animal_wan_v2.6_animal_09.png,true,Wan v2.6,animal,0.0027068841736763716
ai_animal_hunyuan_v3_animal_09.png,true,Hunyuan v3,animal,0.0005918894894421101
ai_animal_grok_aurora_animal_02.png,true,Grok Aurora,animal,0.9400134086608887
ai_animal_recraft_v3_animal_04.png,true,Recraft v3,animal,0.9381862878799438
ai_animal_recraft_v3_animal_10.png,true,Recraft v3,animal,0.8115628957748413
ai_animal_gpt_image_1.5_animal_08.png,true,Gpt,animal,3.162049688398838e-05
ai_animal_gpt_image_1.5_animal_09.png,true,Gpt,animal,3.837763506453484e-05
ai_animal_glm_image_animal_01.png,true,GLM Image,animal,0.9999724626541138
ai_animal_recraft_v3_animal_05.png,true,Recraft v3,animal,0.08325298875570297
ai_animal_grok_aurora_animal_03.png,true,Grok Aurora,animal,0.9845074415206909
ai_animal_hunyuan_v3_animal_08.png,true,Hunyuan v3,animal,0.014760034158825874
ai_animal_flux_schnell_animal_06.png,true,Flux Schnell,animal,0.9990683197975159
ai_animal_wan_v2.6_animal_08.png,true,Wan v2.6,animal,0.5773118734359741
ai_animal_z_image_animal_01.png,true,Z,animal,0.9999035596847534
ai_animal_z_image_animal_03.png,true,Z,animal,0.7565246224403381
ai_animal_flux_schnell_animal_04.png,true,Flux Schnell,animal,0.8317780494689941
ai_animal_flux_schnell_animal_10.png,true,Flux Schnell,animal,0.9999831914901733
ai_animal_grok_aurora_animal_01.png,true,Grok Aurora,animal,0.0004980815574526787
ai_animal_leonardo_phoenix_animal_08.png,true,Leonardo Phoenix,animal,0.3758506178855896
ai_animal_recraft_v3_animal_07.png,true,Recraft v3,animal,0.10105493664741516
ai_animal_glm_image_animal_03.png,true,GLM Image,animal,0.992719292640686
ai_animal_recraft_v3_animal_06.png,true,Recraft v3,animal,0.920271635055542
ai_animal_glm_image_animal_02.png,true,GLM Image,animal,0.9999673366546631
ai_animal_leonardo_phoenix_animal_09.png,true,Leonardo Phoenix,animal,0.9754942655563354
ai_animal_flux_schnell_animal_05.png,true,Flux Schnell,animal,0.07912611216306686
ai_animal_z_image_animal_02.png,true,Z,animal,0.5914714336395264
ai_animal_wan_v2.6_animal_06.png,true,Wan v2.6,animal,0.9946364760398865
ai_animal_flux_schnell_animal_08.png,true,Flux Schnell,animal,0.9994184970855713
ai_animal_hunyuan_v3_animal_06.png,true,Hunyuan v3,animal,0.01331468764692545
ai_animal_leonardo_phoenix_animal_10.png,true,Leonardo Phoenix,animal,0.9999922513961792
ai_animal_leonardo_phoenix_animal_04.png,true,Leonardo Phoenix,animal,0.3904650807380676
ai_animal_gpt_image_1.5_animal_07.png,true,Gpt,animal,7.206427835626528e-05
ai_animal_gpt_image_1.5_animal_06.png,true,Gpt,animal,2.0679295630543493e-05
ai_animal_leonardo_phoenix_animal_05.png,true,Leonardo Phoenix,animal,0.0074916318990290165
ai_animal_hunyuan_v3_animal_07.png,true,Hunyuan v3,animal,0.00013410724932327867
ai_animal_wan_v2.6_animal_07.png,true,Wan v2.6,animal,0.9776763916015625
ai_animal_flux_schnell_animal_09.png,true,Flux Schnell,animal,0.00016801505989860743
ai_animal_wan_v2.6_animal_05.png,true,Wan v2.6,animal,0.10418993979692459
ai_animal_hunyuan_v3_animal_05.png,true,Hunyuan v3,animal,0.9766329526901245
ai_animal_leonardo_phoenix_animal_07.png,true,Leonardo Phoenix,animal,0.9985211491584778
ai_animal_recraft_v3_animal_08.png,true,Recraft v3,animal,0.9779702425003052
ai_animal_gpt_image_1.5_animal_04.png,true,Gpt,animal,0.0002949998597614467
ai_animal_gpt_image_1.5_animal_10.png,true,Gpt,animal,0.5949665904045105
ai_animal_gpt_image_1.5_animal_05.png,true,Gpt,animal,5.5123455240391195e-06
ai_animal_recraft_v3_animal_09.png,true,Recraft v3,animal,0.9983989596366882
ai_animal_leonardo_phoenix_animal_06.png,true,Leonardo Phoenix,animal,0.19985929131507874
ai_animal_hunyuan_v3_animal_10.png,true,Hunyuan v3,animal,0.3911733031272888
ai_animal_hunyuan_v3_animal_04.png,true,Hunyuan v3,animal,4.609841198544018e-05
ai_animal_wan_v2.6_animal_10.png,true,Wan v2.6,animal,8.994568634079769e-05
ai_animal_wan_v2.6_animal_04.png,true,Wan v2.6,animal,3.986049341619946e-05
ai_animal_z_image_animal_09.png,true,Z,animal,0.011556504294276237
ai_animal_leonardo_phoenix_animal_02.png,true,Leonardo Phoenix,animal,0.9990350008010864
ai_animal_gpt_image_1.5_animal_01.png,true,Gpt,animal,0.003959042020142078
ai_animal_glm_image_animal_09.png,true,GLM Image,animal,0.025898125022649765
ai_animal_glm_image_animal_08.png,true,GLM Image,animal,0.7835149765014648
ai_animal_leonardo_phoenix_animal_03.png,true,Leonardo Phoenix,animal,0.01348508708178997
ai_animal_hunyuan_v3_animal_01.png,true,Hunyuan v3,animal,0.0021220985800027847
ai_animal_z_image_animal_08.png,true,Z,animal,0.9795727133750916
ai_animal_wan_v2.6_animal_01.png,true,Wan v2.6,animal,0.0307792816311121
ai_animal_wan_v2.6_animal_03.png,true,Wan v2.6,animal,0.00010692701471270993
ai_animal_grok_aurora_animal_08.png,true,Grok Aurora,animal,3.2082698453450575e-06
ai_animal_hunyuan_v3_animal_03.png,true,Hunyuan v3,animal,0.9881188273429871
ai_animal_leonardo_phoenix_animal_01.png,true,Leonardo Phoenix,animal,0.989691436290741
ai_animal_gpt_image_1.5_animal_02.png,true,Gpt,animal,0.00027013252838514745
ai_animal_gpt_image_1.5_animal_03.png,true,Gpt,animal,0.0015645079547539353
ai_animal_hunyuan_v3_animal_02.png,true,Hunyuan v3,animal,0.999188244342804
ai_animal_grok_aurora_animal_09.png,true,Grok Aurora,animal,7.709088094998151e-05
ai_animal_wan_v2.6_animal_02.png,true,Wan v2.6,animal,2.4543547624489293e-05
ai_animal_sd_3.5_large_animal_03.png,true,Sd,animal,0.0006942127947695553
ai_animal_gemini_3_pro_animal_09.png,true,Gemini 3 Pro,animal,0.12684670090675354
ai_animal_qwen_2512_animal_04.png,true,Qwen 2512,animal,8.316126331919804e-05
ai_animal_seedream_v4_animal_09.png,true,Seedream,animal,2.0949930785718607e-06
ai_animal_qwen_2512_animal_10.png,true,Qwen 2512,animal,0.9996488094329834
ai_animal_seedream_v4_animal_08.png,true,Seedream,animal,6.08763366471976e-06
ai_animal_qwen_2512_animal_05.png,true,Qwen 2512,animal,0.009585756808519363
ai_animal_gemini_3_pro_animal_08.png,true,Gemini 3 Pro,animal,2.7784585654444527e-06
ai_animal_sd_3.5_large_animal_02.png,true,Sd,animal,0.9987454414367676
ai_animal_ideogram_v3_animal_09.png,true,Ideogram v3,animal,0.9623491764068604
ai_animal_qwen_2512_animal_07.png,true,Qwen 2512,animal,0.11917085200548172
ai_animal_qwen_2512_animal_06.png,true,Qwen 2512,animal,0.999962568283081
ai_animal_ideogram_v3_animal_08.png,true,Ideogram v3,animal,2.2791060473537073e-05
ai_animal_sd_3.5_large_animal_01.png,true,Sd,animal,0.06676353514194489
ai_animal_flux_pro_v1.1_animal_08.png,true,Flux Pro v1.1,animal,1.3489431694324594e-05
ai_animal_sd_3.5_large_animal_05.png,true,Sd,animal,0.01399257592856884
ai_animal_flux_2_flex_animal_08.png,true,Flux,animal,0.008453665301203728
ai_animal_qwen_2512_animal_02.png,true,Qwen 2512,animal,0.21031124889850616
ai_animal_qwen_2512_animal_03.png,true,Qwen 2512,animal,0.9983758926391602
ai_animal_flux_2_flex_animal_09.png,true,Flux,animal,0.950412392616272
ai_animal_sd_3.5_large_animal_10.png,true,Sd,animal,0.9914315938949585
ai_animal_sd_3.5_large_animal_04.png,true,Sd,animal,2.9022265152889304e-05
ai_animal_flux_pro_v1.1_animal_09.png,true,Flux Pro v1.1,animal,0.00045365403639152646
ai_animal_seedream_v3_animal_08.png,true,Seedream,animal,2.1209425540291704e-05
ai_animal_sd_3.5_large_animal_06.png,true,Sd,animal,0.9297325015068054
ai_animal_qwen_2512_animal_01.png,true,Qwen 2512,animal,0.9999960660934448
ai_animal_sd_3.5_large_animal_07.png,true,Sd,animal,0.2522660791873932
ai_animal_seedream_v3_animal_09.png,true,Seedream,animal,0.06646008789539337
ai_landscape_gemini_3_pro_landscape_04.png,true,Gemini 3 Pro,landscape,0.003686418291181326
ai_landscape_gemini_3_pro_landscape_10.png,true,Gemini 3 Pro,landscape,0.029540451243519783
ai_landscape_flux_schnell_landscape_01.png,true,Flux Schnell,landscape,0.6334116458892822
ai_landscape_gemini_3_pro_landscape_05.png,true,Gemini 3 Pro,landscape,2.4859058612491935e-05
ai_landscape_gpt_image_1.5_landscape_08.png,true,Gpt,landscape,0.9972949624061584
ai_landscape_hunyuan_v3_landscape_09.png,true,Hunyuan v3,landscape,3.772505806409754e-05
ai_landscape_sd_3.5_large_landscape_09.png,true,Sd,landscape,2.782309275062289e-05
ai_landscape_gemini_3_pro_landscape_07.png,true,Gemini 3 Pro,landscape,0.0007439824985340238
ai_landscape_flux_schnell_landscape_02.png,true,Flux Schnell,landscape,0.0013474083971232176
ai_landscape_flux_schnell_landscape_03.png,true,Flux Schnell,landscape,0.5065281391143799
ai_landscape_gemini_3_pro_landscape_06.png,true,Gemini 3 Pro,landscape,0.008936259895563126
ai_landscape_sd_3.5_large_landscape_08.png,true,Sd,landscape,0.5548177361488342
ai_landscape_hunyuan_v3_landscape_08.png,true,Hunyuan v3,landscape,0.0004496620676945895
ai_landscape_gpt_image_1.5_landscape_09.png,true,Gpt,landscape,0.0006038917927071452
ai_landscape_gemini_3_pro_landscape_02.png,true,Gemini 3 Pro,landscape,0.0004154232738073915
ai_landscape_flux_schnell_landscape_07.png,true,Flux Schnell,landscape,0.01663661189377308
ai_landscape_flux_schnell_landscape_06.png,true,Flux Schnell,landscape,0.003747750073671341
ai_landscape_gemini_3_pro_landscape_03.png,true,Gemini 3 Pro,landscape,0.24634280800819397
ai_landscape_gemini_3_pro_landscape_01.png,true,Gemini 3 Pro,landscape,0.24862460792064667
ai_landscape_z_image_landscape_09.png,true,Z,landscape,0.9944199919700623
ai_landscape_flux_schnell_landscape_04.png,true,Flux Schnell,landscape,0.7939375638961792
ai_landscape_flux_schnell_landscape_10.png,true,Flux Schnell,landscape,3.318749577374547e-06
ai_landscape_flux_schnell_landscape_05.png,true,Flux Schnell,landscape,0.0016399417072534561
ai_landscape_z_image_landscape_08.png,true,Z,landscape,0.027147343382239342
ai_landscape_leonardo_phoenix_landscape_04.png,true,Leonardo Phoenix,landscape,0.0631362646818161
ai_landscape_flux_pro_v1.1_landscape_04.png,true,Flux Pro v1.1,landscape,0.0011691326508298516
ai_landscape_flux_pro_v1.1_landscape_10.png,true,Flux Pro v1.1,landscape,5.500460247276351e-05
ai_landscape_ideogram_v3_landscape_08.png,true,Ideogram v3,landscape,5.548415174416732e-06
ai_landscape_qwen_2512_landscape_08.png,true,Qwen 2512,landscape,0.9998276233673096
ai_landscape_grok_aurora_landscape_03.png,true,Grok Aurora,landscape,0.024421824142336845
ai_landscape_wan_v2.6_landscape_05.png,true,Wan v2.6,landscape,0.024555925279855728
ai_landscape_recraft_v3_landscape_09.png,true,Recraft v3,landscape,0.9958546757698059
ai_landscape_seedream_v4_landscape_05.png,true,Seedream,landscape,0.3650113046169281
ai_landscape_seedream_v4_landscape_04.png,true,Seedream,landscape,0.0029506569262593985
ai_landscape_seedream_v4_landscape_10.png,true,Seedream,landscape,0.0005304579972289503
ai_landscape_recraft_v3_landscape_08.png,true,Recraft v3,landscape,0.9992423057556152
ai_landscape_wan_v2.6_landscape_04.png,true,Wan v2.6,landscape,0.8075804114341736
ai_landscape_wan_v2.6_landscape_10.png,true,Wan v2.6,landscape,0.005616147071123123
ai_landscape_grok_aurora_landscape_02.png,true,Grok Aurora,landscape,0.037378787994384766
ai_landscape_qwen_2512_landscape_09.png,true,Qwen 2512,landscape,0.03156185522675514
ai_landscape_ideogram_v3_landscape_09.png,true,Ideogram v3,landscape,3.963995186495595e-05
ai_landscape_flux_pro_v1.1_landscape_05.png,true,Flux Pro v1.1,landscape,0.0042868927121162415
ai_landscape_leonardo_phoenix_landscape_07.png,true,Leonardo Phoenix,landscape,0.5060835480690002
ai_landscape_flux_2_flex_landscape_08.png,true,Flux,landscape,0.516200065612793
ai_landscape_seedream_v3_landscape_08.png,true,Seedream,landscape,0.02015300653874874
ai_landscape_glm_image_landscape_09.png,true,GLM Image,landscape,0.03727961704134941
ai_landscape_flux_pro_v1.1_landscape_07.png,true,Flux Pro v1.1,landscape,0.00040513675776310265
ai_landscape_wan_v2.6_landscape_06.png,true,Wan v2.6,landscape,0.9957718253135681
ai_landscape_seedream_v4_landscape_06.png,true,Seedream,landscape,0.00013405788922682405
ai_landscape_seedream_v4_landscape_07.png,true,Seedream,landscape,0.9714910984039307
ai_landscape_wan_v2.6_landscape_07.png,true,Wan v2.6,landscape,0.0027057102415710688
ai_landscape_grok_aurora_landscape_01.png,true,Grok Aurora,landscape,0.961682915687561
ai_landscape_flux_pro_v1.1_landscape_06.png,true,Flux Pro v1.1,landscape,0.001078608212992549
ai_landscape_glm_image_landscape_08.png,true,GLM Image,landscape,0.999923825263977
ai_landscape_seedream_v3_landscape_09.png,true,Seedream,landscape,0.9588548541069031
ai_landscape_flux_2_flex_landscape_09.png,true,Flux,landscape,0.00025008374359458685
ai_landscape_leonardo_phoenix_landscape_06.png,true,Leonardo Phoenix,landscape,0.9997798800468445
ai_landscape_leonardo_phoenix_landscape_02.png,true,Leonardo Phoenix,landscape,0.9776278138160706
ai_landscape_flux_pro_v1.1_landscape_02.png,true,Flux Pro v1.1,landscape,0.006426217500120401
ai_landscape_grok_aurora_landscape_05.png,true,Grok Aurora,landscape,5.624784535029903e-05
ai_landscape_wan_v2.6_landscape_03.png,true,Wan v2.6,landscape,0.9998168349266052
ai_landscape_seedream_v4_landscape_03.png,true,Seedream,landscape,0.0007833746494725347
ai_landscape_seedream_v4_landscape_02.png,true,Seedream,landscape,0.0013446048833429813
ai_landscape_wan_v2.6_landscape_02.png,true,Wan v2.6,landscape,0.6214938759803772
ai_landscape_grok_aurora_landscape_04.png,true,Grok Aurora,landscape,0.9986703395843506
ai_landscape_grok_aurora_landscape_10.png,true,Grok Aurora,landscape,2.896580372180324e-05
ai_landscape_flux_pro_v1.1_landscape_03.png,true,Flux Pro v1.1,landscape,0.9557885527610779
ai_landscape_leonardo_phoenix_landscape_03.png,true,Leonardo Phoenix,landscape,0.7988547682762146
ai_landscape_leonardo_phoenix_landscape_01.png,true,Leonardo Phoenix,landscape,0.8487662672996521
ai_landscape_flux_pro_v1.1_landscape_01.png,true,Flux Pro v1.1,landscape,0.6296456456184387
ai_landscape_grok_aurora_landscape_06.png,true,Grok Aurora,landscape,0.989303708076477
ai_landscape_seedream_v4_landscape_01.png,true,Seedream,landscape,0.011779224500060081
ai_landscape_wan_v2.6_landscape_01.png,true,Wan v2.6,landscape,0.9832761287689209
ai_landscape_grok_aurora_landscape_07.png,true,Grok Aurora,landscape,0.9999719858169556
ai_landscape_flux_2_flex_landscape_02.png,true,Flux,landscape,0.5658852458000183
ai_landscape_glm_image_landscape_03.png,true,GLM Image,landscape,0.9961326122283936
ai_landscape_seedream_v3_landscape_02.png,true,Seedream,landscape,3.1963390938472e-05
ai_landscape_ideogram_v3_landscape_01.png,true,Ideogram v3,landscape,0.00040870101656764746
ai_landscape_qwen_2512_landscape_01.png,true,Qwen 2512,landscape,0.9979156851768494
ai_landscape_recraft_v3_landscape_01.png,true,Recraft v3,landscape,0.9994163513183594
ai_landscape_seedream_v3_landscape_03.png,true,Seedream,landscape,0.88258296251297
ai_landscape_glm_image_landscape_02.png,true,GLM Image,landscape,0.9464920163154602
ai_landscape_flux_2_flex_landscape_03.png,true,Flux,landscape,0.9990177154541016
ai_landscape_flux_2_flex_landscape_01.png,true,Flux,landscape,0.9998400211334229
ai_landscape_seedream_v3_landscape_01.png,true,Seedream,landscape,0.987060546875
ai_landscape_ideogram_v3_landscape_02.png,true,Ideogram v3,landscape,1.3308470443007536e-05
ai_landscape_qwen_2512_landscape_02.png,true,Qwen 2512,landscape,0.27412959933280945
ai_landscape_grok_aurora_landscape_09.png,true,Grok Aurora,landscape,0.00017936917720362544
ai_landscape_recraft_v3_landscape_03.png,true,Recraft v3,landscape,0.9996108412742615
ai_landscape_recraft_v3_landscape_02.png,true,Recraft v3,landscape,0.9825711846351624
ai_landscape_grok_aurora_landscape_08.png,true,Grok Aurora,landscape,0.005764795001596212
ai_landscape_qwen_2512_landscape_03.png,true,Qwen 2512,landscape,0.01981184259057045
ai_landscape_ideogram_v3_landscape_03.png,true,Ideogram v3,landscape,0.0078929103910923
ai_landscape_glm_image_landscape_01.png,true,GLM Image,landscape,0.9999003410339355
ai_landscape_flux_2_flex_landscape_10.png,true,Flux,landscape,1.178643105959054e-05
ai_landscape_flux_2_flex_landscape_04.png,true,Flux,landscape,0.9239213466644287
ai_landscape_seedream_v3_landscape_10.png,true,Seedream,landscape,5.863149453944061e-06
ai_landscape_seedream_v3_landscape_04.png,true,Seedream,landscape,0.08754105865955353
ai_landscape_glm_image_landscape_05.png,true,GLM Image,landscape,0.2419755756855011
ai_landscape_ideogram_v3_landscape_07.png,true,Ideogram v3,landscape,0.9998983144760132
ai_landscape_qwen_2512_landscape_07.png,true,Qwen 2512,landscape,0.6133788824081421
ai_landscape_recraft_v3_landscape_06.png,true,Recraft v3,landscape,0.9450215697288513
ai_landscape_recraft_v3_landscape_07.png,true,Recraft v3,landscape,0.9815678000450134
ai_landscape_qwen_2512_landscape_06.png,true,Qwen 2512,landscape,0.9359737634658813
ai_landscape_ideogram_v3_landscape_06.png,true,Ideogram v3,landscape,0.0005434176418930292
ai_landscape_glm_image_landscape_10.png,true,GLM Image,landscape,0.9641035199165344
ai_landscape_glm_image_landscape_04.png,true,GLM Image,landscape,0.8168099522590637
ai_landscape_seedream_v3_landscape_05.png,true,Seedream,landscape,6.130599649623036e-05
ai_landscape_flux_2_flex_landscape_05.png,true,Flux,landscape,2.350442264287267e-05
ai_landscape_flux_2_flex_landscape_07.png,true,Flux,landscape,0.8095786571502686
ai_landscape_leonardo_phoenix_landscape_08.png,true,Leonardo Phoenix,landscape,0.9951289892196655
ai_landscape_seedream_v3_landscape_07.png,true,Seedream,landscape,0.00012362093548290431
ai_landscape_glm_image_landscape_06.png,true,GLM Image,landscape,0.9975816011428833
ai_landscape_flux_pro_v1.1_landscape_08.png,true,Flux Pro v1.1,landscape,0.00019164351397193968
ai_landscape_ideogram_v3_landscape_10.png,true,Ideogram v3,landscape,1.9454025732557056e-06
ai_landscape_ideogram_v3_landscape_04.png,true,Ideogram v3,landscape,0.7915606498718262
ai_landscape_qwen_2512_landscape_10.png,true,Qwen 2512,landscape,0.00012952196993865073
ai_landscape_qwen_2512_landscape_04.png,true,Qwen 2512,landscape,0.4332408308982849
ai_landscape_wan_v2.6_landscape_09.png,true,Wan v2.6,landscape,0.00011775897291954607
ai_landscape_recraft_v3_landscape_05.png,true,Recraft v3,landscape,0.9916651844978333
ai_landscape_seedream_v4_landscape_09.png,true,Seedream,landscape,0.002536643063649535
ai_landscape_seedream_v4_landscape_08.png,true,Seedream,landscape,0.013654260896146297
ai_landscape_recraft_v3_landscape_10.png,true,Recraft v3,landscape,0.9998785257339478
ai_landscape_recraft_v3_landscape_04.png,true,Recraft v3,landscape,0.33366671204566956
ai_landscape_wan_v2.6_landscape_08.png,true,Wan v2.6,landscape,0.9999946355819702
ai_landscape_qwen_2512_landscape_05.png,true,Qwen 2512,landscape,0.27562564611434937
ai_landscape_ideogram_v3_landscape_05.png,true,Ideogram v3,landscape,2.7244503144174814e-05
ai_landscape_flux_pro_v1.1_landscape_09.png,true,Flux Pro v1.1,landscape,0.06881791353225708
ai_landscape_glm_image_landscape_07.png,true,GLM Image,landscape,0.8484215140342712
ai_landscape_seedream_v3_landscape_06.png,true,Seedream,landscape,1.9881012121913955e-05
ai_landscape_leonardo_phoenix_landscape_09.png,true,Leonardo Phoenix,landscape,0.9992097616195679
ai_landscape_flux_2_flex_landscape_06.png,true,Flux,landscape,0.6502600908279419
ai_landscape_gpt_image_1.5_landscape_02.png,true,Gpt,landscape,0.00023617071565240622
ai_landscape_hunyuan_v3_landscape_03.png,true,Hunyuan v3,landscape,0.00017754272266756743
ai_landscape_z_image_landscape_05.png,true,Z,landscape,0.3181716203689575
ai_landscape_sd_3.5_large_landscape_03.png,true,Sd,landscape,0.9991866946220398
ai_landscape_flux_schnell_landscape_08.png,true,Flux Schnell,landscape,0.054421789944171906
ai_landscape_flux_schnell_landscape_09.png,true,Flux Schnell,landscape,0.2592306435108185
ai_landscape_z_image_landscape_10.png,true,Z,landscape,0.9861761927604675
ai_landscape_sd_3.5_large_landscape_02.png,true,Sd,landscape,9.860152204055339e-05
ai_landscape_z_image_landscape_04.png,true,Z,landscape,0.9996812343597412
ai_landscape_hunyuan_v3_landscape_02.png,true,Hunyuan v3,landscape,0.0004696010146290064
ai_landscape_gpt_image_1.5_landscape_03.png,true,Gpt,landscape,0.010342697612941265
ai_landscape_gpt_image_1.5_landscape_01.png,true,Gpt,landscape,0.48288118839263916
ai_landscape_z_image_landscape_06.png,true,Z,landscape,0.003788613248616457
ai_landscape_sd_3.5_large_landscape_01.png,true,Sd,landscape,0.9102868437767029
ai_landscape_z_image_landscape_07.png,true,Z,landscape,0.30567145347595215
ai_landscape_hunyuan_v3_landscape_01.png,true,Hunyuan v3,landscape,0.0077720885165035725
ai_landscape_gpt_image_1.5_landscape_04.png,true,Gpt,landscape,0.7195845246315002
ai_landscape_gpt_image_1.5_landscape_10.png,true,Gpt,landscape,1.4593576452170964e-05
ai_landscape_hunyuan_v3_landscape_05.png,true,Hunyuan v3,landscape,5.7124275372189e-06
ai_landscape_sd_3.5_large_landscape_05.png,true,Sd,landscape,0.08794046193361282
ai_landscape_z_image_landscape_03.png,true,Z,landscape,0.9808500409126282
ai_landscape_z_image_landscape_02.png,true,Z,landscape,0.943736732006073
ai_landscape_sd_3.5_large_landscape_04.png,true,Sd,landscape,0.011063444428145885
ai_landscape_sd_3.5_large_landscape_10.png,true,Sd,landscape,4.851417543250136e-06
ai_landscape_hunyuan_v3_landscape_04.png,true,Hunyuan v3,landscape,0.7288115620613098
ai_landscape_hunyuan_v3_landscape_10.png,true,Hunyuan v3,landscape,1.0546586963755544e-05
ai_landscape_gpt_image_1.5_landscape_05.png,true,Gpt,landscape,0.001153041492216289
ai_landscape_gpt_image_1.5_landscape_07.png,true,Gpt,landscape,1.2795402653864585e-05
ai_landscape_hunyuan_v3_landscape_06.png,true,Hunyuan v3,landscape,0.0001915121974889189
ai_landscape_sd_3.5_large_landscape_06.png,true,Sd,landscape,0.0017544925212860107
ai_landscape_gemini_3_pro_landscape_08.png,true,Gemini 3 Pro,landscape,0.0023905981797724962
ai_landscape_gemini_3_pro_landscape_09.png,true,Gemini 3 Pro,landscape,0.00022104282106738538
ai_landscape_z_image_landscape_01.png,true,Z,landscape,0.11349862813949585
ai_landscape_sd_3.5_large_landscape_07.png,true,Sd,landscape,0.000273887679213658
ai_landscape_hunyuan_v3_landscape_07.png,true,Hunyuan v3,landscape,0.01623503305017948
ai_landscape_gpt_image_1.5_landscape_06.png,true,Gpt,landscape,0.0003628403937909752
real_art_art_79_oil_painting_of_countryside_landscape_in_frame.jpg,false,,art,0.8080474734306335
real_art_art_163_tLQRMO33DeI.jpg,false,,art,0.014821527525782585
real_art_art_082_wzSfjeKGiLk.jpg,false,,art,0.0016047812532633543
real_art_art_114_11SmxL6FI1A.jpg,false,,art,0.0015451647341251373
real_art_art_58_watercolor_landscape_painting.jpg,false,,art,0.0002675641735550016
real_art_art_040_T2LEdBxpm54.jpg,false,,art,0.00022097623150330037
real_art_art_105_HzNNbeGmJko.jpg,false,,art,0.0002090351190418005
real_art_art_68_vintage_botanical_illustration.jpg,false,,art,0.6649332642555237
real_art_art_164_GoJrwnPNPbg.jpg,false,,art,4.299506326788105e-05
real_art_art_73_colorful_street_art_graffiti_mural.jpg,false,,art,0.013762135989964008
real_art_art_112_zelgyeLINKc.jpg,false,,art,0.00017060627578757703
real_art_art_034_bkY4pok-UM0.jpg,false,,art,1.8589062165119685e-06
real_art_art_132_xnyXLEyE8L0.jpg,false,,art,0.0002876277139876038
real_art_art_149_fnoCqGw7AMg.jpg,false,,art,5.271226109471172e-05
real_art_art_166_vDZCV1akWss.jpg,false,,art,3.2071595796878682e-06
real_art_art_113_Cn2YpUFVkCo.jpg,false,,art,3.999032560386695e-05
real_art_art_78_mosaic_tile_artwork_pattern.jpg,false,,art,0.0005789831629954278
real_art_art_72_pastel_colors_watercolor_wash.jpg,false,,art,0.0002675641735550016
real_art_art_074_QTWm4dJ_Z2E.jpg,false,,art,0.0031042785849422216
real_art_art_65_abstract_geometric_modern_art.jpg,false,,art,1.340995731879957e-05
real_art_art_056_riFTrh0K4pg.jpg,false,,art,2.8625785489566624e-05
real_art_art_096_gzXhH-RiydU.jpg,false,,art,3.562056735972874e-05
real_art_art_094_JqpsJelnXb8.jpg,false,,art,0.0044752745889127254
real_art_art_56_pencil_and_watercolor_art_supplies_on_table.jpg,false,,art,2.358201345487032e-05
real_art_art_160_PDAzh1rSIa8.jpg,false,,art,0.01116416696459055
real_art_art_152_uH3wpt7gKnQ.jpg,false,,art,0.11984733492136002
real_art_art_088_8qigdir-PfA.jpg,false,,art,1.3684566511074081e-05
real_art_art_070_AYYbqlo5af0.jpg,false,,art,7.94378593127476e-06
real_art_art_80_digital_art_printed_on_gallery_wall.jpg,false,,art,0.0005720502231270075
real_art_art_120_NiV9YsPFhM8.jpg,false,,art,2.9160479243728332e-05
real_art_art_093_3qoP52UWFiY.jpg,false,,art,3.328255479573272e-05
real_art_art_092_IhDDZyvwwC4.jpg,false,,art,3.3528206131450133e-06
real_art_art_108_XOyxignLq1E.jpg,false,,art,0.0004269331111572683
real_art_art_127_P2LmtHXV2Wc.jpg,false,,art,5.880463959329063e-06
real_art_art_104_gQxrO5kOABU.jpg,false,,art,1.3145158845873084e-05
real_art_art_097_hBhfEXkihOs.jpg,false,,art,0.0007743195747025311
real_art_art_085_Zm74mm1xEDY.jpg,false,,art,1.7602103980607353e-05
real_art_art_050_hyoJJZd_hhI.jpg,false,,art,4.7155204811133444e-05
real_art_art_053_jdhYNL0KrCA.jpg,false,,art,0.0016988040879368782
real_art_art_045_dFA5XycbhoQ.jpg,false,,art,0.01137858908623457
real_art_art_057_m-e3AFsfOs0.jpg,false,,art,0.00032303339685313404
real_art_art_033_cpAKc-G6lPg.jpg,false,,art,2.0369877802295377e-06
real_art_art_159_U0_hlwXFLn0.jpg,false,,art,3.1468227916775504e-06
real_art_art_051_PHdLDymaV90.jpg,false,,art,3.4123168006772175e-06
real_art_art_170_Vbbz9pZmn5o.jpg,false,,art,4.818422530661337e-05
real_art_art_046_DQZl8fxpSp8.jpg,false,,art,8.472838089801371e-06
real_art_art_118_BsAzhHIIwxg.jpg,false,,art,4.0837603592080995e-05
real_art_art_117_5MteLUU9FGI.jpg,false,,art,4.7113673645071685e-05
real_art_art_66_still_life_oil_painting_with_fruit.jpg,false,,art,5.12907536176499e-05
real_art_art_121_iKPxCjUU_bg.jpg,false,,art,6.212124571902677e-05
real_art_art_157_8ezfg5oYHNY.jpg,false,,art,1.7623419807932805e-06
real_art_art_081_w5bYMd9leus.jpg,false,,art,2.244386223537731e-06
real_art_art_062_dP9U-tIfU3M.jpg,false,,art,7.2476890636608e-05
real_art_art_032_puf8VwPLAug.jpg,false,,art,0.0003470359952189028
real_art_art_119_iplwfXCe8a4.jpg,false,,art,3.431980439927429e-05
real_art_art_142_svOht0lwbyk.jpg,false,,art,0.007428980432450771
real_art_art_068_J7w12ShptC0.jpg,false,,art,3.891641244990751e-05
real_art_art_147_oZKmdQlIVds.jpg,false,,art,0.8461581468582153
real_art_art_145_E_JDMtW_l0Y.jpg,false,,art,0.00294263893738389
real_art_art_52_watercolor_painting_supplies_on_table.jpg,false,,art,2.358201345487032e-05
real_art_art_144_8XIAf776Fqg.jpg,false,,art,3.6427642044145614e-05
real_art_art_126_wpw8sHoBtSY.jpg,false,,art,0.005874596070498228
real_art_art_066_OnAwhivaqrU.jpg,false,,art,7.097688649082556e-05
real_art_art_124_VHX-eIns4Wo.jpg,false,,art,0.00023547101591248065
real_art_art_158_I0QTg9ctFDY.jpg,false,,art,0.00011530352639965713
real_art_art_128_XzG9XYwxgXc.jpg,false,,art,6.476935232058167e-05
real_art_art_62_impressionist_landscape_painting_in_ornate_frame.jpg,false,,art,0.004532532766461372
real_art_art_047_OfTVSQTuQ5Y.jpg,false,,art,1.895393870654516e-05
real_art_art_098_sKHf8VwwFdo.jpg,false,,art,3.6431285934668267e-06
real_art_art_130_D1IS5s5O9xo.jpg,false,,art,0.000377429008949548
real_art_art_129_0RTmv1Kx9Qk.jpg,false,,art,0.0018593815620988607
real_art_art_136_rGu8w3QP48o.jpg,false,,art,1.5058524240885163e-06
real_art_art_060_BXkYKWKL7TA.jpg,false,,art,7.271776780726213e-07
real_art_art_123__yrdstGC_rg.jpg,false,,art,2.0790759663213976e-05
real_art_art_64_colorful_mural_on_building_exterior.jpg,false,,art,0.0006880714790895581
real_art_art_071_n00dm9FBwrs.jpg,false,,art,0.003918049391359091
real_art_art_064_1cVQMljvsnw.jpg,false,,art,6.988329550949857e-05
real_art_art_107_7xemAmqHhLc.jpg,false,,art,6.129567282187054e-06
real_art_art_091_IF9x9SGOh1w.jpg,false,,art,0.0008084718137979507
real_art_art_058_TOcmDVAo2jo.jpg,false,,art,1.1505531801958568e-05
real_art_art_150_1CcjT68gMRM.jpg,false,,art,0.5135760307312012
real_art_art_100_9pU5knbOtgY.jpg,false,,art,1.344707243333687e-06
real_art_art_083_jBV3_PRk1-U.jpg,false,,art,0.0012951918179169297
real_art_art_035_S0c_wsCmlXE.jpg,false,,art,1.974538463400677e-05
real_art_art_122_nnIzqn6B6fA.jpg,false,,art,0.00023081943800207227
real_art_art_099_3kIPqGmmgwI.jpg,false,,art,3.455313344602473e-05
real_art_art_141_vsYrMcvb5nQ.jpg,false,,art,2.1881545762880705e-05
real_art_art_70_art_gallery_interior_with_paintings_on_walls.jpg,false,,art,0.12837804853916168
real_art_art_048__j6wbAlQ1ow.jpg,false,,art,0.0003852092195302248
real_art_art_079_93aN5XCAlJs.jpg,false,,art,2.1914898752584122e-05
real_art_art_135_lvqcncxBYqw.jpg,false,,art,1.0281136383127887e-05
real_art_art_111_DVauUHIJby0.jpg,false,,art,0.01495193038135767
real_art_art_161_StV72L0DH4A.jpg,false,,art,9.147899254458025e-05
real_art_art_087_U3NtClWLRd4.jpg,false,,art,3.38896541052236e-07
real_art_art_055_e-XPbBr0NhU.jpg,false,,art,0.0025249046739190817
real_art_art_043_e6xd2HXuy0A.jpg,false,,art,1.6454024489576113e-06
real_art_art_109_GY_YJtmwPas.jpg,false,,art,0.00031581392977386713
real_art_art_61_charcoal_drawing_on_paper.jpg,false,,art,0.030036596581339836
real_art_art_137_70l86REbjmk.jpg,false,,art,0.07655856013298035
real_art_art_154_kBzQNk9AgOg.jpg,false,,art,0.000599559280090034
real_art_art_037_cuddQwqncLc.jpg,false,,art,0.003346515353769064
real_art_art_74_gallery_wall_with_multiple_framed_artworks.jpg,false,,art,0.9734930396080017
real_art_art_116_tEbRUeGJDfw.jpg,false,,art,5.3879084589425474e-05
real_art_art_125_ajAj3-55G2A.jpg,false,,art,6.502000928776397e-07
real_art_art_67_acrylic_pour_painting_abstract.jpg,false,,art,5.532866271096282e-05
real_art_art_51_modern_art_gallery_with_paintings_on_white_walls.jpg,false,,art,0.12837804853916168
real_art_art_049_ZW8dIPP4S4U.jpg,false,,art,1.4794035223530955e-06
real_art_art_139_DD1fSz2HF1s.jpg,false,,art,0.0021644618827849627
real_art_art_50_abstract_colorful_painting_on_canvas.jpg,false,,art,8.080093721218873e-06
real_art_art_165_yN5c71nvg6g.jpg,false,,art,3.664408495751559e-06
real_art_art_153_rleYWWVY4Pc.jpg,false,,art,4.9960199248744175e-05
real_art_art_134_tClS6SPq8Zo.jpg,false,,art,5.512198185897432e-06
real_art_art_090_yCWQevKzkkM.jpg,false,,art,0.6158931255340576
real_art_art_101_YJCRjsg1LQw.jpg,false,,art,0.0001807276566978544
real_art_art_042_eN6FkYAetF8.jpg,false,,art,0.23319442570209503
real_art_art_059_yjiZAbTDkik.jpg,false,,art,1.0675663588699535e-06
real_art_art_54_oil_painting_of_flowers_in_vase.jpg,false,,art,0.14025965332984924
real_art_art_089_IMZ3bM611eA.jpg,false,,art,0.0038000871427357197
real_art_art_146_n1mVt4pyFow.jpg,false,,art,0.00022698058455716819
real_art_art_169_Uo5MWyegjog.jpg,false,,art,0.000912280345801264
real_art_art_073_n3VWZXx5n9I.jpg,false,,art,0.0001963739050552249
real_art_art_076_I7BDP_5WPqE.jpg,false,,art,3.6704698231915245e-06
real_art_art_53_colorful_abstract_oil_painting_closeup.jpg,false,,art,7.767805800540373e-05
real_art_art_080_nNqBDh_l3oE.jpg,false,,art,3.7397586538645555e-07
real_art_art_061_XuHkodhmiyk.jpg,false,,art,0.0004622273554559797
real_art_art_60_colorful_paint_brushstrokes_close_up_texture.jpg,false,,art,7.767805800540373e-05
real_art_art_71_renaissance_painting_in_gilded_frame.jpg,false,,art,0.08532970398664474
real_art_art_69_mixed_media_collage_artwork.jpg,false,,art,6.031986413290724e-05
real_art_art_168_u7zd4x6-dx8.jpg,false,,art,1.1793390513048507e-05
real_art_art_095_9_vYkYnWn2w.jpg,false,,art,0.0006268172292038798
real_art_art_138_007R8JewpwU.jpg,false,,art,2.0292465706006624e-05
real_art_art_069_ziIJiGSkfR4.jpg,false,,art,1.1798924788308796e-05
real_art_art_63_sculpture_in_art_museum_with_natural_light.jpg,false,,art,0.8019195795059204
real_art_art_106_cqKG2s6WP6s.jpg,false,,art,1.0865427384487703e-06
real_art_art_59_classical_oil_portrait_painting_in_museum.jpg,false,,art,0.008455367758870125
real_art_art_039_izfOdN-3zw0.jpg,false,,art,2.670135245352867e-06
real_art_art_57_graffiti_street_art_on_brick_wall.jpg,false,,art,0.00012713174510281533
real_art_art_084_JPFWudeuc54.jpg,false,,art,9.029915236169472e-05
real_art_art_133_h1jyIBttST0.jpg,false,,art,9.614998998586088e-05
real_art_art_038_UwKXPb7N9UY.jpg,false,,art,1.5975725546013564e-05
real_art_art_054_Erf1Kz7ZE5Y.jpg,false,,art,2.0881929231109098e-05
real_art_art_078_RYtFleIk_4U.jpg,false,,art,2.2594924757868284e-06
real_art_art_75_oil_painting_landscape_with_trees.jpg,false,,art,1.0968708011205308e-05
real_art_art_041_4POG9GQo7Aw.jpg,false,,art,1.3188292541599367e-05
real_art_art_162_jrDzerLmfW0.jpg,false,,art,7.892949724919163e-07
real_art_art_167_Jpjj_v1-5OM.jpg,false,,art,2.1624025976052508e-05
real_art_art_102_rXtXA42Lgzs.jpg,false,,art,3.15596153086517e-05
real_art_art_140_Rq74Wkhffok.jpg,false,,art,4.027752947877161e-05
real_art_art_086_OTP0nlljatI.jpg,false,,art,3.772923446376808e-05
real_art_art_036_KQBsTXCvGwM.jpg,false,,art,0.0015124320052564144
real_art_art_76_handwritten_calligraphy_on_white_paper.jpg,false,,art,0.0001381205947836861
real_art_art_072_F2olcCyRQBw.jpg,false,,art,0.004627583082765341
real_art_art_067_LOvJ2ECcUJY.jpg,false,,art,7.719350105617195e-05
real_art_art_052_OpqAtrUNJeI.jpg,false,,art,0.002996930619701743
real_art_art_044_hptNUC-iitA.jpg,false,,art,1.2977776350453496e-05
real_art_art_151_tuU1puvTmWw.jpg,false,,art,3.581813507480547e-05
real_art_art_103_cLRvJPVw69U.jpg,false,,art,0.0015903533203527331
real_art_art_065_akbHiqZy4Pg.jpg,false,,art,1.0795739626701106e-06
real_art_art_148_-bA6TkrToiY.jpg,false,,art,0.00021648005349561572
real_art_art_77_street_art_portrait_on_concrete_wall.jpg,false,,art,0.01829899474978447
real_art_art_131_bPqJ9ssfjqs.jpg,false,,art,9.01397015695693e-06
real_art_art_55_art_museum_gallery_room_with_framed_paintings.jpg,false,,art,0.001179187442176044
real_art_art_110_hY3KGFVG-i0.jpg,false,,art,0.022091377526521683
real_art_art_156_u2RlwQc1qiQ.jpg,false,,art,0.08579796552658081
real_art_art_075_ff0HoIx3PzU.jpg,false,,art,0.0005582369631156325
real_art_art_143_TzAydhJ4QzE.jpg,false,,art,7.498344984924188e-07
real_art_art_077_IExOV9fFQBM.jpg,false,,art,0.00205845944583416
real_art_art_155_KWpm9MmEo2s.jpg,false,,art,0.08429472893476486
real_art_art_063_heeEKtHAYEg.jpg,false,,art,0.00010148775618290529
real_art_art_115_iMdsjoiftZo.jpg,false,,art,0.4167262613773346
real_portrait_portrait_76_a_group_of_people_standing_around_a_white_cake.jpg,false,,portrait,0.0013868276728317142
real_portrait_portrait_55_a_woman_holding_a_smart_phone_next_to_a_group_of_people.jpg,false,,portrait,1.988329358937335e-06
real_portrait_portrait_118_iJGhIMWKz7w.jpg,false,,portrait,5.947136742179282e-06
real_portrait_portrait_094_7A5eK3q9qUA.jpg,false,,portrait,2.3030172087601386e-05
real_portrait_portrait_62_a_group_of_men_standing_and_sitting_next_to_each_other.jpg,false,,portrait,0.0011606363113969564
real_portrait_portrait_51_a_woman_is_helping_a_child_put_on_skis.jpg,false,,portrait,0.0002487966266926378
real_portrait_portrait_065_6lWqkLIh5L8.jpg,false,,portrait,1.8054730389849283e-05
real_portrait_portrait_039_ZW3dnRiZD9U.jpg,false,,portrait,4.003623871540185e-06
real_portrait_portrait_135_BZzHWmQUszE.jpg,false,,portrait,2.599912477307953e-06
real_portrait_portrait_83_a_tennis_player_who_has_just_made_a_shot.jpg,false,,portrait,1.857476263467106e-06
real_portrait_portrait_57_a_young_man_and_woman_holding_their_heads_close_to_each_othe.jpg,false,,portrait,5.282398888084572e-06
real_portrait_portrait_67_there_are_many_bike_riders_racing_in_a_street_race.jpg,false,,portrait,1.06737343230634e-05
real_portrait_portrait_058_dWiK1hrTl14.jpg,false,,portrait,7.205753149719385e-07
real_portrait_portrait_086_kpR9Mwgkj8c.jpg,false,,portrait,1.6637673979857937e-05
real_portrait_portrait_075_VQRm94PV_20.jpg,false,,portrait,3.665344775072299e-05
real_portrait_portrait_151_LlHgaeBwYVE.jpg,false,,portrait,2.2229152818908915e-05
real_portrait_portrait_077_IIWiU1QXmWY.jpg,false,,portrait,5.908299954171525e-06
real_portrait_portrait_100_2FM9g-vAkJg.jpg,false,,portrait,2.2131029254524037e-05
real_portrait_portrait_098_wX7NeTEXq_w.jpg,false,,portrait,0.00010014648432843387
real_portrait_portrait_071__lP2UOoZJKk.jpg,false,,portrait,0.00028620994999073446
real_portrait_portrait_81_two_men_next_to_each_other_holding_wine_glasses.jpg,false,,portrait,8.713111299130105e-08
real_portrait_portrait_114_VcWRNg2ju7Y.jpg,false,,portrait,3.4358472476014867e-06
real_portrait_portrait_65_three_women_sitting_on_a_train_seat_on_cellphones.jpg,false,,portrait,4.941718088957714e-06
real_portrait_portrait_054_cFgCc3PM-A0.jpg,false,,portrait,2.901847210523556e-06
real_portrait_portrait_067_ua9Im1zPoGM.jpg,false,,portrait,8.87888454599306e-05
real_portrait_portrait_63_a_man_sitting_at_a_table_eating_food_from_a_plate.jpg,false,,portrait,2.4281036530737765e-05
real_portrait_portrait_119_lAAmMH2c2gU.jpg,false,,portrait,8.056929073063657e-05
real_portrait_portrait_72_a_man_swinging_a_tennis_racket_at_a_tennis_ball.jpg,false,,portrait,8.326167630912096e-07
real_portrait_portrait_77_three_men_smiling_holding_a_wii_controller_in_their_hands.jpg,false,,portrait,0.0009452532976865768
real_portrait_portrait_70_two_sets_of_hands_are_each_holding_a_cell_phone_while_anothe.jpg,false,,portrait,1.7364648101647617e-06
real_portrait_portrait_168_ht1JkZ7tYmY.jpg,false,,portrait,4.357831130619161e-06
real_portrait_portrait_58_woman_listening_on_her_phone_while_smoking_a_cigarette.jpg,false,,portrait,0.011562083847820759
real_portrait_portrait_137_O5BSKKHYiEU.jpg,false,,portrait,2.243350536446087e-06
real_portrait_portrait_59_a_woman_taking_a_selfie_with_a_mobile_phone.jpg,false,,portrait,1.7233688822670956e-06
real_portrait_portrait_060_wyCDQSzN8XE.jpg,false,,portrait,3.9598049625055864e-05
real_portrait_portrait_081_2EmLMaTshko.jpg,false,,portrait,1.5045577583805425e-06
real_portrait_portrait_059_pFbJuxSwuhI.jpg,false,,portrait,3.5063774248556e-06
real_portrait_portrait_048_8sbwihARadA.jpg,false,,portrait,3.724931593751535e-05
real_portrait_portrait_167_guDkXldTxy8.jpg,false,,portrait,0.6741049289703369
real_portrait_portrait_095_E38Gb_nVPck.jpg,false,,portrait,3.091815233347006e-05
real_portrait_portrait_043_aDvDvH428RQ.jpg,false,,portrait,0.0009375973604619503
real_portrait_portrait_133_iiQ-mmG2NxI.jpg,false,,portrait,1.0898376103796181e-06
real_portrait_portrait_128_nE6EPBrM-EA.jpg,false,,portrait,4.188045932096429e-05
real_portrait_portrait_050_eoAubhPm6H8.jpg,false,,portrait,0.00013277781545184553
real_portrait_portrait_134_UY52j2uUvdU.jpg,false,,portrait,3.7507311390072573e-06
real_portrait_portrait_104_eq9FtP7XwJI.jpg,false,,portrait,0.00010941495565930381
real_portrait_portrait_092_uTad53fcxss.jpg,false,,portrait,0.0002552236255723983
real_portrait_portrait_062_ILz31HBGEak.jpg,false,,portrait,0.0017098155803978443
real_portrait_portrait_085_qV16cq3T420.jpg,false,,portrait,8.928926149565086e-07
real_portrait_portrait_170_cQPUosG9dQE.jpg,false,,portrait,6.346511781885056e-06
real_portrait_portrait_147_RYNTlcn0e3k.jpg,false,,portrait,3.3248320505663287e-06
real_portrait_portrait_103_TsvawNBQ7k0.jpg,false,,portrait,1.3021348195252358e-06
real_portrait_portrait_047_kN_F83xqdiM.jpg,false,,portrait,0.005486255511641502
real_portrait_portrait_105_Knvzw8_L_80.jpg,false,,portrait,3.071439095947426e-06
real_portrait_portrait_101_WXp2BT0AgnE.jpg,false,,portrait,2.306387159478618e-06
real_portrait_portrait_153_k_NkqIaRhro.jpg,false,,portrait,3.3754826290532947e-05
real_portrait_portrait_71_a_woman_brushes_her_teeth_with_foamy_toothpaste.jpg,false,,portrait,0.000621042272541672
real_portrait_portrait_142_mJaDIZr6eMY.jpg,false,,portrait,4.832867853110656e-05
real_portrait_portrait_083_LN8t4ZAGZFQ.jpg,false,,portrait,1.4557966096617747e-05
real_portrait_portrait_115_82NWNb5AGWc.jpg,false,,portrait,4.470752628549235e-06
real_portrait_portrait_64_a_woman_smiles_from_behind_the_book_she_has_been_reading.jpg,false,,portrait,8.840790144404309e-08
real_portrait_portrait_102_QGMWr63tKoo.jpg,false,,portrait,6.310210210358491e-06
real_portrait_portrait_037_M34IAftLLsY.jpg,false,,portrait,1.480115588492481e-05
real_portrait_portrait_79_a_copse_of_men_sitting_next_to_each_other_at_a_table.jpg,false,,portrait,2.910375371811824e-07
real_portrait_portrait_068_g_eJl04NKEY.jpg,false,,portrait,1.476399484090507e-05
real_portrait_portrait_53_two_men_wearing_suits_and_hats_are_walking_together.jpg,false,,portrait,2.0219958969391882e-06
real_portrait_portrait_055_ycF8akmJ_RU.jpg,false,,portrait,0.44064822793006897
real_portrait_portrait_129_jqsprpPrn9w.jpg,false,,portrait,7.361014922935283e-06
real_portrait_portrait_138_NOcaza8sIBg.jpg,false,,portrait,0.006330283358693123
real_portrait_portrait_78_a_woman_holding_a_plate_of_cake_covered_in_frosting.jpg,false,,portrait,0.00011455763888079673
real_portrait_portrait_130_4wIY3oykWMo.jpg,false,,portrait,5.302115096128546e-05
real_portrait_portrait_099_dKH-4ml-5I4.jpg,false,,portrait,1.2169106184956036e-06
real_portrait_portrait_093_8gRw4V0_XJA.jpg,false,,portrait,9.12123141461052e-06
real_portrait_portrait_109_IOkL3ZqAapM.jpg,false,,portrait,0.00028693999047391117
real_portrait_portrait_74_a_person_helping_a_woman_put_on_a_tie.jpg,false,,portrait,4.730365503746725e-07
real_portrait_portrait_121_hQBQ1ATvH10.jpg,false,,portrait,4.1128714656224474e-07
real_portrait_portrait_076_6fc0hcXapYU.jpg,false,,portrait,0.014534035697579384
real_portrait_portrait_155_3kWZ-gVZAG0.jpg,false,,portrait,7.000125606282381e-06
real_portrait_portrait_140_83BjY5qcPKg.jpg,false,,portrait,4.383415216580033e-06
real_portrait_portrait_087_gENx9JQeQWs.jpg,false,,portrait,9.593229151505511e-06
real_portrait_portrait_084_7BDP97v-tT8.jpg,false,,portrait,3.031790220120456e-05
real_portrait_portrait_040_kl22CsySpcw.jpg,false,,portrait,0.0001319498405791819
real_portrait_portrait_161_Tay3IMQpKHA.jpg,false,,portrait,6.328493327600881e-05
real_portrait_portrait_045_3F6Jo667E4w.jpg,false,,portrait,0.029744021594524384
real_portrait_portrait_116_L4CAMVlnRlg.jpg,false,,portrait,0.00015349652676377445
real_portrait_portrait_072_VlOrWGCFl_w.jpg,false,,portrait,7.850167662581953e-07
real_portrait_portrait_044_NljdMbT3s30.jpg,false,,portrait,9.394214430358261e-05
real_portrait_portrait_122_LpIy3YxbDA4.jpg,false,,portrait,3.2267020287690684e-05
real_portrait_portrait_156_HC2t702jdGo.jpg,false,,portrait,3.655466207419522e-05
real_portrait_portrait_69_a_crowd_of_people_standing_around_each_other.jpg,false,,portrait,1.7525038856547326e-05
real_portrait_portrait_73_a_baseball_player_talks_with_an_umpire.jpg,false,,portrait,2.3633232558495365e-05
real_portrait_portrait_096_Rur5fFIrWNY.jpg,false,,portrait,2.15422255678277e-06
real_portrait_portrait_61_a_clown_talking_on_a_phone_next_to_a_building.jpg,false,,portrait,2.704045698465052e-07
real_portrait_portrait_090_UNJ3hCbuHXA.jpg,false,,portrait,3.1924143968353746e-06
real_portrait_portrait_148_ofgYwK8j_cQ.jpg,false,,portrait,5.773946031695232e-05
real_portrait_portrait_113_J_I5FfqShJw.jpg,false,,portrait,9.446411240787711e-06
real_portrait_portrait_152_P7ASbD-vHW8.jpg,false,,portrait,9.776194929145277e-07
real_portrait_portrait_56_a_woman_holding_her_cell_phone_tucked_in_a_wool_cover.jpg,false,,portrait,3.9407802887581056e-07
real_portrait_portrait_107_W80TTxhRRU4.jpg,false,,portrait,2.1183714125072584e-05
real_portrait_portrait_073_yAsJE9nFiFw.jpg,false,,portrait,3.5661250876728445e-06
real_portrait_portrait_091_xX9r2xULy7s.jpg,false,,portrait,8.989107300294563e-05
real_portrait_portrait_082_QwsCqHTim98.jpg,false,,portrait,1.0645986776580685e-06
real_portrait_portrait_132_shb8l1o-0Zk.jpg,false,,portrait,0.0026474306359887123
real_portrait_portrait_078_cT4-8tBBJDA.jpg,false,,portrait,9.994992979045492e-06
real_portrait_portrait_160_PEgf72cgr-w.jpg,false,,portrait,1.28527117340127e-05
real_portrait_portrait_038_62Ims7pw_X8.jpg,false,,portrait,5.235147000348661e-06
real_portrait_portrait_75_a_man_wearing_a_suit_and_tie_and_red_hat_with_a_silver_buckl.jpg,false,,portrait,1.1392909300411702e-06
real_portrait_portrait_051_63KDwZUZQw8.jpg,false,,portrait,1.0359401130699553e-05
real_portrait_portrait_82_a_man_wearing_a_tie_jacket_and_white_shirt.jpg,false,,portrait,0.00022489018738269806
real_portrait_portrait_52_three_students_check_their_cell_phones_in_a_classroom.jpg,false,,portrait,4.542190765732812e-07
real_portrait_portrait_063_Qm4yrKLiawY.jpg,false,,portrait,0.5355460047721863
real_portrait_portrait_84_three_young_men_playing_wii_on_a_projection_television.jpg,false,,portrait,5.841215511281916e-07
real_portrait_portrait_159_o47Lif2bfqI.jpg,false,,portrait,4.944570719089825e-06
real_portrait_portrait_041_vCZFKRZes_0.jpg,false,,portrait,1.306582271354273e-05
real_portrait_portrait_064_KrLXXQSojYs.jpg,false,,portrait,0.0005143591552041471
real_portrait_portrait_112_OxPuMO3zQ9s.jpg,false,,portrait,7.76027354731923e-06
real_portrait_portrait_145_DQ9dW9v65Fc.jpg,false,,portrait,0.0009317584917880595
real_portrait_portrait_117_4XrEyN5sXhA.jpg,false,,portrait,7.36013987534534e-07
real_portrait_portrait_070_kNZd7qT8ASY.jpg,false,,portrait,1.652590617595706e-05
real_portrait_portrait_146_I03ZQjTt4WI.jpg,false,,portrait,6.827158813393908e-06
real_portrait_portrait_163_6qRpAg4pPEU.jpg,false,,portrait,0.0001345445343758911
real_portrait_portrait_80_two_men_smiling_and_taking_a_picture_together.jpg,false,,portrait,1.8580608411866706e-06
real_portrait_portrait_150_itdkHUjTuIY.jpg,false,,portrait,0.0005409917212091386
real_portrait_portrait_046_k1QqUSvRObc.jpg,false,,portrait,2.0222078092047013e-06
real_portrait_portrait_056_JxbqicKm-ko.jpg,false,,portrait,8.598979547969066e-06
real_portrait_portrait_042_2xf2beBy7Wo.jpg,false,,portrait,0.42076927423477173
real_portrait_portrait_126_jxltRrbjtdI.jpg,false,,portrait,7.287170592462644e-05
real_portrait_portrait_061_IppB3SB9f6s.jpg,false,,portrait,8.71746465236356e-07
real_portrait_portrait_68_a_photo_of_a_young_male_in_a_suit_jacket_and_tie.jpg,false,,portrait,0.003751751035451889
real_portrait_portrait_124_Hd2T6EzW_2Q.jpg,false,,portrait,9.093890184885822e-06
real_portrait_portrait_50_a_man_wearing_a_top_hat_and_a_red_tie.jpg,false,,portrait,3.339360546306125e-06
real_portrait_portrait_057_ZbvHaiUwVfo.jpg,false,,portrait,2.0106467673031148e-06
real_portrait_portrait_079_fGfUJnZD3Mw.jpg,false,,portrait,0.010307487100362778
real_portrait_portrait_127_ZhJsD9T_20Q.jpg,false,,portrait,3.359473623731901e-07
real_portrait_portrait_136_SwcnAmIRZYc.jpg,false,,portrait,3.220528924430255e-06
real_portrait_portrait_110_9iAIfjrSFYw.jpg,false,,portrait,4.7125354285526555e-07
real_portrait_portrait_139_5Uvy1WMaUHw.jpg,false,,portrait,1.2542635658974177e-06
real_portrait_portrait_097_JibO_kC6vh4.jpg,false,,portrait,4.329018793214345e-06
real_portrait_portrait_157_jG4xhAmz-uQ.jpg,false,,portrait,5.4933829233050346e-05
real_portrait_portrait_141_l7PnmcqTj5Q.jpg,false,,portrait,6.971316179260612e-05
real_portrait_portrait_125_Oz7_usBqwuY.jpg,false,,portrait,0.17024676501750946
real_portrait_portrait_143_peP3zrquunA.jpg,false,,portrait,0.0001935278851306066
real_portrait_portrait_165_rEKKAV83i-8.jpg,false,,portrait,3.049894075957127e-05
real_portrait_portrait_069_Q7p9V_xHe08.jpg,false,,portrait,0.0007917677285149693
real_portrait_portrait_144_WUhpW32kBek.jpg,false,,portrait,1.04949697288248e-06
real_portrait_portrait_089_dgGWnapezLs.jpg,false,,portrait,0.0003156923339702189
real_portrait_portrait_074_P_pjzMeIbj8.jpg,false,,portrait,1.8581475160317495e-05
real_portrait_portrait_036_IHJtKBe9xNs.jpg,false,,portrait,0.000533152895513922
real_portrait_portrait_049_-lb-Wob1TeQ.jpg,false,,portrait,2.818344728439115e-05
real_portrait_portrait_66_a_woman_holding_a_child_wrapped_in_a_towel_brushing_her_teet.jpg,false,,portrait,3.272787694186263e-07
real_portrait_portrait_54_the_young_boy_just_finished_eating_the_banana.jpg,false,,portrait,5.240356767899357e-05
real_portrait_portrait_60_there_are_people_playing_a_soccer_game_on_the_field.jpg,false,,portrait,0.00044909468851983547
real_portrait_portrait_166_w-pEeDGN1w0.jpg,false,,portrait,9.1226065705996e-06
real_portrait_portrait_123_o1iV6Di2FX0.jpg,false,,portrait,3.401553840376437e-05
real_portrait_portrait_162_1kJy_HK3eGI.jpg,false,,portrait,4.116569471079856e-05
real_portrait_portrait_108_xz-qq9KNgwk.jpg,false,,portrait,0.0015893037198111415
real_portrait_portrait_149_qj1vIzXOtYo.jpg,false,,portrait,6.425627816497581e-06
real_portrait_portrait_164_qk6CnpKNmVw.jpg,false,,portrait,5.138915730640292e-05
real_portrait_portrait_131_rcXU8Tezb_k.jpg,false,,portrait,1.0100992540174047e-06
real_portrait_portrait_053_oKA8kDSZpCc.jpg,false,,portrait,3.773747607738187e-07
real_portrait_portrait_066_bSNJ6R5Qrt4.jpg,false,,portrait,1.6138668570420123e-06
real_portrait_portrait_120_WSxluGgdlFQ.jpg,false,,portrait,1.6147304222613457e-06
real_portrait_portrait_169_-7JAEi4PhTU.jpg,false,,portrait,0.0005916666705161333
real_portrait_portrait_158_8kDx62gZRzk.jpg,false,,portrait,2.066531578748254e-06
real_portrait_portrait_052_FvrjfNKpITc.jpg,false,,portrait,3.25150836033572e-07
real_portrait_portrait_088_iMYRUK-oadw.jpg,false,,portrait,1.7919201127369888e-05
real_portrait_portrait_154_fXik2Do-bB4.jpg,false,,portrait,0.00010421135084470734
real_portrait_portrait_080_uOnxXwB3KNE.jpg,false,,portrait,1.58924849529285e-05
real_portrait_portrait_106_ZzNLsAPymuI.jpg,false,,portrait,0.00020974906510673463
real_portrait_portrait_111_tEQV_wnx3U8.jpg,false,,portrait,2.516443964850623e-05
real_product_product_161_paw_7bdZ8Xg.jpg,false,,product,0.0012751518515869975
real_product_product_118_0ON2rLuvo5c.jpg,false,,product,2.196385821662261e-06
real_product_product_035_s9TJ2ncyLcQ.jpg,false,,product,4.8344074457418174e-05
real_product_product_162_iCW61HY_vjg.jpg,false,,product,5.135848823556444e-06
real_product_product_039_AaRflAurGmg.jpg,false,,product,1.8779735910356976e-05
real_product_product_140_xRyL63AwZFE.jpg,false,,product,1.8017130059888586e-05
real_product_product_067_IWOOT4ChLjM.jpg,false,,product,0.0002082830760627985
real_product_product_066_-jXsYZeA7tQ.jpg,false,,product,0.00012196565512567759
real_product_product_70_a_young_woman_sitting_cross_legged_on_an_apartment_sofa.jpg,false,,product,5.611510914604878e-06
real_product_product_115_a0dGKKDQUQ8.jpg,false,,product,0.0004403387720230967
real_product_product_130_BDFWZ3fLxrg.jpg,false,,product,0.005245303735136986
real_product_product_094_oZzoDW61aoM.jpg,false,,product,0.017333412542939186
real_product_product_077_oyr64kMIz98.jpg,false,,product,8.474474452668801e-05
real_product_product_50_a_living_room_filled_with_furniture_and_decor.jpg,false,,product,5.469149186865252e-07
real_product_product_168_qsYM_gFgliw.jpg,false,,product,7.94446009422245e-07
real_product_product_125_Re8T5DwoMic.jpg,false,,product,9.550345566822216e-06
real_product_product_166_P_fMqU34A3I.jpg,false,,product,1.0332219062547665e-05
real_product_product_046_G59UIKfHz6o.jpg,false,,product,0.4590587317943573
real_product_product_139_5JuLcub3dYg.jpg,false,,product,2.557397419877816e-05
real_product_product_058_fX8leXj8Q4o.jpg,false,,product,4.644192449632101e-05
real_product_product_087__vAuxGCAfjQ.jpg,false,,product,1.7578437905285682e-07
real_product_product_078_1UFTd1eRamE.jpg,false,,product,1.813283688534284e-06
real_product_product_80_kitchen_area_with_counter_top_space_and_dining_room_table.jpg,false,,product,4.541254838841269e-07
real_product_product_81_a_pizza_sitting_on_top_of_a_plate_next_to_a_foil_bag_of_food.jpg,false,,product,1.9297281994568038e-07
real_product_product_60_three_laptop_computers_and_a_desktop_computer_sit_next_to_ea.jpg,false,,product,1.0916334503008329e-07
real_product_product_042_NydHbLFLoS8.jpg,false,,product,7.5270563684171066e-06
real_product_product_050_udHDq62Dgpc.jpg,false,,product,5.675151260220446e-05
real_product_product_145_F7FhTijeOG8.jpg,false,,product,3.748811286641285e-05
real_product_product_137_OmfMncXSshw.jpg,false,,product,0.00042466085869818926
real_product_product_041_iW1l64BMMR0.jpg,false,,product,5.533603598451009e-06
real_product_product_103_i4Tv0A_n4EQ.jpg,false,,product,6.24045860604383e-05
real_product_product_073_m3MWJTeKGBg.jpg,false,,product,0.0011107223108410835
real_product_product_036_ww2S2eKgbKE.jpg,false,,product,0.5876942873001099
real_product_product_111_utu66oQU6vI.jpg,false,,product,1.9281407730886713e-05
real_product_product_68_a_woman_holding_a_cigarette_smiling_at_the_camera_on_a_sunny.jpg,false,,product,1.0840989261851064e-06
real_product_product_045_00y8k1-0DlA.jpg,false,,product,0.005192618817090988
real_product_product_63_a_picture_of_a_cluttered_home_office_desk.jpg,false,,product,1.6858457740909216e-07
real_product_product_54_young_children_sharing_a_laptop_in_a_messy_room_with_several.jpg,false,,product,7.756344899689793e-08
real_product_product_079_8LotN6HsaT4.jpg,false,,product,0.0218362957239151
real_product_product_095_UaaqY7j09B8.jpg,false,,product,1.2225732461956795e-06
real_product_product_71_the_child_smiles_brightly_while_being_handed_a_pink_umbrella.jpg,false,,product,2.251082833026885e-06
real_product_product_101_G6ntxf-QoSI.jpg,false,,product,4.441212513484061e-05
real_product_product_66_a_woman_holding_up_a_large_carrot_in_a_backyard.jpg,false,,product,3.805028882197803e-06
real_product_product_099_s_IHISlORGo.jpg,false,,product,1.2566066516228602e-06
real_product_product_069_3dVjKoVYgD0.jpg,false,,product,1.7792448261388927e-06
real_product_product_061_nRVn-_k1uMI.jpg,false,,product,1.1838934597108164e-06
real_product_product_64_a_cat_lying_down_in_a_sink_in_a_bathroom.jpg,false,,product,2.6150064513785765e-07
real_product_product_049_9ouht2FSTDU.jpg,false,,product,0.3519584536552429
real_product_product_104_CoNkFbYZzBI.jpg,false,,product,2.962327698696754e-06
real_product_product_144_TE4vKu9w5lI.jpg,false,,product,6.722203806930338e-07
real_product_product_076_MhPJdWYWbWI.jpg,false,,product,5.721140496461885e-06
real_product_product_77_a_motorized_cart_fills_a_train_with_luggage.jpg,false,,product,2.4405876501987223e-06
real_product_product_106_kF8pH4lMkyc.jpg,false,,product,9.20560269150883e-05
real_product_product_068_fUd_0iyYFVg.jpg,false,,product,5.1065549087070394e-06
real_product_product_73_a_laptop_in_a_bright_yellow_coffee_house.jpg,false,,product,1.0922393812506925e-05
real_product_product_127_EIH4dHgb6Tg.jpg,false,,product,9.966213838197291e-05
real_product_product_149_KBqiQ6coMcI.jpg,false,,product,1.049470824909804e-06
real_product_product_72_a_group_of_people_are_reading_a_menu_at_the_table.jpg,false,,product,8.422904102189932e-06
real_product_product_085_Si69OZ_9tg0.jpg,false,,product,1.4416918929782696e-06
real_product_product_083_OAlYImdG1IQ.jpg,false,,product,2.7453725124360062e-05
real_product_product_141_92bRtruSyPU.jpg,false,,product,3.7208649246167624e-06
real_product_product_117_vnCxhLnaxS8.jpg,false,,product,4.486518446356058e-05
real_product_product_105_skF1azpN4rk.jpg,false,,product,1.3856697478331625e-06
real_product_product_072_9rWHrdJfZBw.jpg,false,,product,2.7489131753100082e-06
real_product_product_132_aJm2XW384QA.jpg,false,,product,6.404663145076483e-05
real_product_product_057_AZiyMfuAum4.jpg,false,,product,5.363026139093563e-05
real_product_product_097_g1MocwsEZhI.jpg,false,,product,6.757336450391449e-07
real_product_product_74_two_computers_sitting_on_top_of_a_desk.jpg,false,,product,9.886862244457006e-06
real_product_product_043_B8_YF4fjPwo.jpg,false,,product,1.3280907296575606e-05
real_product_product_047_BXlSfmhVEzE.jpg,false,,product,0.0001848395331762731
real_product_product_062_4Q4LpNP-UAs.jpg,false,,product,9.321675315732136e-05
real_product_product_69_a_desk_with_a_cup_plate_laptop_monitor_and_keyboard.jpg,false,,product,2.5524718694214243e-07
real_product_product_133_5GibcyAX20Q.jpg,false,,product,0.00035759410820901394
real_product_product_170_z14hF-2ssM0.jpg,false,,product,6.558581844728906e-06
real_product_product_120_63EhFafADqI.jpg,false,,product,0.0721110925078392
real_product_product_086_vWR6FDWA5hk.jpg,false,,product,0.0005293851136229932
real_product_product_100_Pledx042HMI.jpg,false,,product,0.8031437993049622
real_product_product_053_AxdlcxaModc.jpg,false,,product,0.00030336648342199624
real_product_product_110_9yY6qj6N4Ek.jpg,false,,product,7.084856861183653e-07
real_product_product_138_gR8QukPoAvQ.jpg,false,,product,3.187556103512179e-06
real_product_product_090_xepikEyPgmI.jpg,false,,product,6.614783342229202e-05
real_product_product_165_b2_pVdk4lGI.jpg,false,,product,9.398645488545299e-07
real_product_product_136_TH4Ug5gGgD8.jpg,false,,product,4.140664486840251e-07
real_product_product_096_1CQjStL89kQ.jpg,false,,product,0.007682044059038162
real_product_product_52_a_room_with_a_desktop_computer_and_a_picture_of_a_mummy.jpg,false,,product,1.0590427734769037e-07
real_product_product_044_P3BwhD8sa6M.jpg,false,,product,3.396458487259224e-05
real_product_product_084__pA5RUGRPvg.jpg,false,,product,0.0001443074579583481
real_product_product_153_CjcqO587KRI.jpg,false,,product,6.636771286139265e-05
real_product_product_071_XYq2hcSmakA.jpg,false,,product,1.0286169072060147e-06
real_product_product_129_bQjEEII7G5E.jpg,false,,product,4.164965616837435e-07
real_product_product_164_pNRLVLA1gNU.jpg,false,,product,0.0021643468644469976
real_product_product_67_a_floor_filled_with_the_contents_of_a_womans_bag.jpg,false,,product,3.021815473402967e-07
real_product_product_158_Ow4X45p6mIw.jpg,false,,product,0.008541972376406193
real_product_product_123_T4xh5oV8LuY.jpg,false,,product,1.0913345249718986e-05
real_product_product_147_Dx47EsVBnEo.jpg,false,,product,7.73688152548857e-05
real_product_product_148_UlNDzqInCXk.jpg,false,,product,2.3812794097466394e-05
real_product_product_064_A_fBQe39A4k.jpg,false,,product,0.0002001231478061527
real_product_product_169_en-RjVJurms.jpg,false,,product,0.053021661937236786
real_product_product_088_XLnkWVCPuoU.jpg,false,,product,0.00011240074672969058
real_product_product_61_a_marine_that_is_looking_at_his_cell_phone.jpg,false,,product,5.4469305723614525e-06
real_product_product_109_UuAs_sR4frs.jpg,false,,product,0.3148616850376129
real_product_product_056_ZQm_wg8jxhI.jpg,false,,product,1.7175588027384947e-06
real_product_product_052_Lwqv4tEIKOU.jpg,false,,product,1.7136190990640898e-06
real_product_product_093_MzFclBeMwSo.jpg,false,,product,2.4288597160193603e-06
real_product_product_082_gRPFfk_c0HE.jpg,false,,product,0.0008047478622756898
real_product_product_055_PMhYnFuj1ls.jpg,false,,product,5.516821147466544e-06
real_product_product_152_eORbhX0F4_4.jpg,false,,product,1.2349900089247967e-06
real_product_product_160_iwwMFnt1GTc.jpg,false,,product,0.0001816682197386399
real_product_product_75_a_computer_mouse_is_beside_a_notebook_computer.jpg,false,,product,1.053830160913094e-07
real_product_product_122_TVWBH7UHQ7Y.jpg,false,,product,1.56601017806679e-05
real_product_product_070_LDlC-35X2uU.jpg,false,,product,1.2934665392094757e-05
real_product_product_051_MdZFPwlWMYs.jpg,false,,product,1.959269866347313e-06
real_product_product_060_RAmpnn20rmY.jpg,false,,product,8.396646080655046e-06
real_product_product_143_kVuPfz-3HKw.jpg,false,,product,1.2663379038713174e-06
real_product_product_034_VlgzxZZKQOQ.jpg,false,,product,1.1156578693771735e-05
real_product_product_128_wk8ilTaXqw4.jpg,false,,product,0.005247408989816904
real_product_product_82_a_crowd_of_people_with_umbrellas_on_a_street.jpg,false,,product,0.0030783331021666527
real_product_product_119_0QP-0DUaCo4.jpg,false,,product,1.4337819038701127e-06
real_product_product_159_AWWUNRA1KFw.jpg,false,,product,0.002663571387529373
real_product_product_57_a_big_fancy_glass_chandelier_hanging_in_a_small_kitchen.jpg,false,,product,3.7993718251527753e-06
real_product_product_124_yb3hsmz4utg.jpg,false,,product,7.988305151229724e-05
real_product_product_78_a_woman_with_suitcases_waiting_for_a_train.jpg,false,,product,1.73316763607545e-07
real_product_product_155_fSoJ_Kj59zs.jpg,false,,product,4.416821411723504e-06
real_product_product_156_qiMmrWdYZfg.jpg,false,,product,1.2868050589531776e-06
real_product_product_121_mFFATULxMBU.jpg,false,,product,4.102548246009974e-06
real_product_product_134_n1bbNrNSJH8.jpg,false,,product,2.1234845917206258e-05
real_product_product_074_y26NHYSTZRk.jpg,false,,product,3.7690576846216572e-06
real_product_product_135_YZIdz19jhqs.jpg,false,,product,3.6642089185079385e-07
real_product_product_58_a_beautiful_woman_taking_a_picture_with_her_smart_phone.jpg,false,,product,4.6047966861806344e-07
real_product_product_51_a_group_of_people_walking_across_a_busy_city_street.jpg,false,,product,1.7955798057300854e-06
real_product_product_098_pkfwwofpNUw.jpg,false,,product,0.3591940104961395
real_product_product_081_e6z6DVc_JqQ.jpg,false,,product,2.2067191821406595e-05
real_product_product_76_a_man_in_a_gray_shirt_holds_his_phone_as_he_sits_by_a_man_in.jpg,false,,product,9.349550822435049e-08
real_product_product_037_sxh5dE2bD50.jpg,false,,product,1.598987182660494e-05
real_product_product_091_kcy3tHgHpcs.jpg,false,,product,0.0006545699434354901
real_product_product_048__CSr-_ZICSY.jpg,false,,product,2.7182217309018597e-05
real_product_product_167_xWeSCy5BdfI.jpg,false,,product,2.371459959249478e-05
real_product_product_107_xVptEZzgVfo.jpg,false,,product,0.0034575345925986767
real_product_product_151_ICAxsNRt_WM.jpg,false,,product,0.007982317358255386
real_product_product_038_3Cgmcux-cpY.jpg,false,,product,3.272055892011849e-06
real_product_product_56_two_computer_monitors_are_turned_on_on_a_computer_desk.jpg,false,,product,2.710572744035744e-07
real_product_product_054_eAaoUuAMb7M.jpg,false,,product,0.006005972623825073
real_product_product_163_r1BS0pzlr1M.jpg,false,,product,1.1700342838594224e-05
real_product_product_108_5GKdpmo0wI8.jpg,false,,product,4.647113200917374e-06
real_product_product_112_aokIiOCtnXk.jpg,false,,product,1.3308203961059917e-05
real_product_product_62_a_few_different_computers_are_placed_on_the_desk.jpg,false,,product,4.409883729294961e-07
real_product_product_102_kjfdacDML9M.jpg,false,,product,5.392312800722721e-07
real_product_product_150_kFDyajOyqTA.jpg,false,,product,2.4953567844931968e-05
real_product_product_59_a_refrigerator_next_to_a_red_wall_in_the_kitchen.jpg,false,,product,4.867174538958352e-07
real_product_product_059_Lcqz6UUKXRU.jpg,false,,product,1.8033924789051525e-05
real_product_product_089_IYvYz0j7zpA.jpg,false,,product,1.919250462378841e-05
real_product_product_092_7QyUPe30vqU.jpg,false,,product,2.466748583174194e-06
real_product_product_116_xUpbmUINv9o.jpg,false,,product,1.5307950889109634e-05
real_product_product_142_oNte8riFdX0.jpg,false,,product,1.864481055235956e-05
real_product_product_146_wW1raPiIJIU.jpg,false,,product,1.2511165550677106e-05
real_product_product_79_a_group_of_commuters_standing_around_a_train_station.jpg,false,,product,0.00011896299110958353
real_product_product_126_MHBJeSSQfx8.jpg,false,,product,1.2131307585150353e-06
real_product_product_065_Yu-xv5OzGgo.jpg,false,,product,1.5205822592179175e-06
real_product_product_113_pOCcShZwNcs.jpg,false,,product,0.0013398826122283936
real_product_product_075_MUv_7l-GRKU.jpg,false,,product,1.7850448784884065e-05
real_product_product_55_there_is_a_lap_top_computer_on_the_desk.jpg,false,,product,6.071627467463259e-08
real_product_product_157_fVIiTknYim8.jpg,false,,product,0.00021352688781917095
real_product_product_65_people_laying_in_chairs_walking_and_playing_in_the_water_on.jpg,false,,product,1.089788170816064e-07
real_product_product_154_nwhqGZ5DcOY.jpg,false,,product,1.0431702321511693e-05
real_product_product_080_QESicPqs_XE.jpg,false,,product,6.140610639704391e-05
real_product_product_063_cD_obz7W774.jpg,false,,product,0.0025000490713864565
real_product_product_53_a_woman_walking_next_to_a_man_riding_a_pink_bike.jpg,false,,product,6.450092769227922e-05
real_product_product_131_F-e4-hd1-oA.jpg,false,,product,0.00043533413554541767
real_product_product_040_uWrLpDAT81g.jpg,false,,product,0.000575721263885498
real_product_product_114_vGhpfizChpY.jpg,false,,product,1.5493740647798404e-05
real_food_food_084_-BSvBlnCvUU.jpg,false,,food,1.3315960813997663e-06
real_food_food_58_man_cutting_a_cake_on_the_table_in_the_kitchen.jpg,false,,food,7.017030156930559e-07
real_food_food_035_91czTE5wmCg.jpg,false,,food,0.00018862994329538196
real_food_food_039_pGCwAAk04BU.jpg,false,,food,6.986703374423087e-05
real_food_food_157_-dm8WfhnQU4.jpg,false,,food,0.00012266392877791077
real_food_food_141_MUdGuohE-Mk.jpg,false,,food,0.0024121832102537155
real_food_food_159_K3q1KVUeGQY.jpg,false,,food,0.0011563600273802876
real_food_food_117_dv5SSMfXbs4.jpg,false,,food,3.95117822336033e-05
real_food_food_131_l8Y9fVgxrEE.jpg,false,,food,1.8053085568681126e-06
real_food_food_170_rDLBArZUl1c.jpg,false,,food,9.941622920450754e-07
real_food_food_123_49EKj06dQCc.jpg,false,,food,7.1909303187567275e-06
real_food_food_155_h5yMpgOI5nI.jpg,false,,food,3.106332223978825e-05
real_food_food_165_9PDBbyJc2eE.jpg,false,,food,3.293020654382417e-06
real_food_food_063_bgHJL294VVY.jpg,false,,food,6.259098427108256e-06
real_food_food_118_xXIRSZmzvU8.jpg,false,,food,3.371931825313368e-06
real_food_food_037_dQIcaRtNZtQ.jpg,false,,food,1.4830487998551689e-05
real_food_food_110_o8PCoxDO8PQ.jpg,false,,food,6.882421439513564e-05
real_food_food_59_a_white_plate_with_some_food_and_two_trays_of_sauce.jpg,false,,food,3.1997665246308316e-06
real_food_food_81_a_table_topped_with_plates_bowls_and_containers_of_food.jpg,false,,food,4.527077635430032e-06
real_food_food_056_qw6_11-Ob48.jpg,false,,food,1.0392905096523464e-05
real_food_food_169_T5Pm7ZId3sc.jpg,false,,food,0.0008017008076421916
real_food_food_048_BxY-nv-RBsA.jpg,false,,food,2.4725453840801492e-05
real_food_food_036_HkaSi5Fvc0s.jpg,false,,food,1.306616695728735e-06
real_food_food_077_LOdAL10JejI.jpg,false,,food,9.393748769070953e-05
real_food_food_069_av5GTf-KxcI.jpg,false,,food,1.0842210258488194e-06
real_food_food_152_gDwonOrdh0Q.jpg,false,,food,6.6742836679623e-06
real_food_food_68_a_bunch_of_oranges_are_sitting_in_a_clear_fruit_bowl.jpg,false,,food,0.12678475677967072
real_food_food_167_3Vr4qQvQn34.jpg,false,,food,0.0002180105948355049
real_food_food_163_vExD0Y0Aei0.jpg,false,,food,1.9487302779452875e-05
real_food_food_151_FyDHcvRi3QI.jpg,false,,food,2.881858108594315e-06
real_food_food_135_jdcifvdsJZg.jpg,false,,food,5.2744453569175676e-06
real_food_food_57_the_meal_of_fish_has_a_side_of_broccoli.jpg,false,,food,6.025876245985273e-06
real_food_food_164_1Uqr_jqi3c4.jpg,false,,food,1.776052386048832e-06
real_food_food_072_t1_BuMsRRsI.jpg,false,,food,3.308932434720191e-07
real_food_food_096_JVd2FchPjCg.jpg,false,,food,8.813630074655521e-07
real_food_food_114_ozVQrfENFOs.jpg,false,,food,0.0011847906280308962
real_food_food_78_three_round_plates_filled_with_artistically_presented_food.jpg,false,,food,1.9921638738651382e-07
real_food_food_051_GCEK8Jo_vGM.jpg,false,,food,4.7952453314792365e-06
real_food_food_130_QYU_U2wXxig.jpg,false,,food,2.0919303551636403e-06
real_food_food_089_sp2lfKOUzAM.jpg,false,,food,0.41954106092453003
real_food_food_52_a_kitchen_that_has_a_table_and_a_chair.jpg,false,,food,5.716155556001468e-06
real_food_food_149_G8qVZEiyCJU.jpg,false,,food,6.421535999834305e-06
real_food_food_078_tz0moLxAMCc.jpg,false,,food,3.807471671279927e-07
real_food_food_080_zyLgpFi4Tvg.jpg,false,,food,1.4614612382501946e-06
real_food_food_068_aFa_Fu12bj8.jpg,false,,food,0.1629244089126587
real_food_food_050_M5kI-5OFviE.jpg,false,,food,3.39625898959639e-06
real_food_food_034_dY7ONzZzoU8.jpg,false,,food,1.6630205834644585e-07
real_food_food_143_1fxcQYy5OXc.jpg,false,,food,1.6337393162757508e-06
real_food_food_148_6dC5tYPiD2s.jpg,false,,food,4.049489632507175e-07
real_food_food_64_a_kitchen_with_a_bright_window_and_house_plants.jpg,false,,food,2.186065870546372e-07
real_food_food_046_YQPTf86GvpM.jpg,false,,food,0.009698868729174137
real_food_food_052_n5Wvn6wU1Xw.jpg,false,,food,2.3024151118988812e-07
real_food_food_80_a_lot_of_food_that_are_in_some_baskets.jpg,false,,food,8.489495826324855e-07
real_food_food_124_hhZDn50B17c.jpg,false,,food,1.9156648704665713e-05
real_food_food_139_8v38azmFYr8.jpg,false,,food,0.0002806724514812231
real_food_food_094_9oUL0x_puck.jpg,false,,food,2.739447495514469e-07
real_food_food_075_SidputyP-eE.jpg,false,,food,4.956197153660469e-05
real_food_food_053_rf0XgpH-2ao.jpg,false,,food,1.050571972882608e-05
real_food_food_67_a_person_adjusting_a_metal_object_hanging_from_a_ceiling.jpg,false,,food,1.8030014814485185e-07
real_food_food_53_a_group_of_people_sitting_around_a_table_filled_with_food.jpg,false,,food,4.77072774174303e-07
real_food_food_104_0byawXfQl5c.jpg,false,,food,4.402506419864949e-06
real_food_food_125_NNddPCQDhyw.jpg,false,,food,6.24570611762465e-06
real_food_food_128_GVxJRsudSIU.jpg,false,,food,0.0005580848082900047
real_food_food_079_POg3Z47YPkM.jpg,false,,food,8.49947173264809e-06
real_food_food_72_a_newly_married_couple_sharing_a_piece_of_there_wedding_cake.jpg,false,,food,3.2583125175733585e-07
real_food_food_055_dSZQC7vVf5M.jpg,false,,food,1.9977453575847903e-06
real_food_food_54_two_birds_preparing_to_eat_food_off_of_a_plate_that_was_left.jpg,false,,food,0.0004972203751094639
real_food_food_138_E1ZwXiBD7LA.jpg,false,,food,2.5411829938093433e-06
real_food_food_147_cRPz6-ryzSg.jpg,false,,food,2.429164851491805e-07
real_food_food_054_mV4oTSZR4eA.jpg,false,,food,7.457294123014435e-05
real_food_food_62_a_man_that_is_sitting_down_on_a_bench_in_front_of_a_table.jpg,false,,food,2.1886044976326957e-07
real_food_food_61_food_on_a_train_with_a_pie_and_some_vegetable.jpg,false,,food,1.2721402526949532e-05
real_food_food_50_bride_and_grooms_arms_cutting_the_wedding_cake_with_fruit_on.jpg,false,,food,1.8903116938417952e-07
real_food_food_56_a_breakfast_plate_with_toast_vegetables_eggs_and_meat.jpg,false,,food,1.3160749858798226e-06
real_food_food_038_eD3gkNVlm94.jpg,false,,food,9.163746312879084e-07
real_food_food_132_ONeUTPIkoEs.jpg,false,,food,2.6052862267533783e-06
real_food_food_093_7DpEKohpOhQ.jpg,false,,food,7.027102401480079e-05
real_food_food_137_AELjKcCaNSk.jpg,false,,food,1.9091827141437534e-07
real_food_food_070_4l5BlL6OX7A.jpg,false,,food,0.6038968563079834
real_food_food_090_YwH212PJk0Q.jpg,false,,food,2.6635964331944706e-06
real_food_food_121_xd0g61tGBgc.jpg,false,,food,1.6818728454381926e-06
real_food_food_133_PMOAfRP_kLI.jpg,false,,food,3.4155855246353894e-06
real_food_food_150_tIvWsbppj5k.jpg,false,,food,2.5873839604173554e-06
real_food_food_059_ELISIYFi-ws.jpg,false,,food,4.5602246245834976e-07
real_food_food_140_PBXZSIQ0XTg.jpg,false,,food,5.808413447994099e-07
real_food_food_75_a_group_of_people_that_are_standing_in_front_of_a_island.jpg,false,,food,0.11134819686412811
real_food_food_062_JZ5WREw9664.jpg,false,,food,6.49671201244928e-05
real_food_food_098__WuZ9cOPc6M.jpg,false,,food,1.5322552826546598e-07
real_food_food_044_s-4i34Z07To.jpg,false,,food,1.2715380535155418e-06
real_food_food_064_cuaxqIA_pk0.jpg,false,,food,7.540064643762889e-07
real_food_food_074_v9MpHbQimqY.jpg,false,,food,8.15327002783306e-05
real_food_food_156_XU1-sAMZFqc.jpg,false,,food,1.5079496733960696e-05
real_food_food_120_raakZHcgWWw.jpg,false,,food,0.016626941040158272
real_food_food_060_dUeD4im5YSQ.jpg,false,,food,3.1561750802211463e-05
real_food_food_145_aw47u5DHXEg.jpg,false,,food,0.0001700553548289463
real_food_food_058_ue4AfKGEQoA.jpg,false,,food,6.872984954497952e-07
real_food_food_127_OKT6Ce9fwqI.jpg,false,,food,2.5287852622568607e-05
real_food_food_067_3OSiYv09hhs.jpg,false,,food,0.009025020524859428
real_food_food_168_sFPxZsn8cwU.jpg,false,,food,1.4393440324056428e-06
real_food_food_091_nrfSpR3_4yE.jpg,false,,food,4.921237177768489e-07
real_food_food_144_YvEGiuPZ0Sg.jpg,false,,food,0.002980199409648776
real_food_food_107_f87RdAQSoJk.jpg,false,,food,8.498065540152311e-07
real_food_food_126_AgWVcQz1bOA.jpg,false,,food,1.157637143478496e-06
real_food_food_158_j1KUsXahuXk.jpg,false,,food,2.2313399767881492e-06
real_food_food_049_BPsqF6C_Ou8.jpg,false,,food,0.00010537861089687794
real_food_food_042_pyFWN-TrXvk.jpg,false,,food,7.44279941500281e-06
real_food_food_111_GlWOWrJXk5s.jpg,false,,food,1.357936707790941e-05
real_food_food_71_belgium_waffle_loaded_with_bananas_topped_with_powdered_suga.jpg,false,,food,1.1855577213282231e-06
real_food_food_092_69P8Y4ErG0Y.jpg,false,,food,0.004390914458781481
real_food_food_73_a_plate_with_bacon_eggs_and_hamburger_topped_with_bananas.jpg,false,,food,1.1289488384136348e-06
real_food_food_076_IrM6Fvhmc9k.jpg,false,,food,2.4972875962703256e-06
real_food_food_136_ZHW1qo-VRXM.jpg,false,,food,1.993329988181358e-06
real_food_food_083_HgoEnDWOGrA.jpg,false,,food,0.005411486141383648
real_food_food_109_HbQj2RAanTs.jpg,false,,food,2.6490743039175868e-05
real_food_food_043_siHk8IfK_Ec.jpg,false,,food,0.0005243151681497693
real_food_food_113_n2sQQ6XjqfE.jpg,false,,food,0.45463550090789795
real_food_food_82_a_kitchen_with_a_center_white_island_topped_with_a_bowl_of_g.jpg,false,,food,1.6832449034609454e-07
real_food_food_51_a_bowl_of_some_broccoli_that_is_chopped.jpg,false,,food,1.9422659534029663e-06
real_food_food_154_VpjPHuFAI-4.jpg,false,,food,1.8761513274512254e-05
real_food_food_162_f4GdYFpUyH8.jpg,false,,food,8.626607268524822e-07
real_food_food_045_iRVq6avVGDE.jpg,false,,food,0.00020213774405419827
real_food_food_129_3P0BmvFk5rg.jpg,false,,food,1.969587373196191e-07
real_food_food_74_a_sandwich_with_nachos_and_a_salad_on_a_plate.jpg,false,,food,7.914800903563446e-07
real_food_food_071_9cH-uVU__0c.jpg,false,,food,1.4836309674137738e-06
real_food_food_79_a_tray_of_various_foods_next_to_drinks_on_a_table.jpg,false,,food,2.0344745621514448e-07
real_food_food_115_YjJFJDai9zg.jpg,false,,food,5.444049020297825e-05
real_food_food_100_OSwea3yxjT0.jpg,false,,food,6.745007681274728e-07
real_food_food_088_QPKJZvqMaDs.jpg,false,,food,1.8273856767336838e-05
real_food_food_040_a7nzCe8FlT4.jpg,false,,food,6.22556626694859e-07
real_food_food_108_ixC7gmLcKaQ.jpg,false,,food,0.9604824781417847
real_food_food_63_a_man_preparing_food_in_a_restaurant_kitchen.jpg,false,,food,3.76247101030458e-07
real_food_food_066_s0oNVwpU9NE.jpg,false,,food,1.3201781257521361e-05
real_food_food_134_T-tgZmKFRZU.jpg,false,,food,2.57368424172455e-06
real_food_food_161_AX8z0xXzrUo.jpg,false,,food,0.0004455143352970481
real_food_food_69_a_scene_of_an_apartment_with_a_dining_table_and_a_couple_of.jpg,false,,food,2.1004198060836643e-05
real_food_food_073_kswmO8BRzQQ.jpg,false,,food,1.2768988199240994e-05
real_food_food_66_a_plate_of_bananas_and_sliced_oranges_covered_in_butterflies.jpg,false,,food,1.2207604413561057e-05
real_food_food_102_DuObvMLmc8M.jpg,false,,food,1.8740664700089837e-06
real_food_food_097_jT86IpheR2w.jpg,false,,food,0.0002904182474594563
real_food_food_103_Fff5ve-rGVA.jpg,false,,food,0.003472316777333617
real_food_food_081_lgvvFFplBHw.jpg,false,,food,2.3915001747809583e-06
real_food_food_041_qDdv33C-BSw.jpg,false,,food,1.2812010027118959e-05
real_food_food_085_WT_nZUfAmBc.jpg,false,,food,6.320328338915715e-06
real_food_food_047_qpZlQ8IIghI.jpg,false,,food,0.01341914851218462
real_food_food_160_uRqMI5Nw4Yc.jpg,false,,food,0.0003054473199881613
real_food_food_065_Q5QspluNZmM.jpg,false,,food,1.9355173208168708e-05
real_food_food_119_47urRDhCphA.jpg,false,,food,5.620168667519465e-05
real_food_food_095_WY_EKY3taJE.jpg,false,,food,1.333518866886152e-06
real_food_food_087_oYllk_NdgA0.jpg,false,,food,0.00019172266183886677
real_food_food_061_DCZGNIZjz_Q.jpg,false,,food,0.0015084013575688004
real_food_food_65_a_small_bowl_of_fruit_on_a_table.jpg,false,,food,0.00014272048429120332
real_food_food_76_three_bowls_filled_with_vegetables_on_top_of_a_table.jpg,false,,food,3.714631873208418e-07
real_food_food_146_fv7ttjeTgyM.jpg,false,,food,2.7668329494190402e-05
real_food_food_70_a_sandwich_sitting_on_top_of_a_pile_of_fries.jpg,false,,food,1.802197004963091e-07
real_food_food_099_gyaPIZZjV_A.jpg,false,,food,1.601864096301142e-05
real_food_food_057_v8-cAH5cmTU.jpg,false,,food,1.29724430735223e-05
real_food_food_77_a_bowl_that_has_soup_and_a_spoon_in_it.jpg,false,,food,0.03241873160004616
real_food_food_166_lZ98dwbkTws.jpg,false,,food,3.072367690037936e-06
real_food_food_082_w-LpijUp8yw.jpg,false,,food,2.4164321530406596e-06
real_food_food_101_OZhdQm_OjX4.jpg,false,,food,7.495349336750223e-07
real_food_food_153_Rh8vxWHc5DA.jpg,false,,food,0.0002854662307072431
real_food_food_112_T8I3UuK-QXY.jpg,false,,food,2.8979836770304246e-06
real_food_food_106_0b4sfNTqBLU.jpg,false,,food,0.0005515557713806629
real_food_food_105_jCTo3MAtzjA.jpg,false,,food,5.685991254722467e-06
real_food_food_122_4Y_bVu4j0cA.jpg,false,,food,4.859211003349628e-06
real_food_food_142_YY5uHzZV6Wo.jpg,false,,food,2.52309073403012e-05
real_food_food_086_lz8rih2cNJQ.jpg,false,,food,4.521658411249518e-06
real_food_food_55_a_beautiful_dessert_waiting_to_be_shared_by_two_people.jpg,false,,food,1.147415886748604e-07
real_food_food_116_dpQqhZRyF7w.jpg,false,,food,0.00013511253928299993
real_food_food_60_two_computers_sitting_on_top_of_a_desk.jpg,false,,food,9.886862244457006e-06
real_animal_animal_141_L79Jcm80Y3U.jpg,false,,animal,1.9446608348516747e-05
real_animal_animal_050_CBK17BPteJE.jpg,false,,animal,1.6380203305743635e-05
real_animal_animal_044_7pMTQP_kIhg.jpg,false,,animal,1.3997017731526284e-06
real_animal_animal_132_J4DL0onKVng.jpg,false,,animal,0.00044444153900258243
real_animal_animal_50_a_calico_cat_drinking_from_a_sink_faucet.jpg,false,,animal,4.068348573582625e-07
real_animal_animal_142_ScLYGfuCqQg.jpg,false,,animal,5.0608367018867284e-05
real_animal_animal_061_KKK-mavLRIY.jpg,false,,animal,0.00164422404486686
real_animal_animal_131_NoNqa205O40.jpg,false,,animal,9.289233275922015e-05
real_animal_animal_163_ujOHucbnC94.jpg,false,,animal,8.694687858223915e-05
real_animal_animal_058_UsDyOmKQjzo.jpg,false,,animal,0.004136348143219948
real_animal_animal_118_O-dnv951XTY.jpg,false,,animal,9.762251465872396e-06
real_animal_animal_124_idMSI66-1NQ.jpg,false,,animal,1.102657961382647e-06
real_animal_animal_69_a_couple_of_people_that_are_biking_down_a_road.jpg,false,,animal,8.422831888310611e-05
real_animal_animal_089_4KV3SKyHNjE.jpg,false,,animal,7.220885436254321e-06
real_animal_animal_61_a_dog_laying_down_licking_food_off_of_a_plate.jpg,false,,animal,2.9734171675954713e-06
real_animal_animal_140_bj7ALDr6E-o.jpg,false,,animal,1.6018351743696257e-05
real_animal_animal_097_sCgBFOArERk.jpg,false,,animal,0.00018306296260561794
real_animal_animal_054_Qv8NgYRjSn4.jpg,false,,animal,0.0028509192634373903
real_animal_animal_082_hvkcofV0bvw.jpg,false,,animal,3.5197754186810926e-06
real_animal_animal_107_4rezxlfTrGA.jpg,false,,animal,3.4788024549925467e-06
real_animal_animal_126_IOvOeZRGanM.jpg,false,,animal,3.163011569995433e-05
real_animal_animal_127_4sMVrh8-S1g.jpg,false,,animal,0.028080936521291733
real_animal_animal_078_YzfCevgzsPI.jpg,false,,animal,1.4860466990285204e-06
real_animal_animal_062_J7X_npgVujU.jpg,false,,animal,3.5210446185374167e-06
real_animal_animal_53_bird_sits_atop_cattle_on_snow_covered_field.jpg,false,,animal,2.3952502488100436e-06
real_animal_animal_096_nvDnfWuSyD8.jpg,false,,animal,0.000131178559968248
real_animal_animal_048_YvYBOSiBJE8.jpg,false,,animal,1.0097901395056397e-06
real_animal_animal_038_CiacXjCwb3g.jpg,false,,animal,2.898395223382977e-06
real_animal_animal_103__GQCzeh1oWk.jpg,false,,animal,8.82427139003994e-06
real_animal_animal_115_qvkA4FMTNKo.jpg,false,,animal,0.00014994273078627884
real_animal_animal_150_eNi9DGpVYWk.jpg,false,,animal,2.926464503616444e-06
real_animal_animal_037_j3JAI9KXJ-c.jpg,false,,animal,2.39259236423095e-07
real_animal_animal_071_zjKxb4xhBXc.jpg,false,,animal,0.1366826891899109
real_animal_animal_064_uLMM6TyPfGw.jpg,false,,animal,0.000349332025507465
real_animal_animal_152_JkVNRBpFSK8.jpg,false,,animal,1.0355551012253272e-06
real_animal_animal_145_Qtg_270Aa_I.jpg,false,,animal,5.281693574943347e-06
real_animal_animal_060_lZts59erQVw.jpg,false,,animal,8.459731907350942e-05
real_animal_animal_114_J0-ZaraetTE.jpg,false,,animal,8.199240255635232e-05
real_animal_animal_79_a_herd_of_cattle_and_zebra_standing_next_to_each_other_on_a.jpg,false,,animal,6.362864723996609e-07
real_animal_animal_047_uHHA_YklxMc.jpg,false,,animal,6.768990715499967e-05
real_animal_animal_036_xlTolOtNLZM.jpg,false,,animal,9.535905701341107e-05
real_animal_animal_169_rxFkfMJL9tw.jpg,false,,animal,0.0018254512688145041
real_animal_animal_074_TfakEsc83HU.jpg,false,,animal,0.00017021142411977053
real_animal_animal_138_t5rBtxLiHj8.jpg,false,,animal,2.8620681405300274e-05
real_animal_animal_049_nwaiAiHAVEY.jpg,false,,animal,3.178526822011918e-05
real_animal_animal_043_Dv45FbzLiik.jpg,false,,animal,1.4942484995117411e-05
real_animal_animal_091_yRdK7ijQPNw.jpg,false,,animal,6.42348313704133e-05
real_animal_animal_053_CACQDEJknBs.jpg,false,,animal,1.1594730494834948e-05
real_animal_animal_170_P6s8EbcSgmA.jpg,false,,animal,0.00013623962877318263
real_animal_animal_166_jh6YaoB0TBw.jpg,false,,animal,5.16809341206681e-05
real_animal_animal_144_ihivSSUOpno.jpg,false,,animal,2.6829904527403414e-05
real_animal_animal_158_fkxUyu6F2L8.jpg,false,,animal,0.001996230101212859
real_animal_animal_046_88Kt5KHUe_8.jpg,false,,animal,3.525396823533811e-05
real_animal_animal_73_a_small_motor_bike_outside_of_the_garage.jpg,false,,animal,1.707314680743366e-07
real_animal_animal_108_JNHrBVfdT_A.jpg,false,,animal,0.0035256524570286274
real_animal_animal_151_8LPgWfHgcMg.jpg,false,,animal,4.181512849754654e-05
real_animal_animal_075_PA3F7YWHUPM.jpg,false,,animal,4.129278750042431e-06
real_animal_animal_041_-96qBKyFefQ.jpg,false,,animal,2.1938692952971905e-05
real_animal_animal_095_iuoIlOvTa6g.jpg,false,,animal,9.31057074922137e-05
real_animal_animal_139_i80SbIDgFf8.jpg,false,,animal,1.986096776818158e-06
real_animal_animal_092_mg-k04n58xY.jpg,false,,animal,0.00012013281957479194
real_animal_animal_068_ZBR7NAYRR4M.jpg,false,,animal,7.589304004795849e-06
real_animal_animal_083_2QHHOAPI--I.jpg,false,,animal,0.00026609882479533553
real_animal_animal_143_7xYdOPDfNcE.jpg,false,,animal,2.330959432583768e-05
real_animal_animal_094_bmwUCv0wMIU.jpg,false,,animal,0.00978644099086523
real_animal_animal_70_a_street_scene_with_a_person_on_a_motorcycle.jpg,false,,animal,9.745505167302326e-07
real_animal_animal_56_a_flock_of_goats_and_some_men_watching_them.jpg,false,,animal,0.00012006935867248103
real_animal_animal_123_o-c4UrB0WBA.jpg,false,,animal,1.9447757040325087e-06
real_animal_animal_066_rh7KA6jVJFM.jpg,false,,animal,1.776895805960521e-05
real_animal_animal_134_GVe30cQ8CWU.jpg,false,,animal,5.447293915494811e-06
real_animal_animal_160_A_unG6e0Cug.jpg,false,,animal,8.828740647004452e-06
real_animal_animal_070_iY8qBtToC0o.jpg,false,,animal,1.1565574823180214e-05
real_animal_animal_111_22_r4pgeL28.jpg,false,,animal,1.0357957762607839e-05
real_animal_animal_113_knB89oNur0A.jpg,false,,animal,0.00193978869356215
real_animal_animal_78_a_giraffe_standing_in_a_field_next_to_a_fence.jpg,false,,animal,7.484380603273166e-06
real_animal_animal_063_oajraKUY0uQ.jpg,false,,animal,8.416544915235136e-06
real_animal_animal_155_85YNg0KtSPw.jpg,false,,animal,1.059430815075757e-05
real_animal_animal_056_Nzzk-pOcqvA.jpg,false,,animal,6.9833226916671265e-06
real_animal_animal_161_f3Os5oCc874.jpg,false,,animal,0.00010300885332981125
real_animal_animal_067_KmmVj3LY4lA.jpg,false,,animal,3.1818190109333955e-06
real_animal_animal_60_a_grouping_of_zebras_in_a_pen_next_to_a_giraffe.jpg,false,,animal,2.421564886390115e-06
real_animal_animal_133_nzPivGosPIQ.jpg,false,,animal,1.1108060789410956e-05
real_animal_animal_122_t81H__wdxlc.jpg,false,,animal,3.681277348732692e-06
real_animal_animal_098_RMj_T-DMgDA.jpg,false,,animal,5.8514935517450795e-05
real_animal_animal_077_vVh9BUJIizQ.jpg,false,,animal,0.000342421029927209
real_animal_animal_087__qLFof8-Loo.jpg,false,,animal,6.493771707027918e-07
real_animal_animal_088_1tXeMpkssik.jpg,false,,animal,1.5625435025867773e-06
real_animal_animal_164_wAP_IBPhn-4.jpg,false,,animal,3.01669228974788e-06
real_animal_animal_76_a_dog_is_tied_to_a_fire_hydrant.jpg,false,,animal,1.4648080650658812e-05
real_animal_animal_080_49TMUrNQDQ0.jpg,false,,animal,0.0020771874114871025
real_animal_animal_75_a_family_of_giraffes_by_a_few_zebras_and_a_gazelle.jpg,false,,animal,7.839881618565414e-06
real_animal_animal_085_U9frYiUp1Qg.jpg,false,,animal,1.029652230499778e-05
real_animal_animal_100_PJTfOzSo8fQ.jpg,false,,animal,7.87228509580018e-06
real_animal_animal_51_a_bunch_of_sheep_in_the_snow_behind_a_barbed_wire_fence.jpg,false,,animal,1.8472919691703282e-06
real_animal_animal_072_eX45lve1DIo.jpg,false,,animal,1.0905820317930193e-06
real_animal_animal_105_DORi0W_afqk.jpg,false,,animal,5.939785978625878e-07
real_animal_animal_148_Xr4TYgSEXqQ.jpg,false,,animal,3.220584403607063e-05
real_animal_animal_65_a_cats_sits_on_the_table_with_a_dog_outside.jpg,false,,animal,1.968084688996896e-06
real_animal_animal_102_Cl8iDlk008c.jpg,false,,animal,4.866886911258916e-07
real_animal_animal_147_nlF8qaFWI0w.jpg,false,,animal,2.107534783135634e-05
real_animal_animal_63_rear_view_mirror_reflection_showing_a_dog_in_the_back_seat.jpg,false,,animal,2.21818982026889e-06
real_animal_animal_045_eo93HAoalwQ.jpg,false,,animal,0.018502509221434593
real_animal_animal_77_a_herd_of_sheep_standing_next_to_each_other_on_dirt_ground.jpg,false,,animal,6.422112164727878e-06
real_animal_animal_081_TNMOJYUteDU.jpg,false,,animal,2.159562791348435e-05
real_animal_animal_64_a_dog_following_a_man_on_his_horse_in_a_field.jpg,false,,animal,0.0009004861931316555
real_animal_animal_120_EdlNaRhg9ik.jpg,false,,animal,2.4210175979533233e-06
real_animal_animal_052_tmrQPLJpBrk.jpg,false,,animal,1.0492242836335208e-05
real_animal_animal_129_IwiaImVNcQU.jpg,false,,animal,1.9088261979050003e-05
real_animal_animal_042_1qT-zMTRFp0.jpg,false,,animal,0.007051341701298952
real_animal_animal_74_a_cat_standing_on_the_edge_of_a_sink_drink_water.jpg,false,,animal,6.899911113578128e-07
real_animal_animal_125_snhqHThkCRE.jpg,false,,animal,4.054372766404413e-06
real_animal_animal_153_FBOP5an6h74.jpg,false,,animal,1.4183083294483367e-05
real_animal_animal_66_a_bunch_of_sheep_make_their_way_through_the_crowded_city_str.jpg,false,,animal,1.56815190166526e-07
real_animal_animal_168_g9M46POadWU.jpg,false,,animal,0.0006505678757093847
real_animal_animal_101_iQC6u4ejuGE.jpg,false,,animal,1.003937632049201e-05
real_animal_animal_57_a_cat_walking_through_a_kitchen_by_a_eating_tray.jpg,false,,animal,9.620558216738573e-08
real_animal_animal_149_E12vXZq9AZA.jpg,false,,animal,5.090995273349108e-06
real_animal_animal_156_yiwB58St4bE.jpg,false,,animal,3.925453711417504e-06
real_animal_animal_093_mYxtYpSJvbw.jpg,false,,animal,0.002522404072806239
real_animal_animal_165_PChlguQgbCw.jpg,false,,animal,7.84293206379516e-07
real_animal_animal_62_a_cat_eating_a_bird_it_has_caught.jpg,false,,animal,8.571981879867963e-07
real_animal_animal_084_QRzQlECEbsk.jpg,false,,animal,0.00026197393890470266
real_animal_animal_109_P6InS7LxUS4.jpg,false,,animal,2.168448872907902e-06
real_animal_animal_121_ZOGamuDrPJw.jpg,false,,animal,4.773232649313286e-05
real_animal_animal_81_three_sheep_are_grazing_in_the_field_next_to_the_water.jpg,false,,animal,2.312379052682445e-07
real_animal_animal_157_VSVcEzWsqyc.jpg,false,,animal,0.001154061290435493
real_animal_animal_80_many_woolly_sheep_standing_together_in_the_field.jpg,false,,animal,6.919456154719228e-06
real_animal_animal_090_fRJGUAQ6uNg.jpg,false,,animal,1.3660643389812321e-06
real_animal_animal_110_HPHtMOJvHDM.jpg,false,,animal,0.000325940694892779
real_animal_animal_055_feos9QXjxJY.jpg,false,,animal,2.1609716895909514e-06
real_animal_animal_069_q0J6zQPO-zw.jpg,false,,animal,0.010589247569441795
real_animal_animal_58_two_men_herding_a_pack_of_elephants_across_a_field.jpg,false,,animal,3.3689932024572045e-05
real_animal_animal_104_1Ytzecs_XU4.jpg,false,,animal,8.616538252681494e-06
real_animal_animal_55_a_horse_in_a_pasture_of_tall_grass_observing_an_energetic_do.jpg,false,,animal,1.2351503073659842e-06
real_animal_animal_079_m_wgaQ-sQPQ.jpg,false,,animal,0.00027265792596153915
real_animal_animal_112_cPyHO3eDlsE.jpg,false,,animal,5.61783338071109e-07
real_animal_animal_034_-Ylz_tc8NOk.jpg,false,,animal,5.0820191972889006e-05
real_animal_animal_051_PpwK032gSao.jpg,false,,animal,0.00013196708459872752
real_animal_animal_099_m5Zy3Ulb3g0.jpg,false,,animal,9.544008207740262e-06
real_animal_animal_059_2_3g53wNQk8.jpg,false,,animal,1.9442563825577963e-06
real_animal_animal_039_i_Z1o10BPPk.jpg,false,,animal,1.8995257278220379e-06
real_animal_animal_136_fXqOgYJgNBk.jpg,false,,animal,0.00011574847303563729
real_animal_animal_59_a_dog_standing_on_the_back_of_a_brown_car.jpg,false,,animal,5.996159870846896e-07
real_animal_animal_119_70s5ZKzNkac.jpg,false,,animal,6.411414688045625e-06
real_animal_animal_52_a_cat_sitting_on_the_floor_watching_television.jpg,false,,animal,1.2003320648545923e-07
real_animal_animal_82_a_couple_of_cows_and_some_birds_flying_in_the_sky.jpg,false,,animal,1.5287801033991855e-06
real_animal_animal_154_IHHiw3VMZvc.jpg,false,,animal,1.4702417274747859e-06
real_animal_animal_035_vQvq16ZQM60.jpg,false,,animal,6.948572490728111e-07
real_animal_animal_54_a_man_riding_a_horse_drawn_carriage_on_a_race_track.jpg,false,,animal,9.965382332666195e-07
real_animal_animal_117_DmnOlnAWRdE.jpg,false,,animal,3.2958512292680098e-06
real_animal_animal_040_7jXA55Tl4xU.jpg,false,,animal,4.121247911825776e-05
real_animal_animal_68_a_cat_outside_looking_through_a_window.jpg,false,,animal,2.423600335532683e-06
real_animal_animal_159_gjDKWxrKrgk.jpg,false,,animal,0.0002856123901437968
real_animal_animal_076_JHxFiw603QA.jpg,false,,animal,3.3081196306739002e-06
real_animal_animal_162_vLCMWwg5TAs.jpg,false,,animal,0.00046461806050501764
real_animal_animal_128_dtYCvr0r_X4.jpg,false,,animal,9.038554367180041e-07
real_animal_animal_057_n4tWGvk_gWY.jpg,false,,animal,1.1969501656494685e-06
real_animal_animal_146_tvH8ECkyQKI.jpg,false,,animal,0.0001860587508417666
real_animal_animal_67_a_sheepdog_runs_around_a_herd_of_cows_in_a_fencedin_field.jpg,false,,animal,1.2462273843993898e-06
real_animal_animal_72_a_cat_sprawled_out_over_the_top_of_a_laptop_computer_keyboar.jpg,false,,animal,2.293904657335588e-07
real_animal_animal_167_u3XMyl-4OSY.jpg,false,,animal,0.00017736066365614533
real_animal_animal_106_ejAz1xfCyNM.jpg,false,,animal,0.00014168169582262635
real_animal_animal_086_YSoqrTfEWcI.jpg,false,,animal,2.7846419925481314e-06
real_animal_animal_116_dSAzIH5UtOI.jpg,false,,animal,8.5585224951501e-06
real_animal_animal_073_MVQPTvPYsJs.jpg,false,,animal,2.6180327040492557e-05
real_animal_animal_065_M8uSC8OPXco.jpg,false,,animal,3.2931919236034446e-07
real_animal_animal_137_lHeXOpxzok8.jpg,false,,animal,0.00010417656449135393
real_animal_animal_71_a_black_ct_with_green_eyes_sitting_in_the_sun.jpg,false,,animal,7.334501788136549e-07
real_animal_animal_135_Tu_lH5CFFZw.jpg,false,,animal,7.407160410366487e-06
real_animal_animal_130_vPyhiJjBlSM.jpg,false,,animal,0.0009012989467009902
real_landscape_landscape_80_this_highway_is_empty_this_early_on_the_morning.jpg,false,,landscape,1.7409583961125463e-05
real_landscape_landscape_59_a_passenger_bus_that_is_parked_in_a_parking_lot.jpg,false,,landscape,0.038977328687906265
real_landscape_landscape_073_gtabImSzH-g.jpg,false,,landscape,0.0006465864717029035
real_landscape_landscape_160_yaj-SndYOb0.jpg,false,,landscape,2.7185120416106656e-05
real_landscape_landscape_140_pNMH4SDf8us.jpg,false,,landscape,0.0033078256528824568
real_landscape_landscape_117_KQX4AEXEV1g.jpg,false,,landscape,0.0013905531959608197
real_landscape_landscape_056_TqfJUbdnCxM.jpg,false,,landscape,2.1769317299913382e-06
real_landscape_landscape_05_foggy_forest_hills.jpg,false,,landscape,4.966399046679726e-06
real_landscape_landscape_118_z7IW1w4C870.jpg,false,,landscape,1.0107111847901251e-05
real_landscape_landscape_135_Bwkl85sszNM.jpg,false,,landscape,7.957126945257187e-05
real_landscape_landscape_053_E9CrQou9K0Y.jpg,false,,landscape,8.04593764769379e-06
real_landscape_landscape_064_pnFNoPuilVI.jpg,false,,landscape,0.00013300984574016184
real_landscape_landscape_154_VFjGgIGNWlI.jpg,false,,landscape,2.775680877675768e-05
real_landscape_landscape_09_starry_night_mountains.jpg,false,,landscape,0.0012798283714801073
real_landscape_landscape_124__rsGm7nob3w.jpg,false,,landscape,2.3158424937719246e-06
real_landscape_landscape_079_n6hzRDQ9CM8.jpg,false,,landscape,6.0547325119841844e-05
real_landscape_landscape_095_YzJlElq6Pc0.jpg,false,,landscape,1.0176235264225397e-05
real_landscape_landscape_098_F4dGVi1g8rQ.jpg,false,,landscape,7.220926818263251e-06
real_landscape_landscape_062_oGrOhXJaHME.jpg,false,,landscape,1.2368286661512684e-05
real_landscape_landscape_68_a_wooden_bench_and_a_fire_hydrant_on_a_field.jpg,false,,landscape,3.265171528710198e-07
real_landscape_landscape_119_ENkQJj-7orc.jpg,false,,landscape,2.1077444216643926e-06
real_landscape_landscape_81_a_dog_rests_his_head_on_the_edge_of_a_boat_at_sea.jpg,false,,landscape,5.590144382949802e-07
real_landscape_landscape_51_a_green_traffic_light_suspended_above_a_street.jpg,false,,landscape,2.4464728994644247e-05
real_landscape_landscape_085_cCthPLHmrzI.jpg,false,,landscape,0.000646366213914007
real_landscape_landscape_060_jdaigQmK-qA.jpg,false,,landscape,0.3362883925437927
real_landscape_landscape_58_a_passenger_train_that_has_some_graffiti_on_it.jpg,false,,landscape,7.189533448581642e-07
real_landscape_landscape_077_ID4OhGirKvg.jpg,false,,landscape,0.0003407920303288847
real_landscape_landscape_133_-5eZ1-Ie68w.jpg,false,,landscape,3.3401565815438516e-06
real_landscape_landscape_086_ke-voL7t_I8.jpg,false,,landscape,1.7547783500049263e-05
real_landscape_landscape_143_-hbbmFHQYiw.jpg,false,,landscape,5.108544064569287e-05
real_landscape_landscape_080_1DPIP44atys.jpg,false,,landscape,1.9338272977620363e-05
real_landscape_landscape_110_02YdrfDb3UE.jpg,false,,landscape,4.142930265516043e-06
real_landscape_landscape_116_sNKwtrVQ4hU.jpg,false,,landscape,4.814949988940498e-06
real_landscape_landscape_157_nMhbF-YMdXE.jpg,false,,landscape,0.0001687885232968256
real_landscape_landscape_051_4k8UHZC1-6k.jpg,false,,landscape,3.646010372904129e-05
real_landscape_landscape_161_CL665uHJb7c.jpg,false,,landscape,6.129402663646033e-06
real_landscape_landscape_093_UazfuoH2sRU.jpg,false,,landscape,6.829353424109286e-06
real_landscape_landscape_55_a_green_traffic_light_a_street_some_buildings_and_some_other.jpg,false,,landscape,0.0005192840471863747
real_landscape_landscape_82_a_large_bus_on_the_side_of_the_road.jpg,false,,landscape,2.995075760736654e-07
real_landscape_landscape_045_W3wgy9tDgto.jpg,false,,landscape,0.002227459102869034
real_landscape_landscape_120_afwi-D9xmt4.jpg,false,,landscape,0.0065986523404717445
real_landscape_landscape_099_kDrTt4sCC7I.jpg,false,,landscape,1.4859596376481932e-05
real_landscape_landscape_167_60cbKmNJ-ls.jpg,false,,landscape,3.978514996560989e-06
real_landscape_landscape_046_wgH3Lzgmm_c.jpg,false,,landscape,5.157154646440176e-06
real_landscape_landscape_072_jYkvecfWgx0.jpg,false,,landscape,0.0028369100764393806
real_landscape_landscape_048_PA0KerQ0lHg.jpg,false,,landscape,0.0006013577221892774
real_landscape_landscape_126_Cmjq13jc_2g.jpg,false,,landscape,1.820789293560665e-05
real_landscape_landscape_081_0PgC0jve7u4.jpg,false,,landscape,3.6524968436424388e-06
real_landscape_landscape_06_waterfall_in_forest.jpg,false,,landscape,0.00014046858996152878
real_landscape_landscape_77_rear_view_mirror_reflection_showing_a_dog_in_the_back_seat.jpg,false,,landscape,2.21818982026889e-06
real_landscape_landscape_147_bUhzlj3gGso.jpg,false,,landscape,1.1345600796630606e-05
real_landscape_landscape_69_a_yellow_bus_that_is_sitting_in_the_grass.jpg,false,,landscape,6.087943233978876e-07
real_landscape_landscape_067_LLD9FKRoqDc.jpg,false,,landscape,0.00012089170195395127
real_landscape_landscape_115_q2Cv_B3_AZI.jpg,false,,landscape,1.374061503156554e-05
real_landscape_landscape_125_4UfCRXv_tGM.jpg,false,,landscape,4.365389486338245e-06
real_landscape_landscape_092__XHphe2atWM.jpg,false,,landscape,1.1786554750869982e-05
real_landscape_landscape_109_-UsvhirEIeI.jpg,false,,landscape,0.0008516666130162776
real_landscape_landscape_129_5LyYqPEv8w0.jpg,false,,landscape,9.107850928558037e-05
real_landscape_landscape_070_uQDRDqpYJHI.jpg,false,,landscape,1.8770518863675534e-06
real_landscape_landscape_71_a_black_and_white_photo_of_a_train.jpg,false,,landscape,3.641697503553587e-06
real_landscape_landscape_057_C69YOsY9lYg.jpg,false,,landscape,2.096443949994864e-06
real_landscape_landscape_089_zjOv1yyUzQg.jpg,false,,landscape,0.00019815190171357244
real_landscape_landscape_130_qOxQEA8obSg.jpg,false,,landscape,1.7659893273958005e-05
real_landscape_landscape_163_Bz4dHv-9PFQ.jpg,false,,landscape,0.00025776444817893207
real_landscape_landscape_071_zjqqKVQZoNg.jpg,false,,landscape,0.0001217932949657552
real_landscape_landscape_76_a_blue_rusted_train_engine_sitting_on_top_of_rail_tracks.jpg,false,,landscape,7.563618055428378e-06
real_landscape_landscape_114_FCPJn1NeFdI.jpg,false,,landscape,1.002505359792849e-05
real_landscape_landscape_156_pcgo3E7vJr4.jpg,false,,landscape,7.82137612986844e-06
real_landscape_landscape_075_G86MS2ZsiJA.jpg,false,,landscape,1.3724288692174014e-06
real_landscape_landscape_059_i7OiHRQkJHY.jpg,false,,landscape,0.0003208627749700099
real_landscape_landscape_164_tMYDgAySy9w.jpg,false,,landscape,4.421955054567661e-06
real_landscape_landscape_84_part_of_train_car_with_a_door_to_the_rear_connected_to_the_c.jpg,false,,landscape,1.110953959937433e-07
real_landscape_landscape_083_DlCr9IujpJI.jpg,false,,landscape,1.7781127098714933e-05
real_landscape_landscape_04_dramatic_mountain_valley.jpg,false,,landscape,0.0005027606966905296
real_landscape_landscape_02_sunset_over_mountains.jpg,false,,landscape,0.005194885656237602
real_landscape_landscape_53_a_train_of_many_colors_is_coming_down_the_track.jpg,false,,landscape,2.371593473071698e-05
real_landscape_landscape_100_xpLNPVL3IJA.jpg,false,,landscape,8.884449925972149e-05
real_landscape_landscape_153_6SGsL73EbKM.jpg,false,,landscape,2.6574332423479063e-06
real_landscape_landscape_107_cssvEZacHvQ.jpg,false,,landscape,0.00014046858996152878
real_landscape_landscape_79_an_orange_train_traveling_along_train_tracks_near_a_train_ya.jpg,false,,landscape,6.8822205321339425e-06
real_landscape_landscape_090_tZaA8VqJG3g.jpg,false,,landscape,0.0043434868566691875
real_landscape_landscape_73_a_tall_church_tower_sitting_on_the_side_of_a_road.jpg,false,,landscape,2.1832083803019486e-06
real_landscape_landscape_61_a_wooden_bench_sitting_outside_of_a_home.jpg,false,,landscape,2.0395410160745087e-07
real_landscape_landscape_03_lake_reflection.jpg,false,,landscape,3.9992046367842704e-05
real_landscape_landscape_155_DqIyKlJa-2s.jpg,false,,landscape,4.440501288627274e-05
real_landscape_landscape_105_ur4NB1f3kQ8.jpg,false,,landscape,1.075220438906399e-06
real_landscape_landscape_128_MasnAA5KqDY.jpg,false,,landscape,9.774790669325739e-06
real_landscape_landscape_134_1pFIPoOa--Y.jpg,false,,landscape,0.004689530469477177
real_landscape_landscape_097_1U6EOU8hiTM.jpg,false,,landscape,5.676416208189039e-07
real_landscape_landscape_047_58Mkqady7lE.jpg,false,,landscape,0.00011217407154617831
real_landscape_landscape_102_T-AOFf2B8Zw.jpg,false,,landscape,1.089894794858992e-06
real_landscape_landscape_83_a_small_bus_parked_in_front_of_a_bus_stop.jpg,false,,landscape,1.755396255020969e-07
real_landscape_landscape_162_3m4lH961q20.jpg,false,,landscape,8.424230145465117e-06
real_landscape_landscape_122_K5eIMIz8kaI.jpg,false,,landscape,0.011717164888978004
real_landscape_landscape_069_TdoxXD7aGv8.jpg,false,,landscape,0.00017812586156651378
real_landscape_landscape_165_C2YORgsJqXs.jpg,false,,landscape,0.00031904445495456457
real_landscape_landscape_152_ayzzI9nOjWY.jpg,false,,landscape,3.1739378755446523e-05
real_landscape_landscape_54_white_birds_are_gathered_around_a_water_puddle.jpg,false,,landscape,4.990199158783071e-06
real_landscape_landscape_078_TnLdd0LMfwk.jpg,false,,landscape,0.0008471451001241803
real_landscape_landscape_068_aqS6bCynDv8.jpg,false,,landscape,0.0014996770769357681
real_landscape_landscape_07_desert_dunes.jpg,false,,landscape,4.53983448096551e-05
real_landscape_landscape_166_ioAK4HESn6k.jpg,false,,landscape,6.26410201221006e-06
real_landscape_landscape_111_62_2KGyX13E.jpg,false,,landscape,4.542801252682693e-05
real_landscape_landscape_60_a_red_and_silver_fire_hydrant_sitting_on_top_of_a_sidewalk.jpg,false,,landscape,2.1364913038723898e-07
real_landscape_landscape_158_QAXDmkU60OU.jpg,false,,landscape,3.263780672568828e-05
real_landscape_landscape_138_78wDBw9ajUk.jpg,false,,landscape,4.150393942836672e-05
real_landscape_landscape_142_3bsVcAbqS7Q.jpg,false,,landscape,3.717769868671894e-05
real_landscape_landscape_131_hoAFrPJlbT0.jpg,false,,landscape,6.253009632928297e-05
real_landscape_landscape_106_hu8Mp-XTksA.jpg,false,,landscape,8.851780535223952e-07
real_landscape_landscape_082_ercx7zE_Mzo.jpg,false,,landscape,2.4142734673660016e-06
real_landscape_landscape_132_zUEjNDEEca8.jpg,false,,landscape,3.440667933318764e-05
real_landscape_landscape_78_a_yellow_bus_is_on_a_street_near_a_black_guard_rail.jpg,false,,landscape,1.0416922577860532e-06
real_landscape_landscape_159_G4su92tyImI.jpg,false,,landscape,2.783349555102177e-05
real_landscape_landscape_088_N22iRE8u3MU.jpg,false,,landscape,9.662298907642253e-07
real_landscape_landscape_168_r-PPOX0QQ1g.jpg,false,,landscape,9.074145964405034e-06
real_landscape_landscape_074_r2Ug9sXPEHA.jpg,false,,landscape,0.0007515692268498242
real_landscape_landscape_57_a_yellow_and_green_train_at_stop_lights.jpg,false,,landscape,1.9609434787071223e-07
real_landscape_landscape_146__MCLUFQlZ_c.jpg,false,,landscape,2.776058863673825e-06
real_landscape_landscape_096_3eC5n6gHwe8.jpg,false,,landscape,3.5123965062666684e-05
real_landscape_landscape_063_Lm6mqM_KqQY.jpg,false,,landscape,0.00016454530123155564
real_landscape_landscape_145_xZX3pXjQQSw.jpg,false,,landscape,2.514805419195909e-05
real_landscape_landscape_74_a_bathroom_with_some_orange_walls_and_a_black_and_white_coun.jpg,false,,landscape,1.232580416399287e-06
real_landscape_landscape_136_awNpFWNTGFY.jpg,false,,landscape,0.00031677194056101143
real_landscape_landscape_061_bk4hN4Jvnac.jpg,false,,landscape,3.4953918657265604e-05
real_landscape_landscape_121_JtVkmKQ1FQI.jpg,false,,landscape,0.0035006841644644737
real_landscape_landscape_104_6gt7AoSk5pQ.jpg,false,,landscape,0.00011696049477905035
real_landscape_landscape_139_aoWukdAWJno.jpg,false,,landscape,1.1827698472188786e-05
real_landscape_landscape_75_a_city_traffic_signal_and_street_at_night.jpg,false,,landscape,5.265740583126899e-06
real_landscape_landscape_055_ixbSaWYYOwY.jpg,false,,landscape,9.108606172958389e-05
real_landscape_landscape_137_9CkGNheiEFQ.jpg,false,,landscape,3.863076926791109e-06
real_landscape_landscape_066_7AKHr2kdmAc.jpg,false,,landscape,1.4333894796436653e-05
real_landscape_landscape_08_ocean_waves_beach.jpg,false,,landscape,2.4922033844632097e-05
real_landscape_landscape_076_OrkbCipJriw.jpg,false,,landscape,6.5944627749559e-06
real_landscape_landscape_113_etJBEUW4ZDg.jpg,false,,landscape,3.09626484522596e-05
real_landscape_landscape_123_ac9BZlaKuG4.jpg,false,,landscape,1.968364267668221e-05
real_landscape_landscape_049_yFCXHHLEZA0.jpg,false,,landscape,1.548699060549552e-06
real_landscape_landscape_151_OueojWSe66o.jpg,false,,landscape,4.948730202158913e-05
real_landscape_landscape_087_NW-WPrJoyzc.jpg,false,,landscape,2.2316719423542963e-06
real_landscape_landscape_62_two_large_jets_sitting_on_top_of_an_airport_runway.jpg,false,,landscape,2.9352657293202356e-05
real_landscape_landscape_67_an_image_of_a_subway_bus_going_thru_the_subway_station.jpg,false,,landscape,1.2710494274870143e-06
real_landscape_landscape_64_a_bird_sitting_on_top_of_a_park_bench.jpg,false,,landscape,2.9131517749192426e-06
real_landscape_landscape_141_F0_qeY5OWJE.jpg,false,,landscape,4.436633844306925e-06
real_landscape_landscape_149_zMhnN9FpDBE.jpg,false,,landscape,1.620991861273069e-05
real_landscape_landscape_56_a_train_on_the_tracks_out_in_the_country.jpg,false,,landscape,7.5441357694217e-07
real_landscape_landscape_103_Yd6TC3qee6M.jpg,false,,landscape,0.005222369451075792
real_landscape_landscape_052_Xaje8s7H9Cw.jpg,false,,landscape,5.088092166261049e-06
real_landscape_landscape_01_mountain_peaks_with_snow.jpg,false,,landscape,4.7984335651563015e-06
real_landscape_landscape_058_CPIQfMbSjmM.jpg,false,,landscape,1.1437093235144857e-05
real_landscape_landscape_065_xMMh-VFGL9M.jpg,false,,landscape,4.2111660150112584e-05
real_landscape_landscape_72_a_street_corner_with_a_brown_and_white_building_on_it.jpg,false,,landscape,3.1290630886360304e-07
real_landscape_landscape_094_8v_1afZJpg4.jpg,false,,landscape,0.0012286975979804993
real_landscape_landscape_150_NoSRqbXJY68.jpg,false,,landscape,3.66976200893987e-05
real_landscape_landscape_144_MZxQoMVN518.jpg,false,,landscape,3.439263309701346e-06
real_landscape_landscape_63_a_pole_with_a_street_light_and_signs_next_to_a_bare_tree.jpg,false,,landscape,7.637534054083517e-07
real_landscape_landscape_127_uFdsMOjWX58.jpg,false,,landscape,7.026478851912543e-05
real_landscape_landscape_101_C27Jip4jz4k.jpg,false,,landscape,7.224138971650973e-05
real_landscape_landscape_050_nlllZxwRoLM.jpg,false,,landscape,1.1914220294784172e-06
real_landscape_landscape_054_R0hVu1Mqo7A.jpg,false,,landscape,0.0001793749979697168
real_landscape_landscape_170_rGmCuOfPwnk.jpg,false,,landscape,0.0009374619694426656
real_landscape_landscape_52_the_train_engine_is_followed_by_a_line_of_open_cars.jpg,false,,landscape,5.306156526785344e-05
real_landscape_landscape_50_a_green_bench_sitting_on_the_side_of_a_sidewalk.jpg,false,,landscape,5.455813152366318e-07
real_landscape_landscape_65_these_toilets_are_being_used_outside_as_decor.jpg,false,,landscape,7.477649432985345e-07
real_landscape_landscape_148_qgfiux6vEmc.jpg,false,,landscape,3.1011072678666096e-06
real_landscape_landscape_169_TWvnc-oToE4.jpg,false,,landscape,5.2453310672717635e-06
real_landscape_landscape_112_hfxvkEzd_I0.jpg,false,,landscape,0.0002962377038784325
real_landscape_landscape_70_a_semi_truck_is_driving_down_a_street.jpg,false,,landscape,4.363469088275451e-07
real_landscape_landscape_084_uzWLhB7n3m8.jpg,false,,landscape,9.065272934094537e-06
real_landscape_landscape_091_Bch-Zl9ZUc8.jpg,false,,landscape,0.0001031693973345682
real_landscape_landscape_66_a_few_meters_are_sitting_near_an_air_plane.jpg,false,,landscape,1.444901613467664e-06
real_landscape_landscape_108_LpryxGvyY-8.jpg,false,,landscape,5.1075501687591895e-05
