id,is_ai,generator,category,score
ai_art_qwen_2512_art_08.png,true,Qwen 2512,art,0.9999555349349976
ai_art_flux_2_flex_art_03.png,true,Flux,art,0.9999314546585083
ai_art_seedream_v3_art_07.png,true,Seedream,art,0.9987045526504517
ai_art_seedream_v3_art_06.png,true,Seedream,art,0.9995735287666321
ai_art_flux_2_flex_art_02.png,true,Flux,art,0.9979029893875122
ai_art_glm_image_art_01.png,true,GLM Image,art,0.027667198330163956
ai_art_qwen_2512_art_09.png,true,Qwen 2512,art,0.9426400065422058
ai_art_wan_v2.6_art_09.png,true,Wan v2.6,art,7.967753845150582e-06
ai_art_flux_schnell_art_08.png,true,Flux Schnell,art,0.9650459885597229
ai_art_glm_image_art_03.png,true,GLM Image,art,0.9046995639801025
ai_art_seedream_v3_art_10.png,true,Seedream,art,0.0007772678509354591
ai_art_seedream_v3_art_04.png,true,Seedream,art,0.000343887135386467
ai_art_seedream_v3_art_05.png,true,Seedream,art,7.211504907900235e-06
ai_art_flux_2_flex_art_01.png,true,Flux,art,0.9997122883796692
ai_art_glm_image_art_02.png,true,GLM Image,art,0.9999924898147583
ai_art_flux_schnell_art_09.png,true,Flux Schnell,art,8.671142495586537e-06
ai_art_wan_v2.6_art_08.png,true,Wan v2.6,art,0.13388648629188538
ai_art_z_image_art_09.png,true,Z,art,0.002333356998860836
ai_art_glm_image_art_06.png,true,GLM Image,art,0.9999769926071167
ai_art_flux_2_flex_art_05.png,true,Flux,art,7.876707968534902e-06
ai_art_seedream_v3_art_01.png,true,Seedream,art,0.0039975205436348915
ai_art_flux_2_flex_art_10.png,true,Flux,art,0.9999985694885254
ai_art_flux_2_flex_art_04.png,true,Flux,art,0.07900013029575348
ai_art_glm_image_art_07.png,true,GLM Image,art,0.9998810291290283
ai_art_z_image_art_08.png,true,Z,art,0.9944930076599121
ai_art_glm_image_art_05.png,true,GLM Image,art,6.378326702360937e-07
ai_art_flux_2_flex_art_06.png,true,Flux,art,0.9999438524246216
ai_art_seedream_v3_art_02.png,true,Seedream,art,0.9998492002487183
ai_art_seedream_v3_art_03.png,true,Seedream,art,0.00016815128037706017
ai_art_flux_2_flex_art_07.png,true,Flux,art,0.9999085664749146
ai_art_glm_image_art_10.png,true,GLM Image,art,0.9725420475006104
ai_art_glm_image_art_04.png,true,GLM Image,art,0.9733545780181885
ai_art_hunyuan_v3_art_07.png,true,Hunyuan v3,art,0.00318102422170341
ai_art_ideogram_v3_art_04.png,true,Ideogram v3,art,0.00011989031918346882
ai_art_ideogram_v3_art_10.png,true,Ideogram v3,art,0.07934000343084335
ai_art_sd_3.5_large_art_08.png,true,Sd,art,0.9843466281890869
ai_art_seedream_v4_art_03.png,true,Seedream,art,9.298584700445645e-06
ai_art_leonardo_phoenix_art_06.png,true,Leonardo Phoenix,art,0.008941786363720894
ai_art_leonardo_phoenix_art_07.png,true,Leonardo Phoenix,art,0.9893442988395691
ai_art_grok_aurora_art_01.png,true,Grok Aurora,art,0.994408130645752
ai_art_seedream_v4_art_02.png,true,Seedream,art,0.0002536161046009511
ai_art_sd_3.5_large_art_09.png,true,Sd,art,3.975351773988223e-06
ai_art_ideogram_v3_art_05.png,true,Ideogram v3,art,0.9976499676704407
ai_art_hunyuan_v3_art_06.png,true,Hunyuan v3,art,0.9983483552932739
ai_art_hunyuan_v3_art_04.png,true,Hunyuan v3,art,0.008820592425763607
ai_art_hunyuan_v3_art_10.png,true,Hunyuan v3,art,0.030271016061306
ai_art_recraft_v3_art_09.png,true,Recraft v3,art,0.7774152159690857
ai_art_ideogram_v3_art_07.png,true,Ideogram v3,art,0.0031598645728081465
ai_art_grok_aurora_art_03.png,true,Grok Aurora,art,0.9928383231163025
ai_art_leonardo_phoenix_art_05.png,true,Leonardo Phoenix,art,0.4329567849636078
ai_art_leonardo_phoenix_art_10.png,true,Leonardo Phoenix,art,0.9997003078460693
ai_art_leonardo_phoenix_art_04.png,true,Leonardo Phoenix,art,0.001876268652267754
ai_art_grok_aurora_art_02.png,true,Grok Aurora,art,0.9992355108261108
ai_art_seedream_v4_art_01.png,true,Seedream,art,0.060377150774002075
ai_art_ideogram_v3_art_06.png,true,Ideogram v3,art,0.46389082074165344
ai_art_recraft_v3_art_08.png,true,Recraft v3,art,0.0040311794728040695
ai_art_hunyuan_v3_art_05.png,true,Hunyuan v3,art,0.00036232813727110624
ai_art_hunyuan_v3_art_01.png,true,Hunyuan v3,art,0.0649932399392128
ai_art_ideogram_v3_art_02.png,true,Ideogram v3,art,0.6160207986831665
ai_art_flux_pro_v1.1_art_09.png,true,Flux Pro v1.1,art,2.1902276785112917e-05
ai_art_seedream_v4_art_05.png,true,Seedream,art,3.583768602766213e-06
ai_art_grok_aurora_art_06.png,true,Grok Aurora,art,0.9999241828918457
ai_art_grok_aurora_art_07.png,true,Grok Aurora,art,0.0010332384845241904
ai_art_leonardo_phoenix_art_01.png,true,Leonardo Phoenix,art,0.0008404956315644085
ai_art_seedream_v4_art_04.png,true,Seedream,art,8.173361129593104e-05
ai_art_seedream_v4_art_10.png,true,Seedream,art,4.496356996241957e-05
ai_art_flux_pro_v1.1_art_08.png,true,Flux Pro v1.1,art,0.990760087966919
ai_art_ideogram_v3_art_03.png,true,Ideogram v3,art,0.016919512301683426
ai_art_hunyuan_v3_art_02.png,true,Hunyuan v3,art,0.007715192623436451
ai_art_gpt_image_1.5_art_08.png,true,Gpt,art,0.30228808522224426
ai_art_ideogram_v3_art_01.png,true,Ideogram v3,art,0.9699695706367493
ai_art_gemini_3_pro_art_09.png,true,Gemini 3 Pro,art,2.3070773750077933e-05
ai_art_seedream_v4_art_06.png,true,Seedream,art,0.2822815477848053
ai_art_leonardo_phoenix_art_03.png,true,Leonardo Phoenix,art,0.9891602396965027
ai_art_grok_aurora_art_05.png,true,Grok Aurora,art,0.0005022247205488384
ai_art_grok_aurora_art_10.png,true,Grok Aurora,art,0.00035567523445934057
ai_art_grok_aurora_art_04.png,true,Grok Aurora,art,0.03631264343857765
ai_art_leonardo_phoenix_art_02.png,true,Leonardo Phoenix,art,0.0026305352803319693
ai_art_seedream_v4_art_07.png,true,Seedream,art,0.00022459746105596423
ai_art_gemini_3_pro_art_08.png,true,Gemini 3 Pro,art,0.0035580159164965153
ai_art_gpt_image_1.5_art_09.png,true,Gpt,art,1.305566797782376e-06
ai_art_hunyuan_v3_art_03.png,true,Hunyuan v3,art,0.05077235773205757
ai_art_gpt_image_1.5_art_10.png,true,Gpt,art,0.00020237262651789933
ai_art_recraft_v3_art_03.png,true,Recraft v3,art,0.959559440612793
ai_art_gpt_image_1.5_art_04.png,true,Gpt,art,0.00017767971439752728
ai_art_sd_3.5_large_art_01.png,true,Sd,art,0.00038246670737862587
ai_art_gemini_3_pro_art_05.png,true,Gemini 3 Pro,art,9.158625289273914e-06
ai_art_flux_pro_v1.1_art_06.png,true,Flux Pro v1.1,art,0.1030091792345047
ai_art_grok_aurora_art_09.png,true,Grok Aurora,art,3.8971124922682066e-06
ai_art_grok_aurora_art_08.png,true,Grok Aurora,art,0.6481571793556213
ai_art_flux_pro_v1.1_art_07.png,true,Flux Pro v1.1,art,0.0004286523617338389
ai_art_gemini_3_pro_art_10.png,true,Gemini 3 Pro,art,0.9285524487495422
ai_art_gemini_3_pro_art_04.png,true,Gemini 3 Pro,art,0.02132769674062729
ai_art_gpt_image_1.5_art_05.png,true,Gpt,art,1.2174724588476238e-06
ai_art_recraft_v3_art_02.png,true,Recraft v3,art,0.9238380789756775
ai_art_gpt_image_1.5_art_07.png,true,Gpt,art,0.12832732498645782
ai_art_gemini_3_pro_art_06.png,true,Gemini 3 Pro,art,0.9961102604866028
ai_art_sd_3.5_large_art_02.png,true,Sd,art,0.877393364906311
ai_art_flux_pro_v1.1_art_05.png,true,Flux Pro v1.1,art,2.1628600279655075e-06
ai_art_seedream_v4_art_09.png,true,Seedream,art,4.035592428408563e-05
ai_art_seedream_v4_art_08.png,true,Seedream,art,0.0003361450508236885
ai_art_flux_pro_v1.1_art_10.png,true,Flux Pro v1.1,art,0.323465496301651
ai_art_flux_pro_v1.1_art_04.png,true,Flux Pro v1.1,art,0.016064006835222244
ai_art_gemini_3_pro_art_07.png,true,Gemini 3 Pro,art,0.0003569063264876604
ai_art_sd_3.5_large_art_03.png,true,Sd,art,0.02683342806994915
ai_art_recraft_v3_art_01.png,true,Recraft v3,art,0.017750311642885208
ai_art_gpt_image_1.5_art_06.png,true,Gpt,art,0.9998779296875
ai_art_hunyuan_v3_art_08.png,true,Hunyuan v3,art,0.02156975492835045
ai_art_gpt_image_1.5_art_02.png,true,Gpt,art,0.9010840654373169
ai_art_recraft_v3_art_05.png,true,Recraft v3,art,6.710465822834522e-05
ai_art_sd_3.5_large_art_07.png,true,Sd,art,0.9999966621398926
ai_art_gemini_3_pro_art_03.png,true,Gemini 3 Pro,art,0.9020565152168274
ai_art_leonardo_phoenix_art_09.png,true,Leonardo Phoenix,art,0.11099013686180115
ai_art_leonardo_phoenix_art_08.png,true,Leonardo Phoenix,art,0.016043411567807198
ai_art_flux_pro_v1.1_art_01.png,true,Flux Pro v1.1,art,0.00617730338126421
ai_art_sd_3.5_large_art_06.png,true,Sd,art,0.7823876142501831
ai_art_gemini_3_pro_art_02.png,true,Gemini 3 Pro,art,0.9865715503692627
ai_art_recraft_v3_art_10.png,true,Recraft v3,art,0.8730295896530151
ai_art_recraft_v3_art_04.png,true,Recraft v3,art,0.0036756962072104216
ai_art_gpt_image_1.5_art_03.png,true,Gpt,art,0.02030729316174984
ai_art_hunyuan_v3_art_09.png,true,Hunyuan v3,art,2.1729701984440908e-05
ai_art_recraft_v3_art_06.png,true,Recraft v3,art,0.9921080470085144
ai_art_gpt_image_1.5_art_01.png,true,Gpt,art,0.01068168692290783
ai_art_sd_3.5_large_art_04.png,true,Sd,art,0.4964360296726227
ai_art_sd_3.5_large_art_10.png,true,Sd,art,1.072999930329388e-05
ai_art_ideogram_v3_art_08.png,true,Ideogram v3,art,0.9127253890037537
ai_art_flux_pro_v1.1_art_03.png,true,Flux Pro v1.1,art,0.2982444763183594
ai_art_flux_pro_v1.1_art_02.png,true,Flux Pro v1.1,art,0.7030026912689209
ai_art_ideogram_v3_art_09.png,true,Ideogram v3,art,0.9922318458557129
ai_art_gemini_3_pro_art_01.png,true,Gemini 3 Pro,art,0.9714364409446716
ai_art_sd_3.5_large_art_05.png,true,Sd,art,6.555096661031712e-07
ai_art_recraft_v3_art_07.png,true,Recraft v3,art,0.016128724440932274
ai_art_wan_v2.6_art_03.png,true,Wan v2.6,art,0.07605956494808197
ai_art_flux_schnell_art_02.png,true,Flux Schnell,art,0.9653991460800171
ai_art_qwen_2512_art_01.png,true,Qwen 2512,art,0.9982845187187195
ai_art_z_image_art_06.png,true,Z,art,0.9999852180480957
ai_art_glm_image_art_09.png,true,GLM Image,art,3.069246076847776e-06
ai_art_glm_image_art_08.png,true,GLM Image,art,0.9995331764221191
ai_art_z_image_art_07.png,true,Z,art,0.02475508488714695
ai_art_flux_schnell_art_03.png,true,Flux Schnell,art,0.9997056126594543
ai_art_wan_v2.6_art_02.png,true,Wan v2.6,art,0.8457275032997131
ai_art_qwen_2512_art_02.png,true,Qwen 2512,art,0.9997386336326599
ai_art_flux_schnell_art_01.png,true,Flux Schnell,art,0.016094693914055824
ai_art_z_image_art_05.png,true,Z,art,0.573827862739563
ai_art_flux_2_flex_art_09.png,true,Flux,art,5.509029506356455e-06
ai_art_flux_2_flex_art_08.png,true,Flux,art,7.301659934455529e-05
ai_art_z_image_art_04.png,true,Z,art,0.005442789755761623
ai_art_z_image_art_10.png,true,Z,art,0.992279052734375
ai_art_qwen_2512_art_03.png,true,Qwen 2512,art,0.9999758005142212
ai_art_wan_v2.6_art_01.png,true,Wan v2.6,art,0.9756198525428772
ai_art_flux_schnell_art_10.png,true,Flux Schnell,art,0.011289297603070736
ai_art_wan_v2.6_art_05.png,true,Wan v2.6,art,0.00031534218578599393
ai_art_flux_schnell_art_04.png,true,Flux Schnell,art,0.30144259333610535
ai_art_qwen_2512_art_07.png,true,Qwen 2512,art,0.06593342125415802
ai_art_seedream_v3_art_08.png,true,Seedream,art,0.9891202449798584
ai_art_seedream_v3_art_09.png,true,Seedream,art,1.3638744349009357e-05
ai_art_z_image_art_01.png,true,Z,art,0.0022821547463536263
ai_art_flux_schnell_art_05.png,true,Flux Schnell,art,0.007017189171165228
ai_art_wan_v2.6_art_04.png,true,Wan v2.6,art,0.28246426582336426
ai_art_qwen_2512_art_06.png,true,Qwen 2512,art,0.9994557499885559
ai_art_wan_v2.6_art_10.png,true,Wan v2.6,art,0.001801565638743341
ai_art_qwen_2512_art_04.png,true,Qwen 2512,art,0.9997439980506897
ai_art_wan_v2.6_art_06.png,true,Wan v2.6,art,0.9999245405197144
ai_art_flux_schnell_art_07.png,true,Flux Schnell,art,3.62696846423205e-05
ai_art_qwen_2512_art_10.png,true,Qwen 2512,art,0.12150939553976059
ai_art_z_image_art_03.png,true,Z,art,0.00163706683088094
ai_art_z_image_art_02.png,true,Z,art,0.9812674522399902
ai_art_qwen_2512_art_05.png,true,Qwen 2512,art,0.9990217685699463
ai_art_flux_schnell_art_06.png,true,Flux Schnell,art,0.9904997944831848
ai_art_wan_v2.6_art_07.png,true,Wan v2.6,art,0.9995338916778564
ai_portrait_seedream_v3_portrait_10.png,true,Seedream,portrait,0.0480475090444088
ai_portrait_seedream_v3_portrait_04.png,true,Seedream,portrait,0.008680411614477634
ai_portrait_recraft_v3_portrait_05.png,true,Recraft v3,portrait,0.40105733275413513
ai_portrait_flux_pro_v1.1_portrait_09.png,true,Flux Pro v1.1,portrait,0.9646035432815552
ai_portrait_flux_pro_v1.1_portrait_08.png,true,Flux Pro v1.1,portrait,0.0019370478112250566
ai_portrait_wan_v2.6_portrait_01.png,true,Wan v2.6,portrait,0.6709179282188416
ai_portrait_recraft_v3_portrait_04.png,true,Recraft v3,portrait,0.9986329674720764
ai_portrait_recraft_v3_portrait_10.png,true,Recraft v3,portrait,6.316887447610497e-05
ai_portrait_seedream_v3_portrait_05.png,true,Seedream,portrait,0.2580152750015259
ai_portrait_seedream_v4_portrait_01.png,true,Seedream,portrait,0.00036883301800116897
ai_portrait_seedream_v4_portrait_03.png,true,Seedream,portrait,0.00017753933207131922
ai_portrait_seedream_v3_portrait_07.png,true,Seedream,portrait,0.001100560068152845
ai_portrait_hunyuan_v3_portrait_09.png,true,Hunyuan v3,portrait,0.11389239877462387
ai_portrait_recraft_v3_portrait_06.png,true,Recraft v3,portrait,9.337493247585371e-05
ai_portrait_wan_v2.6_portrait_03.png,true,Wan v2.6,portrait,0.9876692891120911
ai_portrait_wan_v2.6_portrait_02.png,true,Wan v2.6,portrait,0.9933991432189941
ai_portrait_recraft_v3_portrait_07.png,true,Recraft v3,portrait,0.019026553258299828
ai_portrait_hunyuan_v3_portrait_08.png,true,Hunyuan v3,portrait,1.4078024150876445e-06
ai_portrait_seedream_v3_portrait_06.png,true,Seedream,portrait,0.7759122848510742
ai_portrait_seedream_v4_portrait_02.png,true,Seedream,portrait,0.000264962378423661
ai_portrait_seedream_v3_portrait_02.png,true,Seedream,portrait,7.527997240686091e-06
ai_portrait_seedream_v4_portrait_06.png,true,Seedream,portrait,7.141178684832994e-06
ai_portrait_recraft_v3_portrait_03.png,true,Recraft v3,portrait,0.008340418338775635
ai_portrait_grok_aurora_portrait_09.png,true,Grok Aurora,portrait,2.9416780762403505e-06
ai_portrait_qwen_2512_portrait_08.png,true,Qwen 2512,portrait,0.035563353449106216
ai_portrait_wan_v2.6_portrait_06.png,true,Wan v2.6,portrait,0.36460718512535095
ai_portrait_wan_v2.6_portrait_07.png,true,Wan v2.6,portrait,0.6975850462913513
ai_portrait_qwen_2512_portrait_09.png,true,Qwen 2512,portrait,0.6603372097015381
ai_portrait_recraft_v3_portrait_02.png,true,Recraft v3,portrait,0.0004675400850828737
ai_portrait_grok_aurora_portrait_08.png,true,Grok Aurora,portrait,0.6164991855621338
ai_portrait_seedream_v4_portrait_07.png,true,Seedream,portrait,0.00015922814782243222
ai_portrait_seedream_v3_portrait_03.png,true,Seedream,portrait,0.4441628158092499
ai_portrait_seedream_v3_portrait_01.png,true,Seedream,portrait,0.9999284744262695
ai_portrait_seedream_v4_portrait_05.png,true,Seedream,portrait,0.0005030154134146869
ai_portrait_wan_v2.6_portrait_05.png,true,Wan v2.6,portrait,0.0011068865424022079
ai_portrait_flux_schnell_portrait_08.png,true,Flux Schnell,portrait,0.9303862452507019
ai_portrait_flux_schnell_portrait_09.png,true,Flux Schnell,portrait,0.999683141708374
ai_portrait_wan_v2.6_portrait_10.png,true,Wan v2.6,portrait,0.004449000116437674
ai_portrait_wan_v2.6_portrait_04.png,true,Wan v2.6,portrait,0.012555568479001522
ai_portrait_recraft_v3_portrait_01.png,true,Recraft v3,portrait,7.109543366823345e-05
ai_portrait_seedream_v4_portrait_04.png,true,Seedream,portrait,0.1278378665447235
ai_portrait_seedream_v4_portrait_10.png,true,Seedream,portrait,2.1235830445220927e-06
ai_portrait_z_image_portrait_01.png,true,Z,portrait,0.9956182241439819
ai_portrait_ideogram_v3_portrait_01.png,true,Ideogram v3,portrait,0.9989306330680847
ai_portrait_leonardo_phoenix_portrait_07.png,true,Leonardo Phoenix,portrait,0.6716293692588806
ai_portrait_sd_3.5_large_portrait_05.png,true,Sd,portrait,0.0009248250862583518
ai_portrait_gpt_image_1.5_portrait_01.png,true,Gpt,portrait,0.008591274730861187
ai_portrait_flux_2_flex_portrait_03.png,true,Flux,portrait,0.9999990463256836
ai_portrait_gemini_3_pro_portrait_10.png,true,Gemini 3 Pro,portrait,1.1540025298018008e-05
ai_portrait_gemini_3_pro_portrait_04.png,true,Gemini 3 Pro,portrait,2.098485674650874e-05
ai_portrait_gemini_3_pro_portrait_05.png,true,Gemini 3 Pro,portrait,1.1222740795346908e-05
ai_portrait_flux_2_flex_portrait_02.png,true,Flux,portrait,0.9557725191116333
ai_portrait_sd_3.5_large_portrait_04.png,true,Sd,portrait,0.9868367910385132
ai_portrait_leonardo_phoenix_portrait_06.png,true,Leonardo Phoenix,portrait,0.4113577604293823
ai_portrait_sd_3.5_large_portrait_10.png,true,Sd,portrait,1.4204902981873602e-05
ai_portrait_glm_image_portrait_01.png,true,GLM Image,portrait,0.9864795804023743
ai_portrait_z_image_portrait_02.png,true,Z,portrait,0.9160721302032471
ai_portrait_glm_image_portrait_03.png,true,GLM Image,portrait,0.9995604157447815
ai_portrait_ideogram_v3_portrait_02.png,true,Ideogram v3,portrait,0.14628230035305023
ai_portrait_leonardo_phoenix_portrait_10.png,true,Leonardo Phoenix,portrait,0.9999284744262695
ai_portrait_sd_3.5_large_portrait_06.png,true,Sd,portrait,0.00739130936563015
ai_portrait_leonardo_phoenix_portrait_04.png,true,Leonardo Phoenix,portrait,0.005600131116807461
ai_portrait_gpt_image_1.5_portrait_02.png,true,Gpt,portrait,4.2404326450196095e-06
ai_portrait_gemini_3_pro_portrait_07.png,true,Gemini 3 Pro,portrait,0.145485520362854
ai_portrait_gemini_3_pro_portrait_06.png,true,Gemini 3 Pro,portrait,1.9455292203929275e-05
ai_portrait_flux_2_flex_portrait_01.png,true,Flux,portrait,0.9995660185813904
ai_portrait_gpt_image_1.5_portrait_03.png,true,Gpt,portrait,0.09325344115495682
ai_portrait_leonardo_phoenix_portrait_05.png,true,Leonardo Phoenix,portrait,0.5587794184684753
ai_portrait_sd_3.5_large_portrait_07.png,true,Sd,portrait,0.6484590172767639
ai_portrait_ideogram_v3_portrait_03.png,true,Ideogram v3,portrait,0.7305862903594971
ai_portrait_glm_image_portrait_02.png,true,GLM Image,portrait,0.028604481369256973
ai_portrait_z_image_portrait_03.png,true,Z,portrait,0.9989750385284424
ai_portrait_z_image_portrait_07.png,true,Z,portrait,0.0036655294243246317
ai_portrait_glm_image_portrait_06.png,true,GLM Image,portrait,0.9971458315849304
ai_portrait_ideogram_v3_portrait_07.png,true,Ideogram v3,portrait,0.023318227380514145
ai_portrait_gpt_image_1.5_portrait_07.png,true,Gpt,portrait,0.0010092873126268387
ai_portrait_sd_3.5_large_portrait_03.png,true,Sd,portrait,0.05084412917494774
ai_portrait_leonardo_phoenix_portrait_01.png,true,Leonardo Phoenix,portrait,0.0005642829928547144
ai_portrait_gemini_3_pro_portrait_02.png,true,Gemini 3 Pro,portrait,0.00037136723403818905
ai_portrait_flux_2_flex_portrait_05.png,true,Flux,portrait,0.9941080808639526
ai_portrait_flux_2_flex_portrait_10.png,true,Flux,portrait,0.9996399879455566
ai_portrait_flux_2_flex_portrait_04.png,true,Flux,portrait,0.9988491535186768
ai_portrait_gemini_3_pro_portrait_03.png,true,Gemini 3 Pro,portrait,0.8882037997245789
ai_portrait_sd_3.5_large_portrait_02.png,true,Sd,portrait,0.047989942133426666
ai_portrait_gpt_image_1.5_portrait_06.png,true,Gpt,portrait,3.7336651530495146e-06
ai_portrait_ideogram_v3_portrait_06.png,true,Ideogram v3,portrait,0.004972238093614578
ai_portrait_glm_image_portrait_07.png,true,GLM Image,portrait,0.997960090637207
ai_portrait_z_image_portrait_06.png,true,Z,portrait,0.9829353094100952
ai_portrait_z_image_portrait_10.png,true,Z,portrait,0.0018071394879370928
ai_portrait_z_image_portrait_04.png,true,Z,portrait,0.9940372705459595
ai_portrait_glm_image_portrait_05.png,true,GLM Image,portrait,0.12493577599525452
ai_portrait_ideogram_v3_portrait_10.png,true,Ideogram v3,portrait,0.0033344465773552656
ai_portrait_ideogram_v3_portrait_04.png,true,Ideogram v3,portrait,0.6624374985694885
ai_portrait_gpt_image_1.5_portrait_10.png,true,Gpt,portrait,0.0024632003623992205
ai_portrait_gpt_image_1.5_portrait_04.png,true,Gpt,portrait,9.036339179147035e-06
ai_portrait_leonardo_phoenix_portrait_02.png,true,Leonardo Phoenix,portrait,3.921661482308991e-05
ai_portrait_gemini_3_pro_portrait_01.png,true,Gemini 3 Pro,portrait,1.0644580470398068e-05
ai_portrait_flux_2_flex_portrait_06.png,true,Flux,portrait,0.9999971389770508
ai_portrait_flux_2_flex_portrait_07.png,true,Flux,portrait,0.9993189573287964
ai_portrait_sd_3.5_large_portrait_01.png,true,Sd,portrait,0.060113273561000824
ai_portrait_leonardo_phoenix_portrait_03.png,true,Leonardo Phoenix,portrait,0.00035672078956849873
ai_portrait_gpt_image_1.5_portrait_05.png,true,Gpt,portrait,0.16660763323307037
ai_portrait_ideogram_v3_portrait_05.png,true,Ideogram v3,portrait,0.001640597591176629
ai_portrait_glm_image_portrait_10.png,true,GLM Image,portrait,0.9924637079238892
ai_portrait_glm_image_portrait_04.png,true,GLM Image,portrait,0.999539852142334
ai_portrait_z_image_portrait_05.png,true,Z,portrait,0.0002817177155520767
ai_portrait_z_image_portrait_08.png,true,Z,portrait,0.9999715089797974
ai_portrait_glm_image_portrait_09.png,true,GLM Image,portrait,0.9902864694595337
ai_portrait_ideogram_v3_portrait_08.png,true,Ideogram v3,portrait,0.4243621230125427
ai_portrait_gpt_image_1.5_portrait_08.png,true,Gpt,portrait,4.892476226814324e-06
ai_portrait_gpt_image_1.5_portrait_09.png,true,Gpt,portrait,7.462848316208692e-06
ai_portrait_ideogram_v3_portrait_09.png,true,Ideogram v3,portrait,0.0042100148275494576
ai_portrait_glm_image_portrait_08.png,true,GLM Image,portrait,0.9702678918838501
ai_portrait_z_image_portrait_09.png,true,Z,portrait,0.9446040391921997
ai_portrait_flux_2_flex_portrait_09.png,true,Flux,portrait,0.8224221467971802
ai_portrait_flux_2_flex_portrait_08.png,true,Flux,portrait,0.9671962261199951
ai_portrait_leonardo_phoenix_portrait_08.png,true,Leonardo Phoenix,portrait,4.5837241486879066e-05
ai_portrait_leonardo_phoenix_portrait_09.png,true,Leonardo Phoenix,portrait,0.0022629769518971443
ai_portrait_sd_3.5_large_portrait_09.png,true,Sd,portrait,5.350586798158474e-05
ai_portrait_gemini_3_pro_portrait_08.png,true,Gemini 3 Pro,portrait,0.007765398360788822
ai_portrait_gemini_3_pro_portrait_09.png,true,Gemini 3 Pro,portrait,0.15032410621643066
ai_portrait_sd_3.5_large_portrait_08.png,true,Sd,portrait,0.9942609071731567
ai_portrait_seedream_v4_portrait_09.png,true,Seedream,portrait,0.013672856613993645
ai_portrait_hunyuan_v3_portrait_03.png,true,Hunyuan v3,portrait,0.00015753913612570614
ai_portrait_grok_aurora_portrait_06.png,true,Grok Aurora,portrait,0.0010869824327528477
ai_portrait_qwen_2512_portrait_07.png,true,Qwen 2512,portrait,0.9984591007232666
ai_portrait_wan_v2.6_portrait_09.png,true,Wan v2.6,portrait,0.9999821186065674
ai_portrait_flux_schnell_portrait_04.png,true,Flux Schnell,portrait,0.9998937845230103
ai_portrait_flux_schnell_portrait_10.png,true,Flux Schnell,portrait,0.980172336101532
ai_portrait_flux_pro_v1.1_portrait_01.png,true,Flux Pro v1.1,portrait,3.580771226552315e-05
ai_portrait_flux_schnell_portrait_05.png,true,Flux Schnell,portrait,0.9797924757003784
ai_portrait_wan_v2.6_portrait_08.png,true,Wan v2.6,portrait,0.1642419397830963
ai_portrait_qwen_2512_portrait_06.png,true,Qwen 2512,portrait,0.9995859265327454
ai_portrait_grok_aurora_portrait_07.png,true,Grok Aurora,portrait,0.0288406815379858
ai_portrait_hunyuan_v3_portrait_02.png,true,Hunyuan v3,portrait,0.0008892797632142901
ai_portrait_seedream_v4_portrait_08.png,true,Seedream,portrait,0.0007534634205512702
ai_portrait_grok_aurora_portrait_05.png,true,Grok Aurora,portrait,0.0003722843830473721
ai_portrait_qwen_2512_portrait_04.png,true,Qwen 2512,portrait,0.0010784683981910348
ai_portrait_qwen_2512_portrait_10.png,true,Qwen 2512,portrait,0.007611053995788097
ai_portrait_flux_schnell_portrait_07.png,true,Flux Schnell,portrait,0.4700832962989807
ai_portrait_flux_pro_v1.1_portrait_03.png,true,Flux Pro v1.1,portrait,0.0041849021799862385
ai_portrait_flux_pro_v1.1_portrait_02.png,true,Flux Pro v1.1,portrait,0.9682734608650208
ai_portrait_flux_schnell_portrait_06.png,true,Flux Schnell,portrait,0.9859138131141663
ai_portrait_qwen_2512_portrait_05.png,true,Qwen 2512,portrait,0.00017844919057097286
ai_portrait_grok_aurora_portrait_04.png,true,Grok Aurora,portrait,0.002228063065558672
ai_portrait_grok_aurora_portrait_10.png,true,Grok Aurora,portrait,0.9998857975006104
ai_portrait_hunyuan_v3_portrait_01.png,true,Hunyuan v3,portrait,0.1030091792345047
ai_portrait_hunyuan_v3_portrait_05.png,true,Hunyuan v3,portrait,0.00019333352975081652
ai_portrait_qwen_2512_portrait_01.png,true,Qwen 2512,portrait,0.6239060759544373
ai_portrait_flux_schnell_portrait_02.png,true,Flux Schnell,portrait,0.24093376100063324
ai_portrait_flux_pro_v1.1_portrait_06.png,true,Flux Pro v1.1,portrait,0.9523964524269104
ai_portrait_flux_pro_v1.1_portrait_07.png,true,Flux Pro v1.1,portrait,0.0019788879435509443
ai_portrait_flux_schnell_portrait_03.png,true,Flux Schnell,portrait,0.9998961687088013
ai_portrait_grok_aurora_portrait_01.png,true,Grok Aurora,portrait,2.9052087484160438e-05
ai_portrait_hunyuan_v3_portrait_10.png,true,Hunyuan v3,portrait,0.003987832460552454
ai_portrait_hunyuan_v3_portrait_04.png,true,Hunyuan v3,portrait,0.5759506821632385
ai_portrait_seedream_v3_portrait_08.png,true,Seedream,portrait,0.0886777862906456
ai_portrait_hunyuan_v3_portrait_06.png,true,Hunyuan v3,portrait,0.00010773813119158149
ai_portrait_recraft_v3_portrait_09.png,true,Recraft v3,portrait,0.0005297310999594629
ai_portrait_grok_aurora_portrait_03.png,true,Grok Aurora,portrait,0.002003902569413185
ai_portrait_qwen_2512_portrait_02.png,true,Qwen 2512,portrait,0.9995255470275879
ai_portrait_flux_schnell_portrait_01.png,true,Flux Schnell,portrait,0.9999542236328125
ai_portrait_flux_pro_v1.1_portrait_05.png,true,Flux Pro v1.1,portrait,0.00013151233724784106
ai_portrait_flux_pro_v1.1_portrait_10.png,true,Flux Pro v1.1,portrait,0.10887225717306137
ai_portrait_flux_pro_v1.1_portrait_04.png,true,Flux Pro v1.1,portrait,0.006344708614051342
ai_portrait_qwen_2512_portrait_03.png,true,Qwen 2512,portrait,0.00943799689412117
ai_portrait_recraft_v3_portrait_08.png,true,Recraft v3,portrait,0.02415018156170845
ai_portrait_grok_aurora_portrait_02.png,true,Grok Aurora,portrait,0.9446517825126648
ai_portrait_hunyuan_v3_portrait_07.png,true,Hunyuan v3,portrait,0.0006210100254975259
ai_portrait_seedream_v3_portrait_09.png,true,Seedream,portrait,0.32089903950691223
ai_product_flux_pro_v1.1_product_03.png,true,Flux Pro v1.1,product,0.00016041896014939994
ai_product_flux_2_flex_product_03.png,true,Flux,product,0.9993318915367126
ai_product_gpt_image_1.5_product_03.png,true,Gpt,product,0.00012431303912308067
ai_product_gpt_image_1.5_product_02.png,true,Gpt,product,0.03612038120627403
ai_product_flux_2_flex_product_02.png,true,Flux,product,0.005350475665181875
ai_product_flux_pro_v1.1_product_02.png,true,Flux Pro v1.1,product,0.016963094472885132
ai_product_grok_aurora_product_01.png,true,Grok Aurora,product,9.282035534852184e-06
ai_product_glm_image_product_08.png,true,GLM Image,product,0.04591274634003639
ai_product_grok_aurora_product_03.png,true,Grok Aurora,product,0.07444438338279724
ai_product_hunyuan_v3_product_09.png,true,Hunyuan v3,product,0.00021316295897122473
ai_product_gpt_image_1.5_product_01.png,true,Gpt,product,0.010813310742378235
ai_product_hunyuan_v3_product_08.png,true,Hunyuan v3,product,0.0060063875280320644
ai_product_flux_2_flex_product_01.png,true,Flux,product,0.8265217542648315
ai_product_flux_pro_v1.1_product_01.png,true,Flux Pro v1.1,product,5.805367254652083e-05
ai_product_grok_aurora_product_02.png,true,Grok Aurora,product,0.007463281508535147
ai_product_glm_image_product_09.png,true,GLM Image,product,0.0029848446138203144
ai_product_grok_aurora_product_06.png,true,Grok Aurora,product,6.626387039432302e-05
ai_product_seedream_v4_product_08.png,true,Seedream,product,0.847632110118866
ai_product_flux_pro_v1.1_product_05.png,true,Flux Pro v1.1,product,0.0012552477419376373
ai_product_flux_2_flex_product_05.png,true,Flux,product,0.10996345430612564
ai_product_gpt_image_1.5_product_05.png,true,Gpt,product,3.86284136766335e-06
ai_product_gpt_image_1.5_product_10.png,true,Gpt,product,0.06822127848863602
ai_product_gpt_image_1.5_product_04.png,true,Gpt,product,7.696131069678813e-05
ai_product_flux_2_flex_product_04.png,true,Flux,product,0.9993972778320312
ai_product_flux_2_flex_product_10.png,true,Flux,product,0.0001221083221025765
ai_product_flux_pro_v1.1_product_10.png,true,Flux Pro v1.1,product,0.004536424297839403
ai_product_flux_pro_v1.1_product_04.png,true,Flux Pro v1.1,product,0.00018712463497649878
ai_product_seedream_v4_product_09.png,true,Seedream,product,2.1942294097243575e-06
ai_product_grok_aurora_product_07.png,true,Grok Aurora,product,0.0013509124983102083
ai_product_grok_aurora_product_05.png,true,Grok Aurora,product,0.48004886507987976
ai_product_flux_schnell_product_08.png,true,Flux Schnell,product,0.010200207121670246
ai_product_flux_pro_v1.1_product_06.png,true,Flux Pro v1.1,product,0.0017860655207186937
ai_product_seedream_v3_product_08.png,true,Seedream,product,0.0005059957038611174
ai_product_flux_2_flex_product_06.png,true,Flux,product,3.708708027261309e-05
ai_product_gpt_image_1.5_product_06.png,true,Gpt,product,0.01153685711324215
ai_product_gemini_3_pro_product_09.png,true,Gemini 3 Pro,product,3.0127308491501026e-05
ai_product_gemini_3_pro_product_08.png,true,Gemini 3 Pro,product,0.00029313014238141477
ai_product_gpt_image_1.5_product_07.png,true,Gpt,product,0.6444948315620422
ai_product_flux_2_flex_product_07.png,true,Flux,product,0.0358218178153038
ai_product_seedream_v3_product_09.png,true,Seedream,product,0.07974270731210709
ai_product_flux_pro_v1.1_product_07.png,true,Flux Pro v1.1,product,0.0007020362536422908
ai_product_flux_schnell_product_09.png,true,Flux Schnell,product,0.0033657054882496595
ai_product_grok_aurora_product_10.png,true,Grok Aurora,product,0.0012248188722878695
ai_product_grok_aurora_product_04.png,true,Grok Aurora,product,3.6191861454426544e-06
ai_product_recraft_v3_product_06.png,true,Recraft v3,product,0.0006425458705052733
ai_product_ideogram_v3_product_01.png,true,Ideogram v3,product,4.0621639527671505e-06
ai_product_recraft_v3_product_07.png,true,Recraft v3,product,0.9985783100128174
ai_product_recraft_v3_product_05.png,true,Recraft v3,product,0.010064220055937767
ai_product_ideogram_v3_product_02.png,true,Ideogram v3,product,0.005087144207209349
ai_product_z_image_product_08.png,true,Z,product,0.9848506450653076
ai_product_qwen_2512_product_09.png,true,Qwen 2512,product,0.015202050097286701
ai_product_qwen_2512_product_08.png,true,Qwen 2512,product,0.9577383399009705
ai_product_z_image_product_09.png,true,Z,product,0.9997969269752502
ai_product_ideogram_v3_product_03.png,true,Ideogram v3,product,0.7653800249099731
ai_product_recraft_v3_product_04.png,true,Recraft v3,product,0.4853416383266449
ai_product_recraft_v3_product_10.png,true,Recraft v3,product,0.0022119134664535522
ai_product_sd_3.5_large_product_09.png,true,Sd,product,0.001680636079981923
ai_product_ideogram_v3_product_07.png,true,Ideogram v3,product,0.13589869439601898
ai_product_wan_v2.6_product_08.png,true,Wan v2.6,product,0.7697581052780151
ai_product_leonardo_phoenix_product_09.png,true,Leonardo Phoenix,product,0.0006227651028893888
ai_product_leonardo_phoenix_product_08.png,true,Leonardo Phoenix,product,0.6708176136016846
ai_product_wan_v2.6_product_09.png,true,Wan v2.6,product,0.596655547618866
ai_product_ideogram_v3_product_06.png,true,Ideogram v3,product,0.11092595010995865
ai_product_sd_3.5_large_product_08.png,true,Sd,product,0.0013011818518862128
ai_product_recraft_v3_product_01.png,true,Recraft v3,product,0.020570188760757446
ai_product_recraft_v3_product_03.png,true,Recraft v3,product,0.1864650845527649
ai_product_ideogram_v3_product_04.png,true,Ideogram v3,product,0.9777324199676514
ai_product_ideogram_v3_product_10.png,true,Ideogram v3,product,1.9873737073794473e-06
ai_product_ideogram_v3_product_05.png,true,Ideogram v3,product,1.845996121119242e-05
ai_product_recraft_v3_product_02.png,true,Recraft v3,product,0.047289375215768814
ai_product_z_image_product_02.png,true,Z,product,0.005663030315190554
ai_product_sd_3.5_large_product_06.png,true,Sd,product,0.00011777625331887975
ai_product_ideogram_v3_product_08.png,true,Ideogram v3,product,0.580619215965271
ai_product_wan_v2.6_product_07.png,true,Wan v2.6,product,0.6763649582862854
ai_product_leonardo_phoenix_product_06.png,true,Leonardo Phoenix,product,0.05368852987885475
ai_product_qwen_2512_product_03.png,true,Qwen 2512,product,0.6683614253997803
ai_product_qwen_2512_product_02.png,true,Qwen 2512,product,0.9999555349349976
ai_product_leonardo_phoenix_product_07.png,true,Leonardo Phoenix,product,0.9983341097831726
ai_product_wan_v2.6_product_06.png,true,Wan v2.6,product,0.9816179871559143
ai_product_ideogram_v3_product_09.png,true,Ideogram v3,product,4.1621817217674106e-05
ai_product_sd_3.5_large_product_07.png,true,Sd,product,1.743861321301665e-05
ai_product_z_image_product_03.png,true,Z,product,0.3958454132080078
ai_product_z_image_product_01.png,true,Z,product,3.2005139019020135e-06
ai_product_sd_3.5_large_product_05.png,true,Sd,product,0.0012856802204623818
ai_product_wan_v2.6_product_10.png,true,Wan v2.6,product,0.14191004633903503
ai_product_wan_v2.6_product_04.png,true,Wan v2.6,product,0.09005371481180191
ai_product_leonardo_phoenix_product_05.png,true,Leonardo Phoenix,product,0.9999561309814453
ai_product_qwen_2512_product_01.png,true,Qwen 2512,product,0.3507785499095917
ai_product_leonardo_phoenix_product_04.png,true,Leonardo Phoenix,product,0.0037059655878692865
ai_product_leonardo_phoenix_product_10.png,true,Leonardo Phoenix,product,0.9981195330619812
ai_product_wan_v2.6_product_05.png,true,Wan v2.6,product,1.0380712410551496e-05
ai_product_sd_3.5_large_product_04.png,true,Sd,product,0.10574868321418762
ai_product_sd_3.5_large_product_10.png,true,Sd,product,1.97867993847467e-05
ai_product_recraft_v3_product_09.png,true,Recraft v3,product,0.02907760813832283
ai_product_z_image_product_10.png,true,Z,product,0.9999731779098511
ai_product_z_image_product_04.png,true,Z,product,0.00020444102119654417
ai_product_wan_v2.6_product_01.png,true,Wan v2.6,product,0.9938197731971741
ai_product_qwen_2512_product_05.png,true,Qwen 2512,product,0.013474454171955585
ai_product_qwen_2512_product_04.png,true,Qwen 2512,product,8.426367276115343e-05
ai_product_qwen_2512_product_10.png,true,Qwen 2512,product,0.997313916683197
ai_product_leonardo_phoenix_product_01.png,true,Leonardo Phoenix,product,0.6152808666229248
ai_product_z_image_product_05.png,true,Z,product,4.739456016977783e-06
ai_product_sd_3.5_large_product_01.png,true,Sd,product,0.15314769744873047
ai_product_recraft_v3_product_08.png,true,Recraft v3,product,0.9979107975959778
ai_product_sd_3.5_large_product_03.png,true,Sd,product,0.9522994756698608
ai_product_z_image_product_07.png,true,Z,product,0.9532549977302551
ai_product_wan_v2.6_product_02.png,true,Wan v2.6,product,0.41768765449523926
ai_product_leonardo_phoenix_product_03.png,true,Leonardo Phoenix,product,0.0005689637619070709
ai_product_qwen_2512_product_06.png,true,Qwen 2512,product,0.36626482009887695
ai_product_qwen_2512_product_07.png,true,Qwen 2512,product,0.9586021900177002
ai_product_leonardo_phoenix_product_02.png,true,Leonardo Phoenix,product,0.15100465714931488
ai_product_wan_v2.6_product_03.png,true,Wan v2.6,product,0.9928913116455078
ai_product_z_image_product_06.png,true,Z,product,0.9981753826141357
ai_product_sd_3.5_large_product_02.png,true,Sd,product,5.364043772715377e-06
ai_product_glm_image_product_02.png,true,GLM Image,product,0.15003840625286102
ai_product_grok_aurora_product_09.png,true,Grok Aurora,product,0.0004022729117423296
ai_product_flux_schnell_product_10.png,true,Flux Schnell,product,0.9990018010139465
ai_product_seedream_v4_product_07.png,true,Seedream,product,0.0009033048409037292
ai_product_flux_schnell_product_04.png,true,Flux Schnell,product,0.00013301617582328618
ai_product_seedream_v3_product_04.png,true,Seedream,product,0.00010879820183617994
ai_product_seedream_v3_product_10.png,true,Seedream,product,0.5871838927268982
ai_product_hunyuan_v3_product_03.png,true,Hunyuan v3,product,9.097286965698004e-05
ai_product_gemini_3_pro_product_05.png,true,Gemini 3 Pro,product,3.1779402434040094e-06
ai_product_gemini_3_pro_product_04.png,true,Gemini 3 Pro,product,0.002087435917928815
ai_product_gemini_3_pro_product_10.png,true,Gemini 3 Pro,product,0.10098115354776382
ai_product_hunyuan_v3_product_02.png,true,Hunyuan v3,product,0.009308267384767532
ai_product_seedream_v3_product_05.png,true,Seedream,product,4.438250471139327e-06
ai_product_flux_schnell_product_05.png,true,Flux Schnell,product,0.0002594052057247609
ai_product_seedream_v4_product_06.png,true,Seedream,product,0.00032882430241443217
ai_product_grok_aurora_product_08.png,true,Grok Aurora,product,0.3667788505554199
ai_product_glm_image_product_03.png,true,GLM Image,product,0.9252826571464539
ai_product_glm_image_product_01.png,true,GLM Image,product,0.002960083307698369
ai_product_flux_schnell_product_07.png,true,Flux Schnell,product,0.0013911229325458407
ai_product_seedream_v4_product_10.png,true,Seedream,product,0.01346448715776205
ai_product_flux_pro_v1.1_product_09.png,true,Flux Pro v1.1,product,2.5868043849186506e-06
ai_product_seedream_v4_product_04.png,true,Seedream,product,2.91162950816215e-06
ai_product_seedream_v3_product_07.png,true,Seedream,product,0.8595237731933594
ai_product_flux_2_flex_product_09.png,true,Flux,product,0.06282541900873184
ai_product_gpt_image_1.5_product_09.png,true,Gpt,product,1.0774982683869894e-06
ai_product_gemini_3_pro_product_06.png,true,Gemini 3 Pro,product,0.004525895696133375
ai_product_gemini_3_pro_product_07.png,true,Gemini 3 Pro,product,0.3961544632911682
ai_product_gpt_image_1.5_product_08.png,true,Gpt,product,0.005776939447969198
ai_product_hunyuan_v3_product_01.png,true,Hunyuan v3,product,0.39257144927978516
ai_product_flux_2_flex_product_08.png,true,Flux,product,0.9993798732757568
ai_product_seedream_v3_product_06.png,true,Seedream,product,0.0016988515853881836
ai_product_seedream_v4_product_05.png,true,Seedream,product,2.8268866003600124e-07
ai_product_flux_pro_v1.1_product_08.png,true,Flux Pro v1.1,product,0.031678903847932816
ai_product_flux_schnell_product_06.png,true,Flux Schnell,product,0.13397687673568726
ai_product_glm_image_product_10.png,true,GLM Image,product,0.9113240242004395
ai_product_glm_image_product_04.png,true,GLM Image,product,0.08512786030769348
ai_product_flux_schnell_product_02.png,true,Flux Schnell,product,0.0007081938092596829
ai_product_seedream_v4_product_01.png,true,Seedream,product,0.991348922252655
ai_product_seedream_v3_product_02.png,true,Seedream,product,4.827681550523266e-05
ai_product_hunyuan_v3_product_05.png,true,Hunyuan v3,product,3.6887311125610722e-06
ai_product_gemini_3_pro_product_03.png,true,Gemini 3 Pro,product,6.696530181216076e-05
ai_product_gemini_3_pro_product_02.png,true,Gemini 3 Pro,product,4.160737444180995e-05
ai_product_hunyuan_v3_product_10.png,true,Hunyuan v3,product,0.0006646756082773209
ai_product_hunyuan_v3_product_04.png,true,Hunyuan v3,product,6.271313031902537e-05
ai_product_seedream_v3_product_03.png,true,Seedream,product,2.14307783608092e-05
ai_product_flux_schnell_product_03.png,true,Flux Schnell,product,0.6188833713531494
ai_product_glm_image_product_05.png,true,GLM Image,product,0.13408663868904114
ai_product_glm_image_product_07.png,true,GLM Image,product,0.9985034465789795
ai_product_seedream_v4_product_02.png,true,Seedream,product,8.945402805693448e-05
ai_product_flux_schnell_product_01.png,true,Flux Schnell,product,0.0005735791637562215
ai_product_seedream_v3_product_01.png,true,Seedream,product,4.6056411520112306e-05
ai_product_hunyuan_v3_product_06.png,true,Hunyuan v3,product,0.026773417368531227
ai_product_gemini_3_pro_product_01.png,true,Gemini 3 Pro,product,3.4157092159148306e-06
ai_product_hunyuan_v3_product_07.png,true,Hunyuan v3,product,0.0017677053110674024
ai_product_seedream_v4_product_03.png,true,Seedream,product,0.0005386248813010752
ai_product_glm_image_product_06.png,true,GLM Image,product,0.06494803726673126
ai_food_seedream_v3_food_02.png,true,Seedream,food,0.04700656607747078
ai_food_gemini_3_pro_food_04.png,true,Gemini 3 Pro,food,0.7011764645576477
ai_food_gemini_3_pro_food_10.png,true,Gemini 3 Pro,food,7.933240340207703e-06
ai_food_flux_schnell_food_03.png,true,Flux Schnell,food,0.010296092368662357
ai_food_glm_image_food_08.png,true,GLM Image,food,0.016941377893090248
ai_food_leonardo_phoenix_food_05.png,true,Leonardo Phoenix,food,0.9774682521820068
ai_food_gpt_image_1.5_food_01.png,true,Gpt,food,0.0008091824129223824
ai_food_flux_pro_v1.1_food_05.png,true,Flux Pro v1.1,food,0.0002907925227191299
ai_food_flux_pro_v1.1_food_04.png,true,Flux Pro v1.1,food,0.0006685640546493232
ai_food_flux_pro_v1.1_food_10.png,true,Flux Pro v1.1,food,1.3153347708794172e-06
ai_food_leonardo_phoenix_food_04.png,true,Leonardo Phoenix,food,0.21938717365264893
ai_food_glm_image_food_09.png,true,GLM Image,food,0.19928769767284393
ai_food_leonardo_phoenix_food_10.png,true,Leonardo Phoenix,food,0.002147205639630556
ai_food_flux_schnell_food_02.png,true,Flux Schnell,food,0.012719443999230862
ai_food_gemini_3_pro_food_05.png,true,Gemini 3 Pro,food,0.0014201082522049546
ai_food_seedream_v3_food_03.png,true,Seedream,food,5.68065770494286e-05
ai_food_seedream_v3_food_01.png,true,Seedream,food,0.8508346676826477
ai_food_gemini_3_pro_food_07.png,true,Gemini 3 Pro,food,0.017001623287796974
ai_food_leonardo_phoenix_food_06.png,true,Leonardo Phoenix,food,0.0006682510138489306
ai_food_gpt_image_1.5_food_02.png,true,Gpt,food,1.1261765394010581e-05
ai_food_flux_pro_v1.1_food_06.png,true,Flux Pro v1.1,food,0.8821566700935364
ai_food_flux_pro_v1.1_food_07.png,true,Flux Pro v1.1,food,0.26801982522010803
ai_food_gpt_image_1.5_food_03.png,true,Gpt,food,7.001934591244208e-06
ai_food_leonardo_phoenix_food_07.png,true,Leonardo Phoenix,food,0.9485255479812622
ai_food_flux_schnell_food_01.png,true,Flux Schnell,food,0.7566837072372437
ai_food_gemini_3_pro_food_06.png,true,Gemini 3 Pro,food,0.0015453272499144077
ai_food_seedream_v3_food_10.png,true,Seedream,food,2.1652438135788543e-06
ai_food_seedream_v3_food_04.png,true,Seedream,food,0.5344658493995667
ai_food_seedream_v4_food_08.png,true,Seedream,food,7.117934001144022e-05
ai_food_gemini_3_pro_food_02.png,true,Gemini 3 Pro,food,0.008913994766771793
ai_food_flux_schnell_food_05.png,true,Flux Schnell,food,0.9973067045211792
ai_food_leonardo_phoenix_food_03.png,true,Leonardo Phoenix,food,0.0029498094227164984
ai_food_gpt_image_1.5_food_07.png,true,Gpt,food,0.012129920534789562
ai_food_flux_pro_v1.1_food_03.png,true,Flux Pro v1.1,food,0.3758736252784729
ai_food_flux_pro_v1.1_food_02.png,true,Flux Pro v1.1,food,0.9279696345329285
ai_food_gpt_image_1.5_food_06.png,true,Gpt,food,0.04789390042424202
ai_food_leonardo_phoenix_food_02.png,true,Leonardo Phoenix,food,6.240958464331925e-05
ai_food_flux_schnell_food_04.png,true,Flux Schnell,food,0.29446500539779663
ai_food_flux_schnell_food_10.png,true,Flux Schnell,food,0.0004708062333520502
ai_food_gemini_3_pro_food_03.png,true,Gemini 3 Pro,food,6.0612546803895384e-05
ai_food_seedream_v4_food_09.png,true,Seedream,food,0.06767119467258453
ai_food_seedream_v3_food_05.png,true,Seedream,food,2.3249972400662955e-06
ai_food_seedream_v3_food_07.png,true,Seedream,food,8.652629185235128e-05
ai_food_ideogram_v3_food_09.png,true,Ideogram v3,food,0.01071679126471281
ai_food_gemini_3_pro_food_01.png,true,Gemini 3 Pro,food,0.0013014116557314992
ai_food_flux_schnell_food_06.png,true,Flux Schnell,food,0.8819993138313293
ai_food_gpt_image_1.5_food_04.png,true,Gpt,food,0.0005112922517582774
ai_food_grok_aurora_food_09.png,true,Grok Aurora,food,3.3328258723486215e-05
ai_food_gpt_image_1.5_food_10.png,true,Gpt,food,8.824563906273397e-07
ai_food_flux_pro_v1.1_food_01.png,true,Flux Pro v1.1,food,0.004352259915322065
ai_food_grok_aurora_food_08.png,true,Grok Aurora,food,0.9758222103118896
ai_food_gpt_image_1.5_food_05.png,true,Gpt,food,1.0992300303769298e-05
ai_food_leonardo_phoenix_food_01.png,true,Leonardo Phoenix,food,0.9981441497802734
ai_food_flux_schnell_food_07.png,true,Flux Schnell,food,0.011682170443236828
ai_food_ideogram_v3_food_08.png,true,Ideogram v3,food,0.48177242279052734
ai_food_seedream_v3_food_06.png,true,Seedream,food,0.2137940526008606
ai_food_sd_3.5_large_food_01.png,true,Sd,food,0.011857746168971062
ai_food_flux_2_flex_food_06.png,true,Flux,food,0.007608525920659304
ai_food_hunyuan_v3_food_08.png,true,Hunyuan v3,food,1.4880540220474359e-05
ai_food_hunyuan_v3_food_09.png,true,Hunyuan v3,food,0.21886283159255981
ai_food_flux_2_flex_food_07.png,true,Flux,food,0.9998905658721924
ai_food_sd_3.5_large_food_02.png,true,Sd,food,0.008092103525996208
ai_food_flux_2_flex_food_05.png,true,Flux,food,0.0005117810796946287
ai_food_qwen_2512_food_08.png,true,Qwen 2512,food,1.8221633581561036e-05
ai_food_z_image_food_09.png,true,Z,food,0.3657752573490143
ai_food_z_image_food_08.png,true,Z,food,0.0089531559497118
ai_food_flux_2_flex_food_10.png,true,Flux,food,0.02983272820711136
ai_food_flux_2_flex_food_04.png,true,Flux,food,0.9984232187271118
ai_food_qwen_2512_food_09.png,true,Qwen 2512,food,0.9997417330741882
ai_food_sd_3.5_large_food_03.png,true,Sd,food,0.00017432545428164303
ai_food_sd_3.5_large_food_07.png,true,Sd,food,0.8534492254257202
ai_food_wan_v2.6_food_08.png,true,Wan v2.6,food,0.21159279346466064
ai_food_wan_v2.6_food_09.png,true,Wan v2.6,food,0.9882738590240479
ai_food_flux_2_flex_food_01.png,true,Flux,food,0.9906691312789917
ai_food_sd_3.5_large_food_06.png,true,Sd,food,0.03759900480508804
ai_food_sd_3.5_large_food_10.png,true,Sd,food,2.23256392928306e-06
ai_food_sd_3.5_large_food_04.png,true,Sd,food,0.00014479417586699128
ai_food_recraft_v3_food_09.png,true,Recraft v3,food,0.4179443120956421
ai_food_flux_2_flex_food_03.png,true,Flux,food,0.22435902059078217
ai_food_flux_2_flex_food_02.png,true,Flux,food,0.9999310970306396
ai_food_sd_3.5_large_food_05.png,true,Sd,food,0.0990762785077095
ai_food_recraft_v3_food_08.png,true,Recraft v3,food,0.12316855043172836
ai_food_sd_3.5_large_food_08.png,true,Sd,food,3.304948768345639e-05
ai_food_recraft_v3_food_05.png,true,Recraft v3,food,0.989602267742157
ai_food_qwen_2512_food_02.png,true,Qwen 2512,food,0.9998422861099243
ai_food_wan_v2.6_food_07.png,true,Wan v2.6,food,0.034880250692367554
ai_food_hunyuan_v3_food_01.png,true,Hunyuan v3,food,0.04251347482204437
ai_food_z_image_food_03.png,true,Z,food,0.0015970051754266024
ai_food_z_image_food_02.png,true,Z,food,0.0018081065500155091
ai_food_wan_v2.6_food_06.png,true,Wan v2.6,food,0.9723720550537109
ai_food_qwen_2512_food_03.png,true,Qwen 2512,food,0.011759874410927296
ai_food_recraft_v3_food_10.png,true,Recraft v3,food,0.9198797345161438
ai_food_sd_3.5_large_food_09.png,true,Sd,food,0.029000630602240562
ai_food_recraft_v3_food_04.png,true,Recraft v3,food,0.0002387371496297419
ai_food_recraft_v3_food_06.png,true,Recraft v3,food,0.0004850295663345605
ai_food_qwen_2512_food_01.png,true,Qwen 2512,food,0.999975323677063
ai_food_wan_v2.6_food_04.png,true,Wan v2.6,food,0.9994686245918274
ai_food_wan_v2.6_food_10.png,true,Wan v2.6,food,2.3983198843779974e-05
ai_food_hunyuan_v3_food_02.png,true,Hunyuan v3,food,0.00030721715302206576
ai_food_z_image_food_01.png,true,Z,food,4.2451465560588986e-06
ai_food_hunyuan_v3_food_03.png,true,Hunyuan v3,food,0.022385021671652794
ai_food_wan_v2.6_food_05.png,true,Wan v2.6,food,0.05733739584684372
ai_food_recraft_v3_food_07.png,true,Recraft v3,food,0.029229786247015
ai_food_recraft_v3_food_03.png,true,Recraft v3,food,0.0006717882351949811
ai_food_wan_v2.6_food_01.png,true,Wan v2.6,food,0.003980676177889109
ai_food_qwen_2512_food_10.png,true,Qwen 2512,food,1.0719077181420289e-05
ai_food_flux_2_flex_food_09.png,true,Flux,food,0.05916786566376686
ai_food_qwen_2512_food_04.png,true,Qwen 2512,food,0.9993103742599487
ai_food_hunyuan_v3_food_07.png,true,Hunyuan v3,food,0.2679479420185089
ai_food_z_image_food_05.png,true,Z,food,0.0020246163476258516
ai_food_z_image_food_04.png,true,Z,food,0.7868881225585938
ai_food_hunyuan_v3_food_06.png,true,Hunyuan v3,food,0.00025881623150780797
ai_food_z_image_food_10.png,true,Z,food,0.00608835369348526
ai_food_flux_2_flex_food_08.png,true,Flux,food,0.9615195393562317
ai_food_qwen_2512_food_05.png,true,Qwen 2512,food,0.0019541392102837563
ai_food_recraft_v3_food_02.png,true,Recraft v3,food,0.23625291883945465
ai_food_wan_v2.6_food_02.png,true,Wan v2.6,food,0.9744818806648254
ai_food_qwen_2512_food_07.png,true,Qwen 2512,food,0.9994741082191467
ai_food_hunyuan_v3_food_04.png,true,Hunyuan v3,food,0.014686085283756256
ai_food_z_image_food_06.png,true,Z,food,0.19982635974884033
ai_food_hunyuan_v3_food_10.png,true,Hunyuan v3,food,2.351937655475922e-05
ai_food_z_image_food_07.png,true,Z,food,0.005244587082415819
ai_food_hunyuan_v3_food_05.png,true,Hunyuan v3,food,9.681913070380688e-06
ai_food_qwen_2512_food_06.png,true,Qwen 2512,food,0.9359250068664551
ai_food_wan_v2.6_food_03.png,true,Wan v2.6,food,0.4419703185558319
ai_food_recraft_v3_food_01.png,true,Recraft v3,food,0.04972223564982414
ai_food_ideogram_v3_food_05.png,true,Ideogram v3,food,0.03608493506908417
ai_food_seedream_v4_food_07.png,true,Seedream,food,0.00018900261784438044
ai_food_glm_image_food_01.png,true,GLM Image,food,0.9998866319656372
ai_food_grok_aurora_food_05.png,true,Grok Aurora,food,0.007644984405487776
ai_food_gpt_image_1.5_food_08.png,true,Gpt,food,8.893112681107596e-05
ai_food_gpt_image_1.5_food_09.png,true,Gpt,food,0.0003371174680069089
ai_food_grok_aurora_food_04.png,true,Grok Aurora,food,0.004331174772232771
ai_food_grok_aurora_food_10.png,true,Grok Aurora,food,3.667264536488801e-05
ai_food_seedream_v4_food_06.png,true,Seedream,food,0.014793968759477139
ai_food_ideogram_v3_food_10.png,true,Ideogram v3,food,1.914680251502432e-05
ai_food_ideogram_v3_food_04.png,true,Ideogram v3,food,0.9898942112922668
ai_food_seedream_v3_food_08.png,true,Seedream,food,3.3763658393581863e-06
ai_food_seedream_v4_food_04.png,true,Seedream,food,5.939221955486573e-05
ai_food_seedream_v4_food_10.png,true,Seedream,food,2.827614025591174e-06
ai_food_ideogram_v3_food_06.png,true,Ideogram v3,food,0.00022855594579596072
ai_food_flux_schnell_food_09.png,true,Flux Schnell,food,0.0022737288381904364
ai_food_glm_image_food_02.png,true,GLM Image,food,7.151715544750914e-05
ai_food_grok_aurora_food_06.png,true,Grok Aurora,food,0.8921670913696289
ai_food_grok_aurora_food_07.png,true,Grok Aurora,food,0.028545010834932327
ai_food_glm_image_food_03.png,true,GLM Image,food,0.002076034201309085
ai_food_flux_schnell_food_08.png,true,Flux Schnell,food,0.00046312905033119023
ai_food_ideogram_v3_food_07.png,true,Ideogram v3,food,0.011007500812411308
ai_food_seedream_v4_food_05.png,true,Seedream,food,0.00044356207945384085
ai_food_seedream_v3_food_09.png,true,Seedream,food,0.00021082413149997592
ai_food_seedream_v4_food_01.png,true,Seedream,food,1.7506965377833694e-05
ai_food_ideogram_v3_food_03.png,true,Ideogram v3,food,0.1056288406252861
ai_food_glm_image_food_07.png,true,GLM Image,food,0.008654562756419182
ai_food_grok_aurora_food_03.png,true,Grok Aurora,food,0.027158645913004875
ai_food_grok_aurora_food_02.png,true,Grok Aurora,food,1.8636474123923108e-05
ai_food_glm_image_food_06.png,true,GLM Image,food,0.9883792400360107
ai_food_ideogram_v3_food_02.png,true,Ideogram v3,food,0.0003861375735141337
ai_food_gemini_3_pro_food_08.png,true,Gemini 3 Pro,food,2.3334271190833533e-06
ai_food_seedream_v4_food_02.png,true,Seedream,food,0.0032172733917832375
ai_food_leonardo_phoenix_food_09.png,true,Leonardo Phoenix,food,0.9991602897644043
ai_food_glm_image_food_10.png,true,GLM Image,food,0.7633055448532104
ai_food_glm_image_food_04.png,true,GLM Image,food,0.7233385443687439
ai_food_flux_pro_v1.1_food_09.png,true,Flux Pro v1.1,food,0.0007052771979942918
ai_food_flux_pro_v1.1_food_08.png,true,Flux Pro v1.1,food,4.1556933865649626e-05
ai_food_grok_aurora_food_01.png,true,Grok Aurora,food,0.0006069265655241907
ai_food_glm_image_food_05.png,true,GLM Image,food,0.175137460231781
ai_food_leonardo_phoenix_food_08.png,true,Leonardo Phoenix,food,0.0008245359058491886
ai_food_seedream_v4_food_03.png,true,Seedream,food,3.177335747750476e-05
ai_food_ideogram_v3_food_01.png,true,Ideogram v3,food,0.006905907765030861
ai_food_gemini_3_pro_food_09.png,true,Gemini 3 Pro,food,0.005468353629112244
ai_animal_flux_pro_v1.1_animal_07.png,true,Flux Pro v1.1,animal,0.32437464594841003
ai_animal_seedream_v3_animal_10.png,true,Seedream,animal,0.6835176348686218
ai_animal_seedream_v3_animal_04.png,true,Seedream,animal,0.000184655626071617
ai_animal_ideogram_v3_animal_03.png,true,Ideogram v3,animal,0.7594038248062134
ai_animal_flux_2_flex_animal_07.png,true,Flux,animal,0.0010689151240512729
ai_animal_seedream_v4_animal_01.png,true,Seedream,animal,4.478315531741828e-05
ai_animal_flux_2_flex_animal_06.png,true,Flux,animal,0.9999388456344604
ai_animal_gemini_3_pro_animal_01.png,true,Gemini 3 Pro,animal,2.1930514776613563e-05
ai_animal_ideogram_v3_animal_02.png,true,Ideogram v3,animal,0.9530032277107239
ai_animal_seedream_v3_animal_05.png,true,Seedream,animal,7.793588883941993e-05
ai_animal_flux_pro_v1.1_animal_06.png,true,Flux Pro v1.1,animal,0.000787068682257086
ai_animal_flux_pro_v1.1_animal_04.png,true,Flux Pro v1.1,animal,0.9998708963394165
ai_animal_flux_pro_v1.1_animal_10.png,true,Flux Pro v1.1,animal,0.9417886137962341
ai_animal_seedream_v3_animal_07.png,true,Seedream,animal,0.09113272279500961
ai_animal_sd_3.5_large_animal_09.png,true,Sd,animal,0.1708098202943802
ai_animal_gemini_3_pro_animal_03.png,true,Gemini 3 Pro,animal,1.1319996701786295e-05
ai_animal_flux_2_flex_animal_04.png,true,Flux,animal,0.9528566598892212
ai_animal_flux_2_flex_animal_10.png,true,Flux,animal,0.9975305199623108
ai_animal_seedream_v4_animal_03.png,true,Seedream,animal,0.00013956778275314718
ai_animal_seedream_v4_animal_02.png,true,Seedream,animal,0.029935799539089203
ai_animal_flux_2_flex_animal_05.png,true,Flux,animal,0.35063815116882324
ai_animal_gemini_3_pro_animal_02.png,true,Gemini 3 Pro,animal,0.04655444622039795
ai_animal_ideogram_v3_animal_01.png,true,Ideogram v3,animal,5.064583547209622e-06
ai_animal_sd_3.5_large_animal_08.png,true,Sd,animal,0.622250497341156
ai_animal_seedream_v3_animal_06.png,true,Seedream,animal,0.4597545564174652
ai_animal_flux_pro_v1.1_animal_05.png,true,Flux Pro v1.1,animal,0.00013625742576550692
ai_animal_seedream_v3_animal_02.png,true,Seedream,animal,0.9876331090927124
ai_animal_flux_pro_v1.1_animal_01.png,true,Flux Pro v1.1,animal,0.9998679161071777
ai_animal_gemini_3_pro_animal_06.png,true,Gemini 3 Pro,animal,0.00413365988060832
ai_animal_ideogram_v3_animal_05.png,true,Ideogram v3,animal,0.02930196188390255
ai_animal_flux_2_flex_animal_01.png,true,Flux,animal,0.9999918937683105
ai_animal_seedream_v4_animal_06.png,true,Seedream,animal,0.9907326698303223
ai_animal_seedream_v4_animal_07.png,true,Seedream,animal,4.824790721613681e-06
ai_animal_ideogram_v3_animal_10.png,true,Ideogram v3,animal,0.4880388677120209
ai_animal_ideogram_v3_animal_04.png,true,Ideogram v3,animal,0.00022661169350612909
ai_animal_gemini_3_pro_animal_07.png,true,Gemini 3 Pro,animal,3.3713754419295583e-06
ai_animal_seedream_v3_animal_03.png,true,Seedream,animal,0.9875634908676147
ai_animal_seedream_v3_animal_01.png,true,Seedream,animal,0.19746096432209015
ai_animal_flux_pro_v1.1_animal_02.png,true,Flux Pro v1.1,animal,0.9989320635795593
ai_animal_gemini_3_pro_animal_05.png,true,Gemini 3 Pro,animal,5.687921293429099e-05
ai_animal_ideogram_v3_animal_06.png,true,Ideogram v3,animal,0.99974125623703
ai_animal_flux_2_flex_animal_02.png,true,Flux,animal,0.9997401833534241
ai_animal_seedream_v4_animal_05.png,true,Seedream,animal,8.922695087676402e-06
ai_animal_qwen_2512_animal_08.png,true,Qwen 2512,animal,0.9820483326911926
ai_animal_qwen_2512_animal_09.png,true,Qwen 2512,animal,0.023454060778021812
ai_animal_seedream_v4_animal_10.png,true,Seedream,animal,6.13736774539575e-05
ai_animal_seedream_v4_animal_04.png,true,Seedream,animal,0.008440081030130386
ai_animal_flux_2_flex_animal_03.png,true,Flux,animal,0.9997215867042542
ai_animal_ideogram_v3_animal_07.png,true,Ideogram v3,animal,9.27933524508262e-06
ai_animal_gemini_3_pro_animal_04.png,true,Gemini 3 Pro,animal,3.5463194762996864e-06
ai_animal_gemini_3_pro_animal_10.png,true,Gemini 3 Pro,animal,3.9716233004583046e-05
ai_animal_flux_pro_v1.1_animal_03.png,true,Flux Pro v1.1,animal,0.9996247291564941
ai_animal_flux_schnell_animal_01.png,true,Flux Schnell,animal,0.9999891519546509
ai_animal_z_image_animal_06.png,true,Z,animal,0.9998026490211487
ai_animal_grok_aurora_animal_10.png,true,Grok Aurora,animal,0.29887402057647705
ai_animal_grok_aurora_animal_04.png,true,Grok Aurora,animal,0.01666576787829399
ai_animal_glm_image_animal_06.png,true,GLM Image,animal,0.9999257326126099
ai_animal_recraft_v3_animal_02.png,true,Recraft v3,animal,0.9062491059303284
ai_animal_glm_image_animal_07.png,true,GLM Image,animal,0.21747536957263947
ai_animal_recraft_v3_animal_03.png,true,Recraft v3,animal,0.045131612569093704
ai_animal_grok_aurora_animal_05.png,true,Grok Aurora,animal,0.16443683207035065
ai_animal_z_image_animal_07.png,true,Z,animal,0.155425027012825
ai_animal_flux_schnell_animal_02.png,true,Flux Schnell,animal,0.9999927282333374
ai_animal_z_image_animal_05.png,true,Z,animal,0.008112149313092232
ai_animal_grok_aurora_animal_07.png,true,Grok Aurora,animal,6.829678795838845e-07
ai_animal_recraft_v3_animal_01.png,true,Recraft v3,animal,0.006612040568143129
ai_animal_glm_image_animal_05.png,true,GLM Image,animal,0.9999970197677612
ai_animal_glm_image_animal_10.png,true,GLM Image,animal,0.003060820046812296
ai_animal_glm_image_animal_04.png,true,GLM Image,animal,0.002813728293403983
ai_animal_grok_aurora_animal_06.png,true,Grok Aurora,animal,0.0001988531439565122
ai_animal_z_image_animal_10.png,true,Z,animal,0.9999947547912598
ai_animal_z_image_animal_04.png,true,Z,animal,0.000998585601337254
ai_animal_flux_schnell_animal_03.png,true,Flux Schnell,animal,0.9170536398887634
ai_animal_flux_schnell_animal_07.png,true,Flux Schnell,animal,0.02075866609811783
ai_animal_wan_v2.6_animal_09.png,true,Wan v2.6,animal,0.002087731845676899
ai_animal_hunyuan_v3_animal_09.png,true,Hunyuan v3,animal,1.8913906387751922e-05
ai_animal_grok_aurora_animal_02.png,true,Grok Aurora,animal,0.9119926691055298
ai_animal_recraft_v3_animal_04.png,true,Recraft v3,animal,0.2685955762863159
ai_animal_recraft_v3_animal_10.png,true,Recraft v3,animal,0.0652627944946289
ai_animal_gpt_image_1.5_animal_08.png,true,Gpt,animal,2.691559757295181e-06
ai_animal_gpt_image_1.5_animal_09.png,true,Gpt,animal,1.4258745068218559e-05
ai_animal_glm_image_animal_01.png,true,GLM Image,animal,0.9764591455459595
ai_animal_recraft_v3_animal_05.png,true,Recraft v3,animal,0.4256294369697571
ai_animal_grok_aurora_animal_03.png,true,Grok Aurora,animal,0.9936703443527222
ai_animal_hunyuan_v3_animal_08.png,true,Hunyuan v3,animal,0.0026082564145326614
ai_animal_flux_schnell_animal_06.png,true,Flux Schnell,animal,0.9929569959640503
ai_animal_wan_v2.6_animal_08.png,true,Wan v2.6,animal,0.004384838510304689
ai_animal_z_image_animal_01.png,true,Z,animal,0.9994681477546692
ai_animal_z_image_animal_03.png,true,Z,animal,0.6477101445198059
ai_animal_flux_schnell_animal_04.png,true,Flux Schnell,animal,0.10669827461242676
ai_animal_flux_schnell_animal_10.png,true,Flux Schnell,animal,0.9999234676361084
ai_animal_grok_aurora_animal_01.png,true,Grok Aurora,animal,5.9461643104441464e-05
ai_animal_leonardo_phoenix_animal_08.png,true,Leonardo Phoenix,animal,0.0009302257094532251
ai_animal_recraft_v3_animal_07.png,true,Recraft v3,animal,0.0016840308671817183
ai_animal_glm_image_animal_03.png,true,GLM Image,animal,0.9959956407546997
ai_animal_recraft_v3_animal_06.png,true,Recraft v3,animal,0.1958545744419098
ai_animal_glm_image_animal_02.png,true,GLM Image,animal,0.9997988343238831
ai_animal_leonardo_phoenix_animal_09.png,true,Leonardo Phoenix,animal,0.16085824370384216
ai_animal_flux_schnell_animal_05.png,true,Flux Schnell,animal,0.5307230353355408
ai_animal_z_image_animal_02.png,true,Z,animal,0.17337121069431305
ai_animal_wan_v2.6_animal_06.png,true,Wan v2.6,animal,0.9586275219917297
ai_animal_flux_schnell_animal_08.png,true,Flux Schnell,animal,0.9972936511039734
ai_animal_hunyuan_v3_animal_06.png,true,Hunyuan v3,animal,0.0009661184158176184
ai_animal_leonardo_phoenix_animal_10.png,true,Leonardo Phoenix,animal,0.9988928437232971
ai_animal_leonardo_phoenix_animal_04.png,true,Leonardo Phoenix,animal,9.050769585883245e-05
ai_animal_gpt_image_1.5_animal_07.png,true,Gpt,animal,4.805916887562489e-06
ai_animal_gpt_image_1.5_animal_06.png,true,Gpt,animal,1.7330219179712003e-06
ai_animal_leonardo_phoenix_animal_05.png,true,Leonardo Phoenix,animal,0.00017076870426535606
ai_animal_hunyuan_v3_animal_07.png,true,Hunyuan v3,animal,7.81124472268857e-05
ai_animal_wan_v2.6_animal_07.png,true,Wan v2.6,animal,0.27389079332351685
ai_animal_flux_schnell_animal_09.png,true,Flux Schnell,animal,9.365359437651932e-05
ai_animal_wan_v2.6_animal_05.png,true,Wan v2.6,animal,0.00454923277720809
ai_animal_hunyuan_v3_animal_05.png,true,Hunyuan v3,animal,0.2052881270647049
ai_animal_leonardo_phoenix_animal_07.png,true,Leonardo Phoenix,animal,0.5154192447662354
ai_animal_recraft_v3_animal_08.png,true,Recraft v3,animal,0.07679533958435059
ai_animal_gpt_image_1.5_animal_04.png,true,Gpt,animal,0.00013763953757006675
ai_animal_gpt_image_1.5_animal_10.png,true,Gpt,animal,0.12737680971622467
ai_animal_gpt_image_1.5_animal_05.png,true,Gpt,animal,2.20398783312703e-06
ai_animal_recraft_v3_animal_09.png,true,Recraft v3,animal,0.9966493248939514
ai_animal_leonardo_phoenix_animal_06.png,true,Leonardo Phoenix,animal,0.000246187555603683
ai_animal_hunyuan_v3_animal_10.png,true,Hunyuan v3,animal,0.0009153900318779051
ai_animal_hunyuan_v3_animal_04.png,true,Hunyuan v3,animal,7.738140084256884e-06
ai_animal_wan_v2.6_animal_10.png,true,Wan v2.6,animal,1.5687126506236382e-05
ai_animal_wan_v2.6_animal_04.png,true,Wan v2.6,animal,2.94242927338928e-05
ai_animal_z_image_animal_09.png,true,Z,animal,0.005498867016285658
ai_animal_leonardo_phoenix_animal_02.png,true,Leonardo Phoenix,animal,0.336863249540329
ai_animal_gpt_image_1.5_animal_01.png,true,Gpt,animal,1.4521677258017007e-05
ai_animal_glm_image_animal_09.png,true,GLM Image,animal,0.0009202176006510854
ai_animal_glm_image_animal_08.png,true,GLM Image,animal,0.40727290511131287
ai_animal_leonardo_phoenix_animal_03.png,true,Leonardo Phoenix,animal,0.000657516997307539
ai_animal_hunyuan_v3_animal_01.png,true,Hunyuan v3,animal,0.00011367068509571254
ai_animal_z_image_animal_08.png,true,Z,animal,0.8374170064926147
ai_animal_wan_v2.6_animal_01.png,true,Wan v2.6,animal,0.004181306343525648
ai_animal_wan_v2.6_animal_03.png,true,Wan v2.6,animal,9.078360017156228e-05
ai_animal_grok_aurora_animal_08.png,true,Grok Aurora,animal,4.2068518268933985e-06
ai_animal_hunyuan_v3_animal_03.png,true,Hunyuan v3,animal,0.9877411723136902
ai_animal_leonardo_phoenix_animal_01.png,true,Leonardo Phoenix,animal,0.05217006430029869
ai_animal_gpt_image_1.5_animal_02.png,true,Gpt,animal,8.059198989940342e-06
ai_animal_gpt_image_1.5_animal_03.png,true,Gpt,animal,0.0002395052433712408
ai_animal_hunyuan_v3_animal_02.png,true,Hunyuan v3,animal,0.9987760186195374
ai_animal_grok_aurora_animal_09.png,true,Grok Aurora,animal,0.00010552270396146923
ai_animal_wan_v2.6_animal_02.png,true,Wan v2.6,animal,1.3400267562246881e-05
ai_animal_sd_3.5_large_animal_03.png,true,Sd,animal,0.0017274372512474656
ai_animal_gemini_3_pro_animal_09.png,true,Gemini 3 Pro,animal,0.0681806355714798
ai_animal_qwen_2512_animal_04.png,true,Qwen 2512,animal,2.851698809536174e-05
ai_animal_seedream_v4_animal_09.png,true,Seedream,animal,1.9048718513658969e-06
ai_animal_qwen_2512_animal_10.png,true,Qwen 2512,animal,0.9642707705497742
ai_animal_seedream_v4_animal_08.png,true,Seedream,animal,6.024227332090959e-06
ai_animal_qwen_2512_animal_05.png,true,Qwen 2512,animal,0.002198304980993271
ai_animal_gemini_3_pro_animal_08.png,true,Gemini 3 Pro,animal,3.840467797999736e-06
ai_animal_sd_3.5_large_animal_02.png,true,Sd,animal,0.9982669353485107
ai_animal_ideogram_v3_animal_09.png,true,Ideogram v3,animal,0.09886372089385986
ai_animal_qwen_2512_animal_07.png,true,Qwen 2512,animal,0.08029913157224655
ai_animal_qwen_2512_animal_06.png,true,Qwen 2512,animal,0.9988685846328735
ai_animal_ideogram_v3_animal_08.png,true,Ideogram v3,animal,5.0988102884730324e-05
ai_animal_sd_3.5_large_animal_01.png,true,Sd,animal,0.0010661482810974121
ai_animal_flux_pro_v1.1_animal_08.png,true,Flux Pro v1.1,animal,4.492545940593118e-06
ai_animal_sd_3.5_large_animal_05.png,true,Sd,animal,0.0031879006419330835
ai_animal_flux_2_flex_animal_08.png,true,Flux,animal,0.14700619876384735
ai_animal_qwen_2512_animal_02.png,true,Qwen 2512,animal,0.19114595651626587
ai_animal_qwen_2512_animal_03.png,true,Qwen 2512,animal,0.9996286630630493
ai_animal_flux_2_flex_animal_09.png,true,Flux,animal,0.9232463240623474
ai_animal_sd_3.5_large_animal_10.png,true,Sd,animal,0.02561395987868309
ai_animal_sd_3.5_large_animal_04.png,true,Sd,animal,3.2268958420900162e-06
ai_animal_flux_pro_v1.1_animal_09.png,true,Flux Pro v1.1,animal,0.00010245273006148636
ai_animal_seedream_v3_animal_08.png,true,Seedream,animal,2.334272949156002e-06
ai_animal_sd_3.5_large_animal_06.png,true,Sd,animal,0.04641090705990791
ai_animal_qwen_2512_animal_01.png,true,Qwen 2512,animal,0.9999735355377197
ai_animal_sd_3.5_large_animal_07.png,true,Sd,animal,0.012298266403377056
ai_animal_seedream_v3_animal_09.png,true,Seedream,animal,0.0003116225707344711
ai_landscape_gemini_3_pro_landscape_04.png,true,Gemini 3 Pro,landscape,2.2078938854974695e-05
ai_landscape_gemini_3_pro_landscape_10.png,true,Gemini 3 Pro,landscape,0.000365672807674855
ai_landscape_flux_schnell_landscape_01.png,true,Flux Schnell,landscape,0.001933544990606606
ai_landscape_gemini_3_pro_landscape_05.png,true,Gemini 3 Pro,landscape,5.144491296960041e-06
ai_landscape_gpt_image_1.5_landscape_08.png,true,Gpt,landscape,0.6503729820251465
ai_landscape_hunyuan_v3_landscape_09.png,true,Hunyuan v3,landscape,4.532650564215146e-06
ai_landscape_sd_3.5_large_landscape_09.png,true,Sd,landscape,9.641789802117273e-05
ai_landscape_gemini_3_pro_landscape_07.png,true,Gemini 3 Pro,landscape,6.32499431958422e-05
ai_landscape_flux_schnell_landscape_02.png,true,Flux Schnell,landscape,0.0006086960784159601
ai_landscape_flux_schnell_landscape_03.png,true,Flux Schnell,landscape,0.007048540748655796
ai_landscape_gemini_3_pro_landscape_06.png,true,Gemini 3 Pro,landscape,0.00037207716377452016
ai_landscape_sd_3.5_large_landscape_08.png,true,Sd,landscape,0.03789293020963669
ai_landscape_hunyuan_v3_landscape_08.png,true,Hunyuan v3,landscape,1.2214951311761979e-05
ai_landscape_gpt_image_1.5_landscape_09.png,true,Gpt,landscape,6.268025026656687e-05
ai_landscape_gemini_3_pro_landscape_02.png,true,Gemini 3 Pro,landscape,5.412859536590986e-05
ai_landscape_flux_schnell_landscape_07.png,true,Flux Schnell,landscape,9.499639418208972e-06
ai_landscape_flux_schnell_landscape_06.png,true,Flux Schnell,landscape,0.0008662763866595924
ai_landscape_gemini_3_pro_landscape_03.png,true,Gemini 3 Pro,landscape,0.2467622011899948
ai_landscape_gemini_3_pro_landscape_01.png,true,Gemini 3 Pro,landscape,0.0015669760759919882
ai_landscape_z_image_landscape_09.png,true,Z,landscape,0.9995642304420471
ai_landscape_flux_schnell_landscape_04.png,true,Flux Schnell,landscape,0.05157720297574997
ai_landscape_flux_schnell_landscape_10.png,true,Flux Schnell,landscape,1.1769476486733765e-06
ai_landscape_flux_schnell_landscape_05.png,true,Flux Schnell,landscape,8.697283192304894e-05
ai_landscape_z_image_landscape_08.png,true,Z,landscape,0.00436501344665885
ai_landscape_leonardo_phoenix_landscape_04.png,true,Leonardo Phoenix,landscape,1.948579665622674e-05
ai_landscape_flux_pro_v1.1_landscape_04.png,true,Flux Pro v1.1,landscape,0.0001600710384082049
ai_landscape_flux_pro_v1.1_landscape_10.png,true,Flux Pro v1.1,landscape,2.422722218398121e-06
ai_landscape_ideogram_v3_landscape_08.png,true,Ideogram v3,landscape,5.432441412267508e-06
ai_landscape_qwen_2512_landscape_08.png,true,Qwen 2512,landscape,0.994320273399353
ai_landscape_grok_aurora_landscape_03.png,true,Grok Aurora,landscape,0.0034659754019230604
ai_landscape_wan_v2.6_landscape_05.png,true,Wan v2.6,landscape,0.00017946121806744486
ai_landscape_recraft_v3_landscape_09.png,true,Recraft v3,landscape,0.9938979744911194
ai_landscape_seedream_v4_landscape_05.png,true,Seedream,landscape,0.00029406140674836934
ai_landscape_seedream_v4_landscape_04.png,true,Seedream,landscape,0.00014893033949192613
ai_landscape_seedream_v4_landscape_10.png,true,Seedream,landscape,2.6775662263389677e-05
ai_landscape_recraft_v3_landscape_08.png,true,Recraft v3,landscape,0.2638881504535675
ai_landscape_wan_v2.6_landscape_04.png,true,Wan v2.6,landscape,0.007831697352230549
ai_landscape_wan_v2.6_landscape_10.png,true,Wan v2.6,landscape,0.012203924357891083
ai_landscape_grok_aurora_landscape_02.png,true,Grok Aurora,landscape,0.01788075640797615
ai_landscape_qwen_2512_landscape_09.png,true,Qwen 2512,landscape,0.006380948703736067
ai_landscape_ideogram_v3_landscape_09.png,true,Ideogram v3,landscape,3.687889693537727e-05
ai_landscape_flux_pro_v1.1_landscape_05.png,true,Flux Pro v1.1,landscape,0.00016876212612260133
ai_landscape_leonardo_phoenix_landscape_07.png,true,Leonardo Phoenix,landscape,0.0023605981841683388
ai_landscape_flux_2_flex_landscape_08.png,true,Flux,landscape,0.005940356757491827
ai_landscape_seedream_v3_landscape_08.png,true,Seedream,landscape,5.8746911236085e-05
ai_landscape_glm_image_landscape_09.png,true,GLM Image,landscape,0.04315957799553871
ai_landscape_flux_pro_v1.1_landscape_07.png,true,Flux Pro v1.1,landscape,5.005594175599981e-06
ai_landscape_wan_v2.6_landscape_06.png,true,Wan v2.6,landscape,0.9995704293251038
ai_landscape_seedream_v4_landscape_06.png,true,Seedream,landscape,6.830662459833547e-05
ai_landscape_seedream_v4_landscape_07.png,true,Seedream,landscape,5.504973159986548e-05
ai_landscape_wan_v2.6_landscape_07.png,true,Wan v2.6,landscape,0.004776008892804384
ai_landscape_grok_aurora_landscape_01.png,true,Grok Aurora,landscape,0.002893964061513543
ai_landscape_flux_pro_v1.1_landscape_06.png,true,Flux Pro v1.1,landscape,0.00014009900041855872
ai_landscape_glm_image_landscape_08.png,true,GLM Image,landscape,0.997480571269989
ai_landscape_seedream_v3_landscape_09.png,true,Seedream,landscape,0.007636838126927614
ai_landscape_flux_2_flex_landscape_09.png,true,Flux,landscape,0.006434699520468712
ai_landscape_leonardo_phoenix_landscape_06.png,true,Leonardo Phoenix,landscape,0.9892634749412537
ai_landscape_leonardo_phoenix_landscape_02.png,true,Leonardo Phoenix,landscape,0.05474597215652466
ai_landscape_flux_pro_v1.1_landscape_02.png,true,Flux Pro v1.1,landscape,0.001935522654093802
ai_landscape_grok_aurora_landscape_05.png,true,Grok Aurora,landscape,4.564620667224517e-06
ai_landscape_wan_v2.6_landscape_03.png,true,Wan v2.6,landscape,0.9986295700073242
ai_landscape_seedream_v4_landscape_03.png,true,Seedream,landscape,0.000494228326715529
ai_landscape_seedream_v4_landscape_02.png,true,Seedream,landscape,0.0003583944635465741
ai_landscape_wan_v2.6_landscape_02.png,true,Wan v2.6,landscape,0.7053902745246887
ai_landscape_grok_aurora_landscape_04.png,true,Grok Aurora,landscape,0.2350158840417862
ai_landscape_grok_aurora_landscape_10.png,true,Grok Aurora,landscape,2.6183902264165226e-06
ai_landscape_flux_pro_v1.1_landscape_03.png,true,Flux Pro v1.1,landscape,0.8167203068733215
ai_landscape_leonardo_phoenix_landscape_03.png,true,Leonardo Phoenix,landscape,0.1517486870288849
ai_landscape_leonardo_phoenix_landscape_01.png,true,Leonardo Phoenix,landscape,0.00026127227465622127
ai_landscape_flux_pro_v1.1_landscape_01.png,true,Flux Pro v1.1,landscape,0.004692587070167065
ai_landscape_grok_aurora_landscape_06.png,true,Grok Aurora,landscape,0.988825261592865
ai_landscape_seedream_v4_landscape_01.png,true,Seedream,landscape,4.394444840727374e-05
ai_landscape_wan_v2.6_landscape_01.png,true,Wan v2.6,landscape,0.41690024733543396
ai_landscape_grok_aurora_landscape_07.png,true,Grok Aurora,landscape,0.8797900676727295
ai_landscape_flux_2_flex_landscape_02.png,true,Flux,landscape,0.26499632000923157
ai_landscape_glm_image_landscape_03.png,true,GLM Image,landscape,0.9773244261741638
ai_landscape_seedream_v3_landscape_02.png,true,Seedream,landscape,1.1840485058201011e-05
ai_landscape_ideogram_v3_landscape_01.png,true,Ideogram v3,landscape,4.838531367568066e-06
ai_landscape_qwen_2512_landscape_01.png,true,Qwen 2512,landscape,0.07312408834695816
ai_landscape_recraft_v3_landscape_01.png,true,Recraft v3,landscape,0.9503964781761169
ai_landscape_seedream_v3_landscape_03.png,true,Seedream,landscape,0.05883471295237541
ai_landscape_glm_image_landscape_02.png,true,GLM Image,landscape,0.6265897154808044
ai_landscape_flux_2_flex_landscape_03.png,true,Flux,landscape,0.9930626749992371
ai_landscape_flux_2_flex_landscape_01.png,true,Flux,landscape,0.9917101263999939
ai_landscape_seedream_v3_landscape_01.png,true,Seedream,landscape,0.04868336021900177
ai_landscape_ideogram_v3_landscape_02.png,true,Ideogram v3,landscape,8.203790457628202e-06
ai_landscape_qwen_2512_landscape_02.png,true,Qwen 2512,landscape,0.1718023121356964
ai_landscape_grok_aurora_landscape_09.png,true,Grok Aurora,landscape,3.6169654777040705e-05
ai_landscape_recraft_v3_landscape_03.png,true,Recraft v3,landscape,0.8646330833435059
ai_landscape_recraft_v3_landscape_02.png,true,Recraft v3,landscape,0.7885171175003052
ai_landscape_grok_aurora_landscape_08.png,true,Grok Aurora,landscape,3.24516549881082e-05
ai_landscape_qwen_2512_landscape_03.png,true,Qwen 2512,landscape,0.0016804873012006283
ai_landscape_ideogram_v3_landscape_03.png,true,Ideogram v3,landscape,0.0009893671376630664
ai_landscape_glm_image_landscape_01.png,true,GLM Image,landscape,0.9675801396369934
ai_landscape_flux_2_flex_landscape_10.png,true,Flux,landscape,8.969259397417773e-07
ai_landscape_flux_2_flex_landscape_04.png,true,Flux,landscape,0.5959770083427429
ai_landscape_seedream_v3_landscape_10.png,true,Seedream,landscape,1.55079487740295e-06
ai_landscape_seedream_v3_landscape_04.png,true,Seedream,landscape,5.11797952640336e-05
ai_landscape_glm_image_landscape_05.png,true,GLM Image,landscape,0.0011818745406344533
ai_landscape_ideogram_v3_landscape_07.png,true,Ideogram v3,landscape,0.2460499405860901
ai_landscape_qwen_2512_landscape_07.png,true,Qwen 2512,landscape,0.04457469284534454
ai_landscape_recraft_v3_landscape_06.png,true,Recraft v3,landscape,0.2320103794336319
ai_landscape_recraft_v3_landscape_07.png,true,Recraft v3,landscape,0.12527433037757874
ai_landscape_qwen_2512_landscape_06.png,true,Qwen 2512,landscape,0.9011516571044922
ai_landscape_ideogram_v3_landscape_06.png,true,Ideogram v3,landscape,0.0031602145172655582
ai_landscape_glm_image_landscape_10.png,true,GLM Image,landscape,0.9128695130348206
ai_landscape_glm_image_landscape_04.png,true,GLM Image,landscape,0.004998633172363043
ai_landscape_seedream_v3_landscape_05.png,true,Seedream,landscape,7.24460596757126e-06
ai_landscape_flux_2_flex_landscape_05.png,true,Flux,landscape,2.8401454983395524e-05
ai_landscape_flux_2_flex_landscape_07.png,true,Flux,landscape,0.024757152423262596
ai_landscape_leonardo_phoenix_landscape_08.png,true,Leonardo Phoenix,landscape,0.0016183409607037902
ai_landscape_seedream_v3_landscape_07.png,true,Seedream,landscape,1.1020000783901196e-05
ai_landscape_glm_image_landscape_06.png,true,GLM Image,landscape,0.9958472847938538
ai_landscape_flux_pro_v1.1_landscape_08.png,true,Flux Pro v1.1,landscape,2.0365496311569586e-05
ai_landscape_ideogram_v3_landscape_10.png,true,Ideogram v3,landscape,1.4298439054982737e-06
ai_landscape_ideogram_v3_landscape_04.png,true,Ideogram v3,landscape,0.003900780575349927
ai_landscape_qwen_2512_landscape_10.png,true,Qwen 2512,landscape,6.719353223161306e-06
ai_landscape_qwen_2512_landscape_04.png,true,Qwen 2512,landscape,0.009311864152550697
ai_landscape_wan_v2.6_landscape_09.png,true,Wan v2.6,landscape,6.326985021587461e-05
ai_landscape_recraft_v3_landscape_05.png,true,Recraft v3,landscape,0.03133341670036316
ai_landscape_seedream_v4_landscape_09.png,true,Seedream,landscape,0.0004085964465048164
ai_landscape_seedream_v4_landscape_08.png,true,Seedream,landscape,0.00015634212468285114
ai_landscape_recraft_v3_landscape_10.png,true,Recraft v3,landscape,0.9373303651809692
ai_landscape_recraft_v3_landscape_04.png,true,Recraft v3,landscape,0.0004025670059490949
ai_landscape_wan_v2.6_landscape_08.png,true,Wan v2.6,landscape,0.9906584024429321
ai_landscape_qwen_2512_landscape_05.png,true,Qwen 2512,landscape,0.01130814477801323
ai_landscape_ideogram_v3_landscape_05.png,true,Ideogram v3,landscape,1.6735524695832282e-05
ai_landscape_flux_pro_v1.1_landscape_09.png,true,Flux Pro v1.1,landscape,0.06459056586027145
ai_landscape_glm_image_landscape_07.png,true,GLM Image,landscape,0.14294478297233582
ai_landscape_seedream_v3_landscape_06.png,true,Seedream,landscape,7.257316156028537e-06
ai_landscape_leonardo_phoenix_landscape_09.png,true,Leonardo Phoenix,landscape,0.9915158748626709
ai_landscape_flux_2_flex_landscape_06.png,true,Flux,landscape,0.7878822088241577
ai_landscape_gpt_image_1.5_landscape_02.png,true,Gpt,landscape,6.650271825492382e-05
ai_landscape_hunyuan_v3_landscape_03.png,true,Hunyuan v3,landscape,4.779742084792815e-05
ai_landscape_z_image_landscape_05.png,true,Z,landscape,0.09161639958620071
ai_landscape_sd_3.5_large_landscape_03.png,true,Sd,landscape,0.9633190035820007
ai_landscape_flux_schnell_landscape_08.png,true,Flux Schnell,landscape,0.0003431331133469939
ai_landscape_flux_schnell_landscape_09.png,true,Flux Schnell,landscape,0.9615398049354553
ai_landscape_z_image_landscape_10.png,true,Z,landscape,0.9996942281723022
ai_landscape_sd_3.5_large_landscape_02.png,true,Sd,landscape,4.5072229113429785e-05
ai_landscape_z_image_landscape_04.png,true,Z,landscape,0.9973663687705994
ai_landscape_hunyuan_v3_landscape_02.png,true,Hunyuan v3,landscape,6.411372305592522e-05
ai_landscape_gpt_image_1.5_landscape_03.png,true,Gpt,landscape,0.00029296474531292915
ai_landscape_gpt_image_1.5_landscape_01.png,true,Gpt,landscape,0.0005030861939303577
ai_landscape_z_image_landscape_06.png,true,Z,landscape,0.00034003815380856395
ai_landscape_sd_3.5_large_landscape_01.png,true,Sd,landscape,0.007310639601200819
ai_landscape_z_image_landscape_07.png,true,Z,landscape,0.00013254872465040535
ai_landscape_hunyuan_v3_landscape_01.png,true,Hunyuan v3,landscape,6.019453940098174e-05
ai_landscape_gpt_image_1.5_landscape_04.png,true,Gpt,landscape,0.0004692651273217052
ai_landscape_gpt_image_1.5_landscape_10.png,true,Gpt,landscape,2.3724956008663867e-06
ai_landscape_hunyuan_v3_landscape_05.png,true,Hunyuan v3,landscape,1.891153033284354e-06
ai_landscape_sd_3.5_large_landscape_05.png,true,Sd,landscape,0.0021886543836444616
ai_landscape_z_image_landscape_03.png,true,Z,landscape,0.9679152369499207
ai_landscape_z_image_landscape_02.png,true,Z,landscape,0.31344205141067505
ai_landscape_sd_3.5_large_landscape_04.png,true,Sd,landscape,0.0002819423680193722
ai_landscape_sd_3.5_large_landscape_10.png,true,Sd,landscape,4.8184679144469555e-06
ai_landscape_hunyuan_v3_landscape_04.png,true,Hunyuan v3,landscape,0.0015841752756386995
ai_landscape_hunyuan_v3_landscape_10.png,true,Hunyuan v3,landscape,7.759636901027989e-06
ai_landscape_gpt_image_1.5_landscape_05.png,true,Gpt,landscape,4.4155494833830744e-05
ai_landscape_gpt_image_1.5_landscape_07.png,true,Gpt,landscape,3.187136371707311e-06
ai_landscape_hunyuan_v3_landscape_06.png,true,Hunyuan v3,landscape,0.0001352294348180294
ai_landscape_sd_3.5_large_landscape_06.png,true,Sd,landscape,0.001065885298885405
ai_landscape_gemini_3_pro_landscape_08.png,true,Gemini 3 Pro,landscape,0.00027769242296926677
ai_landscape_gemini_3_pro_landscape_09.png,true,Gemini 3 Pro,landscape,7.493978773709387e-05
ai_landscape_z_image_landscape_01.png,true,Z,landscape,0.0007413504063151777
ai_landscape_sd_3.5_large_landscape_07.png,true,Sd,landscape,3.3805852581281215e-05
ai_landscape_hunyuan_v3_landscape_07.png,true,Hunyuan v3,landscape,9.22884137253277e-05
ai_landscape_gpt_image_1.5_landscape_06.png,true,Gpt,landscape,0.0002134468813892454
real_art_art_79_oil_painting_of_countryside_landscape_in_frame.jpg,false,,art,0.001362843788228929
real_art_art_163_tLQRMO33DeI.jpg,false,,art,0.0005795760662294924
real_art_art_082_wzSfjeKGiLk.jpg,false,,art,0.0027861492708325386
real_art_art_114_11SmxL6FI1A.jpg,false,,art,0.00020889264123979956
real_art_art_58_watercolor_landscape_painting.jpg,false,,art,2.0911722458549775e-05
real_art_art_040_T2LEdBxpm54.jpg,false,,art,7.332641689572483e-05
real_art_art_105_HzNNbeGmJko.jpg,false,,art,3.1032816423248732e-06
real_art_art_68_vintage_botanical_illustration.jpg,false,,art,0.010444928891956806
real_art_art_164_GoJrwnPNPbg.jpg,false,,art,2.7106166271551047e-06
real_art_art_73_colorful_street_art_graffiti_mural.jpg,false,,art,0.002582812448963523
real_art_art_112_zelgyeLINKc.jpg,false,,art,1.5199519111774862e-05
real_art_art_034_bkY4pok-UM0.jpg,false,,art,1.9256794985267334e-06
real_art_art_132_xnyXLEyE8L0.jpg,false,,art,6.0283407947281376e-05
real_art_art_149_fnoCqGw7AMg.jpg,false,,art,3.0311655791592784e-05
real_art_art_166_vDZCV1akWss.jpg,false,,art,7.543034712398367e-07
real_art_art_113_Cn2YpUFVkCo.jpg,false,,art,2.08781079891196e-06
real_art_art_78_mosaic_tile_artwork_pattern.jpg,false,,art,8.770777640165761e-06
real_art_art_72_pastel_colors_watercolor_wash.jpg,false,,art,2.0911722458549775e-05
real_art_art_074_QTWm4dJ_Z2E.jpg,false,,art,2.0421059161890298e-05
real_art_art_65_abstract_geometric_modern_art.jpg,false,,art,8.944105502450839e-06
real_art_art_056_riFTrh0K4pg.jpg,false,,art,1.5234506463457365e-05
real_art_art_096_gzXhH-RiydU.jpg,false,,art,1.1541742424014956e-05
real_art_art_094_JqpsJelnXb8.jpg,false,,art,0.004323673900216818
real_art_art_56_pencil_and_watercolor_art_supplies_on_table.jpg,false,,art,4.968382199876942e-05
real_art_art_160_PDAzh1rSIa8.jpg,false,,art,7.076258771121502e-05
real_art_art_152_uH3wpt7gKnQ.jpg,false,,art,9.265100379707292e-05
real_art_art_088_8qigdir-PfA.jpg,false,,art,4.573108071781462e-06
real_art_art_070_AYYbqlo5af0.jpg,false,,art,1.37061215355061e-06
real_art_art_80_digital_art_printed_on_gallery_wall.jpg,false,,art,6.989888788666576e-05
real_art_art_120_NiV9YsPFhM8.jpg,false,,art,2.0998852050979622e-05
real_art_art_093_3qoP52UWFiY.jpg,false,,art,2.812344291669433e-06
real_art_art_092_IhDDZyvwwC4.jpg,false,,art,1.7835479866334936e-06
real_art_art_108_XOyxignLq1E.jpg,false,,art,9.364340257889125e-06
real_art_art_127_P2LmtHXV2Wc.jpg,false,,art,1.2537230986708892e-06
real_art_art_104_gQxrO5kOABU.jpg,false,,art,1.1957888091274071e-05
real_art_art_097_hBhfEXkihOs.jpg,false,,art,5.067824895377271e-05
real_art_art_085_Zm74mm1xEDY.jpg,false,,art,2.139667003575596e-06
real_art_art_050_hyoJJZd_hhI.jpg,false,,art,1.6689373296685517e-06
real_art_art_053_jdhYNL0KrCA.jpg,false,,art,0.0013816322898492217
real_art_art_045_dFA5XycbhoQ.jpg,false,,art,0.002693629590794444
real_art_art_057_m-e3AFsfOs0.jpg,false,,art,9.70355249592103e-05
real_art_art_033_cpAKc-G6lPg.jpg,false,,art,6.376344003911072e-07
real_art_art_159_U0_hlwXFLn0.jpg,false,,art,1.298022311857494e-06
real_art_art_051_PHdLDymaV90.jpg,false,,art,7.785906177559809e-07
real_art_art_170_Vbbz9pZmn5o.jpg,false,,art,4.4924436224391684e-05
real_art_art_046_DQZl8fxpSp8.jpg,false,,art,3.5278237646707566e-06
real_art_art_118_BsAzhHIIwxg.jpg,false,,art,1.2905870789836626e-05
real_art_art_117_5MteLUU9FGI.jpg,false,,art,1.4532844033965375e-05
real_art_art_66_still_life_oil_painting_with_fruit.jpg,false,,art,1.3225584552856162e-05
real_art_art_121_iKPxCjUU_bg.jpg,false,,art,4.779113078257069e-05
real_art_art_157_8ezfg5oYHNY.jpg,false,,art,1.0837031823029974e-06
real_art_art_081_w5bYMd9leus.jpg,false,,art,1.3531772538044606e-06
real_art_art_062_dP9U-tIfU3M.jpg,false,,art,3.0139921364025213e-05
real_art_art_032_puf8VwPLAug.jpg,false,,art,9.350966138299555e-05
real_art_art_119_iplwfXCe8a4.jpg,false,,art,1.8661248759599403e-06
real_art_art_142_svOht0lwbyk.jpg,false,,art,0.00015573699783999473
real_art_art_068_J7w12ShptC0.jpg,false,,art,1.364530476166692e-06
real_art_art_147_oZKmdQlIVds.jpg,false,,art,0.23821565508842468
real_art_art_145_E_JDMtW_l0Y.jpg,false,,art,9.196213795803487e-05
real_art_art_52_watercolor_painting_supplies_on_table.jpg,false,,art,4.968382199876942e-05
real_art_art_144_8XIAf776Fqg.jpg,false,,art,7.1086451498558745e-06
real_art_art_126_wpw8sHoBtSY.jpg,false,,art,0.01813230849802494
real_art_art_066_OnAwhivaqrU.jpg,false,,art,3.59870282409247e-05
real_art_art_124_VHX-eIns4Wo.jpg,false,,art,2.0838104319409467e-05
real_art_art_158_I0QTg9ctFDY.jpg,false,,art,0.000147579878102988
real_art_art_128_XzG9XYwxgXc.jpg,false,,art,1.896872890938539e-05
real_art_art_62_impressionist_landscape_painting_in_ornate_frame.jpg,false,,art,1.879263436421752e-05
real_art_art_047_OfTVSQTuQ5Y.jpg,false,,art,6.565582566508965e-07
real_art_art_098_sKHf8VwwFdo.jpg,false,,art,6.544028678945324e-07
real_art_art_130_D1IS5s5O9xo.jpg,false,,art,5.4450720199383795e-05
real_art_art_129_0RTmv1Kx9Qk.jpg,false,,art,2.068771755148191e-05
real_art_art_136_rGu8w3QP48o.jpg,false,,art,6.64615015466552e-07
real_art_art_060_BXkYKWKL7TA.jpg,false,,art,6.114055963735154e-07
real_art_art_123__yrdstGC_rg.jpg,false,,art,2.0783884338015923e-06
real_art_art_64_colorful_mural_on_building_exterior.jpg,false,,art,8.518029972037766e-06
real_art_art_071_n00dm9FBwrs.jpg,false,,art,0.0027144665364176035
real_art_art_064_1cVQMljvsnw.jpg,false,,art,1.7830150682129897e-05
real_art_art_107_7xemAmqHhLc.jpg,false,,art,1.686749556029099e-06
real_art_art_091_IF9x9SGOh1w.jpg,false,,art,5.043068449595012e-05
real_art_art_058_TOcmDVAo2jo.jpg,false,,art,3.638032239905442e-06
real_art_art_150_1CcjT68gMRM.jpg,false,,art,5.052798314864049e-06
real_art_art_100_9pU5knbOtgY.jpg,false,,art,1.7961808680411195e-06
real_art_art_083_jBV3_PRk1-U.jpg,false,,art,0.0002462239353917539
real_art_art_035_S0c_wsCmlXE.jpg,false,,art,1.1600028301472776e-05
real_art_art_122_nnIzqn6B6fA.jpg,false,,art,3.5584471334004775e-05
real_art_art_099_3kIPqGmmgwI.jpg,false,,art,1.105284991353983e-05
real_art_art_141_vsYrMcvb5nQ.jpg,false,,art,1.7712301314531942e-06
real_art_art_70_art_gallery_interior_with_paintings_on_walls.jpg,false,,art,0.00041292107198387384
real_art_art_048__j6wbAlQ1ow.jpg,false,,art,2.2891936168889515e-05
real_art_art_079_93aN5XCAlJs.jpg,false,,art,1.2226641047163866e-05
real_art_art_135_lvqcncxBYqw.jpg,false,,art,2.4983000912470743e-06
real_art_art_111_DVauUHIJby0.jpg,false,,art,8.224054909078404e-05
real_art_art_161_StV72L0DH4A.jpg,false,,art,1.566842183819972e-05
real_art_art_087_U3NtClWLRd4.jpg,false,,art,1.952581385467056e-07
real_art_art_055_e-XPbBr0NhU.jpg,false,,art,3.561108678695746e-05
real_art_art_043_e6xd2HXuy0A.jpg,false,,art,7.15661485628516e-07
real_art_art_109_GY_YJtmwPas.jpg,false,,art,7.80152331572026e-05
real_art_art_61_charcoal_drawing_on_paper.jpg,false,,art,0.0011998655973002315
real_art_art_137_70l86REbjmk.jpg,false,,art,0.0001071018268703483
real_art_art_154_kBzQNk9AgOg.jpg,false,,art,0.0003326419973745942
real_art_art_037_cuddQwqncLc.jpg,false,,art,0.0008846403798088431
real_art_art_74_gallery_wall_with_multiple_framed_artworks.jpg,false,,art,0.9411264061927795
real_art_art_116_tEbRUeGJDfw.jpg,false,,art,0.0003922954492736608
real_art_art_125_ajAj3-55G2A.jpg,false,,art,4.6846278678458475e-07
real_art_art_67_acrylic_pour_painting_abstract.jpg,false,,art,2.908981969085289e-06
real_art_art_51_modern_art_gallery_with_paintings_on_white_walls.jpg,false,,art,0.00041292107198387384
real_art_art_049_ZW8dIPP4S4U.jpg,false,,art,4.5232914658299705e-07
real_art_art_139_DD1fSz2HF1s.jpg,false,,art,1.5083202242749394e-06
real_art_art_50_abstract_colorful_painting_on_canvas.jpg,false,,art,1.5021806802906212e-06
real_art_art_165_yN5c71nvg6g.jpg,false,,art,4.518376499618171e-07
real_art_art_153_rleYWWVY4Pc.jpg,false,,art,4.847795935347676e-05
real_art_art_134_tClS6SPq8Zo.jpg,false,,art,8.473439834233432e-07
real_art_art_090_yCWQevKzkkM.jpg,false,,art,0.001105952775105834
real_art_art_101_YJCRjsg1LQw.jpg,false,,art,0.00014591042418032885
real_art_art_042_eN6FkYAetF8.jpg,false,,art,0.11196479201316833
real_art_art_059_yjiZAbTDkik.jpg,false,,art,6.08104414823174e-07
real_art_art_54_oil_painting_of_flowers_in_vase.jpg,false,,art,0.00031843670876696706
real_art_art_089_IMZ3bM611eA.jpg,false,,art,8.519561447428714e-07
real_art_art_146_n1mVt4pyFow.jpg,false,,art,9.754403436090797e-07
real_art_art_169_Uo5MWyegjog.jpg,false,,art,9.093152584682684e-06
real_art_art_073_n3VWZXx5n9I.jpg,false,,art,0.00015380345575977117
real_art_art_076_I7BDP_5WPqE.jpg,false,,art,1.6534972928639036e-06
real_art_art_53_colorful_abstract_oil_painting_closeup.jpg,false,,art,1.3880386404707679e-06
real_art_art_080_nNqBDh_l3oE.jpg,false,,art,1.0570651198804626e-07
real_art_art_061_XuHkodhmiyk.jpg,false,,art,0.0001565085694892332
real_art_art_60_colorful_paint_brushstrokes_close_up_texture.jpg,false,,art,1.3880386404707679e-06
real_art_art_71_renaissance_painting_in_gilded_frame.jpg,false,,art,8.992579387268052e-05
real_art_art_69_mixed_media_collage_artwork.jpg,false,,art,7.659200491616502e-06
real_art_art_168_u7zd4x6-dx8.jpg,false,,art,1.7621084680286003e-06
real_art_art_095_9_vYkYnWn2w.jpg,false,,art,0.00010010637925006449
real_art_art_138_007R8JewpwU.jpg,false,,art,2.590537587821018e-05
real_art_art_069_ziIJiGSkfR4.jpg,false,,art,1.0648088846210157e-06
real_art_art_63_sculpture_in_art_museum_with_natural_light.jpg,false,,art,0.0002514098596293479
real_art_art_106_cqKG2s6WP6s.jpg,false,,art,7.309357101803471e-07
real_art_art_59_classical_oil_portrait_painting_in_museum.jpg,false,,art,1.3652812413056381e-05
real_art_art_039_izfOdN-3zw0.jpg,false,,art,9.199621331390517e-07
real_art_art_57_graffiti_street_art_on_brick_wall.jpg,false,,art,1.5058244571264368e-05
real_art_art_084_JPFWudeuc54.jpg,false,,art,7.692366489209235e-05
real_art_art_133_h1jyIBttST0.jpg,false,,art,8.601915396866389e-06
real_art_art_038_UwKXPb7N9UY.jpg,false,,art,2.1714638478442794e-06
real_art_art_054_Erf1Kz7ZE5Y.jpg,false,,art,6.498568836832419e-06
real_art_art_078_RYtFleIk_4U.jpg,false,,art,8.047142614486802e-07
real_art_art_75_oil_painting_landscape_with_trees.jpg,false,,art,1.0459228860781877e-06
real_art_art_041_4POG9GQo7Aw.jpg,false,,art,3.912757165380754e-06
real_art_art_162_jrDzerLmfW0.jpg,false,,art,5.065343202659278e-07
real_art_art_167_Jpjj_v1-5OM.jpg,false,,art,1.0349969670642167e-05
real_art_art_102_rXtXA42Lgzs.jpg,false,,art,3.211239345546346e-06
real_art_art_140_Rq74Wkhffok.jpg,false,,art,3.3586738936719485e-06
real_art_art_086_OTP0nlljatI.jpg,false,,art,5.0431026465957984e-06
real_art_art_036_KQBsTXCvGwM.jpg,false,,art,0.00010406596265966073
real_art_art_76_handwritten_calligraphy_on_white_paper.jpg,false,,art,8.057060040300712e-05
real_art_art_072_F2olcCyRQBw.jpg,false,,art,4.32259839726612e-05
real_art_art_067_LOvJ2ECcUJY.jpg,false,,art,5.31544465047773e-05
real_art_art_052_OpqAtrUNJeI.jpg,false,,art,0.00019643270934466273
real_art_art_044_hptNUC-iitA.jpg,false,,art,2.082668061120785e-06
real_art_art_151_tuU1puvTmWw.jpg,false,,art,5.228128543421917e-07
real_art_art_103_cLRvJPVw69U.jpg,false,,art,1.0243214092042763e-05
real_art_art_065_akbHiqZy4Pg.jpg,false,,art,4.009344536370918e-07
real_art_art_148_-bA6TkrToiY.jpg,false,,art,4.861096022068523e-05
real_art_art_77_street_art_portrait_on_concrete_wall.jpg,false,,art,0.00824595708400011
real_art_art_131_bPqJ9ssfjqs.jpg,false,,art,6.39436029814533e-06
real_art_art_55_art_museum_gallery_room_with_framed_paintings.jpg,false,,art,7.171411652961979e-06
real_art_art_110_hY3KGFVG-i0.jpg,false,,art,9.78009575192118e-06
real_art_art_156_u2RlwQc1qiQ.jpg,false,,art,0.0039030006155371666
real_art_art_075_ff0HoIx3PzU.jpg,false,,art,2.0015260815853253e-05
real_art_art_143_TzAydhJ4QzE.jpg,false,,art,3.38991895887375e-07
real_art_art_077_IExOV9fFQBM.jpg,false,,art,0.00013209045573603362
real_art_art_155_KWpm9MmEo2s.jpg,false,,art,0.0002725719241425395
real_art_art_063_heeEKtHAYEg.jpg,false,,art,1.0533882232266478e-05
real_art_art_115_iMdsjoiftZo.jpg,false,,art,0.006909162271767855
real_portrait_portrait_76_a_group_of_people_standing_around_a_white_cake.jpg,false,,portrait,0.006489308550953865
real_portrait_portrait_55_a_woman_holding_a_smart_phone_next_to_a_group_of_people.jpg,false,,portrait,3.6187091723149933e-07
real_portrait_portrait_118_iJGhIMWKz7w.jpg,false,,portrait,6.952111561986385e-06
real_portrait_portrait_094_7A5eK3q9qUA.jpg,false,,portrait,2.6742532099888194e-06
real_portrait_portrait_62_a_group_of_men_standing_and_sitting_next_to_each_other.jpg,false,,portrait,6.6030775087710936e-06
real_portrait_portrait_51_a_woman_is_helping_a_child_put_on_skis.jpg,false,,portrait,6.409795605577528e-05
real_portrait_portrait_065_6lWqkLIh5L8.jpg,false,,portrait,5.064583547209622e-06
real_portrait_portrait_039_ZW3dnRiZD9U.jpg,false,,portrait,3.331708740006434e-07
real_portrait_portrait_135_BZzHWmQUszE.jpg,false,,portrait,8.011634236027021e-07
real_portrait_portrait_83_a_tennis_player_who_has_just_made_a_shot.jpg,false,,portrait,1.3028491139266407e-06
real_portrait_portrait_57_a_young_man_and_woman_holding_their_heads_close_to_each_othe.jpg,false,,portrait,3.138865167784388e-06
real_portrait_portrait_67_there_are_many_bike_riders_racing_in_a_street_race.jpg,false,,portrait,1.7770166778063867e-06
real_portrait_portrait_058_dWiK1hrTl14.jpg,false,,portrait,2.0789561006040458e-07
real_portrait_portrait_086_kpR9Mwgkj8c.jpg,false,,portrait,1.0897357469730196e-06
real_portrait_portrait_075_VQRm94PV_20.jpg,false,,portrait,6.515156201203354e-06
real_portrait_portrait_151_LlHgaeBwYVE.jpg,false,,portrait,1.295928541367175e-05
real_portrait_portrait_077_IIWiU1QXmWY.jpg,false,,portrait,4.571820397814008e-07
real_portrait_portrait_100_2FM9g-vAkJg.jpg,false,,portrait,1.3772782949672546e-05
real_portrait_portrait_098_wX7NeTEXq_w.jpg,false,,portrait,8.46199327497743e-06
real_portrait_portrait_071__lP2UOoZJKk.jpg,false,,portrait,8.745403465582058e-05
real_portrait_portrait_81_two_men_next_to_each_other_holding_wine_glasses.jpg,false,,portrait,5.5048790414957693e-08
real_portrait_portrait_114_VcWRNg2ju7Y.jpg,false,,portrait,9.86855752671545e-07
real_portrait_portrait_65_three_women_sitting_on_a_train_seat_on_cellphones.jpg,false,,portrait,4.3041197272941645e-07
real_portrait_portrait_054_cFgCc3PM-A0.jpg,false,,portrait,2.8299853056523716e-06
real_portrait_portrait_067_ua9Im1zPoGM.jpg,false,,portrait,4.274058301234618e-05
real_portrait_portrait_63_a_man_sitting_at_a_table_eating_food_from_a_plate.jpg,false,,portrait,2.0099942048545927e-05
real_portrait_portrait_119_lAAmMH2c2gU.jpg,false,,portrait,1.2227994375280105e-05
real_portrait_portrait_72_a_man_swinging_a_tennis_racket_at_a_tennis_ball.jpg,false,,portrait,2.0444504400529695e-07
real_portrait_portrait_77_three_men_smiling_holding_a_wii_controller_in_their_hands.jpg,false,,portrait,0.0018723336979746819
real_portrait_portrait_70_two_sets_of_hands_are_each_holding_a_cell_phone_while_anothe.jpg,false,,portrait,8.927427757043915e-07
real_portrait_portrait_168_ht1JkZ7tYmY.jpg,false,,portrait,3.401357616894529e-06
real_portrait_portrait_58_woman_listening_on_her_phone_while_smoking_a_cigarette.jpg,false,,portrait,0.0005482325796037912
real_portrait_portrait_137_O5BSKKHYiEU.jpg,false,,portrait,6.797649803047534e-07
real_portrait_portrait_59_a_woman_taking_a_selfie_with_a_mobile_phone.jpg,false,,portrait,1.0425529808344436e-06
real_portrait_portrait_060_wyCDQSzN8XE.jpg,false,,portrait,1.1838742466352414e-06
real_portrait_portrait_081_2EmLMaTshko.jpg,false,,portrait,7.334501788136549e-07
real_portrait_portrait_059_pFbJuxSwuhI.jpg,false,,portrait,9.728483973958646e-07
real_portrait_portrait_048_8sbwihARadA.jpg,false,,portrait,2.6220886866212822e-06
real_portrait_portrait_167_guDkXldTxy8.jpg,false,,portrait,3.892739914590493e-05
real_portrait_portrait_095_E38Gb_nVPck.jpg,false,,portrait,1.754820232235943e-06
real_portrait_portrait_043_aDvDvH428RQ.jpg,false,,portrait,4.107178028789349e-05
real_portrait_portrait_133_iiQ-mmG2NxI.jpg,false,,portrait,4.931314379064133e-07
real_portrait_portrait_128_nE6EPBrM-EA.jpg,false,,portrait,2.1737389033660293e-05
real_portrait_portrait_050_eoAubhPm6H8.jpg,false,,portrait,9.638839628678397e-07
real_portrait_portrait_134_UY52j2uUvdU.jpg,false,,portrait,1.117737838285393e-06
real_portrait_portrait_104_eq9FtP7XwJI.jpg,false,,portrait,1.0978304999298416e-05
real_portrait_portrait_092_uTad53fcxss.jpg,false,,portrait,1.1437005014158785e-05
real_portrait_portrait_062_ILz31HBGEak.jpg,false,,portrait,7.908809493528679e-05
real_portrait_portrait_085_qV16cq3T420.jpg,false,,portrait,4.273659897080506e-07
real_portrait_portrait_170_cQPUosG9dQE.jpg,false,,portrait,4.24872268922627e-06
real_portrait_portrait_147_RYNTlcn0e3k.jpg,false,,portrait,3.2578122954873834e-07
real_portrait_portrait_103_TsvawNBQ7k0.jpg,false,,portrait,4.6218579541346116e-07
real_portrait_portrait_047_kN_F83xqdiM.jpg,false,,portrait,0.009175733663141727
real_portrait_portrait_105_Knvzw8_L_80.jpg,false,,portrait,5.739173047913937e-07
real_portrait_portrait_101_WXp2BT0AgnE.jpg,false,,portrait,8.016396577659179e-07
real_portrait_portrait_153_k_NkqIaRhro.jpg,false,,portrait,6.3298707573267166e-06
real_portrait_portrait_71_a_woman_brushes_her_teeth_with_foamy_toothpaste.jpg,false,,portrait,1.0858831046789419e-05
real_portrait_portrait_142_mJaDIZr6eMY.jpg,false,,portrait,1.6717387552489527e-05
real_portrait_portrait_083_LN8t4ZAGZFQ.jpg,false,,portrait,1.2647147968891659e-06
real_portrait_portrait_115_82NWNb5AGWc.jpg,false,,portrait,5.448014235298615e-07
real_portrait_portrait_64_a_woman_smiles_from_behind_the_book_she_has_been_reading.jpg,false,,portrait,8.19814758301618e-08
real_portrait_portrait_102_QGMWr63tKoo.jpg,false,,portrait,1.790181954675063e-06
real_portrait_portrait_037_M34IAftLLsY.jpg,false,,portrait,9.648030754760839e-06
real_portrait_portrait_79_a_copse_of_men_sitting_next_to_each_other_at_a_table.jpg,false,,portrait,1.555472266545621e-07
real_portrait_portrait_068_g_eJl04NKEY.jpg,false,,portrait,1.85135706942674e-06
real_portrait_portrait_53_two_men_wearing_suits_and_hats_are_walking_together.jpg,false,,portrait,2.7541742042558326e-07
real_portrait_portrait_055_ycF8akmJ_RU.jpg,false,,portrait,0.002877042628824711
real_portrait_portrait_129_jqsprpPrn9w.jpg,false,,portrait,5.740678261645371e-07
real_portrait_portrait_138_NOcaza8sIBg.jpg,false,,portrait,0.00909685343503952
real_portrait_portrait_78_a_woman_holding_a_plate_of_cake_covered_in_frosting.jpg,false,,portrait,6.747117004124448e-05
real_portrait_portrait_130_4wIY3oykWMo.jpg,false,,portrait,1.9012068150914274e-05
real_portrait_portrait_099_dKH-4ml-5I4.jpg,false,,portrait,1.1222001603528042e-06
real_portrait_portrait_093_8gRw4V0_XJA.jpg,false,,portrait,1.0499079508008435e-05
real_portrait_portrait_109_IOkL3ZqAapM.jpg,false,,portrait,1.6074023733381182e-05
real_portrait_portrait_74_a_person_helping_a_woman_put_on_a_tie.jpg,false,,portrait,3.2879512446015724e-07
real_portrait_portrait_121_hQBQ1ATvH10.jpg,false,,portrait,2.763528073046473e-07
real_portrait_portrait_076_6fc0hcXapYU.jpg,false,,portrait,0.018245218321681023
real_portrait_portrait_155_3kWZ-gVZAG0.jpg,false,,portrait,1.6205356132559245e-06
real_portrait_portrait_140_83BjY5qcPKg.jpg,false,,portrait,1.2787834293703781e-06
real_portrait_portrait_087_gENx9JQeQWs.jpg,false,,portrait,4.381718099466525e-06
real_portrait_portrait_084_7BDP97v-tT8.jpg,false,,portrait,4.994755727238953e-06
real_portrait_portrait_040_kl22CsySpcw.jpg,false,,portrait,6.764643330825493e-06
real_portrait_portrait_161_Tay3IMQpKHA.jpg,false,,portrait,6.2679446273250505e-06
real_portrait_portrait_045_3F6Jo667E4w.jpg,false,,portrait,0.0006504016928374767
real_portrait_portrait_116_L4CAMVlnRlg.jpg,false,,portrait,8.21705543785356e-06
real_portrait_portrait_072_VlOrWGCFl_w.jpg,false,,portrait,3.90322384191677e-07
real_portrait_portrait_044_NljdMbT3s30.jpg,false,,portrait,0.00017740126349963248
real_portrait_portrait_122_LpIy3YxbDA4.jpg,false,,portrait,7.897686373325996e-06
real_portrait_portrait_156_HC2t702jdGo.jpg,false,,portrait,2.6242198600812117e-06
real_portrait_portrait_69_a_crowd_of_people_standing_around_each_other.jpg,false,,portrait,6.998396884227986e-07
real_portrait_portrait_73_a_baseball_player_talks_with_an_umpire.jpg,false,,portrait,6.415433745132759e-06
real_portrait_portrait_096_Rur5fFIrWNY.jpg,false,,portrait,2.055171762549435e-06
real_portrait_portrait_61_a_clown_talking_on_a_phone_next_to_a_building.jpg,false,,portrait,1.3342537386051845e-07
real_portrait_portrait_090_UNJ3hCbuHXA.jpg,false,,portrait,1.5572905454064312e-07
real_portrait_portrait_148_ofgYwK8j_cQ.jpg,false,,portrait,4.539247129287105e-06
real_portrait_portrait_113_J_I5FfqShJw.jpg,false,,portrait,7.92168066254817e-06
real_portrait_portrait_152_P7ASbD-vHW8.jpg,false,,portrait,8.618647484581743e-07
real_portrait_portrait_56_a_woman_holding_her_cell_phone_tucked_in_a_wool_cover.jpg,false,,portrait,3.30348711941042e-07
real_portrait_portrait_107_W80TTxhRRU4.jpg,false,,portrait,8.127832188620232e-06
real_portrait_portrait_073_yAsJE9nFiFw.jpg,false,,portrait,1.0242433745588642e-06
real_portrait_portrait_091_xX9r2xULy7s.jpg,false,,portrait,1.265887590307102e-06
real_portrait_portrait_082_QwsCqHTim98.jpg,false,,portrait,6.072744440643874e-07
real_portrait_portrait_132_shb8l1o-0Zk.jpg,false,,portrait,0.00026242065359838307
real_portrait_portrait_078_cT4-8tBBJDA.jpg,false,,portrait,5.501673967955867e-06
real_portrait_portrait_160_PEgf72cgr-w.jpg,false,,portrait,5.047914328315528e-06
real_portrait_portrait_038_62Ims7pw_X8.jpg,false,,portrait,1.6457789797641453e-06
real_portrait_portrait_75_a_man_wearing_a_suit_and_tie_and_red_hat_with_a_silver_buckl.jpg,false,,portrait,4.418488401825016e-07
real_portrait_portrait_051_63KDwZUZQw8.jpg,false,,portrait,1.1217764495086158e-06
real_portrait_portrait_82_a_man_wearing_a_tie_jacket_and_white_shirt.jpg,false,,portrait,9.596926247468218e-05
real_portrait_portrait_52_three_students_check_their_cell_phones_in_a_classroom.jpg,false,,portrait,3.0065629630371404e-07
real_portrait_portrait_063_Qm4yrKLiawY.jpg,false,,portrait,0.6505135893821716
real_portrait_portrait_84_three_young_men_playing_wii_on_a_projection_television.jpg,false,,portrait,2.9382411526057695e-07
real_portrait_portrait_159_o47Lif2bfqI.jpg,false,,portrait,2.418384383418015e-06
real_portrait_portrait_041_vCZFKRZes_0.jpg,false,,portrait,7.2074003583111335e-06
real_portrait_portrait_064_KrLXXQSojYs.jpg,false,,portrait,6.601014320040122e-05
real_portrait_portrait_112_OxPuMO3zQ9s.jpg,false,,portrait,7.369450486294227e-06
real_portrait_portrait_145_DQ9dW9v65Fc.jpg,false,,portrait,0.00012774430797435343
real_portrait_portrait_117_4XrEyN5sXhA.jpg,false,,portrait,2.8273879593143647e-07
real_portrait_portrait_070_kNZd7qT8ASY.jpg,false,,portrait,2.125384298778954e-06
real_portrait_portrait_146_I03ZQjTt4WI.jpg,false,,portrait,5.355142889129638e-07
real_portrait_portrait_163_6qRpAg4pPEU.jpg,false,,portrait,3.944277705159038e-05
real_portrait_portrait_80_two_men_smiling_and_taking_a_picture_together.jpg,false,,portrait,2.474460188750527e-06
real_portrait_portrait_150_itdkHUjTuIY.jpg,false,,portrait,2.3723196136415936e-05
real_portrait_portrait_046_k1QqUSvRObc.jpg,false,,portrait,3.764639018299931e-07
real_portrait_portrait_056_JxbqicKm-ko.jpg,false,,portrait,8.877581763044873e-07
real_portrait_portrait_042_2xf2beBy7Wo.jpg,false,,portrait,0.2806527316570282
real_portrait_portrait_126_jxltRrbjtdI.jpg,false,,portrait,3.0597479963034857e-06
real_portrait_portrait_061_IppB3SB9f6s.jpg,false,,portrait,3.1991328341973713e-07
real_portrait_portrait_68_a_photo_of_a_young_male_in_a_suit_jacket_and_tie.jpg,false,,portrait,5.584310201811604e-05
real_portrait_portrait_124_Hd2T6EzW_2Q.jpg,false,,portrait,2.9859115784347523e-06
real_portrait_portrait_50_a_man_wearing_a_top_hat_and_a_red_tie.jpg,false,,portrait,2.3658235477341805e-06
real_portrait_portrait_057_ZbvHaiUwVfo.jpg,false,,portrait,7.053743047436001e-07
real_portrait_portrait_079_fGfUJnZD3Mw.jpg,false,,portrait,0.00021514338732231408
real_portrait_portrait_127_ZhJsD9T_20Q.jpg,false,,portrait,2.2374653951828805e-07
real_portrait_portrait_136_SwcnAmIRZYc.jpg,false,,portrait,9.223436450156441e-07
real_portrait_portrait_110_9iAIfjrSFYw.jpg,false,,portrait,2.7526147050593863e-07
real_portrait_portrait_139_5Uvy1WMaUHw.jpg,false,,portrait,3.47818854606885e-06
real_portrait_portrait_097_JibO_kC6vh4.jpg,false,,portrait,1.581381411597249e-06
real_portrait_portrait_157_jG4xhAmz-uQ.jpg,false,,portrait,1.3250165466160979e-05
real_portrait_portrait_141_l7PnmcqTj5Q.jpg,false,,portrait,2.3494472770835273e-05
real_portrait_portrait_125_Oz7_usBqwuY.jpg,false,,portrait,6.541010225191712e-05
real_portrait_portrait_143_peP3zrquunA.jpg,false,,portrait,9.729210432851687e-06
real_portrait_portrait_165_rEKKAV83i-8.jpg,false,,portrait,5.913424274694989e-07
real_portrait_portrait_069_Q7p9V_xHe08.jpg,false,,portrait,0.00021625087538268417
real_portrait_portrait_144_WUhpW32kBek.jpg,false,,portrait,3.9966440112948476e-07
real_portrait_portrait_089_dgGWnapezLs.jpg,false,,portrait,4.6323211790877394e-06
real_portrait_portrait_074_P_pjzMeIbj8.jpg,false,,portrait,1.1560275652300334e-06
real_portrait_portrait_036_IHJtKBe9xNs.jpg,false,,portrait,0.0003037209971807897
real_portrait_portrait_049_-lb-Wob1TeQ.jpg,false,,portrait,1.4202381635186612e-06
real_portrait_portrait_66_a_woman_holding_a_child_wrapped_in_a_towel_brushing_her_teet.jpg,false,,portrait,2.4612916149635566e-07
real_portrait_portrait_54_the_young_boy_just_finished_eating_the_banana.jpg,false,,portrait,1.2952674296684563e-05
real_portrait_portrait_60_there_are_people_playing_a_soccer_game_on_the_field.jpg,false,,portrait,2.6763607365865028e-06
real_portrait_portrait_166_w-pEeDGN1w0.jpg,false,,portrait,2.1710375222028233e-06
real_portrait_portrait_123_o1iV6Di2FX0.jpg,false,,portrait,6.152523837954504e-06
real_portrait_portrait_162_1kJy_HK3eGI.jpg,false,,portrait,8.491143489663955e-06
real_portrait_portrait_108_xz-qq9KNgwk.jpg,false,,portrait,7.579337307106471e-06
real_portrait_portrait_149_qj1vIzXOtYo.jpg,false,,portrait,6.160181555969757e-07
real_portrait_portrait_164_qk6CnpKNmVw.jpg,false,,portrait,1.3024651934756548e-06
real_portrait_portrait_131_rcXU8Tezb_k.jpg,false,,portrait,1.108376523006882e-06
real_portrait_portrait_053_oKA8kDSZpCc.jpg,false,,portrait,5.459601766233391e-07
real_portrait_portrait_066_bSNJ6R5Qrt4.jpg,false,,portrait,1.2606902828338207e-06
real_portrait_portrait_120_WSxluGgdlFQ.jpg,false,,portrait,4.352949360963976e-07
real_portrait_portrait_169_-7JAEi4PhTU.jpg,false,,portrait,3.426518742344342e-05
real_portrait_portrait_158_8kDx62gZRzk.jpg,false,,portrait,1.2974008996025077e-06
real_portrait_portrait_052_FvrjfNKpITc.jpg,false,,portrait,2.8190063972033386e-07
real_portrait_portrait_088_iMYRUK-oadw.jpg,false,,portrait,9.485638656769879e-07
real_portrait_portrait_154_fXik2Do-bB4.jpg,false,,portrait,2.5470060336374445e-06
real_portrait_portrait_080_uOnxXwB3KNE.jpg,false,,portrait,6.2667913880432025e-06
real_portrait_portrait_106_ZzNLsAPymuI.jpg,false,,portrait,3.403028813409037e-06
real_portrait_portrait_111_tEQV_wnx3U8.jpg,false,,portrait,2.948137307612342e-06
real_product_product_161_paw_7bdZ8Xg.jpg,false,,product,2.0100900655961595e-05
real_product_product_118_0ON2rLuvo5c.jpg,false,,product,1.4641173038398847e-06
real_product_product_035_s9TJ2ncyLcQ.jpg,false,,product,1.3103705896355677e-05
real_product_product_162_iCW61HY_vjg.jpg,false,,product,1.5086698113009334e-06
real_product_product_039_AaRflAurGmg.jpg,false,,product,1.0450401532580145e-05
real_product_product_140_xRyL63AwZFE.jpg,false,,product,1.4771952010050882e-05
real_product_product_067_IWOOT4ChLjM.jpg,false,,product,3.4406086797389435e-06
real_product_product_066_-jXsYZeA7tQ.jpg,false,,product,3.627202431744081e-06
real_product_product_70_a_young_woman_sitting_cross_legged_on_an_apartment_sofa.jpg,false,,product,5.250944354884268e-07
real_product_product_115_a0dGKKDQUQ8.jpg,false,,product,0.00022312960936687887
real_product_product_130_BDFWZ3fLxrg.jpg,false,,product,0.00014421928790397942
real_product_product_094_oZzoDW61aoM.jpg,false,,product,0.007474879734218121
real_product_product_077_oyr64kMIz98.jpg,false,,product,2.28076951316325e-05
real_product_product_50_a_living_room_filled_with_furniture_and_decor.jpg,false,,product,3.885301111949957e-07
real_product_product_168_qsYM_gFgliw.jpg,false,,product,4.364526091649168e-07
real_product_product_125_Re8T5DwoMic.jpg,false,,product,4.9529426178196445e-06
real_product_product_166_P_fMqU34A3I.jpg,false,,product,2.1728187675762456e-06
real_product_product_046_G59UIKfHz6o.jpg,false,,product,0.12250898778438568
real_product_product_139_5JuLcub3dYg.jpg,false,,product,2.478465603417135e-06
real_product_product_058_fX8leXj8Q4o.jpg,false,,product,7.129420282581123e-06
real_product_product_087__vAuxGCAfjQ.jpg,false,,product,1.398608731051354e-07
real_product_product_078_1UFTd1eRamE.jpg,false,,product,1.2829585784857045e-06
real_product_product_80_kitchen_area_with_counter_top_space_and_dining_room_table.jpg,false,,product,4.455764610611368e-07
real_product_product_81_a_pizza_sitting_on_top_of_a_plate_next_to_a_foil_bag_of_food.jpg,false,,product,1.1034000380050202e-07
real_product_product_60_three_laptop_computers_and_a_desktop_computer_sit_next_to_ea.jpg,false,,product,8.702149045802798e-08
real_product_product_042_NydHbLFLoS8.jpg,false,,product,4.5511933421948925e-06
real_product_product_050_udHDq62Dgpc.jpg,false,,product,5.412181053543463e-06
real_product_product_145_F7FhTijeOG8.jpg,false,,product,1.8298847862752154e-05
real_product_product_137_OmfMncXSshw.jpg,false,,product,7.488056871807203e-05
real_product_product_041_iW1l64BMMR0.jpg,false,,product,3.881441443809308e-06
real_product_product_103_i4Tv0A_n4EQ.jpg,false,,product,3.8969519664533436e-05
real_product_product_073_m3MWJTeKGBg.jpg,false,,product,0.00028281789855100214
real_product_product_036_ww2S2eKgbKE.jpg,false,,product,0.00024010290508158505
real_product_product_111_utu66oQU6vI.jpg,false,,product,1.1444914889580105e-05
real_product_product_68_a_woman_holding_a_cigarette_smiling_at_the_camera_on_a_sunny.jpg,false,,product,2.597017783045885e-07
real_product_product_045_00y8k1-0DlA.jpg,false,,product,2.5489533072686754e-05
real_product_product_63_a_picture_of_a_cluttered_home_office_desk.jpg,false,,product,1.6302546157476172e-07
real_product_product_54_young_children_sharing_a_laptop_in_a_messy_room_with_several.jpg,false,,product,6.19508853105799e-08
real_product_product_079_8LotN6HsaT4.jpg,false,,product,0.012829883024096489
real_product_product_095_UaaqY7j09B8.jpg,false,,product,8.363898018615146e-07
real_product_product_71_the_child_smiles_brightly_while_being_handed_a_pink_umbrella.jpg,false,,product,1.7113849253291846e-06
real_product_product_101_G6ntxf-QoSI.jpg,false,,product,4.675083982874639e-05
real_product_product_66_a_woman_holding_up_a_large_carrot_in_a_backyard.jpg,false,,product,9.512708061265585e-07
real_product_product_099_s_IHISlORGo.jpg,false,,product,4.892224865216122e-07
real_product_product_069_3dVjKoVYgD0.jpg,false,,product,1.5471947563128197e-06
real_product_product_061_nRVn-_k1uMI.jpg,false,,product,8.6564074308626e-07
real_product_product_64_a_cat_lying_down_in_a_sink_in_a_bathroom.jpg,false,,product,2.483691901034035e-07
real_product_product_049_9ouht2FSTDU.jpg,false,,product,0.04276459291577339
real_product_product_104_CoNkFbYZzBI.jpg,false,,product,8.612411193098524e-07
real_product_product_144_TE4vKu9w5lI.jpg,false,,product,7.009859359641268e-07
real_product_product_076_MhPJdWYWbWI.jpg,false,,product,2.6774866910272976e-06
real_product_product_77_a_motorized_cart_fills_a_train_with_luggage.jpg,false,,product,5.592917204921832e-07
real_product_product_106_kF8pH4lMkyc.jpg,false,,product,1.7399375792592764e-05
real_product_product_068_fUd_0iyYFVg.jpg,false,,product,1.4764352727070218e-06
real_product_product_73_a_laptop_in_a_bright_yellow_coffee_house.jpg,false,,product,2.6239644284942187e-05
real_product_product_127_EIH4dHgb6Tg.jpg,false,,product,4.9789974582381546e-05
real_product_product_149_KBqiQ6coMcI.jpg,false,,product,5.447026865113003e-07
real_product_product_72_a_group_of_people_are_reading_a_menu_at_the_table.jpg,false,,product,1.938408058776986e-05
real_product_product_085_Si69OZ_9tg0.jpg,false,,product,3.7129814245417947e-07
real_product_product_083_OAlYImdG1IQ.jpg,false,,product,4.7182152229652274e-06
real_product_product_141_92bRtruSyPU.jpg,false,,product,1.7963008076549158e-06
real_product_product_117_vnCxhLnaxS8.jpg,false,,product,1.3057849173492286e-05
real_product_product_105_skF1azpN4rk.jpg,false,,product,2.718097675824538e-07
real_product_product_072_9rWHrdJfZBw.jpg,false,,product,2.0383383798616705e-06
real_product_product_132_aJm2XW384QA.jpg,false,,product,4.628417082130909e-05
real_product_product_057_AZiyMfuAum4.jpg,false,,product,2.8670058327406878e-06
real_product_product_097_g1MocwsEZhI.jpg,false,,product,6.044778615432733e-07
real_product_product_74_two_computers_sitting_on_top_of_a_desk.jpg,false,,product,7.84537860454293e-06
real_product_product_043_B8_YF4fjPwo.jpg,false,,product,7.872855348978192e-06
real_product_product_047_BXlSfmhVEzE.jpg,false,,product,1.434494333807379e-05
real_product_product_062_4Q4LpNP-UAs.jpg,false,,product,1.3078773918095976e-05
real_product_product_69_a_desk_with_a_cup_plate_laptop_monitor_and_keyboard.jpg,false,,product,1.826582263220189e-07
real_product_product_133_5GibcyAX20Q.jpg,false,,product,2.899545870604925e-05
real_product_product_170_z14hF-2ssM0.jpg,false,,product,2.73279601969989e-06
real_product_product_120_63EhFafADqI.jpg,false,,product,0.0031142800580710173
real_product_product_086_vWR6FDWA5hk.jpg,false,,product,0.0002772186417132616
real_product_product_100_Pledx042HMI.jpg,false,,product,0.0685729831457138
real_product_product_053_AxdlcxaModc.jpg,false,,product,2.8951601507287705e-06
real_product_product_110_9yY6qj6N4Ek.jpg,false,,product,1.09878772036609e-06
real_product_product_138_gR8QukPoAvQ.jpg,false,,product,1.0828549648067565e-06
real_product_product_090_xepikEyPgmI.jpg,false,,product,1.947873897734098e-05
real_product_product_165_b2_pVdk4lGI.jpg,false,,product,1.0675429393813829e-06
real_product_product_136_TH4Ug5gGgD8.jpg,false,,product,2.6410967279844044e-07
real_product_product_096_1CQjStL89kQ.jpg,false,,product,0.0004248345794621855
real_product_product_52_a_room_with_a_desktop_computer_and_a_picture_of_a_mummy.jpg,false,,product,7.658643852437308e-08
real_product_product_044_P3BwhD8sa6M.jpg,false,,product,6.092425792303402e-06
real_product_product_084__pA5RUGRPvg.jpg,false,,product,4.5800434236298315e-06
real_product_product_153_CjcqO587KRI.jpg,false,,product,2.1041709260316566e-05
real_product_product_071_XYq2hcSmakA.jpg,false,,product,5.119639467920933e-07
real_product_product_129_bQjEEII7G5E.jpg,false,,product,2.7848253125739575e-07
real_product_product_164_pNRLVLA1gNU.jpg,false,,product,0.0005362119991332293
real_product_product_67_a_floor_filled_with_the_contents_of_a_womans_bag.jpg,false,,product,1.7661415085967747e-07
real_product_product_158_Ow4X45p6mIw.jpg,false,,product,0.0001325842458754778
real_product_product_123_T4xh5oV8LuY.jpg,false,,product,3.198628519385238e-06
real_product_product_147_Dx47EsVBnEo.jpg,false,,product,2.28372955461964e-05
real_product_product_148_UlNDzqInCXk.jpg,false,,product,1.496557433711132e-05
real_product_product_064_A_fBQe39A4k.jpg,false,,product,2.2763821107218973e-05
real_product_product_169_en-RjVJurms.jpg,false,,product,0.00033683585934340954
real_product_product_088_XLnkWVCPuoU.jpg,false,,product,3.52268798451405e-05
real_product_product_61_a_marine_that_is_looking_at_his_cell_phone.jpg,false,,product,2.211896571679972e-06
real_product_product_109_UuAs_sR4frs.jpg,false,,product,0.19598038494586945
real_product_product_056_ZQm_wg8jxhI.jpg,false,,product,8.560298851989501e-07
real_product_product_052_Lwqv4tEIKOU.jpg,false,,product,7.917904554233246e-07
real_product_product_093_MzFclBeMwSo.jpg,false,,product,2.448495251883287e-06
real_product_product_082_gRPFfk_c0HE.jpg,false,,product,0.00032008884591050446
real_product_product_055_PMhYnFuj1ls.jpg,false,,product,1.3028018202021485e-06
real_product_product_152_eORbhX0F4_4.jpg,false,,product,5.080282790004276e-07
real_product_product_160_iwwMFnt1GTc.jpg,false,,product,0.00014145018940325826
real_product_product_75_a_computer_mouse_is_beside_a_notebook_computer.jpg,false,,product,7.987049599478269e-08
real_product_product_122_TVWBH7UHQ7Y.jpg,false,,product,5.855186373082688e-06
real_product_product_070_LDlC-35X2uU.jpg,false,,product,2.794439978970331e-06
real_product_product_051_MdZFPwlWMYs.jpg,false,,product,1.5083561493156594e-06
real_product_product_060_RAmpnn20rmY.jpg,false,,product,2.901440439018188e-06
real_product_product_143_kVuPfz-3HKw.jpg,false,,product,1.3723018810196663e-06
real_product_product_034_VlgzxZZKQOQ.jpg,false,,product,5.107158813189017e-06
real_product_product_128_wk8ilTaXqw4.jpg,false,,product,0.0005178209976293147
real_product_product_82_a_crowd_of_people_with_umbrellas_on_a_street.jpg,false,,product,5.363634409150109e-05
real_product_product_119_0QP-0DUaCo4.jpg,false,,product,1.1271254152234178e-06
real_product_product_159_AWWUNRA1KFw.jpg,false,,product,0.00011270512914052233
real_product_product_57_a_big_fancy_glass_chandelier_hanging_in_a_small_kitchen.jpg,false,,product,9.479468644713052e-06
real_product_product_124_yb3hsmz4utg.jpg,false,,product,1.3481007954396773e-05
real_product_product_78_a_woman_with_suitcases_waiting_for_a_train.jpg,false,,product,8.421616115583674e-08
real_product_product_155_fSoJ_Kj59zs.jpg,false,,product,3.0520129712385824e-06
real_product_product_156_qiMmrWdYZfg.jpg,false,,product,1.3508872598322341e-06
real_product_product_121_mFFATULxMBU.jpg,false,,product,7.28074212474894e-07
real_product_product_134_n1bbNrNSJH8.jpg,false,,product,8.802703632682096e-06
real_product_product_074_y26NHYSTZRk.jpg,false,,product,7.217224151645496e-07
real_product_product_135_YZIdz19jhqs.jpg,false,,product,3.121811289474863e-07
real_product_product_58_a_beautiful_woman_taking_a_picture_with_her_smart_phone.jpg,false,,product,3.9216300251609937e-07
real_product_product_51_a_group_of_people_walking_across_a_busy_city_street.jpg,false,,product,4.4182777969581366e-07
real_product_product_098_pkfwwofpNUw.jpg,false,,product,0.2941626012325287
real_product_product_081_e6z6DVc_JqQ.jpg,false,,product,1.5258716302923858e-05
real_product_product_76_a_man_in_a_gray_shirt_holds_his_phone_as_he_sits_by_a_man_in.jpg,false,,product,6.988653922235244e-08
real_product_product_037_sxh5dE2bD50.jpg,false,,product,1.0391568139311858e-05
real_product_product_091_kcy3tHgHpcs.jpg,false,,product,0.00023792772844899446
real_product_product_048__CSr-_ZICSY.jpg,false,,product,2.8318293061602162e-06
real_product_product_167_xWeSCy5BdfI.jpg,false,,product,8.93150718184188e-06
real_product_product_107_xVptEZzgVfo.jpg,false,,product,0.00012626720126718283
real_product_product_151_ICAxsNRt_WM.jpg,false,,product,1.934370857270551e-06
real_product_product_038_3Cgmcux-cpY.jpg,false,,product,7.871698244343861e-07
real_product_product_56_two_computer_monitors_are_turned_on_on_a_computer_desk.jpg,false,,product,4.2558215795907017e-07
real_product_product_054_eAaoUuAMb7M.jpg,false,,product,0.000200192240299657
real_product_product_163_r1BS0pzlr1M.jpg,false,,product,2.938918896688847e-06
real_product_product_108_5GKdpmo0wI8.jpg,false,,product,3.3412495668017073e-06
real_product_product_112_aokIiOCtnXk.jpg,false,,product,7.814405762474053e-06
real_product_product_62_a_few_different_computers_are_placed_on_the_desk.jpg,false,,product,4.5342704879658413e-07
real_product_product_102_kjfdacDML9M.jpg,false,,product,2.3321760522776458e-07
real_product_product_150_kFDyajOyqTA.jpg,false,,product,3.139442560495809e-05
real_product_product_59_a_refrigerator_next_to_a_red_wall_in_the_kitchen.jpg,false,,product,6.066586024644494e-07
real_product_product_059_Lcqz6UUKXRU.jpg,false,,product,9.103868251258973e-06
real_product_product_089_IYvYz0j7zpA.jpg,false,,product,6.609604952245718e-06
real_product_product_092_7QyUPe30vqU.jpg,false,,product,9.39222104534565e-07
real_product_product_116_xUpbmUINv9o.jpg,false,,product,6.207807473401772e-06
real_product_product_142_oNte8riFdX0.jpg,false,,product,4.4011298996338155e-06
real_product_product_146_wW1raPiIJIU.jpg,false,,product,4.543187969829887e-06
real_product_product_79_a_group_of_commuters_standing_around_a_train_station.jpg,false,,product,1.7504109564470127e-05
real_product_product_126_MHBJeSSQfx8.jpg,false,,product,5.449546733871102e-07
real_product_product_065_Yu-xv5OzGgo.jpg,false,,product,4.026261706258083e-07
real_product_product_113_pOCcShZwNcs.jpg,false,,product,1.3489057892002165e-05
real_product_product_075_MUv_7l-GRKU.jpg,false,,product,5.115040949021932e-06
real_product_product_55_there_is_a_lap_top_computer_on_the_desk.jpg,false,,product,5.865951635541933e-08
real_product_product_157_fVIiTknYim8.jpg,false,,product,2.127061816281639e-05
real_product_product_65_people_laying_in_chairs_walking_and_playing_in_the_water_on.jpg,false,,product,1.0112784565308175e-07
real_product_product_154_nwhqGZ5DcOY.jpg,false,,product,3.02608259517001e-06
real_product_product_080_QESicPqs_XE.jpg,false,,product,6.103771738708019e-06
real_product_product_063_cD_obz7W774.jpg,false,,product,0.00023006055562291294
real_product_product_53_a_woman_walking_next_to_a_man_riding_a_pink_bike.jpg,false,,product,2.165768364648102e-06
real_product_product_131_F-e4-hd1-oA.jpg,false,,product,2.705895167309791e-05
real_product_product_040_uWrLpDAT81g.jpg,false,,product,1.6934263840084895e-05
real_product_product_114_vGhpfizChpY.jpg,false,,product,8.24801918497542e-06
real_food_food_084_-BSvBlnCvUU.jpg,false,,food,6.095826847740682e-07
real_food_food_58_man_cutting_a_cake_on_the_table_in_the_kitchen.jpg,false,,food,3.210156762634142e-07
real_food_food_035_91czTE5wmCg.jpg,false,,food,9.967231017071754e-05
real_food_food_039_pGCwAAk04BU.jpg,false,,food,3.386600292287767e-05
real_food_food_157_-dm8WfhnQU4.jpg,false,,food,6.089823273214279e-06
real_food_food_141_MUdGuohE-Mk.jpg,false,,food,0.0020855790935456753
real_food_food_159_K3q1KVUeGQY.jpg,false,,food,6.215241592144594e-05
real_food_food_117_dv5SSMfXbs4.jpg,false,,food,7.0367777880164795e-06
real_food_food_131_l8Y9fVgxrEE.jpg,false,,food,1.1557211792023736e-06
real_food_food_170_rDLBArZUl1c.jpg,false,,food,5.427089604381763e-07
real_food_food_123_49EKj06dQCc.jpg,false,,food,5.6331136875087395e-06
real_food_food_155_h5yMpgOI5nI.jpg,false,,food,1.9731680367840454e-05
real_food_food_165_9PDBbyJc2eE.jpg,false,,food,1.2899922694487032e-06
real_food_food_063_bgHJL294VVY.jpg,false,,food,1.2161715403635753e-06
real_food_food_118_xXIRSZmzvU8.jpg,false,,food,8.880003861122532e-07
real_food_food_037_dQIcaRtNZtQ.jpg,false,,food,7.486301456083311e-06
real_food_food_110_o8PCoxDO8PQ.jpg,false,,food,3.279456677773851e-06
real_food_food_59_a_white_plate_with_some_food_and_two_trays_of_sauce.jpg,false,,food,1.0055761777039152e-05
real_food_food_81_a_table_topped_with_plates_bowls_and_containers_of_food.jpg,false,,food,1.2571676961670164e-06
real_food_food_056_qw6_11-Ob48.jpg,false,,food,2.00075901375385e-05
real_food_food_169_T5Pm7ZId3sc.jpg,false,,food,0.00021559619926847517
real_food_food_048_BxY-nv-RBsA.jpg,false,,food,7.579184511996573e-06
real_food_food_036_HkaSi5Fvc0s.jpg,false,,food,1.9455158053460764e-06
real_food_food_077_LOdAL10JejI.jpg,false,,food,4.468243787414394e-05
real_food_food_069_av5GTf-KxcI.jpg,false,,food,6.063272053324908e-07
real_food_food_152_gDwonOrdh0Q.jpg,false,,food,9.163990739580186e-07
real_food_food_68_a_bunch_of_oranges_are_sitting_in_a_clear_fruit_bowl.jpg,false,,food,0.4731013774871826
real_food_food_167_3Vr4qQvQn34.jpg,false,,food,1.9241528207203373e-05
real_food_food_163_vExD0Y0Aei0.jpg,false,,food,2.067186187559855e-06
real_food_food_151_FyDHcvRi3QI.jpg,false,,food,3.0810410862613935e-06
real_food_food_135_jdcifvdsJZg.jpg,false,,food,1.8914651036538999e-06
real_food_food_57_the_meal_of_fish_has_a_side_of_broccoli.jpg,false,,food,3.646239929366857e-05
real_food_food_164_1Uqr_jqi3c4.jpg,false,,food,1.098997245208011e-06
real_food_food_072_t1_BuMsRRsI.jpg,false,,food,1.9889709790277266e-07
real_food_food_096_JVd2FchPjCg.jpg,false,,food,7.564480597466172e-07
real_food_food_114_ozVQrfENFOs.jpg,false,,food,2.7174726710654795e-05
real_food_food_78_three_round_plates_filled_with_artistically_presented_food.jpg,false,,food,7.863356898951679e-08
real_food_food_051_GCEK8Jo_vGM.jpg,false,,food,2.7921435048483545e-06
real_food_food_130_QYU_U2wXxig.jpg,false,,food,9.081436473934446e-07
real_food_food_089_sp2lfKOUzAM.jpg,false,,food,0.0018254852620884776
real_food_food_52_a_kitchen_that_has_a_table_and_a_chair.jpg,false,,food,4.910856659989804e-06
real_food_food_149_G8qVZEiyCJU.jpg,false,,food,1.492228534516471e-06
real_food_food_078_tz0moLxAMCc.jpg,false,,food,2.050210099469041e-07
real_food_food_080_zyLgpFi4Tvg.jpg,false,,food,1.0300560688847327e-06
real_food_food_068_aFa_Fu12bj8.jpg,false,,food,3.3435509976698086e-05
real_food_food_050_M5kI-5OFviE.jpg,false,,food,6.672404424534761e-07
real_food_food_034_dY7ONzZzoU8.jpg,false,,food,1.012884496276456e-07
real_food_food_143_1fxcQYy5OXc.jpg,false,,food,3.380689008736226e-07
real_food_food_148_6dC5tYPiD2s.jpg,false,,food,2.608020395200583e-07
real_food_food_64_a_kitchen_with_a_bright_window_and_house_plants.jpg,false,,food,1.3763462902716128e-07
real_food_food_046_YQPTf86GvpM.jpg,false,,food,5.266894731903449e-05
real_food_food_052_n5Wvn6wU1Xw.jpg,false,,food,2.543233676988166e-07
real_food_food_80_a_lot_of_food_that_are_in_some_baskets.jpg,false,,food,5.112262329021178e-07
real_food_food_124_hhZDn50B17c.jpg,false,,food,5.7727675084606744e-06
real_food_food_139_8v38azmFYr8.jpg,false,,food,3.805190499406308e-05
real_food_food_094_9oUL0x_puck.jpg,false,,food,1.9938175910283462e-07
real_food_food_075_SidputyP-eE.jpg,false,,food,2.5269409889006056e-05
real_food_food_053_rf0XgpH-2ao.jpg,false,,food,5.409414825408021e-06
real_food_food_67_a_person_adjusting_a_metal_object_hanging_from_a_ceiling.jpg,false,,food,1.582171904601637e-07
real_food_food_53_a_group_of_people_sitting_around_a_table_filled_with_food.jpg,false,,food,1.9652587468499405e-07
real_food_food_104_0byawXfQl5c.jpg,false,,food,1.7960816194317886e-06
real_food_food_125_NNddPCQDhyw.jpg,false,,food,2.7381465770304203e-06
real_food_food_128_GVxJRsudSIU.jpg,false,,food,1.0457280950504355e-05
real_food_food_079_POg3Z47YPkM.jpg,false,,food,1.5027499102870934e-05
real_food_food_72_a_newly_married_couple_sharing_a_piece_of_there_wedding_cake.jpg,false,,food,1.7136454744104412e-07
real_food_food_055_dSZQC7vVf5M.jpg,false,,food,2.0373784082039492e-06
real_food_food_54_two_birds_preparing_to_eat_food_off_of_a_plate_that_was_left.jpg,false,,food,0.0017009685980156064
real_food_food_138_E1ZwXiBD7LA.jpg,false,,food,1.3601988939626608e-06
real_food_food_147_cRPz6-ryzSg.jpg,false,,food,1.5277306886218867e-07
real_food_food_054_mV4oTSZR4eA.jpg,false,,food,1.5217851796478499e-05
real_food_food_62_a_man_that_is_sitting_down_on_a_bench_in_front_of_a_table.jpg,false,,food,1.1974370295320114e-07
real_food_food_61_food_on_a_train_with_a_pie_and_some_vegetable.jpg,false,,food,1.1374951327525196e-06
real_food_food_50_bride_and_grooms_arms_cutting_the_wedding_cake_with_fruit_on.jpg,false,,food,1.3340107329895545e-07
real_food_food_56_a_breakfast_plate_with_toast_vegetables_eggs_and_meat.jpg,false,,food,6.03072351168521e-07
real_food_food_038_eD3gkNVlm94.jpg,false,,food,1.0455559049660224e-06
real_food_food_132_ONeUTPIkoEs.jpg,false,,food,1.0765420483949129e-06
real_food_food_093_7DpEKohpOhQ.jpg,false,,food,9.04542685020715e-06
real_food_food_137_AELjKcCaNSk.jpg,false,,food,2.2844105274089088e-07
real_food_food_070_4l5BlL6OX7A.jpg,false,,food,5.046918158768676e-05
real_food_food_090_YwH212PJk0Q.jpg,false,,food,1.1655766911644605e-06
real_food_food_121_xd0g61tGBgc.jpg,false,,food,7.930698302516248e-07
real_food_food_133_PMOAfRP_kLI.jpg,false,,food,2.569325943113654e-06
real_food_food_150_tIvWsbppj5k.jpg,false,,food,2.407187821518164e-06
real_food_food_059_ELISIYFi-ws.jpg,false,,food,1.6831533855565795e-07
real_food_food_140_PBXZSIQ0XTg.jpg,false,,food,3.6923697166457714e-07
real_food_food_75_a_group_of_people_that_are_standing_in_front_of_a_island.jpg,false,,food,0.00013615793432109058
real_food_food_062_JZ5WREw9664.jpg,false,,food,6.938652404642198e-06
real_food_food_098__WuZ9cOPc6M.jpg,false,,food,1.1596190319096422e-07
real_food_food_044_s-4i34Z07To.jpg,false,,food,1.0598981816656305e-06
real_food_food_064_cuaxqIA_pk0.jpg,false,,food,5.4486736189574e-07
real_food_food_074_v9MpHbQimqY.jpg,false,,food,0.00010336495324736461
real_food_food_156_XU1-sAMZFqc.jpg,false,,food,4.980825906386599e-05
real_food_food_120_raakZHcgWWw.jpg,false,,food,0.01409810222685337
real_food_food_060_dUeD4im5YSQ.jpg,false,,food,4.819603418582119e-06
real_food_food_145_aw47u5DHXEg.jpg,false,,food,0.00026468210853636265
real_food_food_058_ue4AfKGEQoA.jpg,false,,food,3.6390170521372056e-07
real_food_food_127_OKT6Ce9fwqI.jpg,false,,food,6.011698587826686e-06
real_food_food_067_3OSiYv09hhs.jpg,false,,food,2.456154788887943e-06
real_food_food_168_sFPxZsn8cwU.jpg,false,,food,2.381549620622536e-06
real_food_food_091_nrfSpR3_4yE.jpg,false,,food,2.825191245392489e-07
real_food_food_144_YvEGiuPZ0Sg.jpg,false,,food,0.0010598818771541119
real_food_food_107_f87RdAQSoJk.jpg,false,,food,9.01869896097196e-07
real_food_food_126_AgWVcQz1bOA.jpg,false,,food,8.599762963967805e-07
real_food_food_158_j1KUsXahuXk.jpg,false,,food,3.992951405962231e-06
real_food_food_049_BPsqF6C_Ou8.jpg,false,,food,2.7086860427516513e-05
real_food_food_042_pyFWN-TrXvk.jpg,false,,food,4.765388894156786e-06
real_food_food_111_GlWOWrJXk5s.jpg,false,,food,4.3052464206994046e-06
real_food_food_71_belgium_waffle_loaded_with_bananas_topped_with_powdered_suga.jpg,false,,food,3.5608818507171236e-06
real_food_food_092_69P8Y4ErG0Y.jpg,false,,food,0.00034894340205937624
real_food_food_73_a_plate_with_bacon_eggs_and_hamburger_topped_with_bananas.jpg,false,,food,1.7962736365007004e-06
real_food_food_076_IrM6Fvhmc9k.jpg,false,,food,5.211711027186539e-07
real_food_food_136_ZHW1qo-VRXM.jpg,false,,food,1.0522078355279518e-06
real_food_food_083_HgoEnDWOGrA.jpg,false,,food,0.00044376595178619027
real_food_food_109_HbQj2RAanTs.jpg,false,,food,1.56898040586384e-05
real_food_food_043_siHk8IfK_Ec.jpg,false,,food,4.032151537103346e-06
real_food_food_113_n2sQQ6XjqfE.jpg,false,,food,2.6186446120846085e-05
real_food_food_82_a_kitchen_with_a_center_white_island_topped_with_a_bowl_of_g.jpg,false,,food,2.1962928542507143e-07
real_food_food_51_a_bowl_of_some_broccoli_that_is_chopped.jpg,false,,food,4.427958799624321e-07
real_food_food_154_VpjPHuFAI-4.jpg,false,,food,6.362668500514701e-06
real_food_food_162_f4GdYFpUyH8.jpg,false,,food,7.425588250953297e-07
real_food_food_045_iRVq6avVGDE.jpg,false,,food,3.1828614737605676e-05
real_food_food_129_3P0BmvFk5rg.jpg,false,,food,1.791295574093965e-07
real_food_food_74_a_sandwich_with_nachos_and_a_salad_on_a_plate.jpg,false,,food,4.08940081797482e-07
real_food_food_071_9cH-uVU__0c.jpg,false,,food,4.211124178254977e-07
real_food_food_79_a_tray_of_various_foods_next_to_drinks_on_a_table.jpg,false,,food,3.6789396062886226e-07
real_food_food_115_YjJFJDai9zg.jpg,false,,food,1.1843297215818893e-05
real_food_food_100_OSwea3yxjT0.jpg,false,,food,3.132852555154386e-07
real_food_food_088_QPKJZvqMaDs.jpg,false,,food,5.3808030315849464e-06
real_food_food_040_a7nzCe8FlT4.jpg,false,,food,4.393860422169382e-07
real_food_food_108_ixC7gmLcKaQ.jpg,false,,food,0.0019988385029137135
real_food_food_63_a_man_preparing_food_in_a_restaurant_kitchen.jpg,false,,food,1.2441725516509905e-07
real_food_food_066_s0oNVwpU9NE.jpg,false,,food,1.392056674376363e-06
real_food_food_134_T-tgZmKFRZU.jpg,false,,food,1.4606682725570863e-06
real_food_food_161_AX8z0xXzrUo.jpg,false,,food,6.52668632028508e-06
real_food_food_69_a_scene_of_an_apartment_with_a_dining_table_and_a_couple_of.jpg,false,,food,6.138275057310238e-05
real_food_food_073_kswmO8BRzQQ.jpg,false,,food,5.6539000070188195e-05
real_food_food_66_a_plate_of_bananas_and_sliced_oranges_covered_in_butterflies.jpg,false,,food,3.3557247661519796e-05
real_food_food_102_DuObvMLmc8M.jpg,false,,food,1.5745449672976974e-06
real_food_food_097_jT86IpheR2w.jpg,false,,food,0.00011410977458581328
real_food_food_103_Fff5ve-rGVA.jpg,false,,food,0.008504046127200127
real_food_food_081_lgvvFFplBHw.jpg,false,,food,1.0982481626342633e-06
real_food_food_041_qDdv33C-BSw.jpg,false,,food,6.245057193154935e-06
real_food_food_085_WT_nZUfAmBc.jpg,false,,food,2.5320873646705877e-06
real_food_food_047_qpZlQ8IIghI.jpg,false,,food,0.012487740255892277
real_food_food_160_uRqMI5Nw4Yc.jpg,false,,food,0.00010293796367477626
real_food_food_065_Q5QspluNZmM.jpg,false,,food,1.6351938029401936e-05
real_food_food_119_47urRDhCphA.jpg,false,,food,2.647021392476745e-05
real_food_food_095_WY_EKY3taJE.jpg,false,,food,3.5491740391080384e-07
real_food_food_087_oYllk_NdgA0.jpg,false,,food,1.0554686014074832e-05
real_food_food_061_DCZGNIZjz_Q.jpg,false,,food,0.005235174670815468
real_food_food_65_a_small_bowl_of_fruit_on_a_table.jpg,false,,food,0.0013934677699580789
real_food_food_76_three_bowls_filled_with_vegetables_on_top_of_a_table.jpg,false,,food,1.0141000075236661e-06
real_food_food_146_fv7ttjeTgyM.jpg,false,,food,9.687222700449638e-06
real_food_food_70_a_sandwich_sitting_on_top_of_a_pile_of_fries.jpg,false,,food,1.575205743620245e-07
real_food_food_099_gyaPIZZjV_A.jpg,false,,food,8.167757528099173e-07
real_food_food_057_v8-cAH5cmTU.jpg,false,,food,2.6678876565711107e-06
real_food_food_77_a_bowl_that_has_soup_and_a_spoon_in_it.jpg,false,,food,0.7534064054489136
real_food_food_166_lZ98dwbkTws.jpg,false,,food,6.904170390953368e-07
real_food_food_082_w-LpijUp8yw.jpg,false,,food,9.942370979842963e-07
real_food_food_101_OZhdQm_OjX4.jpg,false,,food,6.150917783998011e-07
real_food_food_153_Rh8vxWHc5DA.jpg,false,,food,4.0940078179119155e-05
real_food_food_112_T8I3UuK-QXY.jpg,false,,food,1.1683745242407895e-06
real_food_food_106_0b4sfNTqBLU.jpg,false,,food,7.377396741503617e-06
real_food_food_105_jCTo3MAtzjA.jpg,false,,food,9.304424679612566e-07
real_food_food_122_4Y_bVu4j0cA.jpg,false,,food,3.5635212043416686e-06
real_food_food_142_YY5uHzZV6Wo.jpg,false,,food,7.066939815558726e-06
real_food_food_086_lz8rih2cNJQ.jpg,false,,food,8.878174639903591e-07
real_food_food_55_a_beautiful_dessert_waiting_to_be_shared_by_two_people.jpg,false,,food,1.3084482475278492e-07
real_food_food_116_dpQqhZRyF7w.jpg,false,,food,2.682329977687914e-06
real_food_food_60_two_computers_sitting_on_top_of_a_desk.jpg,false,,food,7.84537860454293e-06
real_animal_animal_141_L79Jcm80Y3U.jpg,false,,animal,2.329117342014797e-05
real_animal_animal_050_CBK17BPteJE.jpg,false,,animal,4.553754479275085e-06
real_animal_animal_044_7pMTQP_kIhg.jpg,false,,animal,3.4586489050525415e-07
real_animal_animal_132_J4DL0onKVng.jpg,false,,animal,8.961933417594992e-06
real_animal_animal_50_a_calico_cat_drinking_from_a_sink_faucet.jpg,false,,animal,6.720755436617765e-07
real_animal_animal_142_ScLYGfuCqQg.jpg,false,,animal,6.637043952650856e-06
real_animal_animal_061_KKK-mavLRIY.jpg,false,,animal,4.141588942729868e-05
real_animal_animal_131_NoNqa205O40.jpg,false,,animal,2.6693865038396325e-06
real_animal_animal_163_ujOHucbnC94.jpg,false,,animal,1.0466659659869038e-05
real_animal_animal_058_UsDyOmKQjzo.jpg,false,,animal,2.3167827748693526e-05
real_animal_animal_118_O-dnv951XTY.jpg,false,,animal,9.111095096159261e-07
real_animal_animal_124_idMSI66-1NQ.jpg,false,,animal,4.0987558236338373e-07
real_animal_animal_69_a_couple_of_people_that_are_biking_down_a_road.jpg,false,,animal,1.1364604688424151e-05
real_animal_animal_089_4KV3SKyHNjE.jpg,false,,animal,3.6957028441975126e-06
real_animal_animal_61_a_dog_laying_down_licking_food_off_of_a_plate.jpg,false,,animal,2.0305351426941343e-06
real_animal_animal_140_bj7ALDr6E-o.jpg,false,,animal,1.8758439637167612e-06
real_animal_animal_097_sCgBFOArERk.jpg,false,,animal,1.464118781768775e-06
real_animal_animal_054_Qv8NgYRjSn4.jpg,false,,animal,5.895203139516525e-05
real_animal_animal_082_hvkcofV0bvw.jpg,false,,animal,2.1850016764801694e-06
real_animal_animal_107_4rezxlfTrGA.jpg,false,,animal,1.6750362874518032e-06
real_animal_animal_126_IOvOeZRGanM.jpg,false,,animal,1.3743712088398752e-06
real_animal_animal_127_4sMVrh8-S1g.jpg,false,,animal,0.003855389542877674
real_animal_animal_078_YzfCevgzsPI.jpg,false,,animal,5.2490815960482e-07
real_animal_animal_062_J7X_npgVujU.jpg,false,,animal,6.030953727531596e-07
real_animal_animal_53_bird_sits_atop_cattle_on_snow_covered_field.jpg,false,,animal,1.0893336366279982e-06
real_animal_animal_096_nvDnfWuSyD8.jpg,false,,animal,3.505489439703524e-05
real_animal_animal_048_YvYBOSiBJE8.jpg,false,,animal,8.992753350867133e-07
real_animal_animal_038_CiacXjCwb3g.jpg,false,,animal,1.2500292996264761e-06
real_animal_animal_103__GQCzeh1oWk.jpg,false,,animal,4.1861485442495905e-06
real_animal_animal_115_qvkA4FMTNKo.jpg,false,,animal,9.504174158792011e-07
real_animal_animal_150_eNi9DGpVYWk.jpg,false,,animal,7.150250667109503e-07
real_animal_animal_037_j3JAI9KXJ-c.jpg,false,,animal,1.4950330751162255e-07
real_animal_animal_071_zjKxb4xhBXc.jpg,false,,animal,0.011330482549965382
real_animal_animal_064_uLMM6TyPfGw.jpg,false,,animal,7.572821050416678e-05
real_animal_animal_152_JkVNRBpFSK8.jpg,false,,animal,1.9696250319611863e-07
real_animal_animal_145_Qtg_270Aa_I.jpg,false,,animal,4.273706508683972e-06
real_animal_animal_060_lZts59erQVw.jpg,false,,animal,5.172008241061121e-05
real_animal_animal_114_J0-ZaraetTE.jpg,false,,animal,5.673376108461525e-06
real_animal_animal_79_a_herd_of_cattle_and_zebra_standing_next_to_each_other_on_a.jpg,false,,animal,2.7867062613040616e-07
real_animal_animal_047_uHHA_YklxMc.jpg,false,,animal,7.999374247447122e-07
real_animal_animal_036_xlTolOtNLZM.jpg,false,,animal,2.085667574647232e-06
real_animal_animal_169_rxFkfMJL9tw.jpg,false,,animal,1.2790279470209498e-05
real_animal_animal_074_TfakEsc83HU.jpg,false,,animal,1.4968356481404044e-05
real_animal_animal_138_t5rBtxLiHj8.jpg,false,,animal,2.390155032117036e-06
real_animal_animal_049_nwaiAiHAVEY.jpg,false,,animal,9.879782737698406e-06
real_animal_animal_043_Dv45FbzLiik.jpg,false,,animal,1.2518720723164733e-05
real_animal_animal_091_yRdK7ijQPNw.jpg,false,,animal,9.990542821469717e-06
real_animal_animal_053_CACQDEJknBs.jpg,false,,animal,1.4074183809498209e-06
real_animal_animal_170_P6s8EbcSgmA.jpg,false,,animal,0.00023155368398874998
real_animal_animal_166_jh6YaoB0TBw.jpg,false,,animal,3.471709987934446e-06
real_animal_animal_144_ihivSSUOpno.jpg,false,,animal,3.992208803538233e-06
real_animal_animal_158_fkxUyu6F2L8.jpg,false,,animal,4.6778295654803514e-06
real_animal_animal_046_88Kt5KHUe_8.jpg,false,,animal,3.741874252227717e-06
real_animal_animal_73_a_small_motor_bike_outside_of_the_garage.jpg,false,,animal,1.1247978903838884e-07
real_animal_animal_108_JNHrBVfdT_A.jpg,false,,animal,4.077106041222578e-06
real_animal_animal_151_8LPgWfHgcMg.jpg,false,,animal,8.56002498039743e-06
real_animal_animal_075_PA3F7YWHUPM.jpg,false,,animal,5.573770067712758e-07
real_animal_animal_041_-96qBKyFefQ.jpg,false,,animal,1.420566150045488e-05
real_animal_animal_095_iuoIlOvTa6g.jpg,false,,animal,4.695062671089545e-06
real_animal_animal_139_i80SbIDgFf8.jpg,false,,animal,5.09472158682911e-07
real_animal_animal_092_mg-k04n58xY.jpg,false,,animal,1.657883558436879e-06
real_animal_animal_068_ZBR7NAYRR4M.jpg,false,,animal,5.45789680472808e-06
real_animal_animal_083_2QHHOAPI--I.jpg,false,,animal,2.134307760570664e-05
real_animal_animal_143_7xYdOPDfNcE.jpg,false,,animal,1.5946456187521107e-05
real_animal_animal_094_bmwUCv0wMIU.jpg,false,,animal,0.00016876599693205208
real_animal_animal_70_a_street_scene_with_a_person_on_a_motorcycle.jpg,false,,animal,2.8482375569183205e-07
real_animal_animal_56_a_flock_of_goats_and_some_men_watching_them.jpg,false,,animal,2.439508079987718e-06
real_animal_animal_123_o-c4UrB0WBA.jpg,false,,animal,7.68736356349109e-07
real_animal_animal_066_rh7KA6jVJFM.jpg,false,,animal,2.767988007690292e-06
real_animal_animal_134_GVe30cQ8CWU.jpg,false,,animal,1.3498995485861087e-06
real_animal_animal_160_A_unG6e0Cug.jpg,false,,animal,8.77730087722739e-07
real_animal_animal_070_iY8qBtToC0o.jpg,false,,animal,8.709347639523912e-06
real_animal_animal_111_22_r4pgeL28.jpg,false,,animal,8.407247150898911e-06
real_animal_animal_113_knB89oNur0A.jpg,false,,animal,0.0016446046065539122
real_animal_animal_78_a_giraffe_standing_in_a_field_next_to_a_fence.jpg,false,,animal,2.8289573492656928e-06
real_animal_animal_063_oajraKUY0uQ.jpg,false,,animal,6.692644660688529e-07
real_animal_animal_155_85YNg0KtSPw.jpg,false,,animal,1.9251031062594848e-06
real_animal_animal_056_Nzzk-pOcqvA.jpg,false,,animal,2.91179617306625e-06
real_animal_animal_161_f3Os5oCc874.jpg,false,,animal,5.125979441800155e-06
real_animal_animal_067_KmmVj3LY4lA.jpg,false,,animal,4.851228823099518e-07
real_animal_animal_60_a_grouping_of_zebras_in_a_pen_next_to_a_giraffe.jpg,false,,animal,1.221518573402136e-06
real_animal_animal_133_nzPivGosPIQ.jpg,false,,animal,5.141278506926028e-06
real_animal_animal_122_t81H__wdxlc.jpg,false,,animal,6.774712915103009e-07
real_animal_animal_098_RMj_T-DMgDA.jpg,false,,animal,3.041518084501149e-06
real_animal_animal_077_vVh9BUJIizQ.jpg,false,,animal,3.805999949690886e-05
real_animal_animal_087__qLFof8-Loo.jpg,false,,animal,2.8481778713285166e-07
real_animal_animal_088_1tXeMpkssik.jpg,false,,animal,6.645154826401267e-07
real_animal_animal_164_wAP_IBPhn-4.jpg,false,,animal,7.166307227635116e-07
real_animal_animal_76_a_dog_is_tied_to_a_fire_hydrant.jpg,false,,animal,6.635221325268503e-06
real_animal_animal_080_49TMUrNQDQ0.jpg,false,,animal,0.0002108128828695044
real_animal_animal_75_a_family_of_giraffes_by_a_few_zebras_and_a_gazelle.jpg,false,,animal,8.524275472154841e-07
real_animal_animal_085_U9frYiUp1Qg.jpg,false,,animal,7.15226769898436e-06
real_animal_animal_100_PJTfOzSo8fQ.jpg,false,,animal,1.0650455806171522e-06
real_animal_animal_51_a_bunch_of_sheep_in_the_snow_behind_a_barbed_wire_fence.jpg,false,,animal,5.828306370858627e-07
real_animal_animal_072_eX45lve1DIo.jpg,false,,animal,4.230106469549355e-07
real_animal_animal_105_DORi0W_afqk.jpg,false,,animal,3.197397688836645e-07
real_animal_animal_148_Xr4TYgSEXqQ.jpg,false,,animal,1.0771687811939046e-05
real_animal_animal_65_a_cats_sits_on_the_table_with_a_dog_outside.jpg,false,,animal,7.173452445385919e-07
real_animal_animal_102_Cl8iDlk008c.jpg,false,,animal,2.63238376874142e-07
real_animal_animal_147_nlF8qaFWI0w.jpg,false,,animal,9.545364264340606e-06
real_animal_animal_63_rear_view_mirror_reflection_showing_a_dog_in_the_back_seat.jpg,false,,animal,1.4361986586663988e-06
real_animal_animal_045_eo93HAoalwQ.jpg,false,,animal,0.000977260060608387
real_animal_animal_77_a_herd_of_sheep_standing_next_to_each_other_on_dirt_ground.jpg,false,,animal,3.1099605735107616e-07
real_animal_animal_081_TNMOJYUteDU.jpg,false,,animal,1.1583549621718703e-06
real_animal_animal_64_a_dog_following_a_man_on_his_horse_in_a_field.jpg,false,,animal,1.1684141099976841e-05
real_animal_animal_120_EdlNaRhg9ik.jpg,false,,animal,1.8488799469196238e-06
real_animal_animal_052_tmrQPLJpBrk.jpg,false,,animal,1.5586902009090409e-06
real_animal_animal_129_IwiaImVNcQU.jpg,false,,animal,8.713667739357334e-06
real_animal_animal_042_1qT-zMTRFp0.jpg,false,,animal,0.0003315503417979926
real_animal_animal_74_a_cat_standing_on_the_edge_of_a_sink_drink_water.jpg,false,,animal,8.550166512577562e-07
real_animal_animal_125_snhqHThkCRE.jpg,false,,animal,2.2131775949674193e-06
real_animal_animal_153_FBOP5an6h74.jpg,false,,animal,3.3522243825245823e-07
real_animal_animal_66_a_bunch_of_sheep_make_their_way_through_the_crowded_city_str.jpg,false,,animal,9.73479785670861e-08
real_animal_animal_168_g9M46POadWU.jpg,false,,animal,5.810606307932176e-05
real_animal_animal_101_iQC6u4ejuGE.jpg,false,,animal,3.5747534639085643e-06
real_animal_animal_57_a_cat_walking_through_a_kitchen_by_a_eating_tray.jpg,false,,animal,9.210640428136685e-08
real_animal_animal_149_E12vXZq9AZA.jpg,false,,animal,1.7462027699366445e-06
real_animal_animal_156_yiwB58St4bE.jpg,false,,animal,2.273780637551681e-06
real_animal_animal_093_mYxtYpSJvbw.jpg,false,,animal,1.670654000918148e-06
real_animal_animal_165_PChlguQgbCw.jpg,false,,animal,6.012329549776041e-07
real_animal_animal_62_a_cat_eating_a_bird_it_has_caught.jpg,false,,animal,7.62954073252331e-07
real_animal_animal_084_QRzQlECEbsk.jpg,false,,animal,0.00012603947834577411
real_animal_animal_109_P6InS7LxUS4.jpg,false,,animal,7.468349281225528e-07
real_animal_animal_121_ZOGamuDrPJw.jpg,false,,animal,1.7606233086553402e-05
real_animal_animal_81_three_sheep_are_grazing_in_the_field_next_to_the_water.jpg,false,,animal,1.257343456018134e-07
real_animal_animal_157_VSVcEzWsqyc.jpg,false,,animal,0.00040604168316349387
real_animal_animal_80_many_woolly_sheep_standing_together_in_the_field.jpg,false,,animal,1.9173528471583268e-06
real_animal_animal_090_fRJGUAQ6uNg.jpg,false,,animal,7.305642384380917e-07
real_animal_animal_110_HPHtMOJvHDM.jpg,false,,animal,8.489599713357165e-05
real_animal_animal_055_feos9QXjxJY.jpg,false,,animal,2.2523302050103666e-06
real_animal_animal_069_q0J6zQPO-zw.jpg,false,,animal,0.0141585823148489
real_animal_animal_58_two_men_herding_a_pack_of_elephants_across_a_field.jpg,false,,animal,6.551259730258607e-07
real_animal_animal_104_1Ytzecs_XU4.jpg,false,,animal,5.561627858696738e-06
real_animal_animal_55_a_horse_in_a_pasture_of_tall_grass_observing_an_energetic_do.jpg,false,,animal,2.243899217546641e-07
real_animal_animal_079_m_wgaQ-sQPQ.jpg,false,,animal,3.085905063926475e-06
real_animal_animal_112_cPyHO3eDlsE.jpg,false,,animal,3.752523696221033e-07
real_animal_animal_034_-Ylz_tc8NOk.jpg,false,,animal,1.1412951153033646e-06
real_animal_animal_051_PpwK032gSao.jpg,false,,animal,1.5324018022511154e-05
real_animal_animal_099_m5Zy3Ulb3g0.jpg,false,,animal,1.083197184925666e-05
real_animal_animal_059_2_3g53wNQk8.jpg,false,,animal,7.904383778623014e-07
real_animal_animal_039_i_Z1o10BPPk.jpg,false,,animal,1.187432644655928e-06
real_animal_animal_136_fXqOgYJgNBk.jpg,false,,animal,3.7779027479700744e-05
real_animal_animal_59_a_dog_standing_on_the_back_of_a_brown_car.jpg,false,,animal,3.158052663820854e-07
real_animal_animal_119_70s5ZKzNkac.jpg,false,,animal,8.381928182643605e-07
real_animal_animal_52_a_cat_sitting_on_the_floor_watching_television.jpg,false,,animal,1.8764383469260792e-07
real_animal_animal_82_a_couple_of_cows_and_some_birds_flying_in_the_sky.jpg,false,,animal,2.5303799588982656e-07
real_animal_animal_154_IHHiw3VMZvc.jpg,false,,animal,1.030918042488338e-06
real_animal_animal_035_vQvq16ZQM60.jpg,false,,animal,4.0921432287177595e-07
real_animal_animal_54_a_man_riding_a_horse_drawn_carriage_on_a_race_track.jpg,false,,animal,5.600592771770607e-07
real_animal_animal_117_DmnOlnAWRdE.jpg,false,,animal,3.6438343613554025e-06
real_animal_animal_040_7jXA55Tl4xU.jpg,false,,animal,2.1175050278543495e-05
real_animal_animal_68_a_cat_outside_looking_through_a_window.jpg,false,,animal,1.178868501483521e-06
real_animal_animal_159_gjDKWxrKrgk.jpg,false,,animal,1.485894426878076e-05
real_animal_animal_076_JHxFiw603QA.jpg,false,,animal,1.8976371620738064e-06
real_animal_animal_162_vLCMWwg5TAs.jpg,false,,animal,0.00018093058315571398
real_animal_animal_128_dtYCvr0r_X4.jpg,false,,animal,2.862102803646849e-07
real_animal_animal_057_n4tWGvk_gWY.jpg,false,,animal,1.590827764630376e-06
real_animal_animal_146_tvH8ECkyQKI.jpg,false,,animal,2.2858734155306593e-05
real_animal_animal_67_a_sheepdog_runs_around_a_herd_of_cows_in_a_fencedin_field.jpg,false,,animal,4.14362347100905e-07
real_animal_animal_72_a_cat_sprawled_out_over_the_top_of_a_laptop_computer_keyboar.jpg,false,,animal,1.441704000626487e-07
real_animal_animal_167_u3XMyl-4OSY.jpg,false,,animal,6.311473953246605e-06
real_animal_animal_106_ejAz1xfCyNM.jpg,false,,animal,2.12712893699063e-05
real_animal_animal_086_YSoqrTfEWcI.jpg,false,,animal,6.211860181792872e-07
real_animal_animal_116_dSAzIH5UtOI.jpg,false,,animal,3.0159958441799972e-06
real_animal_animal_073_MVQPTvPYsJs.jpg,false,,animal,1.206838533107657e-05
real_animal_animal_065_M8uSC8OPXco.jpg,false,,animal,1.684304749005605e-07
real_animal_animal_137_lHeXOpxzok8.jpg,false,,animal,1.660122279645293e-06
real_animal_animal_71_a_black_ct_with_green_eyes_sitting_in_the_sun.jpg,false,,animal,2.2557946977030952e-07
real_animal_animal_135_Tu_lH5CFFZw.jpg,false,,animal,2.773780352072208e-06
real_animal_animal_130_vPyhiJjBlSM.jpg,false,,animal,3.322224074508995e-05
real_landscape_landscape_80_this_highway_is_empty_this_early_on_the_morning.jpg,false,,landscape,6.8838025981676765e-06
real_landscape_landscape_59_a_passenger_bus_that_is_parked_in_a_parking_lot.jpg,false,,landscape,0.5021838545799255
real_landscape_landscape_073_gtabImSzH-g.jpg,false,,landscape,0.0002548931515775621
real_landscape_landscape_160_yaj-SndYOb0.jpg,false,,landscape,7.885840204835404e-06
real_landscape_landscape_140_pNMH4SDf8us.jpg,false,,landscape,1.1387778613425326e-05
real_landscape_landscape_117_KQX4AEXEV1g.jpg,false,,landscape,0.0009806546149775386
real_landscape_landscape_056_TqfJUbdnCxM.jpg,false,,landscape,9.634180742068565e-07
real_landscape_landscape_05_foggy_forest_hills.jpg,false,,landscape,1.0785644235511427e-06
real_landscape_landscape_118_z7IW1w4C870.jpg,false,,landscape,7.344949153775815e-06
real_landscape_landscape_135_Bwkl85sszNM.jpg,false,,landscape,2.4994986233650707e-05
real_landscape_landscape_053_E9CrQou9K0Y.jpg,false,,landscape,2.2135764083941467e-06
real_landscape_landscape_064_pnFNoPuilVI.jpg,false,,landscape,1.422689365426777e-05
real_landscape_landscape_154_VFjGgIGNWlI.jpg,false,,landscape,3.362558118169545e-06
real_landscape_landscape_09_starry_night_mountains.jpg,false,,landscape,6.945722998352721e-05
real_landscape_landscape_124__rsGm7nob3w.jpg,false,,landscape,2.3180630250863032e-06
real_landscape_landscape_079_n6hzRDQ9CM8.jpg,false,,landscape,6.819558166171191e-06
real_landscape_landscape_095_YzJlElq6Pc0.jpg,false,,landscape,1.6321572502420167e-06
real_landscape_landscape_098_F4dGVi1g8rQ.jpg,false,,landscape,5.031026830693008e-07
real_landscape_landscape_062_oGrOhXJaHME.jpg,false,,landscape,9.445438990951516e-06
real_landscape_landscape_68_a_wooden_bench_and_a_fire_hydrant_on_a_field.jpg,false,,landscape,2.2008931921391195e-07
real_landscape_landscape_119_ENkQJj-7orc.jpg,false,,landscape,3.9161025711109687e-07
real_landscape_landscape_81_a_dog_rests_his_head_on_the_edge_of_a_boat_at_sea.jpg,false,,landscape,3.601072933179239e-07
real_landscape_landscape_51_a_green_traffic_light_suspended_above_a_street.jpg,false,,landscape,3.3837786759249866e-05
real_landscape_landscape_085_cCthPLHmrzI.jpg,false,,landscape,4.1904704630724154e-06
real_landscape_landscape_060_jdaigQmK-qA.jpg,false,,landscape,0.0003406950563658029
real_landscape_landscape_58_a_passenger_train_that_has_some_graffiti_on_it.jpg,false,,landscape,4.3094593138448545e-07
real_landscape_landscape_077_ID4OhGirKvg.jpg,false,,landscape,0.00014912842016201466
real_landscape_landscape_133_-5eZ1-Ie68w.jpg,false,,landscape,8.87411147232342e-07
real_landscape_landscape_086_ke-voL7t_I8.jpg,false,,landscape,6.17327714280691e-06
real_landscape_landscape_143_-hbbmFHQYiw.jpg,false,,landscape,1.882779542938806e-05
real_landscape_landscape_080_1DPIP44atys.jpg,false,,landscape,6.328887138806749e-06
real_landscape_landscape_110_02YdrfDb3UE.jpg,false,,landscape,5.400866598392895e-07
real_landscape_landscape_116_sNKwtrVQ4hU.jpg,false,,landscape,1.1184383765794337e-06
real_landscape_landscape_157_nMhbF-YMdXE.jpg,false,,landscape,6.172288067318732e-06
real_landscape_landscape_051_4k8UHZC1-6k.jpg,false,,landscape,6.05766445005429e-06
real_landscape_landscape_161_CL665uHJb7c.jpg,false,,landscape,6.6158427216578275e-06
real_landscape_landscape_093_UazfuoH2sRU.jpg,false,,landscape,1.382165692120907e-06
real_landscape_landscape_55_a_green_traffic_light_a_street_some_buildings_and_some_other.jpg,false,,landscape,0.03261156380176544
real_landscape_landscape_82_a_large_bus_on_the_side_of_the_road.jpg,false,,landscape,2.3483546840452618e-07
real_landscape_landscape_045_W3wgy9tDgto.jpg,false,,landscape,4.4913813326274976e-05
real_landscape_landscape_120_afwi-D9xmt4.jpg,false,,landscape,0.0056414431892335415
real_landscape_landscape_099_kDrTt4sCC7I.jpg,false,,landscape,1.0041779205494095e-05
real_landscape_landscape_167_60cbKmNJ-ls.jpg,false,,landscape,1.507880142526119e-06
real_landscape_landscape_046_wgH3Lzgmm_c.jpg,false,,landscape,1.0317145324734156e-06
real_landscape_landscape_072_jYkvecfWgx0.jpg,false,,landscape,0.002500707982107997
real_landscape_landscape_048_PA0KerQ0lHg.jpg,false,,landscape,5.076501838630065e-05
real_landscape_landscape_126_Cmjq13jc_2g.jpg,false,,landscape,2.64429240814934e-06
real_landscape_landscape_081_0PgC0jve7u4.jpg,false,,landscape,2.4250130081782117e-06
real_landscape_landscape_06_waterfall_in_forest.jpg,false,,landscape,3.976360403612489e-06
real_landscape_landscape_77_rear_view_mirror_reflection_showing_a_dog_in_the_back_seat.jpg,false,,landscape,1.4361986586663988e-06
real_landscape_landscape_147_bUhzlj3gGso.jpg,false,,landscape,2.2080253074818756e-06
real_landscape_landscape_69_a_yellow_bus_that_is_sitting_in_the_grass.jpg,false,,landscape,3.789832874190324e-07
real_landscape_landscape_067_LLD9FKRoqDc.jpg,false,,landscape,4.969254587194882e-05
real_landscape_landscape_115_q2Cv_B3_AZI.jpg,false,,landscape,1.1997362889815122e-06
real_landscape_landscape_125_4UfCRXv_tGM.jpg,false,,landscape,1.273907400900498e-06
real_landscape_landscape_092__XHphe2atWM.jpg,false,,landscape,1.5555140180367744e-06
real_landscape_landscape_109_-UsvhirEIeI.jpg,false,,landscape,0.00015697037451900542
real_landscape_landscape_129_5LyYqPEv8w0.jpg,false,,landscape,3.135355655103922e-06
real_landscape_landscape_070_uQDRDqpYJHI.jpg,false,,landscape,2.461921212670859e-06
real_landscape_landscape_71_a_black_and_white_photo_of_a_train.jpg,false,,landscape,2.604806468298193e-06
real_landscape_landscape_057_C69YOsY9lYg.jpg,false,,landscape,1.1729775906133e-06
real_landscape_landscape_089_zjOv1yyUzQg.jpg,false,,landscape,8.456352225039154e-05
real_landscape_landscape_130_qOxQEA8obSg.jpg,false,,landscape,4.310665190132568e-06
real_landscape_landscape_163_Bz4dHv-9PFQ.jpg,false,,landscape,1.9474986402201466e-05
real_landscape_landscape_071_zjqqKVQZoNg.jpg,false,,landscape,7.256429853441659e-06
real_landscape_landscape_76_a_blue_rusted_train_engine_sitting_on_top_of_rail_tracks.jpg,false,,landscape,8.611376074441068e-07
real_landscape_landscape_114_FCPJn1NeFdI.jpg,false,,landscape,2.5447043299209327e-06
real_landscape_landscape_156_pcgo3E7vJr4.jpg,false,,landscape,1.1741146863641916e-06
real_landscape_landscape_075_G86MS2ZsiJA.jpg,false,,landscape,7.359823825936473e-07
real_landscape_landscape_059_i7OiHRQkJHY.jpg,false,,landscape,1.8695911421673372e-05
real_landscape_landscape_164_tMYDgAySy9w.jpg,false,,landscape,8.950264600571245e-07
real_landscape_landscape_84_part_of_train_car_with_a_door_to_the_rear_connected_to_the_c.jpg,false,,landscape,1.0522534665824423e-07
real_landscape_landscape_083_DlCr9IujpJI.jpg,false,,landscape,1.0147713510377798e-05
real_landscape_landscape_04_dramatic_mountain_valley.jpg,false,,landscape,5.437354957393836e-06
real_landscape_landscape_02_sunset_over_mountains.jpg,false,,landscape,0.0001105353730963543
real_landscape_landscape_53_a_train_of_many_colors_is_coming_down_the_track.jpg,false,,landscape,4.294990048947511e-06
real_landscape_landscape_100_xpLNPVL3IJA.jpg,false,,landscape,2.9775415896438062e-05
real_landscape_landscape_153_6SGsL73EbKM.jpg,false,,landscape,8.77792160736135e-07
real_landscape_landscape_107_cssvEZacHvQ.jpg,false,,landscape,3.976360403612489e-06
real_landscape_landscape_79_an_orange_train_traveling_along_train_tracks_near_a_train_ya.jpg,false,,landscape,1.4612061249863473e-06
real_landscape_landscape_090_tZaA8VqJG3g.jpg,false,,landscape,0.0001405815564794466
real_landscape_landscape_73_a_tall_church_tower_sitting_on_the_side_of_a_road.jpg,false,,landscape,2.7474770831759088e-06
real_landscape_landscape_61_a_wooden_bench_sitting_outside_of_a_home.jpg,false,,landscape,1.405907568141629e-07
real_landscape_landscape_03_lake_reflection.jpg,false,,landscape,1.1596399417612702e-05
real_landscape_landscape_155_DqIyKlJa-2s.jpg,false,,landscape,1.8784468238663976e-06
real_landscape_landscape_105_ur4NB1f3kQ8.jpg,false,,landscape,4.2755803519867186e-07
real_landscape_landscape_128_MasnAA5KqDY.jpg,false,,landscape,1.3782886526314542e-05
real_landscape_landscape_134_1pFIPoOa--Y.jpg,false,,landscape,3.047882091777865e-05
real_landscape_landscape_097_1U6EOU8hiTM.jpg,false,,landscape,4.3346514644326817e-07
real_landscape_landscape_047_58Mkqady7lE.jpg,false,,landscape,2.107749787683133e-05
real_landscape_landscape_102_T-AOFf2B8Zw.jpg,false,,landscape,4.547175365132716e-07
real_landscape_landscape_83_a_small_bus_parked_in_front_of_a_bus_stop.jpg,false,,landscape,7.00645870210792e-08
real_landscape_landscape_162_3m4lH961q20.jpg,false,,landscape,8.627093279756082e-07
real_landscape_landscape_122_K5eIMIz8kaI.jpg,false,,landscape,4.039057239424437e-05
real_landscape_landscape_069_TdoxXD7aGv8.jpg,false,,landscape,0.00047604076098650694
real_landscape_landscape_165_C2YORgsJqXs.jpg,false,,landscape,0.0003934857377316803
real_landscape_landscape_152_ayzzI9nOjWY.jpg,false,,landscape,7.445155461027753e-06
real_landscape_landscape_54_white_birds_are_gathered_around_a_water_puddle.jpg,false,,landscape,1.6008311831683386e-06
real_landscape_landscape_078_TnLdd0LMfwk.jpg,false,,landscape,0.0018361543770879507
real_landscape_landscape_068_aqS6bCynDv8.jpg,false,,landscape,0.0001750069495756179
real_landscape_landscape_07_desert_dunes.jpg,false,,landscape,3.0289988899312448e-06
real_landscape_landscape_166_ioAK4HESn6k.jpg,false,,landscape,2.605147074064007e-06
real_landscape_landscape_111_62_2KGyX13E.jpg,false,,landscape,2.428350171612692e-06
real_landscape_landscape_60_a_red_and_silver_fire_hydrant_sitting_on_top_of_a_sidewalk.jpg,false,,landscape,1.5655683682780364e-07
real_landscape_landscape_158_QAXDmkU60OU.jpg,false,,landscape,4.259120487404289e-06
real_landscape_landscape_138_78wDBw9ajUk.jpg,false,,landscape,2.1911846488364972e-05
real_landscape_landscape_142_3bsVcAbqS7Q.jpg,false,,landscape,5.503190095623722e-06
real_landscape_landscape_131_hoAFrPJlbT0.jpg,false,,landscape,7.660741175641306e-06
real_landscape_landscape_106_hu8Mp-XTksA.jpg,false,,landscape,4.099964030501724e-07
real_landscape_landscape_082_ercx7zE_Mzo.jpg,false,,landscape,1.0729054338298738e-06
real_landscape_landscape_132_zUEjNDEEca8.jpg,false,,landscape,4.873546913586324e-06
real_landscape_landscape_78_a_yellow_bus_is_on_a_street_near_a_black_guard_rail.jpg,false,,landscape,7.258799428200291e-07
real_landscape_landscape_159_G4su92tyImI.jpg,false,,landscape,9.204340130963828e-06
real_landscape_landscape_088_N22iRE8u3MU.jpg,false,,landscape,2.2698432644574495e-07
real_landscape_landscape_168_r-PPOX0QQ1g.jpg,false,,landscape,3.714525746545405e-06
real_landscape_landscape_074_r2Ug9sXPEHA.jpg,false,,landscape,7.396953151328489e-06
real_landscape_landscape_57_a_yellow_and_green_train_at_stop_lights.jpg,false,,landscape,1.6068145214376273e-07
real_landscape_landscape_146__MCLUFQlZ_c.jpg,false,,landscape,9.212290592586214e-07
real_landscape_landscape_096_3eC5n6gHwe8.jpg,false,,landscape,1.5418434486491606e-05
real_landscape_landscape_063_Lm6mqM_KqQY.jpg,false,,landscape,2.931726885435637e-05
real_landscape_landscape_145_xZX3pXjQQSw.jpg,false,,landscape,4.474553406907944e-06
real_landscape_landscape_74_a_bathroom_with_some_orange_walls_and_a_black_and_white_coun.jpg,false,,landscape,7.68790641814121e-07
real_landscape_landscape_136_awNpFWNTGFY.jpg,false,,landscape,0.00018771829491015524
real_landscape_landscape_061_bk4hN4Jvnac.jpg,false,,landscape,4.023731435154332e-06
real_landscape_landscape_121_JtVkmKQ1FQI.jpg,false,,landscape,2.765305725915823e-05
real_landscape_landscape_104_6gt7AoSk5pQ.jpg,false,,landscape,2.607843816804234e-05
real_landscape_landscape_139_aoWukdAWJno.jpg,false,,landscape,1.4498045857180841e-06
real_landscape_landscape_75_a_city_traffic_signal_and_street_at_night.jpg,false,,landscape,6.667114121228224e-06
real_landscape_landscape_055_ixbSaWYYOwY.jpg,false,,landscape,8.313303987961262e-05
real_landscape_landscape_137_9CkGNheiEFQ.jpg,false,,landscape,2.0730001324409386e-06
real_landscape_landscape_066_7AKHr2kdmAc.jpg,false,,landscape,8.080609404714778e-06
real_landscape_landscape_08_ocean_waves_beach.jpg,false,,landscape,4.341889507486485e-06
real_landscape_landscape_076_OrkbCipJriw.jpg,false,,landscape,3.2737877972977003e-06
real_landscape_landscape_113_etJBEUW4ZDg.jpg,false,,landscape,1.5540489357590559e-06
real_landscape_landscape_123_ac9BZlaKuG4.jpg,false,,landscape,6.268705874390434e-07
real_landscape_landscape_049_yFCXHHLEZA0.jpg,false,,landscape,1.0039816515927669e-06
real_landscape_landscape_151_OueojWSe66o.jpg,false,,landscape,2.6524692657403648e-05
real_landscape_landscape_087_NW-WPrJoyzc.jpg,false,,landscape,3.898016132097837e-07
real_landscape_landscape_62_two_large_jets_sitting_on_top_of_an_airport_runway.jpg,false,,landscape,2.4235601813415997e-05
real_landscape_landscape_67_an_image_of_a_subway_bus_going_thru_the_subway_station.jpg,false,,landscape,5.860700866833213e-07
real_landscape_landscape_64_a_bird_sitting_on_top_of_a_park_bench.jpg,false,,landscape,2.893551709348685e-07
real_landscape_landscape_141_F0_qeY5OWJE.jpg,false,,landscape,2.7861133276019245e-06
real_landscape_landscape_149_zMhnN9FpDBE.jpg,false,,landscape,3.0013625291758217e-06
real_landscape_landscape_56_a_train_on_the_tracks_out_in_the_country.jpg,false,,landscape,3.5553054544834595e-07
real_landscape_landscape_103_Yd6TC3qee6M.jpg,false,,landscape,0.0003485259658191353
real_landscape_landscape_052_Xaje8s7H9Cw.jpg,false,,landscape,8.587724096287275e-07
real_landscape_landscape_01_mountain_peaks_with_snow.jpg,false,,landscape,1.1953496823480236e-06
real_landscape_landscape_058_CPIQfMbSjmM.jpg,false,,landscape,1.6918614846872515e-06
real_landscape_landscape_065_xMMh-VFGL9M.jpg,false,,landscape,4.645875742426142e-05
real_landscape_landscape_72_a_street_corner_with_a_brown_and_white_building_on_it.jpg,false,,landscape,5.270218821351591e-07
real_landscape_landscape_094_8v_1afZJpg4.jpg,false,,landscape,4.933882337354589e-06
real_landscape_landscape_150_NoSRqbXJY68.jpg,false,,landscape,3.266343264840543e-05
real_landscape_landscape_144_MZxQoMVN518.jpg,false,,landscape,1.4060660760151222e-06
real_landscape_landscape_63_a_pole_with_a_street_light_and_signs_next_to_a_bare_tree.jpg,false,,landscape,5.58621650270652e-07
real_landscape_landscape_127_uFdsMOjWX58.jpg,false,,landscape,3.091826874879189e-05
real_landscape_landscape_101_C27Jip4jz4k.jpg,false,,landscape,8.617496973784e-07
real_landscape_landscape_050_nlllZxwRoLM.jpg,false,,landscape,3.170688387399423e-07
real_landscape_landscape_054_R0hVu1Mqo7A.jpg,false,,landscape,0.00012904538016300648
real_landscape_landscape_170_rGmCuOfPwnk.jpg,false,,landscape,1.0808855222421698e-05
real_landscape_landscape_52_the_train_engine_is_followed_by_a_line_of_open_cars.jpg,false,,landscape,3.5211382964916993e-06
real_landscape_landscape_50_a_green_bench_sitting_on_the_side_of_a_sidewalk.jpg,false,,landscape,4.6919967644498684e-07
real_landscape_landscape_65_these_toilets_are_being_used_outside_as_decor.jpg,false,,landscape,2.3009357619230286e-07
real_landscape_landscape_148_qgfiux6vEmc.jpg,false,,landscape,5.234858804215037e-07
real_landscape_landscape_169_TWvnc-oToE4.jpg,false,,landscape,2.926871957242838e-06
real_landscape_landscape_112_hfxvkEzd_I0.jpg,false,,landscape,8.1087629951071e-05
real_landscape_landscape_70_a_semi_truck_is_driving_down_a_street.jpg,false,,landscape,2.7234659683017526e-07
real_landscape_landscape_084_uzWLhB7n3m8.jpg,false,,landscape,5.673478881362826e-06
real_landscape_landscape_091_Bch-Zl9ZUc8.jpg,false,,landscape,1.0879319916057284e-06
real_landscape_landscape_66_a_few_meters_are_sitting_near_an_air_plane.jpg,false,,landscape,5.095387791698158e-07
real_landscape_landscape_108_LpryxGvyY-8.jpg,false,,landscape,1.5007307410996873e-05
