id,is_ai,generator,category,score
ai_art_qwen_2512_art_08.png,true,Qwen 2512,art,0.9999836683273315
ai_art_flux_2_flex_art_03.png,true,Flux,art,0.999994158744812
ai_art_seedream_v3_art_07.png,true,Seedream,art,0.9997383952140808
ai_art_seedream_v3_art_06.png,true,Seedream,art,0.9999885559082031
ai_art_flux_2_flex_art_02.png,true,Flux,art,0.9998548030853271
ai_art_glm_image_art_01.png,true,GLM Image,art,0.10816401988267899
ai_art_qwen_2512_art_09.png,true,Qwen 2512,art,0.992218017578125
ai_art_wan_v2.6_art_09.png,true,Wan v2.6,art,0.0003307850274723023
ai_art_flux_schnell_art_08.png,true,Flux Schnell,art,0.9984021782875061
ai_art_glm_image_art_03.png,true,GLM Image,art,0.9911342263221741
ai_art_seedream_v3_art_10.png,true,Seedream,art,0.004659435711801052
ai_art_seedream_v3_art_04.png,true,Seedream,art,0.0381753146648407
ai_art_seedream_v3_art_05.png,true,Seedream,art,8.022773545235395e-05
ai_art_flux_2_flex_art_01.png,true,Flux,art,0.9999493360519409
ai_art_glm_image_art_02.png,true,GLM Image,art,0.9999946355819702
ai_art_flux_schnell_art_09.png,true,Flux Schnell,art,0.0005862033576704562
ai_art_wan_v2.6_art_08.png,true,Wan v2.6,art,0.8164136409759521
ai_art_z_image_art_09.png,true,Z,art,0.010578116402029991
ai_art_glm_image_art_06.png,true,GLM Image,art,0.9999954700469971
ai_art_flux_2_flex_art_05.png,true,Flux,art,1.7253621990676038e-05
ai_art_seedream_v3_art_01.png,true,Seedream,art,0.06810640543699265
ai_art_flux_2_flex_art_10.png,true,Flux,art,0.9999978542327881
ai_art_flux_2_flex_art_04.png,true,Flux,art,0.5025261044502258
ai_art_glm_image_art_07.png,true,GLM Image,art,0.99998939037323
ai_art_z_image_art_08.png,true,Z,art,0.9997251629829407
ai_art_glm_image_art_05.png,true,GLM Image,art,4.511759470915422e-06
ai_art_flux_2_flex_art_06.png,true,Flux,art,0.9999971389770508
ai_art_seedream_v3_art_02.png,true,Seedream,art,0.9999462366104126
ai_art_seedream_v3_art_03.png,true,Seedream,art,0.002714236732572317
ai_art_flux_2_flex_art_07.png,true,Flux,art,0.9999842643737793
ai_art_glm_image_art_10.png,true,GLM Image,art,0.9968664050102234
ai_art_glm_image_art_04.png,true,GLM Image,art,0.999842643737793
ai_art_hunyuan_v3_art_07.png,true,Hunyuan v3,art,0.001599351642653346
ai_art_ideogram_v3_art_04.png,true,Ideogram v3,art,5.3261712309904397e-05
ai_art_ideogram_v3_art_10.png,true,Ideogram v3,art,0.8145884275436401
ai_art_sd_3.5_large_art_08.png,true,Sd,art,0.9996922016143799
ai_art_seedream_v4_art_03.png,true,Seedream,art,4.900126441498287e-05
ai_art_leonardo_phoenix_art_06.png,true,Leonardo Phoenix,art,0.34790360927581787
ai_art_leonardo_phoenix_art_07.png,true,Leonardo Phoenix,art,0.9976818561553955
ai_art_grok_aurora_art_01.png,true,Grok Aurora,art,0.9998728036880493
ai_art_seedream_v4_art_02.png,true,Seedream,art,0.04928985610604286
ai_art_sd_3.5_large_art_09.png,true,Sd,art,1.084889481717255e-05
ai_art_ideogram_v3_art_05.png,true,Ideogram v3,art,0.8893276453018188
ai_art_hunyuan_v3_art_06.png,true,Hunyuan v3,art,0.9998424053192139
ai_art_hunyuan_v3_art_04.png,true,Hunyuan v3,art,0.02566251903772354
ai_art_hunyuan_v3_art_10.png,true,Hunyuan v3,art,0.016229193657636642
ai_art_recraft_v3_art_09.png,true,Recraft v3,art,0.35252881050109863
ai_art_ideogram_v3_art_07.png,true,Ideogram v3,art,0.004292489495128393
ai_art_grok_aurora_art_03.png,true,Grok Aurora,art,0.9997500777244568
ai_art_leonardo_phoenix_art_05.png,true,Leonardo Phoenix,art,0.22349770367145538
ai_art_leonardo_phoenix_art_10.png,true,Leonardo Phoenix,art,0.9998331069946289
ai_art_leonardo_phoenix_art_04.png,true,Leonardo Phoenix,art,0.1348995864391327
ai_art_grok_aurora_art_02.png,true,Grok Aurora,art,0.9999626874923706
ai_art_seedream_v4_art_01.png,true,Seedream,art,0.3586863577365875
ai_art_ideogram_v3_art_06.png,true,Ideogram v3,art,0.9956278800964355
ai_art_recraft_v3_art_08.png,true,Recraft v3,art,0.2517838478088379
ai_art_hunyuan_v3_art_05.png,true,Hunyuan v3,art,0.004944913554936647
ai_art_hunyuan_v3_art_01.png,true,Hunyuan v3,art,0.06767875701189041
ai_art_ideogram_v3_art_02.png,true,Ideogram v3,art,0.9252433776855469
ai_art_flux_pro_v1.1_art_09.png,true,Flux Pro v1.1,art,0.00031915277941152453
ai_art_seedream_v4_art_05.png,true,Seedream,art,1.7225738702109084e-05
ai_art_grok_aurora_art_06.png,true,Grok Aurora,art,0.999994158744812
ai_art_grok_aurora_art_07.png,true,Grok Aurora,art,0.6322509050369263
ai_art_leonardo_phoenix_art_01.png,true,Leonardo Phoenix,art,0.01817185804247856
ai_art_seedream_v4_art_04.png,true,Seedream,art,0.001854820642620325
ai_art_seedream_v4_art_10.png,true,Seedream,art,0.00024819342070259154
ai_art_flux_pro_v1.1_art_08.png,true,Flux Pro v1.1,art,0.9991956353187561
ai_art_ideogram_v3_art_03.png,true,Ideogram v3,art,0.4546184241771698
ai_art_hunyuan_v3_art_02.png,true,Hunyuan v3,art,0.08074969053268433
ai_art_gpt_image_1.5_art_08.png,true,Gpt,art,0.8723542094230652
ai_art_ideogram_v3_art_01.png,true,Ideogram v3,art,0.39821749925613403
ai_art_gemini_3_pro_art_09.png,true,Gemini 3 Pro,art,0.0005385989788919687
ai_art_seedream_v4_art_06.png,true,Seedream,art,0.9966933727264404
ai_art_leonardo_phoenix_art_03.png,true,Leonardo Phoenix,art,0.9997138381004333
ai_art_grok_aurora_art_05.png,true,Grok Aurora,art,0.09891761839389801
ai_art_grok_aurora_art_10.png,true,Grok Aurora,art,0.11559554934501648
ai_art_grok_aurora_art_04.png,true,Grok Aurora,art,0.9961588382720947
ai_art_leonardo_phoenix_art_02.png,true,Leonardo Phoenix,art,0.08966397494077682
ai_art_seedream_v4_art_07.png,true,Seedream,art,0.0798325389623642
ai_art_gemini_3_pro_art_08.png,true,Gemini 3 Pro,art,0.09556827694177628
ai_art_gpt_image_1.5_art_09.png,true,Gpt,art,4.6564291551476344e-06
ai_art_hunyuan_v3_art_03.png,true,Hunyuan v3,art,0.20109525322914124
ai_art_gpt_image_1.5_art_10.png,true,Gpt,art,7.358628499787301e-05
ai_art_recraft_v3_art_03.png,true,Recraft v3,art,0.966790497303009
ai_art_gpt_image_1.5_art_04.png,true,Gpt,art,0.0036240331828594208
ai_art_sd_3.5_large_art_01.png,true,Sd,art,0.0004792460531461984
ai_art_gemini_3_pro_art_05.png,true,Gemini 3 Pro,art,7.861506310291588e-05
ai_art_flux_pro_v1.1_art_06.png,true,Flux Pro v1.1,art,0.26660993695259094
ai_art_grok_aurora_art_09.png,true,Grok Aurora,art,0.000725374324247241
ai_art_grok_aurora_art_08.png,true,Grok Aurora,art,0.9982602000236511
ai_art_flux_pro_v1.1_art_07.png,true,Flux Pro v1.1,art,0.7689011096954346
ai_art_gemini_3_pro_art_10.png,true,Gemini 3 Pro,art,0.9531826972961426
ai_art_gemini_3_pro_art_04.png,true,Gemini 3 Pro,art,0.9254109859466553
ai_art_gpt_image_1.5_art_05.png,true,Gpt,art,5.760531621490372e-06
ai_art_recraft_v3_art_02.png,true,Recraft v3,art,0.9997109770774841
ai_art_gpt_image_1.5_art_07.png,true,Gpt,art,0.9957500696182251
ai_art_gemini_3_pro_art_06.png,true,Gemini 3 Pro,art,0.9999850988388062
ai_art_sd_3.5_large_art_02.png,true,Sd,art,0.992363452911377
ai_art_flux_pro_v1.1_art_05.png,true,Flux Pro v1.1,art,7.372465188382193e-05
ai_art_seedream_v4_art_09.png,true,Seedream,art,0.00015377999807242304
ai_art_seedream_v4_art_08.png,true,Seedream,art,0.0013102919328957796
ai_art_flux_pro_v1.1_art_10.png,true,Flux Pro v1.1,art,0.9888185858726501
ai_art_flux_pro_v1.1_art_04.png,true,Flux Pro v1.1,art,0.8751508593559265
ai_art_gemini_3_pro_art_07.png,true,Gemini 3 Pro,art,0.1948690414428711
ai_art_sd_3.5_large_art_03.png,true,Sd,art,0.613006591796875
ai_art_recraft_v3_art_01.png,true,Recraft v3,art,0.04881037771701813
ai_art_gpt_image_1.5_art_06.png,true,Gpt,art,0.999996542930603
ai_art_hunyuan_v3_art_08.png,true,Hunyuan v3,art,0.013036339543759823
ai_art_gpt_image_1.5_art_02.png,true,Gpt,art,0.9928227066993713
ai_art_recraft_v3_art_05.png,true,Recraft v3,art,0.0010934715392068028
ai_art_sd_3.5_large_art_07.png,true,Sd,art,0.9999979734420776
ai_art_gemini_3_pro_art_03.png,true,Gemini 3 Pro,art,0.9999592304229736
ai_art_leonardo_phoenix_art_09.png,true,Leonardo Phoenix,art,0.05827712640166283
ai_art_leonardo_phoenix_art_08.png,true,Leonardo Phoenix,art,0.10449303686618805
ai_art_flux_pro_v1.1_art_01.png,true,Flux Pro v1.1,art,0.8797289729118347
ai_art_sd_3.5_large_art_06.png,true,Sd,art,0.999656081199646
ai_art_gemini_3_pro_art_02.png,true,Gemini 3 Pro,art,0.999915361404419
ai_art_recraft_v3_art_10.png,true,Recraft v3,art,0.9940919280052185
ai_art_recraft_v3_art_04.png,true,Recraft v3,art,0.0006678037461824715
ai_art_gpt_image_1.5_art_03.png,true,Gpt,art,0.12409195303916931
ai_art_hunyuan_v3_art_09.png,true,Hunyuan v3,art,8.562766743125394e-05
ai_art_recraft_v3_art_06.png,true,Recraft v3,art,0.9995611310005188
ai_art_gpt_image_1.5_art_01.png,true,Gpt,art,0.06237928196787834
ai_art_sd_3.5_large_art_04.png,true,Sd,art,0.9957361221313477
ai_art_sd_3.5_large_art_10.png,true,Sd,art,5.202584361541085e-05
ai_art_ideogram_v3_art_08.png,true,Ideogram v3,art,0.9132190346717834
ai_art_flux_pro_v1.1_art_03.png,true,Flux Pro v1.1,art,0.9984410405158997
ai_art_flux_pro_v1.1_art_02.png,true,Flux Pro v1.1,art,0.9982941746711731
ai_art_ideogram_v3_art_09.png,true,Ideogram v3,art,0.6080044507980347
ai_art_gemini_3_pro_art_01.png,true,Gemini 3 Pro,art,0.9995299577713013
ai_art_sd_3.5_large_art_05.png,true,Sd,art,4.479156632442027e-05
ai_art_recraft_v3_art_07.png,true,Recraft v3,art,0.025382379069924355
ai_art_wan_v2.6_art_03.png,true,Wan v2.6,art,0.6528651118278503
ai_art_flux_schnell_art_02.png,true,Flux Schnell,art,0.998516857624054
ai_art_qwen_2512_art_01.png,true,Qwen 2512,art,0.9999791383743286
ai_art_z_image_art_06.png,true,Z,art,0.9999991655349731
ai_art_glm_image_art_09.png,true,GLM Image,art,6.963204214116558e-05
ai_art_glm_image_art_08.png,true,GLM Image,art,0.9999245405197144
ai_art_z_image_art_07.png,true,Z,art,0.9642847180366516
ai_art_flux_schnell_art_03.png,true,Flux Schnell,art,0.9999634027481079
ai_art_wan_v2.6_art_02.png,true,Wan v2.6,art,0.9992595314979553
ai_art_qwen_2512_art_02.png,true,Qwen 2512,art,0.9999654293060303
ai_art_flux_schnell_art_01.png,true,Flux Schnell,art,0.9112358689308167
ai_art_z_image_art_05.png,true,Z,art,0.9961739182472229
ai_art_flux_2_flex_art_09.png,true,Flux,art,6.828578534623375e-06
ai_art_flux_2_flex_art_08.png,true,Flux,art,0.0007436822634190321
ai_art_z_image_art_04.png,true,Z,art,0.06284072250127792
ai_art_z_image_art_10.png,true,Z,art,0.9962130784988403
ai_art_qwen_2512_art_03.png,true,Qwen 2512,art,0.9999926090240479
ai_art_wan_v2.6_art_01.png,true,Wan v2.6,art,0.9978284239768982
ai_art_flux_schnell_art_10.png,true,Flux Schnell,art,0.15374374389648438
ai_art_wan_v2.6_art_05.png,true,Wan v2.6,art,0.0005331895081326365
ai_art_flux_schnell_art_04.png,true,Flux Schnell,art,0.9981774091720581
ai_art_qwen_2512_art_07.png,true,Qwen 2512,art,0.9877227544784546
ai_art_seedream_v3_art_08.png,true,Seedream,art,0.9980891346931458
ai_art_seedream_v3_art_09.png,true,Seedream,art,0.00016416604921687394
ai_art_z_image_art_01.png,true,Z,art,0.011135295033454895
ai_art_flux_schnell_art_05.png,true,Flux Schnell,art,0.4556112289428711
ai_art_wan_v2.6_art_04.png,true,Wan v2.6,art,0.9994519352912903
ai_art_qwen_2512_art_06.png,true,Qwen 2512,art,0.999994158744812
ai_art_wan_v2.6_art_10.png,true,Wan v2.6,art,0.027902714908123016
ai_art_qwen_2512_art_04.png,true,Qwen 2512,art,0.9999614953994751
ai_art_wan_v2.6_art_06.png,true,Wan v2.6,art,0.9999958276748657
ai_art_flux_schnell_art_07.png,true,Flux Schnell,art,0.005682414397597313
ai_art_qwen_2512_art_10.png,true,Qwen 2512,art,0.4016153812408447
ai_art_z_image_art_03.png,true,Z,art,0.001962944632396102
ai_art_z_image_art_02.png,true,Z,art,0.9995232820510864
ai_art_qwen_2512_art_05.png,true,Qwen 2512,art,0.9998244643211365
ai_art_flux_schnell_art_06.png,true,Flux Schnell,art,0.9999433755874634
ai_art_wan_v2.6_art_07.png,true,Wan v2.6,art,0.9999860525131226
ai_portrait_seedream_v3_portrait_10.png,true,Seedream,portrait,0.9899623394012451
ai_portrait_seedream_v3_portrait_04.png,true,Seedream,portrait,0.02187090553343296
ai_portrait_recraft_v3_portrait_05.png,true,Recraft v3,portrait,0.9566985964775085
ai_portrait_flux_pro_v1.1_portrait_09.png,true,Flux Pro v1.1,portrait,0.9964838027954102
ai_portrait_flux_pro_v1.1_portrait_08.png,true,Flux Pro v1.1,portrait,0.716099739074707
ai_portrait_wan_v2.6_portrait_01.png,true,Wan v2.6,portrait,0.9970736503601074
ai_portrait_recraft_v3_portrait_04.png,true,Recraft v3,portrait,0.908197820186615
ai_portrait_recraft_v3_portrait_10.png,true,Recraft v3,portrait,0.011934185400605202
ai_portrait_seedream_v3_portrait_05.png,true,Seedream,portrait,0.9595921635627747
ai_portrait_seedream_v4_portrait_01.png,true,Seedream,portrait,0.016636347398161888
ai_portrait_seedream_v4_portrait_03.png,true,Seedream,portrait,0.00018195876327808946
ai_portrait_seedream_v3_portrait_07.png,true,Seedream,portrait,0.009654237888753414
ai_portrait_hunyuan_v3_portrait_09.png,true,Hunyuan v3,portrait,0.0065011209808290005
ai_portrait_recraft_v3_portrait_06.png,true,Recraft v3,portrait,0.00031620048684999347
ai_portrait_wan_v2.6_portrait_03.png,true,Wan v2.6,portrait,0.998920202255249
ai_portrait_wan_v2.6_portrait_02.png,true,Wan v2.6,portrait,0.8534919619560242
ai_portrait_recraft_v3_portrait_07.png,true,Recraft v3,portrait,0.00038963675615377724
ai_portrait_hunyuan_v3_portrait_08.png,true,Hunyuan v3,portrait,5.4579491006734315e-06
ai_portrait_seedream_v3_portrait_06.png,true,Seedream,portrait,0.9840600490570068
ai_portrait_seedream_v4_portrait_02.png,true,Seedream,portrait,0.0005315651651471853
ai_portrait_seedream_v3_portrait_02.png,true,Seedream,portrait,2.2129657736513764e-05
ai_portrait_seedream_v4_portrait_06.png,true,Seedream,portrait,2.323794979020022e-05
ai_portrait_recraft_v3_portrait_03.png,true,Recraft v3,portrait,0.2604127824306488
ai_portrait_grok_aurora_portrait_09.png,true,Grok Aurora,portrait,0.004392202943563461
ai_portrait_qwen_2512_portrait_08.png,true,Qwen 2512,portrait,0.2697419822216034
ai_portrait_wan_v2.6_portrait_06.png,true,Wan v2.6,portrait,0.8671646118164062
ai_portrait_wan_v2.6_portrait_07.png,true,Wan v2.6,portrait,0.061409153044223785
ai_portrait_qwen_2512_portrait_09.png,true,Qwen 2512,portrait,0.577172040939331
ai_portrait_recraft_v3_portrait_02.png,true,Recraft v3,portrait,0.0003527813241817057
ai_portrait_grok_aurora_portrait_08.png,true,Grok Aurora,portrait,0.9998390674591064
ai_portrait_seedream_v4_portrait_07.png,true,Seedream,portrait,0.00025720646954141557
ai_portrait_seedream_v3_portrait_03.png,true,Seedream,portrait,0.9948980212211609
ai_portrait_seedream_v3_portrait_01.png,true,Seedream,portrait,0.9998898506164551
ai_portrait_seedream_v4_portrait_05.png,true,Seedream,portrait,0.004010240081697702
ai_portrait_wan_v2.6_portrait_05.png,true,Wan v2.6,portrait,0.0006721385288983583
ai_portrait_flux_schnell_portrait_08.png,true,Flux Schnell,portrait,0.9876818060874939
ai_portrait_flux_schnell_portrait_09.png,true,Flux Schnell,portrait,0.9999865293502808
ai_portrait_wan_v2.6_portrait_10.png,true,Wan v2.6,portrait,0.1130288615822792
ai_portrait_wan_v2.6_portrait_04.png,true,Wan v2.6,portrait,0.4032001495361328
ai_portrait_recraft_v3_portrait_01.png,true,Recraft v3,portrait,0.012236674316227436
ai_portrait_seedream_v4_portrait_04.png,true,Seedream,portrait,0.06156076863408089
ai_portrait_seedream_v4_portrait_10.png,true,Seedream,portrait,3.0643575883004814e-05
ai_portrait_z_image_portrait_01.png,true,Z,portrait,0.9994379878044128
ai_portrait_ideogram_v3_portrait_01.png,true,Ideogram v3,portrait,0.9995306730270386
ai_portrait_leonardo_phoenix_portrait_07.png,true,Leonardo Phoenix,portrait,0.4790630042552948
ai_portrait_sd_3.5_large_portrait_05.png,true,Sd,portrait,0.18592724204063416
ai_portrait_gpt_image_1.5_portrait_01.png,true,Gpt,portrait,0.42747408151626587
ai_portrait_flux_2_flex_portrait_03.png,true,Flux,portrait,0.9999986886978149
ai_portrait_gemini_3_pro_portrait_10.png,true,Gemini 3 Pro,portrait,0.00024514266988262534
ai_portrait_gemini_3_pro_portrait_04.png,true,Gemini 3 Pro,portrait,4.429306500242092e-05
ai_portrait_gemini_3_pro_portrait_05.png,true,Gemini 3 Pro,portrait,2.475298424542416e-05
ai_portrait_flux_2_flex_portrait_02.png,true,Flux,portrait,0.9898057579994202
ai_portrait_sd_3.5_large_portrait_04.png,true,Sd,portrait,0.9789534211158752
ai_portrait_leonardo_phoenix_portrait_06.png,true,Leonardo Phoenix,portrait,0.1818087249994278
ai_portrait_sd_3.5_large_portrait_10.png,true,Sd,portrait,0.00031822395976632833
ai_portrait_glm_image_portrait_01.png,true,GLM Image,portrait,0.9993763566017151
ai_portrait_z_image_portrait_02.png,true,Z,portrait,0.9653302431106567
ai_portrait_glm_image_portrait_03.png,true,GLM Image,portrait,0.999022364616394
ai_portrait_ideogram_v3_portrait_02.png,true,Ideogram v3,portrait,0.004859220236539841
ai_portrait_leonardo_phoenix_portrait_10.png,true,Leonardo Phoenix,portrait,0.9999949932098389
ai_portrait_sd_3.5_large_portrait_06.png,true,Sd,portrait,0.021036438643932343
ai_portrait_leonardo_phoenix_portrait_04.png,true,Leonardo Phoenix,portrait,0.003582912962883711
ai_portrait_gpt_image_1.5_portrait_02.png,true,Gpt,portrait,8.898991654859856e-05
ai_portrait_gemini_3_pro_portrait_07.png,true,Gemini 3 Pro,portrait,0.027175307273864746
ai_portrait_gemini_3_pro_portrait_06.png,true,Gemini 3 Pro,portrait,3.65969717677217e-05
ai_portrait_flux_2_flex_portrait_01.png,true,Flux,portrait,0.9998118281364441
ai_portrait_gpt_image_1.5_portrait_03.png,true,Gpt,portrait,0.9959373474121094
ai_portrait_leonardo_phoenix_portrait_05.png,true,Leonardo Phoenix,portrait,0.3891310691833496
ai_portrait_sd_3.5_large_portrait_07.png,true,Sd,portrait,0.4864565134048462
ai_portrait_ideogram_v3_portrait_03.png,true,Ideogram v3,portrait,0.009129233658313751
ai_portrait_glm_image_portrait_02.png,true,GLM Image,portrait,0.1399814933538437
ai_portrait_z_image_portrait_03.png,true,Z,portrait,0.9999240636825562
ai_portrait_z_image_portrait_07.png,true,Z,portrait,0.0005789582501165569
ai_portrait_glm_image_portrait_06.png,true,GLM Image,portrait,0.999777615070343
ai_portrait_ideogram_v3_portrait_07.png,true,Ideogram v3,portrait,0.01596795953810215
ai_portrait_gpt_image_1.5_portrait_07.png,true,Gpt,portrait,0.0013886673841625452
ai_portrait_sd_3.5_large_portrait_03.png,true,Sd,portrait,0.02389117144048214
ai_portrait_leonardo_phoenix_portrait_01.png,true,Leonardo Phoenix,portrait,0.0005359118222258985
ai_portrait_gemini_3_pro_portrait_02.png,true,Gemini 3 Pro,portrait,0.0021316693164408207
ai_portrait_flux_2_flex_portrait_05.png,true,Flux,portrait,0.997316300868988
ai_portrait_flux_2_flex_portrait_10.png,true,Flux,portrait,0.9999325275421143
ai_portrait_flux_2_flex_portrait_04.png,true,Flux,portrait,0.9758505821228027
ai_portrait_gemini_3_pro_portrait_03.png,true,Gemini 3 Pro,portrait,0.1270543932914734
ai_portrait_sd_3.5_large_portrait_02.png,true,Sd,portrait,0.9765138030052185
ai_portrait_gpt_image_1.5_portrait_06.png,true,Gpt,portrait,4.3584564991761e-05
ai_portrait_ideogram_v3_portrait_06.png,true,Ideogram v3,portrait,0.029891816899180412
ai_portrait_glm_image_portrait_07.png,true,GLM Image,portrait,0.9984725117683411
ai_portrait_z_image_portrait_06.png,true,Z,portrait,0.9984563589096069
ai_portrait_z_image_portrait_10.png,true,Z,portrait,0.874133288860321
ai_portrait_z_image_portrait_04.png,true,Z,portrait,0.7135654091835022
ai_portrait_glm_image_portrait_05.png,true,GLM Image,portrait,0.9948951601982117
ai_portrait_ideogram_v3_portrait_10.png,true,Ideogram v3,portrait,0.012520908378064632
ai_portrait_ideogram_v3_portrait_04.png,true,Ideogram v3,portrait,0.010492149740457535
ai_portrait_gpt_image_1.5_portrait_10.png,true,Gpt,portrait,0.08597420156002045
ai_portrait_gpt_image_1.5_portrait_04.png,true,Gpt,portrait,2.9745218853349797e-05
ai_portrait_leonardo_phoenix_portrait_02.png,true,Leonardo Phoenix,portrait,0.00032462022500112653
ai_portrait_gemini_3_pro_portrait_01.png,true,Gemini 3 Pro,portrait,8.193571375159081e-06
ai_portrait_flux_2_flex_portrait_06.png,true,Flux,portrait,0.9999969005584717
ai_portrait_flux_2_flex_portrait_07.png,true,Flux,portrait,0.9997748732566833
ai_portrait_sd_3.5_large_portrait_01.png,true,Sd,portrait,0.3422117233276367
ai_portrait_leonardo_phoenix_portrait_03.png,true,Leonardo Phoenix,portrait,0.0007306492188945413
ai_portrait_gpt_image_1.5_portrait_05.png,true,Gpt,portrait,0.9946240186691284
ai_portrait_ideogram_v3_portrait_05.png,true,Ideogram v3,portrait,0.0011662795441225171
ai_portrait_glm_image_portrait_10.png,true,GLM Image,portrait,0.9983735084533691
ai_portrait_glm_image_portrait_04.png,true,GLM Image,portrait,0.9998292922973633
ai_portrait_z_image_portrait_05.png,true,Z,portrait,0.0007166338036768138
ai_portrait_z_image_portrait_08.png,true,Z,portrait,0.9999983310699463
ai_portrait_glm_image_portrait_09.png,true,GLM Image,portrait,0.996415376663208
ai_portrait_ideogram_v3_portrait_08.png,true,Ideogram v3,portrait,0.022281423211097717
ai_portrait_gpt_image_1.5_portrait_08.png,true,Gpt,portrait,7.132249720598338e-06
ai_portrait_gpt_image_1.5_portrait_09.png,true,Gpt,portrait,0.00013314512034412473
ai_portrait_ideogram_v3_portrait_09.png,true,Ideogram v3,portrait,0.00794779323041439
ai_portrait_glm_image_portrait_08.png,true,GLM Image,portrait,0.9998698234558105
ai_portrait_z_image_portrait_09.png,true,Z,portrait,0.9830300211906433
ai_portrait_flux_2_flex_portrait_09.png,true,Flux,portrait,0.17633391916751862
ai_portrait_flux_2_flex_portrait_08.png,true,Flux,portrait,0.9998925924301147
ai_portrait_leonardo_phoenix_portrait_08.png,true,Leonardo Phoenix,portrait,0.0002039787796093151
ai_portrait_leonardo_phoenix_portrait_09.png,true,Leonardo Phoenix,portrait,0.000802746566478163
ai_portrait_sd_3.5_large_portrait_09.png,true,Sd,portrait,5.512774077942595e-05
ai_portrait_gemini_3_pro_portrait_08.png,true,Gemini 3 Pro,portrait,0.03449339419603348
ai_portrait_gemini_3_pro_portrait_09.png,true,Gemini 3 Pro,portrait,0.007886797189712524
ai_portrait_sd_3.5_large_portrait_08.png,true,Sd,portrait,0.9998601675033569
ai_portrait_seedream_v4_portrait_09.png,true,Seedream,portrait,0.008887662552297115
ai_portrait_hunyuan_v3_portrait_03.png,true,Hunyuan v3,portrait,4.532943057711236e-05
ai_portrait_grok_aurora_portrait_06.png,true,Grok Aurora,portrait,0.0717153400182724
ai_portrait_qwen_2512_portrait_07.png,true,Qwen 2512,portrait,0.9996248483657837
ai_portrait_wan_v2.6_portrait_09.png,true,Wan v2.6,portrait,0.9999945163726807
ai_portrait_flux_schnell_portrait_04.png,true,Flux Schnell,portrait,0.999955415725708
ai_portrait_flux_schnell_portrait_10.png,true,Flux Schnell,portrait,0.9984478950500488
ai_portrait_flux_pro_v1.1_portrait_01.png,true,Flux Pro v1.1,portrait,0.0017577465623617172
ai_portrait_flux_schnell_portrait_05.png,true,Flux Schnell,portrait,0.999245285987854
ai_portrait_wan_v2.6_portrait_08.png,true,Wan v2.6,portrait,0.9980078339576721
ai_portrait_qwen_2512_portrait_06.png,true,Qwen 2512,portrait,0.9999430179595947
ai_portrait_grok_aurora_portrait_07.png,true,Grok Aurora,portrait,0.9888337254524231
ai_portrait_hunyuan_v3_portrait_02.png,true,Hunyuan v3,portrait,0.00033693513250909746
ai_portrait_seedream_v4_portrait_08.png,true,Seedream,portrait,0.003076793858781457
ai_portrait_grok_aurora_portrait_05.png,true,Grok Aurora,portrait,0.08036495000123978
ai_portrait_qwen_2512_portrait_04.png,true,Qwen 2512,portrait,0.003608088241890073
ai_portrait_qwen_2512_portrait_10.png,true,Qwen 2512,portrait,0.9572712182998657
ai_portrait_flux_schnell_portrait_07.png,true,Flux Schnell,portrait,0.745814323425293
ai_portrait_flux_pro_v1.1_portrait_03.png,true,Flux Pro v1.1,portrait,0.22749972343444824
ai_portrait_flux_pro_v1.1_portrait_02.png,true,Flux Pro v1.1,portrait,0.9992554783821106
ai_portrait_flux_schnell_portrait_06.png,true,Flux Schnell,portrait,0.9998641014099121
ai_portrait_qwen_2512_portrait_05.png,true,Qwen 2512,portrait,0.002426403807476163
ai_portrait_grok_aurora_portrait_04.png,true,Grok Aurora,portrait,0.3010595142841339
ai_portrait_grok_aurora_portrait_10.png,true,Grok Aurora,portrait,0.9999842643737793
ai_portrait_hunyuan_v3_portrait_01.png,true,Hunyuan v3,portrait,0.26660993695259094
ai_portrait_hunyuan_v3_portrait_05.png,true,Hunyuan v3,portrait,0.00032615268719382584
ai_portrait_qwen_2512_portrait_01.png,true,Qwen 2512,portrait,0.9862638711929321
ai_portrait_flux_schnell_portrait_02.png,true,Flux Schnell,portrait,0.48893484473228455
ai_portrait_flux_pro_v1.1_portrait_06.png,true,Flux Pro v1.1,portrait,0.999846339225769
ai_portrait_flux_pro_v1.1_portrait_07.png,true,Flux Pro v1.1,portrait,0.006829560734331608
ai_portrait_flux_schnell_portrait_03.png,true,Flux Schnell,portrait,0.9999750852584839
ai_portrait_grok_aurora_portrait_01.png,true,Grok Aurora,portrait,0.001886575249955058
ai_portrait_hunyuan_v3_portrait_10.png,true,Hunyuan v3,portrait,0.0003113671555183828
ai_portrait_hunyuan_v3_portrait_04.png,true,Hunyuan v3,portrait,0.11323431134223938
ai_portrait_seedream_v3_portrait_08.png,true,Seedream,portrait,0.9481289386749268
ai_portrait_hunyuan_v3_portrait_06.png,true,Hunyuan v3,portrait,0.013474473729729652
ai_portrait_recraft_v3_portrait_09.png,true,Recraft v3,portrait,0.00027352888719178736
ai_portrait_grok_aurora_portrait_03.png,true,Grok Aurora,portrait,0.9825401902198792
ai_portrait_qwen_2512_portrait_02.png,true,Qwen 2512,portrait,0.9985485672950745
ai_portrait_flux_schnell_portrait_01.png,true,Flux Schnell,portrait,0.9999768733978271
ai_portrait_flux_pro_v1.1_portrait_05.png,true,Flux Pro v1.1,portrait,0.20592878758907318
ai_portrait_flux_pro_v1.1_portrait_10.png,true,Flux Pro v1.1,portrait,0.998896598815918
ai_portrait_flux_pro_v1.1_portrait_04.png,true,Flux Pro v1.1,portrait,0.22649386525154114
ai_portrait_qwen_2512_portrait_03.png,true,Qwen 2512,portrait,0.0026996417436748743
ai_portrait_recraft_v3_portrait_08.png,true,Recraft v3,portrait,0.3179558515548706
ai_portrait_grok_aurora_portrait_02.png,true,Grok Aurora,portrait,0.9996040463447571
ai_portrait_hunyuan_v3_portrait_07.png,true,Hunyuan v3,portrait,9.164034418063238e-05
ai_portrait_seedream_v3_portrait_09.png,true,Seedream,portrait,0.9072381854057312
ai_product_flux_pro_v1.1_product_03.png,true,Flux Pro v1.1,product,0.0017360398778691888
ai_product_flux_2_flex_product_03.png,true,Flux,product,0.9966487288475037
ai_product_gpt_image_1.5_product_03.png,true,Gpt,product,3.776692392420955e-05
ai_product_gpt_image_1.5_product_02.png,true,Gpt,product,0.0597439706325531
ai_product_flux_2_flex_product_02.png,true,Flux,product,0.005860308185219765
ai_product_flux_pro_v1.1_product_02.png,true,Flux Pro v1.1,product,0.6455147862434387
ai_product_grok_aurora_product_01.png,true,Grok Aurora,product,9.899005090119317e-05
ai_product_glm_image_product_08.png,true,GLM Image,product,0.019070858135819435
ai_product_grok_aurora_product_03.png,true,Grok Aurora,product,0.9735738039016724
ai_product_hunyuan_v3_product_09.png,true,Hunyuan v3,product,0.00022557155170943588
ai_product_gpt_image_1.5_product_01.png,true,Gpt,product,0.06175186112523079
ai_product_hunyuan_v3_product_08.png,true,Hunyuan v3,product,0.03316475823521614
ai_product_flux_2_flex_product_01.png,true,Flux,product,0.9765309691429138
ai_product_flux_pro_v1.1_product_01.png,true,Flux Pro v1.1,product,0.9978664517402649
ai_product_grok_aurora_product_02.png,true,Grok Aurora,product,0.03104126825928688
ai_product_glm_image_product_09.png,true,GLM Image,product,0.001086497912183404
ai_product_grok_aurora_product_06.png,true,Grok Aurora,product,0.0030961462762206793
ai_product_seedream_v4_product_08.png,true,Seedream,product,0.9908449053764343
ai_product_flux_pro_v1.1_product_05.png,true,Flux Pro v1.1,product,0.9881739616394043
ai_product_flux_2_flex_product_05.png,true,Flux,product,0.26760515570640564
ai_product_gpt_image_1.5_product_05.png,true,Gpt,product,7.47527155908756e-06
ai_product_gpt_image_1.5_product_10.png,true,Gpt,product,0.002057979814708233
ai_product_gpt_image_1.5_product_04.png,true,Gpt,product,4.0191200241679326e-05
ai_product_flux_2_flex_product_04.png,true,Flux,product,0.9981510043144226
ai_product_flux_2_flex_product_10.png,true,Flux,product,1.7136278984253295e-05
ai_product_flux_pro_v1.1_product_10.png,true,Flux Pro v1.1,product,0.026968661695718765
ai_product_flux_pro_v1.1_product_04.png,true,Flux Pro v1.1,product,0.2943378686904907
ai_product_seedream_v4_product_09.png,true,Seedream,product,8.444168997812085e-06
ai_product_grok_aurora_product_07.png,true,Grok Aurora,product,0.002119924873113632
ai_product_grok_aurora_product_05.png,true,Grok Aurora,product,0.9998468160629272
ai_product_flux_schnell_product_08.png,true,Flux Schnell,product,0.67665034532547
ai_product_flux_pro_v1.1_product_06.png,true,Flux Pro v1.1,product,0.018260136246681213
ai_product_seedream_v3_product_08.png,true,Seedream,product,0.0004927088157273829
ai_product_flux_2_flex_product_06.png,true,Flux,product,8.006242569535971e-05
ai_product_gpt_image_1.5_product_06.png,true,Gpt,product,0.04709300398826599
ai_product_gemini_3_pro_product_09.png,true,Gemini 3 Pro,product,2.006967770284973e-05
ai_product_gemini_3_pro_product_08.png,true,Gemini 3 Pro,product,9.053013491211459e-05
ai_product_gpt_image_1.5_product_07.png,true,Gpt,product,0.5213855504989624
ai_product_flux_2_flex_product_07.png,true,Flux,product,0.06691358238458633
ai_product_seedream_v3_product_09.png,true,Seedream,product,0.033555708825588226
ai_product_flux_pro_v1.1_product_07.png,true,Flux Pro v1.1,product,0.024392597377300262
ai_product_flux_schnell_product_09.png,true,Flux Schnell,product,0.059058379381895065
ai_product_grok_aurora_product_10.png,true,Grok Aurora,product,0.042265113443136215
ai_product_grok_aurora_product_04.png,true,Grok Aurora,product,0.00018286371778231114
ai_product_recraft_v3_product_06.png,true,Recraft v3,product,0.0018759809900075197
ai_product_ideogram_v3_product_01.png,true,Ideogram v3,product,1.4775023373658769e-05
ai_product_recraft_v3_product_07.png,true,Recraft v3,product,0.9991889595985413
ai_product_recraft_v3_product_05.png,true,Recraft v3,product,0.0014379401691257954
ai_product_ideogram_v3_product_02.png,true,Ideogram v3,product,0.0011727063683792949
ai_product_z_image_product_08.png,true,Z,product,0.9721092581748962
ai_product_qwen_2512_product_09.png,true,Qwen 2512,product,0.49454495310783386
ai_product_qwen_2512_product_08.png,true,Qwen 2512,product,0.9973613619804382
ai_product_z_image_product_09.png,true,Z,product,0.9995833039283752
ai_product_ideogram_v3_product_03.png,true,Ideogram v3,product,0.08192402869462967
ai_product_recraft_v3_product_04.png,true,Recraft v3,product,0.8130806684494019
ai_product_recraft_v3_product_10.png,true,Recraft v3,product,0.0004922170774079859
ai_product_sd_3.5_large_product_09.png,true,Sd,product,0.05903078615665436
ai_product_ideogram_v3_product_07.png,true,Ideogram v3,product,0.0021404323633760214
ai_product_wan_v2.6_product_08.png,true,Wan v2.6,product,0.9529263973236084
ai_product_leonardo_phoenix_product_09.png,true,Leonardo Phoenix,product,0.0003236197226215154
ai_product_leonardo_phoenix_product_08.png,true,Leonardo Phoenix,product,0.07897566258907318
ai_product_wan_v2.6_product_09.png,true,Wan v2.6,product,0.314392626285553
ai_product_ideogram_v3_product_06.png,true,Ideogram v3,product,0.22324737906455994
ai_product_sd_3.5_large_product_08.png,true,Sd,product,0.02608409710228443
ai_product_recraft_v3_product_01.png,true,Recraft v3,product,0.0897468775510788
ai_product_recraft_v3_product_03.png,true,Recraft v3,product,0.0008217036374844611
ai_product_ideogram_v3_product_04.png,true,Ideogram v3,product,0.939974844455719
ai_product_ideogram_v3_product_10.png,true,Ideogram v3,product,6.265823230933165e-06
ai_product_ideogram_v3_product_05.png,true,Ideogram v3,product,9.370512998430058e-06
ai_product_recraft_v3_product_02.png,true,Recraft v3,product,0.02679266594350338
ai_product_z_image_product_02.png,true,Z,product,0.24179844558238983
ai_product_sd_3.5_large_product_06.png,true,Sd,product,8.862128743203357e-05
ai_product_ideogram_v3_product_08.png,true,Ideogram v3,product,0.016634264960885048
ai_product_wan_v2.6_product_07.png,true,Wan v2.6,product,0.5732858180999756
ai_product_leonardo_phoenix_product_06.png,true,Leonardo Phoenix,product,0.035729534924030304
ai_product_qwen_2512_product_03.png,true,Qwen 2512,product,0.17904405295848846
ai_product_qwen_2512_product_02.png,true,Qwen 2512,product,0.999943733215332
ai_product_leonardo_phoenix_product_07.png,true,Leonardo Phoenix,product,0.9936478734016418
ai_product_wan_v2.6_product_06.png,true,Wan v2.6,product,0.9924936294555664
ai_product_ideogram_v3_product_09.png,true,Ideogram v3,product,0.00012836021778639406
ai_product_sd_3.5_large_product_07.png,true,Sd,product,4.062831067130901e-05
ai_product_z_image_product_03.png,true,Z,product,0.05247339606285095
ai_product_z_image_product_01.png,true,Z,product,1.9671631434903247e-06
ai_product_sd_3.5_large_product_05.png,true,Sd,product,0.0008602471207268536
ai_product_wan_v2.6_product_10.png,true,Wan v2.6,product,0.002182720461860299
ai_product_wan_v2.6_product_04.png,true,Wan v2.6,product,0.5307918787002563
ai_product_leonardo_phoenix_product_05.png,true,Leonardo Phoenix,product,0.9999759197235107
ai_product_qwen_2512_product_01.png,true,Qwen 2512,product,0.9156449437141418
ai_product_leonardo_phoenix_product_04.png,true,Leonardo Phoenix,product,0.0005385874537751079
ai_product_leonardo_phoenix_product_10.png,true,Leonardo Phoenix,product,0.9988008737564087
ai_product_wan_v2.6_product_05.png,true,Wan v2.6,product,6.795410445192829e-05
ai_product_sd_3.5_large_product_04.png,true,Sd,product,0.9901504516601562
ai_product_sd_3.5_large_product_10.png,true,Sd,product,1.5768329831189476e-05
ai_product_recraft_v3_product_09.png,true,Recraft v3,product,0.025869568809866905
ai_product_z_image_product_10.png,true,Z,product,0.9999735355377197
ai_product_z_image_product_04.png,true,Z,product,2.779877104330808e-05
ai_product_wan_v2.6_product_01.png,true,Wan v2.6,product,0.9915387034416199
ai_product_qwen_2512_product_05.png,true,Qwen 2512,product,0.5303384065628052
ai_product_qwen_2512_product_04.png,true,Qwen 2512,product,0.0007545365369878709
ai_product_qwen_2512_product_10.png,true,Qwen 2512,product,0.9891987442970276
ai_product_leonardo_phoenix_product_01.png,true,Leonardo Phoenix,product,0.1595916450023651
ai_product_z_image_product_05.png,true,Z,product,5.654887354467064e-05
ai_product_sd_3.5_large_product_01.png,true,Sd,product,0.9822438359260559
ai_product_recraft_v3_product_08.png,true,Recraft v3,product,0.9936928749084473
ai_product_sd_3.5_large_product_03.png,true,Sd,product,0.910800576210022
ai_product_z_image_product_07.png,true,Z,product,0.46082037687301636
ai_product_wan_v2.6_product_02.png,true,Wan v2.6,product,0.7932027578353882
ai_product_leonardo_phoenix_product_03.png,true,Leonardo Phoenix,product,0.00446731923148036
ai_product_qwen_2512_product_06.png,true,Qwen 2512,product,0.4729081690311432
ai_product_qwen_2512_product_07.png,true,Qwen 2512,product,0.04352904483675957
ai_product_leonardo_phoenix_product_02.png,true,Leonardo Phoenix,product,0.5295172333717346
ai_product_wan_v2.6_product_03.png,true,Wan v2.6,product,0.9723013639450073
ai_product_z_image_product_06.png,true,Z,product,0.9974393844604492
ai_product_sd_3.5_large_product_02.png,true,Sd,product,8.583793533034623e-05
ai_product_glm_image_product_02.png,true,GLM Image,product,0.5728472471237183
ai_product_grok_aurora_product_09.png,true,Grok Aurora,product,0.26691681146621704
ai_product_flux_schnell_product_10.png,true,Flux Schnell,product,0.9999641180038452
ai_product_seedream_v4_product_07.png,true,Seedream,product,0.001593327266164124
ai_product_flux_schnell_product_04.png,true,Flux Schnell,product,0.007142146583646536
ai_product_seedream_v3_product_04.png,true,Seedream,product,0.001802286016754806
ai_product_seedream_v3_product_10.png,true,Seedream,product,0.0019355060067027807
ai_product_hunyuan_v3_product_03.png,true,Hunyuan v3,product,0.00024030471104197204
ai_product_gemini_3_pro_product_05.png,true,Gemini 3 Pro,product,6.780515832360834e-05
ai_product_gemini_3_pro_product_04.png,true,Gemini 3 Pro,product,4.79201007692609e-05
ai_product_gemini_3_pro_product_10.png,true,Gemini 3 Pro,product,0.003257745411247015
ai_product_hunyuan_v3_product_02.png,true,Hunyuan v3,product,0.026780957356095314
ai_product_seedream_v3_product_05.png,true,Seedream,product,5.14892817591317e-05
ai_product_flux_schnell_product_05.png,true,Flux Schnell,product,0.5413320064544678
ai_product_seedream_v4_product_06.png,true,Seedream,product,0.0004242182185407728
ai_product_grok_aurora_product_08.png,true,Grok Aurora,product,0.9794275760650635
ai_product_glm_image_product_03.png,true,GLM Image,product,0.9633815288543701
ai_product_glm_image_product_01.png,true,GLM Image,product,0.00290040229447186
ai_product_flux_schnell_product_07.png,true,Flux Schnell,product,0.018797224387526512
ai_product_seedream_v4_product_10.png,true,Seedream,product,2.9534947316278704e-05
ai_product_flux_pro_v1.1_product_09.png,true,Flux Pro v1.1,product,6.931913230801001e-05
ai_product_seedream_v4_product_04.png,true,Seedream,product,1.4087332601775415e-05
ai_product_seedream_v3_product_07.png,true,Seedream,product,0.056756529957056046
ai_product_flux_2_flex_product_09.png,true,Flux,product,0.014619261026382446
ai_product_gpt_image_1.5_product_09.png,true,Gpt,product,4.390175945445662e-06
ai_product_gemini_3_pro_product_06.png,true,Gemini 3 Pro,product,0.004301037639379501
ai_product_gemini_3_pro_product_07.png,true,Gemini 3 Pro,product,0.5719886422157288
ai_product_gpt_image_1.5_product_08.png,true,Gpt,product,0.011488410644233227
ai_product_hunyuan_v3_product_01.png,true,Hunyuan v3,product,0.8145058751106262
ai_product_flux_2_flex_product_08.png,true,Flux,product,0.9963284134864807
ai_product_seedream_v3_product_06.png,true,Seedream,product,0.0050597465597093105
ai_product_seedream_v4_product_05.png,true,Seedream,product,2.699729520827532e-06
ai_product_flux_pro_v1.1_product_08.png,true,Flux Pro v1.1,product,0.264980286359787
ai_product_flux_schnell_product_06.png,true,Flux Schnell,product,0.13100077211856842
ai_product_glm_image_product_10.png,true,GLM Image,product,0.008989833295345306
ai_product_glm_image_product_04.png,true,GLM Image,product,0.0716792419552803
ai_product_flux_schnell_product_02.png,true,Flux Schnell,product,0.015219435095787048
ai_product_seedream_v4_product_01.png,true,Seedream,product,0.999937891960144
ai_product_seedream_v3_product_02.png,true,Seedream,product,0.0003548505192156881
ai_product_hunyuan_v3_product_05.png,true,Hunyuan v3,product,1.2540006082417676e-06
ai_product_gemini_3_pro_product_03.png,true,Gemini 3 Pro,product,5.331410648068413e-05
ai_product_gemini_3_pro_product_02.png,true,Gemini 3 Pro,product,3.282903344370425e-05
ai_product_hunyuan_v3_product_10.png,true,Hunyuan v3,product,4.495580014918232e-06
ai_product_hunyuan_v3_product_04.png,true,Hunyuan v3,product,5.048501770943403e-05
ai_product_seedream_v3_product_03.png,true,Seedream,product,5.236834840616211e-05
ai_product_flux_schnell_product_03.png,true,Flux Schnell,product,0.5368590950965881
ai_product_glm_image_product_05.png,true,GLM Image,product,0.916790246963501
ai_product_glm_image_product_07.png,true,GLM Image,product,0.9675397276878357
ai_product_seedream_v4_product_02.png,true,Seedream,product,0.00014105461013969034
ai_product_flux_schnell_product_01.png,true,Flux Schnell,product,0.012647842057049274
ai_product_seedream_v3_product_01.png,true,Seedream,product,0.00017417124763596803
ai_product_hunyuan_v3_product_06.png,true,Hunyuan v3,product,0.01577022671699524
ai_product_gemini_3_pro_product_01.png,true,Gemini 3 Pro,product,4.355712462711381e-06
ai_product_hunyuan_v3_product_07.png,true,Hunyuan v3,product,0.0003712624020408839
ai_product_seedream_v4_product_03.png,true,Seedream,product,9.741786197992042e-05
ai_product_glm_image_product_06.png,true,GLM Image,product,0.06483030319213867
ai_food_seedream_v3_food_02.png,true,Seedream,food,0.6694775223731995
ai_food_gemini_3_pro_food_04.png,true,Gemini 3 Pro,food,0.5222536325454712
ai_food_gemini_3_pro_food_10.png,true,Gemini 3 Pro,food,0.0001519615761935711
ai_food_flux_schnell_food_03.png,true,Flux Schnell,food,0.046155087649822235
ai_food_glm_image_food_08.png,true,GLM Image,food,0.5509281754493713
ai_food_leonardo_phoenix_food_05.png,true,Leonardo Phoenix,food,0.8731094598770142
ai_food_gpt_image_1.5_food_01.png,true,Gpt,food,0.00037339903065003455
ai_food_flux_pro_v1.1_food_05.png,true,Flux Pro v1.1,food,0.9267176389694214
ai_food_flux_pro_v1.1_food_04.png,true,Flux Pro v1.1,food,0.1499754786491394
ai_food_flux_pro_v1.1_food_10.png,true,Flux Pro v1.1,food,2.95615191134857e-05
ai_food_leonardo_phoenix_food_04.png,true,Leonardo Phoenix,food,0.00695029878988862
ai_food_glm_image_food_09.png,true,GLM Image,food,0.1100485771894455
ai_food_leonardo_phoenix_food_10.png,true,Leonardo Phoenix,food,0.007947252131998539
ai_food_flux_schnell_food_02.png,true,Flux Schnell,food,0.40181055665016174
ai_food_gemini_3_pro_food_05.png,true,Gemini 3 Pro,food,0.14001548290252686
ai_food_seedream_v3_food_03.png,true,Seedream,food,0.00028708716854453087
ai_food_seedream_v3_food_01.png,true,Seedream,food,0.706520140171051
ai_food_gemini_3_pro_food_07.png,true,Gemini 3 Pro,food,0.035332683473825455
ai_food_leonardo_phoenix_food_06.png,true,Leonardo Phoenix,food,0.023873968049883842
ai_food_gpt_image_1.5_food_02.png,true,Gpt,food,0.000154485140228644
ai_food_flux_pro_v1.1_food_06.png,true,Flux Pro v1.1,food,0.9616772532463074
ai_food_flux_pro_v1.1_food_07.png,true,Flux Pro v1.1,food,0.9814139008522034
ai_food_gpt_image_1.5_food_03.png,true,Gpt,food,1.5086774510564283e-05
ai_food_leonardo_phoenix_food_07.png,true,Leonardo Phoenix,food,0.958333432674408
ai_food_flux_schnell_food_01.png,true,Flux Schnell,food,0.738537609577179
ai_food_gemini_3_pro_food_06.png,true,Gemini 3 Pro,food,0.00036411872133612633
ai_food_seedream_v3_food_10.png,true,Seedream,food,2.8534808734548278e-05
ai_food_seedream_v3_food_04.png,true,Seedream,food,0.76168292760849
ai_food_seedream_v4_food_08.png,true,Seedream,food,0.0007578950026072562
ai_food_gemini_3_pro_food_02.png,true,Gemini 3 Pro,food,0.010728318244218826
ai_food_flux_schnell_food_05.png,true,Flux Schnell,food,0.9998810291290283
ai_food_leonardo_phoenix_food_03.png,true,Leonardo Phoenix,food,0.001011459855362773
ai_food_gpt_image_1.5_food_07.png,true,Gpt,food,0.12804478406906128
ai_food_flux_pro_v1.1_food_03.png,true,Flux Pro v1.1,food,0.9169796705245972
ai_food_flux_pro_v1.1_food_02.png,true,Flux Pro v1.1,food,0.9935164451599121
ai_food_gpt_image_1.5_food_06.png,true,Gpt,food,0.05293520912528038
ai_food_leonardo_phoenix_food_02.png,true,Leonardo Phoenix,food,0.00038214962114579976
ai_food_flux_schnell_food_04.png,true,Flux Schnell,food,0.7665374279022217
ai_food_flux_schnell_food_10.png,true,Flux Schnell,food,0.20104998350143433
ai_food_gemini_3_pro_food_03.png,true,Gemini 3 Pro,food,1.0916426617768593e-05
ai_food_seedream_v4_food_09.png,true,Seedream,food,0.008076311089098454
ai_food_seedream_v3_food_05.png,true,Seedream,food,5.989940473227762e-05
ai_food_seedream_v3_food_07.png,true,Seedream,food,0.0005146698094904423
ai_food_ideogram_v3_food_09.png,true,Ideogram v3,food,0.00011754256411222741
ai_food_gemini_3_pro_food_01.png,true,Gemini 3 Pro,food,0.002386049134656787
ai_food_flux_schnell_food_06.png,true,Flux Schnell,food,0.9946181178092957
ai_food_gpt_image_1.5_food_04.png,true,Gpt,food,0.00014041677059140056
ai_food_grok_aurora_food_09.png,true,Grok Aurora,food,0.015857933089137077
ai_food_gpt_image_1.5_food_10.png,true,Gpt,food,8.069643627095502e-06
ai_food_flux_pro_v1.1_food_01.png,true,Flux Pro v1.1,food,0.006703040096908808
ai_food_grok_aurora_food_08.png,true,Grok Aurora,food,0.9998844861984253
ai_food_gpt_image_1.5_food_05.png,true,Gpt,food,1.575824171595741e-05
ai_food_leonardo_phoenix_food_01.png,true,Leonardo Phoenix,food,0.9998261332511902
ai_food_flux_schnell_food_07.png,true,Flux Schnell,food,0.06263218075037003
ai_food_ideogram_v3_food_08.png,true,Ideogram v3,food,0.6971688866615295
ai_food_seedream_v3_food_06.png,true,Seedream,food,0.8255630135536194
ai_food_sd_3.5_large_food_01.png,true,Sd,food,0.28990161418914795
ai_food_flux_2_flex_food_06.png,true,Flux,food,0.016063876450061798
ai_food_hunyuan_v3_food_08.png,true,Hunyuan v3,food,9.726619464345276e-05
ai_food_hunyuan_v3_food_09.png,true,Hunyuan v3,food,0.0010538914939388633
ai_food_flux_2_flex_food_07.png,true,Flux,food,0.9998645782470703
ai_food_sd_3.5_large_food_02.png,true,Sd,food,0.19834627211093903
ai_food_flux_2_flex_food_05.png,true,Flux,food,0.20293675363063812
ai_food_qwen_2512_food_08.png,true,Qwen 2512,food,0.00023684969346504658
ai_food_z_image_food_09.png,true,Z,food,0.5294865369796753
ai_food_z_image_food_08.png,true,Z,food,0.0022606428246945143
ai_food_flux_2_flex_food_10.png,true,Flux,food,0.024138541892170906
ai_food_flux_2_flex_food_04.png,true,Flux,food,0.9980795383453369
ai_food_qwen_2512_food_09.png,true,Qwen 2512,food,0.9998854398727417
ai_food_sd_3.5_large_food_03.png,true,Sd,food,0.022618746384978294
ai_food_sd_3.5_large_food_07.png,true,Sd,food,0.8931506276130676
ai_food_wan_v2.6_food_08.png,true,Wan v2.6,food,0.2995539903640747
ai_food_wan_v2.6_food_09.png,true,Wan v2.6,food,0.45996904373168945
ai_food_flux_2_flex_food_01.png,true,Flux,food,0.988961398601532
ai_food_sd_3.5_large_food_06.png,true,Sd,food,0.029183419421315193
ai_food_sd_3.5_large_food_10.png,true,Sd,food,7.017336884018732e-06
ai_food_sd_3.5_large_food_04.png,true,Sd,food,0.0003641150542534888
ai_food_recraft_v3_food_09.png,true,Recraft v3,food,0.3971939980983734
ai_food_flux_2_flex_food_03.png,true,Flux,food,0.07868626713752747
ai_food_flux_2_flex_food_02.png,true,Flux,food,0.9999775886535645
ai_food_sd_3.5_large_food_05.png,true,Sd,food,0.9787716865539551
ai_food_recraft_v3_food_08.png,true,Recraft v3,food,0.766143798828125
ai_food_sd_3.5_large_food_08.png,true,Sd,food,0.0015719598159193993
ai_food_recraft_v3_food_05.png,true,Recraft v3,food,0.9996492862701416
ai_food_qwen_2512_food_02.png,true,Qwen 2512,food,0.9991324543952942
ai_food_wan_v2.6_food_07.png,true,Wan v2.6,food,0.009225896559655666
ai_food_hunyuan_v3_food_01.png,true,Hunyuan v3,food,0.001215219497680664
ai_food_z_image_food_03.png,true,Z,food,0.0038195238448679447
ai_food_z_image_food_02.png,true,Z,food,0.08356840908527374
ai_food_wan_v2.6_food_06.png,true,Wan v2.6,food,0.7290849685668945
ai_food_qwen_2512_food_03.png,true,Qwen 2512,food,0.004524592310190201
ai_food_recraft_v3_food_10.png,true,Recraft v3,food,0.9939308166503906
ai_food_sd_3.5_large_food_09.png,true,Sd,food,0.4240279793739319
ai_food_recraft_v3_food_04.png,true,Recraft v3,food,0.004258321598172188
ai_food_recraft_v3_food_06.png,true,Recraft v3,food,0.0014527867315337062
ai_food_qwen_2512_food_01.png,true,Qwen 2512,food,0.9999921321868896
ai_food_wan_v2.6_food_04.png,true,Wan v2.6,food,0.9996596574783325
ai_food_wan_v2.6_food_10.png,true,Wan v2.6,food,2.379669967922382e-05
ai_food_hunyuan_v3_food_02.png,true,Hunyuan v3,food,8.633179095340893e-05
ai_food_z_image_food_01.png,true,Z,food,8.474947208014783e-06
ai_food_hunyuan_v3_food_03.png,true,Hunyuan v3,food,0.00039207618101499975
ai_food_wan_v2.6_food_05.png,true,Wan v2.6,food,0.9815494418144226
ai_food_recraft_v3_food_07.png,true,Recraft v3,food,0.02497510053217411
ai_food_recraft_v3_food_03.png,true,Recraft v3,food,0.0012563582276925445
ai_food_wan_v2.6_food_01.png,true,Wan v2.6,food,0.49344417452812195
ai_food_qwen_2512_food_10.png,true,Qwen 2512,food,1.4375194950844161e-05
ai_food_flux_2_flex_food_09.png,true,Flux,food,0.0028546901885420084
ai_food_qwen_2512_food_04.png,true,Qwen 2512,food,0.9980360865592957
ai_food_hunyuan_v3_food_07.png,true,Hunyuan v3,food,0.0038113787304610014
ai_food_z_image_food_05.png,true,Z,food,0.1157936155796051
ai_food_z_image_food_04.png,true,Z,food,0.04303567484021187
ai_food_hunyuan_v3_food_06.png,true,Hunyuan v3,food,0.0001722201268421486
ai_food_z_image_food_10.png,true,Z,food,0.22302751243114471
ai_food_flux_2_flex_food_08.png,true,Flux,food,0.9947681427001953
ai_food_qwen_2512_food_05.png,true,Qwen 2512,food,0.3255046010017395
ai_food_recraft_v3_food_02.png,true,Recraft v3,food,0.09212030470371246
ai_food_wan_v2.6_food_02.png,true,Wan v2.6,food,0.9660454392433167
ai_food_qwen_2512_food_07.png,true,Qwen 2512,food,0.9993730187416077
ai_food_hunyuan_v3_food_04.png,true,Hunyuan v3,food,0.0005417977808974683
ai_food_z_image_food_06.png,true,Z,food,0.13743892312049866
ai_food_hunyuan_v3_food_10.png,true,Hunyuan v3,food,9.872755981632508e-06
ai_food_z_image_food_07.png,true,Z,food,0.03064666874706745
ai_food_hunyuan_v3_food_05.png,true,Hunyuan v3,food,9.567401320964564e-06
ai_food_qwen_2512_food_06.png,true,Qwen 2512,food,0.9403918981552124
ai_food_wan_v2.6_food_03.png,true,Wan v2.6,food,0.9882040023803711
ai_food_recraft_v3_food_01.png,true,Recraft v3,food,0.625266432762146
ai_food_ideogram_v3_food_05.png,true,Ideogram v3,food,0.2842637300491333
ai_food_seedream_v4_food_07.png,true,Seedream,food,0.000720942800398916
ai_food_glm_image_food_01.png,true,GLM Image,food,0.9998270869255066
ai_food_grok_aurora_food_05.png,true,Grok Aurora,food,0.956616997718811
ai_food_gpt_image_1.5_food_08.png,true,Gpt,food,0.00021817923698108643
ai_food_gpt_image_1.5_food_09.png,true,Gpt,food,6.154146103654057e-05
ai_food_grok_aurora_food_04.png,true,Grok Aurora,food,0.012183820828795433
ai_food_grok_aurora_food_10.png,true,Grok Aurora,food,0.035845380276441574
ai_food_seedream_v4_food_06.png,true,Seedream,food,0.0338442288339138
ai_food_ideogram_v3_food_10.png,true,Ideogram v3,food,0.00012912599777337164
ai_food_ideogram_v3_food_04.png,true,Ideogram v3,food,0.9839004278182983
ai_food_seedream_v3_food_08.png,true,Seedream,food,0.0001238137047039345
ai_food_seedream_v4_food_04.png,true,Seedream,food,0.00011677994189085439
ai_food_seedream_v4_food_10.png,true,Seedream,food,0.00029098722734488547
ai_food_ideogram_v3_food_06.png,true,Ideogram v3,food,0.00022020371397957206
ai_food_flux_schnell_food_09.png,true,Flux Schnell,food,0.05733739584684372
ai_food_glm_image_food_02.png,true,GLM Image,food,0.04794875159859657
ai_food_grok_aurora_food_06.png,true,Grok Aurora,food,0.976364016532898
ai_food_grok_aurora_food_07.png,true,Grok Aurora,food,0.6678816080093384
ai_food_glm_image_food_03.png,true,GLM Image,food,0.38747265934944153
ai_food_flux_schnell_food_08.png,true,Flux Schnell,food,0.0015841072890907526
ai_food_ideogram_v3_food_07.png,true,Ideogram v3,food,0.012535384856164455
ai_food_seedream_v4_food_05.png,true,Seedream,food,0.03221278265118599
ai_food_seedream_v3_food_09.png,true,Seedream,food,0.00039073496009223163
ai_food_seedream_v4_food_01.png,true,Seedream,food,1.5688337953179143e-05
ai_food_ideogram_v3_food_03.png,true,Ideogram v3,food,0.09578797966241837
ai_food_glm_image_food_07.png,true,GLM Image,food,0.2587049603462219
ai_food_grok_aurora_food_03.png,true,Grok Aurora,food,0.7397584915161133
ai_food_grok_aurora_food_02.png,true,Grok Aurora,food,0.00022184282715898007
ai_food_glm_image_food_06.png,true,GLM Image,food,0.9713966250419617
ai_food_ideogram_v3_food_02.png,true,Ideogram v3,food,0.0014379298081621528
ai_food_gemini_3_pro_food_08.png,true,Gemini 3 Pro,food,3.2742649636929855e-05
ai_food_seedream_v4_food_02.png,true,Seedream,food,0.00909697450697422
ai_food_leonardo_phoenix_food_09.png,true,Leonardo Phoenix,food,0.9964017868041992
ai_food_glm_image_food_10.png,true,GLM Image,food,0.6690821647644043
ai_food_glm_image_food_04.png,true,GLM Image,food,0.8002346754074097
ai_food_flux_pro_v1.1_food_09.png,true,Flux Pro v1.1,food,0.2065359503030777
ai_food_flux_pro_v1.1_food_08.png,true,Flux Pro v1.1,food,0.07479920983314514
ai_food_grok_aurora_food_01.png,true,Grok Aurora,food,0.010661299340426922
ai_food_glm_image_food_05.png,true,GLM Image,food,0.005388797726482153
ai_food_leonardo_phoenix_food_08.png,true,Leonardo Phoenix,food,0.00937062781304121
ai_food_seedream_v4_food_03.png,true,Seedream,food,4.469219493330456e-05
ai_food_ideogram_v3_food_01.png,true,Ideogram v3,food,0.00036672758869826794
ai_food_gemini_3_pro_food_09.png,true,Gemini 3 Pro,food,0.019152479246258736
ai_animal_flux_pro_v1.1_animal_07.png,true,Flux Pro v1.1,animal,0.25077182054519653
ai_animal_seedream_v3_animal_10.png,true,Seedream,animal,0.9817380309104919
ai_animal_seedream_v3_animal_04.png,true,Seedream,animal,0.006238781847059727
ai_animal_ideogram_v3_animal_03.png,true,Ideogram v3,animal,0.9740422964096069
ai_animal_flux_2_flex_animal_07.png,true,Flux,animal,0.00013879247126169503
ai_animal_seedream_v4_animal_01.png,true,Seedream,animal,6.797633250243962e-05
ai_animal_flux_2_flex_animal_06.png,true,Flux,animal,0.9996864795684814
ai_animal_gemini_3_pro_animal_01.png,true,Gemini 3 Pro,animal,0.0001023221921059303
ai_animal_ideogram_v3_animal_02.png,true,Ideogram v3,animal,0.1116262823343277
ai_animal_seedream_v3_animal_05.png,true,Seedream,animal,0.04075790196657181
ai_animal_flux_pro_v1.1_animal_06.png,true,Flux Pro v1.1,animal,0.0012913363752886653
ai_animal_flux_pro_v1.1_animal_04.png,true,Flux Pro v1.1,animal,0.9999840259552002
ai_animal_flux_pro_v1.1_animal_10.png,true,Flux Pro v1.1,animal,0.9363558292388916
ai_animal_seedream_v3_animal_07.png,true,Seedream,animal,0.14712537825107574
ai_animal_sd_3.5_large_animal_09.png,true,Sd,animal,0.8388060927391052
ai_animal_gemini_3_pro_animal_03.png,true,Gemini 3 Pro,animal,7.962811650941148e-05
ai_animal_flux_2_flex_animal_04.png,true,Flux,animal,0.9968869090080261
ai_animal_flux_2_flex_animal_10.png,true,Flux,animal,0.9893937110900879
ai_animal_seedream_v4_animal_03.png,true,Seedream,animal,0.0009169568656943738
ai_animal_seedream_v4_animal_02.png,true,Seedream,animal,0.0008411750313825905
ai_animal_flux_2_flex_animal_05.png,true,Flux,animal,0.977796733379364
ai_animal_gemini_3_pro_animal_02.png,true,Gemini 3 Pro,animal,5.045825309935026e-05
ai_animal_ideogram_v3_animal_01.png,true,Ideogram v3,animal,1.0152804861718323e-05
ai_animal_sd_3.5_large_animal_08.png,true,Sd,animal,0.9210668206214905
ai_animal_seedream_v3_animal_06.png,true,Seedream,animal,0.10552400350570679
ai_animal_flux_pro_v1.1_animal_05.png,true,Flux Pro v1.1,animal,0.9898177981376648
ai_animal_seedream_v3_animal_02.png,true,Seedream,animal,0.22137422859668732
ai_animal_flux_pro_v1.1_animal_01.png,true,Flux Pro v1.1,animal,0.9999207258224487
ai_animal_gemini_3_pro_animal_06.png,true,Gemini 3 Pro,animal,1.3731641047343146e-05
ai_animal_ideogram_v3_animal_05.png,true,Ideogram v3,animal,0.0332549512386322
ai_animal_flux_2_flex_animal_01.png,true,Flux,animal,0.9999864101409912
ai_animal_seedream_v4_animal_06.png,true,Seedream,animal,0.9959166646003723
ai_animal_seedream_v4_animal_07.png,true,Seedream,animal,2.0092908016522415e-05
ai_animal_ideogram_v3_animal_10.png,true,Ideogram v3,animal,0.013230253010988235
ai_animal_ideogram_v3_animal_04.png,true,Ideogram v3,animal,0.003433442674577236
ai_animal_gemini_3_pro_animal_07.png,true,Gemini 3 Pro,animal,4.4004584196954966e-05
ai_animal_seedream_v3_animal_03.png,true,Seedream,animal,0.975529670715332
ai_animal_seedream_v3_animal_01.png,true,Seedream,animal,0.026605274528265
ai_animal_flux_pro_v1.1_animal_02.png,true,Flux Pro v1.1,animal,0.9991043210029602
ai_animal_gemini_3_pro_animal_05.png,true,Gemini 3 Pro,animal,5.052542110206559e-05
ai_animal_ideogram_v3_animal_06.png,true,Ideogram v3,animal,0.9961497783660889
ai_animal_flux_2_flex_animal_02.png,true,Flux,animal,0.9981903433799744
ai_animal_seedream_v4_animal_05.png,true,Seedream,animal,0.00019297179824206978
ai_animal_qwen_2512_animal_08.png,true,Qwen 2512,animal,0.027291465550661087
ai_animal_qwen_2512_animal_09.png,true,Qwen 2512,animal,0.3170611262321472
ai_animal_seedream_v4_animal_10.png,true,Seedream,animal,0.0013368024956434965
ai_animal_seedream_v4_animal_04.png,true,Seedream,animal,0.042610954493284225
ai_animal_flux_2_flex_animal_03.png,true,Flux,animal,0.9998931884765625
ai_animal_ideogram_v3_animal_07.png,true,Ideogram v3,animal,6.735161150572821e-05
ai_animal_gemini_3_pro_animal_04.png,true,Gemini 3 Pro,animal,1.2955405509273987e-05
ai_animal_gemini_3_pro_animal_10.png,true,Gemini 3 Pro,animal,0.00029078780789859593
ai_animal_flux_pro_v1.1_animal_03.png,true,Flux Pro v1.1,animal,0.9998478889465332
ai_animal_flux_schnell_animal_01.png,true,Flux Schnell,animal,0.9999922513961792
ai_animal_z_image_animal_06.png,true,Z,animal,0.9876726269721985
ai_animal_grok_aurora_animal_10.png,true,Grok Aurora,animal,0.32916828989982605
ai_animal_grok_aurora_animal_04.png,true,Grok Aurora,animal,0.9856660962104797
ai_animal_glm_image_animal_06.png,true,GLM Image,animal,0.9997960925102234
ai_animal_recraft_v3_animal_02.png,true,Recraft v3,animal,0.22606691718101501
ai_animal_glm_image_animal_07.png,true,GLM Image,animal,0.5380848050117493
ai_animal_recraft_v3_animal_03.png,true,Recraft v3,animal,0.42251744866371155
ai_animal_grok_aurora_animal_05.png,true,Grok Aurora,animal,0.9968642592430115
ai_animal_z_image_animal_07.png,true,Z,animal,0.7175292372703552
ai_animal_flux_schnell_animal_02.png,true,Flux Schnell,animal,0.9999892711639404
ai_animal_z_image_animal_05.png,true,Z,animal,0.10309232771396637
ai_animal_grok_aurora_animal_07.png,true,Grok Aurora,animal,0.00038846995448693633
ai_animal_recraft_v3_animal_01.png,true,Recraft v3,animal,0.0015189970145002007
ai_animal_glm_image_animal_05.png,true,GLM Image,animal,0.9999904632568359
ai_animal_glm_image_animal_10.png,true,GLM Image,animal,4.41694755863864e-05
ai_animal_glm_image_animal_04.png,true,GLM Image,animal,0.23311251401901245
ai_animal_grok_aurora_animal_06.png,true,Grok Aurora,animal,0.02260849066078663
ai_animal_z_image_animal_10.png,true,Z,animal,0.9999992847442627
ai_animal_z_image_animal_04.png,true,Z,animal,0.0011014731135219336
ai_animal_flux_schnell_animal_03.png,true,Flux Schnell,animal,0.9808648228645325
ai_animal_flux_schnell_animal_07.png,true,Flux Schnell,animal,0.18743669986724854
ai_animal_wan_v2.6_animal_09.png,true,Wan v2.6,animal,0.017329951748251915
ai_animal_hunyuan_v3_animal_09.png,true,Hunyuan v3,animal,0.00015766113938298076
ai_animal_grok_aurora_animal_02.png,true,Grok Aurora,animal,0.6623594760894775
ai_animal_recraft_v3_animal_04.png,true,Recraft v3,animal,0.17690497636795044
ai_animal_recraft_v3_animal_10.png,true,Recraft v3,animal,0.5284096598625183
ai_animal_gpt_image_1.5_animal_08.png,true,Gpt,animal,4.027486284030601e-06
ai_animal_gpt_image_1.5_animal_09.png,true,Gpt,animal,6.025846232660115e-05
ai_animal_glm_image_animal_01.png,true,GLM Image,animal,0.9829323291778564
ai_animal_recraft_v3_animal_05.png,true,Recraft v3,animal,0.05616218224167824
ai_animal_grok_aurora_animal_03.png,true,Grok Aurora,animal,0.9993581175804138
ai_animal_hunyuan_v3_animal_08.png,true,Hunyuan v3,animal,2.3467890059691854e-05
ai_animal_flux_schnell_animal_06.png,true,Flux Schnell,animal,0.9966800212860107
ai_animal_wan_v2.6_animal_08.png,true,Wan v2.6,animal,0.005006140563637018
ai_animal_z_image_animal_01.png,true,Z,animal,0.9979548454284668
ai_animal_z_image_animal_03.png,true,Z,animal,0.5046399235725403
ai_animal_flux_schnell_animal_04.png,true,Flux Schnell,animal,0.9788557887077332
ai_animal_flux_schnell_animal_10.png,true,Flux Schnell,animal,0.9995090961456299
ai_animal_grok_aurora_animal_01.png,true,Grok Aurora,animal,0.0014198289718478918
ai_animal_leonardo_phoenix_animal_08.png,true,Leonardo Phoenix,animal,0.0011559382546693087
ai_animal_recraft_v3_animal_07.png,true,Recraft v3,animal,0.2224268913269043
ai_animal_glm_image_animal_03.png,true,GLM Image,animal,0.998988926410675
ai_animal_recraft_v3_animal_06.png,true,Recraft v3,animal,0.0035936005879193544
ai_animal_glm_image_animal_02.png,true,GLM Image,animal,0.9870288372039795
ai_animal_leonardo_phoenix_animal_09.png,true,Leonardo Phoenix,animal,0.2432483434677124
ai_animal_flux_schnell_animal_05.png,true,Flux Schnell,animal,0.9585996866226196
ai_animal_z_image_animal_02.png,true,Z,animal,0.0028468745294958353
ai_animal_wan_v2.6_animal_06.png,true,Wan v2.6,animal,0.899664044380188
ai_animal_flux_schnell_animal_08.png,true,Flux Schnell,animal,0.9765719175338745
ai_animal_hunyuan_v3_animal_06.png,true,Hunyuan v3,animal,0.0006485447520390153
ai_animal_leonardo_phoenix_animal_10.png,true,Leonardo Phoenix,animal,0.9991191029548645
ai_animal_leonardo_phoenix_animal_04.png,true,Leonardo Phoenix,animal,0.0006467683124355972
ai_animal_gpt_image_1.5_animal_07.png,true,Gpt,animal,1.1593811905186158e-05
ai_animal_gpt_image_1.5_animal_06.png,true,Gpt,animal,7.183102752605919e-06
ai_animal_leonardo_phoenix_animal_05.png,true,Leonardo Phoenix,animal,6.411451613530517e-05
ai_animal_hunyuan_v3_animal_07.png,true,Hunyuan v3,animal,4.403182538226247e-05
ai_animal_wan_v2.6_animal_07.png,true,Wan v2.6,animal,0.1947859674692154
ai_animal_flux_schnell_animal_09.png,true,Flux Schnell,animal,0.12507981061935425
ai_animal_wan_v2.6_animal_05.png,true,Wan v2.6,animal,0.0036003785207867622
ai_animal_hunyuan_v3_animal_05.png,true,Hunyuan v3,animal,0.0018016151152551174
ai_animal_leonardo_phoenix_animal_07.png,true,Leonardo Phoenix,animal,0.2238989770412445
ai_animal_recraft_v3_animal_08.png,true,Recraft v3,animal,0.017431920394301414
ai_animal_gpt_image_1.5_animal_04.png,true,Gpt,animal,0.0012287977151572704
ai_animal_gpt_image_1.5_animal_10.png,true,Gpt,animal,0.0109455781057477
ai_animal_gpt_image_1.5_animal_05.png,true,Gpt,animal,1.915892426040955e-06
ai_animal_recraft_v3_animal_09.png,true,Recraft v3,animal,0.9999539852142334
ai_animal_leonardo_phoenix_animal_06.png,true,Leonardo Phoenix,animal,4.421819539857097e-05
ai_animal_hunyuan_v3_animal_10.png,true,Hunyuan v3,animal,5.417760257842019e-05
ai_animal_hunyuan_v3_animal_04.png,true,Hunyuan v3,animal,2.0251249225111678e-05
ai_animal_wan_v2.6_animal_10.png,true,Wan v2.6,animal,8.64909088704735e-06
ai_animal_wan_v2.6_animal_04.png,true,Wan v2.6,animal,0.0002812641905620694
ai_animal_z_image_animal_09.png,true,Z,animal,0.024046793580055237
ai_animal_leonardo_phoenix_animal_02.png,true,Leonardo Phoenix,animal,0.10420522093772888
ai_animal_gpt_image_1.5_animal_01.png,true,Gpt,animal,9.282070095650852e-06
ai_animal_glm_image_animal_09.png,true,GLM Image,animal,0.19682961702346802
ai_animal_glm_image_animal_08.png,true,GLM Image,animal,0.3363039493560791
ai_animal_leonardo_phoenix_animal_03.png,true,Leonardo Phoenix,animal,0.006325612310320139
ai_animal_hunyuan_v3_animal_01.png,true,Hunyuan v3,animal,2.791832412185613e-05
ai_animal_z_image_animal_08.png,true,Z,animal,0.9872766137123108
ai_animal_wan_v2.6_animal_01.png,true,Wan v2.6,animal,0.0002677685988601297
ai_animal_wan_v2.6_animal_03.png,true,Wan v2.6,animal,0.0010693829972296953
ai_animal_grok_aurora_animal_08.png,true,Grok Aurora,animal,6.271067832130939e-05
ai_animal_hunyuan_v3_animal_03.png,true,Hunyuan v3,animal,0.61076420545578
ai_animal_leonardo_phoenix_animal_01.png,true,Leonardo Phoenix,animal,0.012232980690896511
ai_animal_gpt_image_1.5_animal_02.png,true,Gpt,animal,4.022629582323134e-06
ai_animal_gpt_image_1.5_animal_03.png,true,Gpt,animal,0.002072185045108199
ai_animal_hunyuan_v3_animal_02.png,true,Hunyuan v3,animal,0.9842473268508911
ai_animal_grok_aurora_animal_09.png,true,Grok Aurora,animal,0.4609234631061554
ai_animal_wan_v2.6_animal_02.png,true,Wan v2.6,animal,1.5882864317973144e-05
ai_animal_sd_3.5_large_animal_03.png,true,Sd,animal,0.00024761573877185583
ai_animal_gemini_3_pro_animal_09.png,true,Gemini 3 Pro,animal,0.8921376466751099
ai_animal_qwen_2512_animal_04.png,true,Qwen 2512,animal,0.00020603097800631076
ai_animal_seedream_v4_animal_09.png,true,Seedream,animal,1.0978723366861232e-05
ai_animal_qwen_2512_animal_10.png,true,Qwen 2512,animal,0.7382358312606812
ai_animal_seedream_v4_animal_08.png,true,Seedream,animal,2.3025098926154897e-05
ai_animal_qwen_2512_animal_05.png,true,Qwen 2512,animal,0.0904012992978096
ai_animal_gemini_3_pro_animal_08.png,true,Gemini 3 Pro,animal,1.8067743212668574e-06
ai_animal_sd_3.5_large_animal_02.png,true,Sd,animal,0.9918586611747742
ai_animal_ideogram_v3_animal_09.png,true,Ideogram v3,animal,0.9101709723472595
ai_animal_qwen_2512_animal_07.png,true,Qwen 2512,animal,0.06024782359600067
ai_animal_qwen_2512_animal_06.png,true,Qwen 2512,animal,0.9992008805274963
ai_animal_ideogram_v3_animal_08.png,true,Ideogram v3,animal,7.670134436921217e-06
ai_animal_sd_3.5_large_animal_01.png,true,Sd,animal,0.0001335382548859343
ai_animal_flux_pro_v1.1_animal_08.png,true,Flux Pro v1.1,animal,0.00010089673742186278
ai_animal_sd_3.5_large_animal_05.png,true,Sd,animal,0.16088509559631348
ai_animal_flux_2_flex_animal_08.png,true,Flux,animal,0.0002450783795211464
ai_animal_qwen_2512_animal_02.png,true,Qwen 2512,animal,0.002471353393048048
ai_animal_qwen_2512_animal_03.png,true,Qwen 2512,animal,0.999736487865448
ai_animal_flux_2_flex_animal_09.png,true,Flux,animal,0.9981641173362732
ai_animal_sd_3.5_large_animal_10.png,true,Sd,animal,0.1090027317404747
ai_animal_sd_3.5_large_animal_04.png,true,Sd,animal,2.1568519514403306e-05
ai_animal_flux_pro_v1.1_animal_09.png,true,Flux Pro v1.1,animal,0.15786395967006683
ai_animal_seedream_v3_animal_08.png,true,Seedream,animal,1.4657151950814296e-05
ai_animal_sd_3.5_large_animal_06.png,true,Sd,animal,0.008238574489951134
ai_animal_qwen_2512_animal_01.png,true,Qwen 2512,animal,0.9999573230743408
ai_animal_sd_3.5_large_animal_07.png,true,Sd,animal,0.08483470976352692
ai_animal_seedream_v3_animal_09.png,true,Seedream,animal,0.27578404545783997
ai_landscape_gemini_3_pro_landscape_04.png,true,Gemini 3 Pro,landscape,0.0001591437467141077
ai_landscape_gemini_3_pro_landscape_10.png,true,Gemini 3 Pro,landscape,0.0027392751071602106
ai_landscape_flux_schnell_landscape_01.png,true,Flux Schnell,landscape,0.002530740574002266
ai_landscape_gemini_3_pro_landscape_05.png,true,Gemini 3 Pro,landscape,1.3820952517562546e-05
ai_landscape_gpt_image_1.5_landscape_08.png,true,Gpt,landscape,0.9268725514411926
ai_landscape_hunyuan_v3_landscape_09.png,true,Hunyuan v3,landscape,3.6616208944906248e-06
ai_landscape_sd_3.5_large_landscape_09.png,true,Sd,landscape,0.0020142109133303165
ai_landscape_gemini_3_pro_landscape_07.png,true,Gemini 3 Pro,landscape,0.00011377740156603977
ai_landscape_flux_schnell_landscape_02.png,true,Flux Schnell,landscape,0.0015449845232069492
ai_landscape_flux_schnell_landscape_03.png,true,Flux Schnell,landscape,0.014860508032143116
ai_landscape_gemini_3_pro_landscape_06.png,true,Gemini 3 Pro,landscape,0.0011560263810679317
ai_landscape_sd_3.5_large_landscape_08.png,true,Sd,landscape,0.5297037363052368
ai_landscape_hunyuan_v3_landscape_08.png,true,Hunyuan v3,landscape,3.870588625431992e-05
ai_landscape_gpt_image_1.5_landscape_09.png,true,Gpt,landscape,0.0003612978325691074
ai_landscape_gemini_3_pro_landscape_02.png,true,Gemini 3 Pro,landscape,0.0003076137218158692
ai_landscape_flux_schnell_landscape_07.png,true,Flux Schnell,landscape,0.00019335249089635909
ai_landscape_flux_schnell_landscape_06.png,true,Flux Schnell,landscape,0.027997935190796852
ai_landscape_gemini_3_pro_landscape_03.png,true,Gemini 3 Pro,landscape,0.059939660131931305
ai_landscape_gemini_3_pro_landscape_01.png,true,Gemini 3 Pro,landscape,0.0018953571561723948
ai_landscape_z_image_landscape_09.png,true,Z,landscape,0.9972482323646545
ai_landscape_flux_schnell_landscape_04.png,true,Flux Schnell,landscape,0.6249096393585205
ai_landscape_flux_schnell_landscape_10.png,true,Flux Schnell,landscape,1.0721520993683953e-05
ai_landscape_flux_schnell_landscape_05.png,true,Flux Schnell,landscape,0.00033305547549389303
ai_landscape_z_image_landscape_08.png,true,Z,landscape,0.1044992059469223
ai_landscape_leonardo_phoenix_landscape_04.png,true,Leonardo Phoenix,landscape,5.0871392886620015e-05
ai_landscape_flux_pro_v1.1_landscape_04.png,true,Flux Pro v1.1,landscape,0.02885855734348297
ai_landscape_flux_pro_v1.1_landscape_10.png,true,Flux Pro v1.1,landscape,0.0011842636158689857
ai_landscape_ideogram_v3_landscape_08.png,true,Ideogram v3,landscape,2.8477782052505063e-06
ai_landscape_qwen_2512_landscape_08.png,true,Qwen 2512,landscape,0.9989878535270691
ai_landscape_grok_aurora_landscape_03.png,true,Grok Aurora,landscape,0.39651137590408325
ai_landscape_wan_v2.6_landscape_05.png,true,Wan v2.6,landscape,0.0003907338541466743
ai_landscape_recraft_v3_landscape_09.png,true,Recraft v3,landscape,0.7853355407714844
ai_landscape_seedream_v4_landscape_05.png,true,Seedream,landscape,0.0005211979150772095
ai_landscape_seedream_v4_landscape_04.png,true,Seedream,landscape,0.0003632616135291755
ai_landscape_seedream_v4_landscape_10.png,true,Seedream,landscape,0.0004782637406606227
ai_landscape_recraft_v3_landscape_08.png,true,Recraft v3,landscape,0.9278524518013
ai_landscape_wan_v2.6_landscape_04.png,true,Wan v2.6,landscape,0.009075688198208809
ai_landscape_wan_v2.6_landscape_10.png,true,Wan v2.6,landscape,0.06390468031167984
ai_landscape_grok_aurora_landscape_02.png,true,Grok Aurora,landscape,0.4979628324508667
ai_landscape_qwen_2512_landscape_09.png,true,Qwen 2512,landscape,0.07705286890268326
ai_landscape_ideogram_v3_landscape_09.png,true,Ideogram v3,landscape,5.78409199079033e-05
ai_landscape_flux_pro_v1.1_landscape_05.png,true,Flux Pro v1.1,landscape,0.057654980570077896
ai_landscape_leonardo_phoenix_landscape_07.png,true,Leonardo Phoenix,landscape,0.0018617113819345832
ai_landscape_flux_2_flex_landscape_08.png,true,Flux,landscape,0.2953644394874573
ai_landscape_seedream_v3_landscape_08.png,true,Seedream,landscape,0.0031096735037863255
ai_landscape_glm_image_landscape_09.png,true,GLM Image,landscape,0.09945359826087952
ai_landscape_flux_pro_v1.1_landscape_07.png,true,Flux Pro v1.1,landscape,6.956580909900367e-05
ai_landscape_wan_v2.6_landscape_06.png,true,Wan v2.6,landscape,0.9859991669654846
ai_landscape_seedream_v4_landscape_06.png,true,Seedream,landscape,3.28861569869332e-05
ai_landscape_seedream_v4_landscape_07.png,true,Seedream,landscape,0.002578466199338436
ai_landscape_wan_v2.6_landscape_07.png,true,Wan v2.6,landscape,0.00024814397329464555
ai_landscape_grok_aurora_landscape_01.png,true,Grok Aurora,landscape,0.10852815210819244
ai_landscape_flux_pro_v1.1_landscape_06.png,true,Flux Pro v1.1,landscape,0.0721103698015213
ai_landscape_glm_image_landscape_08.png,true,GLM Image,landscape,0.9999676942825317
ai_landscape_seedream_v3_landscape_09.png,true,Seedream,landscape,0.5894182324409485
ai_landscape_flux_2_flex_landscape_09.png,true,Flux,landscape,0.030486876145005226
ai_landscape_leonardo_phoenix_landscape_06.png,true,Leonardo Phoenix,landscape,0.807252049446106
ai_landscape_leonardo_phoenix_landscape_02.png,true,Leonardo Phoenix,landscape,0.014296723529696465
ai_landscape_flux_pro_v1.1_landscape_02.png,true,Flux Pro v1.1,landscape,0.040310293436050415
ai_landscape_grok_aurora_landscape_05.png,true,Grok Aurora,landscape,4.318416540627368e-05
ai_landscape_wan_v2.6_landscape_03.png,true,Wan v2.6,landscape,0.989274799823761
ai_landscape_seedream_v4_landscape_03.png,true,Seedream,landscape,0.0001657361863180995
ai_landscape_seedream_v4_landscape_02.png,true,Seedream,landscape,0.0006216748151928186
ai_landscape_wan_v2.6_landscape_02.png,true,Wan v2.6,landscape,0.9095844626426697
ai_landscape_grok_aurora_landscape_04.png,true,Grok Aurora,landscape,0.9960565567016602
ai_landscape_grok_aurora_landscape_10.png,true,Grok Aurora,landscape,0.0005546231986954808
ai_landscape_flux_pro_v1.1_landscape_03.png,true,Flux Pro v1.1,landscape,0.9725425243377686
ai_landscape_leonardo_phoenix_landscape_03.png,true,Leonardo Phoenix,landscape,0.10035254061222076
ai_landscape_leonardo_phoenix_landscape_01.png,true,Leonardo Phoenix,landscape,0.0001035896348184906
ai_landscape_flux_pro_v1.1_landscape_01.png,true,Flux Pro v1.1,landscape,0.060847487300634384
ai_landscape_grok_aurora_landscape_06.png,true,Grok Aurora,landscape,0.9993064403533936
ai_landscape_seedream_v4_landscape_01.png,true,Seedream,landscape,6.759637471986935e-05
ai_landscape_wan_v2.6_landscape_01.png,true,Wan v2.6,landscape,0.23613135516643524
ai_landscape_grok_aurora_landscape_07.png,true,Grok Aurora,landscape,0.9998694658279419
ai_landscape_flux_2_flex_landscape_02.png,true,Flux,landscape,0.4078208804130554
ai_landscape_glm_image_landscape_03.png,true,GLM Image,landscape,0.9059884548187256
ai_landscape_seedream_v3_landscape_02.png,true,Seedream,landscape,0.00012223157682456076
ai_landscape_ideogram_v3_landscape_01.png,true,Ideogram v3,landscape,4.298797193769133e-06
ai_landscape_qwen_2512_landscape_01.png,true,Qwen 2512,landscape,0.01219570729881525
ai_landscape_recraft_v3_landscape_01.png,true,Recraft v3,landscape,0.9582101702690125
ai_landscape_seedream_v3_landscape_03.png,true,Seedream,landscape,0.02659781090915203
ai_landscape_glm_image_landscape_02.png,true,GLM Image,landscape,0.9818642139434814
ai_landscape_flux_2_flex_landscape_03.png,true,Flux,landscape,0.9390914440155029
ai_landscape_flux_2_flex_landscape_01.png,true,Flux,landscape,0.9314095377922058
ai_landscape_seedream_v3_landscape_01.png,true,Seedream,landscape,0.23581808805465698
ai_landscape_ideogram_v3_landscape_02.png,true,Ideogram v3,landscape,0.00011340251512592658
ai_landscape_qwen_2512_landscape_02.png,true,Qwen 2512,landscape,0.006454661022871733
ai_landscape_grok_aurora_landscape_09.png,true,Grok Aurora,landscape,0.002436054637655616
ai_landscape_recraft_v3_landscape_03.png,true,Recraft v3,landscape,0.8591169714927673
ai_landscape_recraft_v3_landscape_02.png,true,Recraft v3,landscape,0.694419801235199
ai_landscape_grok_aurora_landscape_08.png,true,Grok Aurora,landscape,0.4440292716026306
ai_landscape_qwen_2512_landscape_03.png,true,Qwen 2512,landscape,0.0008665624773129821
ai_landscape_ideogram_v3_landscape_03.png,true,Ideogram v3,landscape,0.00024702903465367854
ai_landscape_glm_image_landscape_01.png,true,GLM Image,landscape,0.996863603591919
ai_landscape_flux_2_flex_landscape_10.png,true,Flux,landscape,2.0608754311979283e-06
ai_landscape_flux_2_flex_landscape_04.png,true,Flux,landscape,0.9842847585678101
ai_landscape_seedream_v3_landscape_10.png,true,Seedream,landscape,9.773774763743859e-06
ai_landscape_seedream_v3_landscape_04.png,true,Seedream,landscape,0.003000123891979456
ai_landscape_glm_image_landscape_05.png,true,GLM Image,landscape,0.0725514218211174
ai_landscape_ideogram_v3_landscape_07.png,true,Ideogram v3,landscape,0.7511070370674133
ai_landscape_qwen_2512_landscape_07.png,true,Qwen 2512,landscape,0.05836089327931404
ai_landscape_recraft_v3_landscape_06.png,true,Recraft v3,landscape,0.20408186316490173
ai_landscape_recraft_v3_landscape_07.png,true,Recraft v3,landscape,0.4060920476913452
ai_landscape_qwen_2512_landscape_06.png,true,Qwen 2512,landscape,0.34656983613967896
ai_landscape_ideogram_v3_landscape_06.png,true,Ideogram v3,landscape,0.00351697183214128
ai_landscape_glm_image_landscape_10.png,true,GLM Image,landscape,0.9987804293632507
ai_landscape_glm_image_landscape_04.png,true,GLM Image,landscape,0.019947219640016556
ai_landscape_seedream_v3_landscape_05.png,true,Seedream,landscape,1.5989628082024865e-05
ai_landscape_flux_2_flex_landscape_05.png,true,Flux,landscape,1.7514495993964374e-05
ai_landscape_flux_2_flex_landscape_07.png,true,Flux,landscape,0.16568759083747864
ai_landscape_leonardo_phoenix_landscape_08.png,true,Leonardo Phoenix,landscape,0.0009156347368843853
ai_landscape_seedream_v3_landscape_07.png,true,Seedream,landscape,0.00013032030255999416
ai_landscape_glm_image_landscape_06.png,true,GLM Image,landscape,0.9919626116752625
ai_landscape_flux_pro_v1.1_landscape_08.png,true,Flux Pro v1.1,landscape,0.0050799548625946045
ai_landscape_ideogram_v3_landscape_10.png,true,Ideogram v3,landscape,3.2178118090087082e-06
ai_landscape_ideogram_v3_landscape_04.png,true,Ideogram v3,landscape,0.030910110101103783
ai_landscape_qwen_2512_landscape_10.png,true,Qwen 2512,landscape,2.2612926841247827e-05
ai_landscape_qwen_2512_landscape_04.png,true,Qwen 2512,landscape,0.01153525896370411
ai_landscape_wan_v2.6_landscape_09.png,true,Wan v2.6,landscape,0.0003762494307011366
ai_landscape_recraft_v3_landscape_05.png,true,Recraft v3,landscape,0.005516285076737404
ai_landscape_seedream_v4_landscape_09.png,true,Seedream,landscape,0.007566108833998442
ai_landscape_seedream_v4_landscape_08.png,true,Seedream,landscape,0.002295655431225896
ai_landscape_recraft_v3_landscape_10.png,true,Recraft v3,landscape,0.9987924098968506
ai_landscape_recraft_v3_landscape_04.png,true,Recraft v3,landscape,0.0036639277823269367
ai_landscape_wan_v2.6_landscape_08.png,true,Wan v2.6,landscape,0.9993720650672913
ai_landscape_qwen_2512_landscape_05.png,true,Qwen 2512,landscape,0.001745768589898944
ai_landscape_ideogram_v3_landscape_05.png,true,Ideogram v3,landscape,0.0001581129472469911
ai_landscape_flux_pro_v1.1_landscape_09.png,true,Flux Pro v1.1,landscape,0.8601307272911072
ai_landscape_glm_image_landscape_07.png,true,GLM Image,landscape,0.7093705534934998
ai_landscape_seedream_v3_landscape_06.png,true,Seedream,landscape,1.7827123883762397e-05
ai_landscape_leonardo_phoenix_landscape_09.png,true,Leonardo Phoenix,landscape,0.9817249774932861
ai_landscape_flux_2_flex_landscape_06.png,true,Flux,landscape,0.7155511975288391
ai_landscape_gpt_image_1.5_landscape_02.png,true,Gpt,landscape,0.00011579418060136959
ai_landscape_hunyuan_v3_landscape_03.png,true,Hunyuan v3,landscape,2.2733038349542767e-05
ai_landscape_z_image_landscape_05.png,true,Z,landscape,0.005081008188426495
ai_landscape_sd_3.5_large_landscape_03.png,true,Sd,landscape,0.7230232357978821
ai_landscape_flux_schnell_landscape_08.png,true,Flux Schnell,landscape,0.8785295486450195
ai_landscape_flux_schnell_landscape_09.png,true,Flux Schnell,landscape,0.9763866066932678
ai_landscape_z_image_landscape_10.png,true,Z,landscape,0.996345579624176
ai_landscape_sd_3.5_large_landscape_02.png,true,Sd,landscape,4.779213122674264e-05
ai_landscape_z_image_landscape_04.png,true,Z,landscape,0.9693311452865601
ai_landscape_hunyuan_v3_landscape_02.png,true,Hunyuan v3,landscape,0.00016898450849112123
ai_landscape_gpt_image_1.5_landscape_03.png,true,Gpt,landscape,4.857615931541659e-05
ai_landscape_gpt_image_1.5_landscape_01.png,true,Gpt,landscape,0.002283524489030242
ai_landscape_z_image_landscape_06.png,true,Z,landscape,0.005061157513409853
ai_landscape_sd_3.5_large_landscape_01.png,true,Sd,landscape,0.005739332642406225
ai_landscape_z_image_landscape_07.png,true,Z,landscape,0.00017497892258688807
ai_landscape_hunyuan_v3_landscape_01.png,true,Hunyuan v3,landscape,2.697102536330931e-05
ai_landscape_gpt_image_1.5_landscape_04.png,true,Gpt,landscape,0.00045858536032028496
ai_landscape_gpt_image_1.5_landscape_10.png,true,Gpt,landscape,7.509353963541798e-06
ai_landscape_hunyuan_v3_landscape_05.png,true,Hunyuan v3,landscape,2.294573050676263e-06
ai_landscape_sd_3.5_large_landscape_05.png,true,Sd,landscape,0.002941281069070101
ai_landscape_z_image_landscape_03.png,true,Z,landscape,0.7486696839332581
ai_landscape_z_image_landscape_02.png,true,Z,landscape,0.478736013174057
ai_landscape_sd_3.5_large_landscape_04.png,true,Sd,landscape,0.0003783836727961898
ai_landscape_sd_3.5_large_landscape_10.png,true,Sd,landscape,4.5590015361085534e-05
ai_landscape_hunyuan_v3_landscape_04.png,true,Hunyuan v3,landscape,0.0011271524708718061
ai_landscape_hunyuan_v3_landscape_10.png,true,Hunyuan v3,landscape,6.256346750888042e-06
ai_landscape_gpt_image_1.5_landscape_05.png,true,Gpt,landscape,0.00010796510468935594
ai_landscape_gpt_image_1.5_landscape_07.png,true,Gpt,landscape,7.509840997954598e-06
ai_landscape_hunyuan_v3_landscape_06.png,true,Hunyuan v3,landscape,8.527840691385791e-05
ai_landscape_sd_3.5_large_landscape_06.png,true,Sd,landscape,0.0034285937435925007
ai_landscape_gemini_3_pro_landscape_08.png,true,Gemini 3 Pro,landscape,0.00041161495028063655
ai_landscape_gemini_3_pro_landscape_09.png,true,Gemini 3 Pro,landscape,0.0002655293792486191
ai_landscape_z_image_landscape_01.png,true,Z,landscape,0.010104709304869175
ai_landscape_sd_3.5_large_landscape_07.png,true,Sd,landscape,9.814216900849715e-05
ai_landscape_hunyuan_v3_landscape_07.png,true,Hunyuan v3,landscape,0.00017839015345089138
ai_landscape_gpt_image_1.5_landscape_06.png,true,Gpt,landscape,0.00023848895216360688
real_art_art_79_oil_painting_of_countryside_landscape_in_frame.jpg,false,,art,0.08612745255231857
real_art_art_163_tLQRMO33DeI.jpg,false,,art,0.0008377446793019772
real_art_art_082_wzSfjeKGiLk.jpg,false,,art,0.3335646092891693
real_art_art_114_11SmxL6FI1A.jpg,false,,art,0.00011248546070419252
real_art_art_58_watercolor_landscape_painting.jpg,false,,art,0.0016438562888652086
real_art_art_040_T2LEdBxpm54.jpg,false,,art,0.0004370406095404178
real_art_art_105_HzNNbeGmJko.jpg,false,,art,5.217181023908779e-05
real_art_art_68_vintage_botanical_illustration.jpg,false,,art,0.8876951932907104
real_art_art_164_GoJrwnPNPbg.jpg,false,,art,1.7911888789967634e-05
real_art_art_73_colorful_street_art_graffiti_mural.jpg,false,,art,0.8266732096672058
real_art_art_112_zelgyeLINKc.jpg,false,,art,2.383781065873336e-05
real_art_art_034_bkY4pok-UM0.jpg,false,,art,5.815775239170762e-06
real_art_art_132_xnyXLEyE8L0.jpg,false,,art,0.0009191800490953028
real_art_art_149_fnoCqGw7AMg.jpg,false,,art,6.915334961377084e-05
real_art_art_166_vDZCV1akWss.jpg,false,,art,1.8719230183705804e-06
real_art_art_113_Cn2YpUFVkCo.jpg,false,,art,2.2701797206536867e-05
real_art_art_78_mosaic_tile_artwork_pattern.jpg,false,,art,2.334677083126735e-05
real_art_art_72_pastel_colors_watercolor_wash.jpg,false,,art,0.0016438562888652086
real_art_art_074_QTWm4dJ_Z2E.jpg,false,,art,0.0035969268064945936
real_art_art_65_abstract_geometric_modern_art.jpg,false,,art,1.7642169041209854e-05
real_art_art_056_riFTrh0K4pg.jpg,false,,art,0.00081698561552912
real_art_art_096_gzXhH-RiydU.jpg,false,,art,8.403930405620486e-05
real_art_art_094_JqpsJelnXb8.jpg,false,,art,0.01768258772790432
real_art_art_56_pencil_and_watercolor_art_supplies_on_table.jpg,false,,art,4.867998359259218e-05
real_art_art_160_PDAzh1rSIa8.jpg,false,,art,0.0005167173221707344
real_art_art_152_uH3wpt7gKnQ.jpg,false,,art,0.000491681566927582
real_art_art_088_8qigdir-PfA.jpg,false,,art,4.483430529944599e-05
real_art_art_070_AYYbqlo5af0.jpg,false,,art,2.9346563223953126e-06
real_art_art_80_digital_art_printed_on_gallery_wall.jpg,false,,art,0.00018383259885013103
real_art_art_120_NiV9YsPFhM8.jpg,false,,art,4.661865750676952e-05
real_art_art_093_3qoP52UWFiY.jpg,false,,art,1.2461867299862206e-05
real_art_art_092_IhDDZyvwwC4.jpg,false,,art,7.466806437150808e-06
real_art_art_108_XOyxignLq1E.jpg,false,,art,0.0009325525024905801
real_art_art_127_P2LmtHXV2Wc.jpg,false,,art,6.880625278427033e-06
real_art_art_104_gQxrO5kOABU.jpg,false,,art,0.00044226928730495274
real_art_art_097_hBhfEXkihOs.jpg,false,,art,0.0005337818874977529
real_art_art_085_Zm74mm1xEDY.jpg,false,,art,1.0907758223765995e-05
real_art_art_050_hyoJJZd_hhI.jpg,false,,art,5.607803359453101e-06
real_art_art_053_jdhYNL0KrCA.jpg,false,,art,0.007526522036641836
real_art_art_045_dFA5XycbhoQ.jpg,false,,art,0.038902558386325836
real_art_art_057_m-e3AFsfOs0.jpg,false,,art,0.005834238603711128
real_art_art_033_cpAKc-G6lPg.jpg,false,,art,4.937332960253116e-06
real_art_art_159_U0_hlwXFLn0.jpg,false,,art,6.691918770229677e-06
real_art_art_051_PHdLDymaV90.jpg,false,,art,8.804607318779745e-07
real_art_art_170_Vbbz9pZmn5o.jpg,false,,art,0.00012748973676934838
real_art_art_046_DQZl8fxpSp8.jpg,false,,art,2.8459366149036214e-05
real_art_art_118_BsAzhHIIwxg.jpg,false,,art,0.0010280718561261892
real_art_art_117_5MteLUU9FGI.jpg,false,,art,0.0001955926272785291
real_art_art_66_still_life_oil_painting_with_fruit.jpg,false,,art,0.0006530333776026964
real_art_art_121_iKPxCjUU_bg.jpg,false,,art,0.00034703928395174444
real_art_art_157_8ezfg5oYHNY.jpg,false,,art,1.233783314091852e-05
real_art_art_081_w5bYMd9leus.jpg,false,,art,8.355673344340175e-05
real_art_art_062_dP9U-tIfU3M.jpg,false,,art,0.0007888911059126258
real_art_art_032_puf8VwPLAug.jpg,false,,art,0.0021254848688840866
real_art_art_119_iplwfXCe8a4.jpg,false,,art,1.3652434972755145e-05
real_art_art_142_svOht0lwbyk.jpg,false,,art,0.00016727349429856986
real_art_art_068_J7w12ShptC0.jpg,false,,art,4.330910087446682e-06
real_art_art_147_oZKmdQlIVds.jpg,false,,art,0.5819880366325378
real_art_art_145_E_JDMtW_l0Y.jpg,false,,art,0.001353187020868063
real_art_art_52_watercolor_painting_supplies_on_table.jpg,false,,art,4.867998359259218e-05
real_art_art_144_8XIAf776Fqg.jpg,false,,art,4.532342427410185e-05
real_art_art_126_wpw8sHoBtSY.jpg,false,,art,0.10893476754426956
real_art_art_066_OnAwhivaqrU.jpg,false,,art,7.527339766966179e-05
real_art_art_124_VHX-eIns4Wo.jpg,false,,art,4.680186975747347e-05
real_art_art_158_I0QTg9ctFDY.jpg,false,,art,0.01717778667807579
real_art_art_128_XzG9XYwxgXc.jpg,false,,art,0.00011188189819222316
real_art_art_62_impressionist_landscape_painting_in_ornate_frame.jpg,false,,art,2.0152378056081943e-05
real_art_art_047_OfTVSQTuQ5Y.jpg,false,,art,1.5187434655672405e-05
real_art_art_098_sKHf8VwwFdo.jpg,false,,art,5.573872385866707e-06
real_art_art_130_D1IS5s5O9xo.jpg,false,,art,0.0001424939400749281
real_art_art_129_0RTmv1Kx9Qk.jpg,false,,art,0.00022823386825621128
real_art_art_136_rGu8w3QP48o.jpg,false,,art,1.3728053090744652e-05
real_art_art_060_BXkYKWKL7TA.jpg,false,,art,2.9008369892835617e-06
real_art_art_123__yrdstGC_rg.jpg,false,,art,1.8800290490617044e-05
real_art_art_64_colorful_mural_on_building_exterior.jpg,false,,art,0.008308596909046173
real_art_art_071_n00dm9FBwrs.jpg,false,,art,0.01922701485455036
real_art_art_064_1cVQMljvsnw.jpg,false,,art,9.539435268379748e-05
real_art_art_107_7xemAmqHhLc.jpg,false,,art,2.4166685761883855e-05
real_art_art_091_IF9x9SGOh1w.jpg,false,,art,0.0003191101422999054
real_art_art_058_TOcmDVAo2jo.jpg,false,,art,1.629145299375523e-05
real_art_art_150_1CcjT68gMRM.jpg,false,,art,0.00010147315333597362
real_art_art_100_9pU5knbOtgY.jpg,false,,art,7.215296136564575e-06
real_art_art_083_jBV3_PRk1-U.jpg,false,,art,0.046791430562734604
real_art_art_035_S0c_wsCmlXE.jpg,false,,art,0.00048478186363354325
real_art_art_122_nnIzqn6B6fA.jpg,false,,art,0.00019082718063145876
real_art_art_099_3kIPqGmmgwI.jpg,false,,art,0.00017382734222337604
real_art_art_141_vsYrMcvb5nQ.jpg,false,,art,1.9433946363278665e-05
real_art_art_70_art_gallery_interior_with_paintings_on_walls.jpg,false,,art,0.0009389356127940118
real_art_art_048__j6wbAlQ1ow.jpg,false,,art,0.0002970474015455693
real_art_art_079_93aN5XCAlJs.jpg,false,,art,8.753204019740224e-05
real_art_art_135_lvqcncxBYqw.jpg,false,,art,3.010266664205119e-05
real_art_art_111_DVauUHIJby0.jpg,false,,art,0.0009445218020118773
real_art_art_161_StV72L0DH4A.jpg,false,,art,0.00016201195830944926
real_art_art_087_U3NtClWLRd4.jpg,false,,art,2.9927514333394356e-07
real_art_art_055_e-XPbBr0NhU.jpg,false,,art,0.00010665623267414048
real_art_art_043_e6xd2HXuy0A.jpg,false,,art,9.995897016779054e-07
real_art_art_109_GY_YJtmwPas.jpg,false,,art,0.0004644091532099992
real_art_art_61_charcoal_drawing_on_paper.jpg,false,,art,0.00445743091404438
real_art_art_137_70l86REbjmk.jpg,false,,art,0.006775258108973503
real_art_art_154_kBzQNk9AgOg.jpg,false,,art,0.0020762633066624403
real_art_art_037_cuddQwqncLc.jpg,false,,art,0.28286850452423096
real_art_art_74_gallery_wall_with_multiple_framed_artworks.jpg,false,,art,0.9983636736869812
real_art_art_116_tEbRUeGJDfw.jpg,false,,art,0.006349749397486448
real_art_art_125_ajAj3-55G2A.jpg,false,,art,6.475126497207384e-07
real_art_art_67_acrylic_pour_painting_abstract.jpg,false,,art,2.1713356090913294e-06
real_art_art_51_modern_art_gallery_with_paintings_on_white_walls.jpg,false,,art,0.0009389356127940118
real_art_art_049_ZW8dIPP4S4U.jpg,false,,art,2.0048451006005052e-06
real_art_art_139_DD1fSz2HF1s.jpg,false,,art,2.3292108380701393e-05
real_art_art_50_abstract_colorful_painting_on_canvas.jpg,false,,art,0.0001871150016086176
real_art_art_165_yN5c71nvg6g.jpg,false,,art,8.910671567718964e-06
real_art_art_153_rleYWWVY4Pc.jpg,false,,art,9.020749712362885e-05
real_art_art_134_tClS6SPq8Zo.jpg,false,,art,2.1013740933994995e-06
real_art_art_090_yCWQevKzkkM.jpg,false,,art,0.0020077109802514315
real_art_art_101_YJCRjsg1LQw.jpg,false,,art,0.037561796605587006
real_art_art_042_eN6FkYAetF8.jpg,false,,art,0.08239353448152542
real_art_art_059_yjiZAbTDkik.jpg,false,,art,1.4001957424625289e-06
real_art_art_54_oil_painting_of_flowers_in_vase.jpg,false,,art,0.0011587853077799082
real_art_art_089_IMZ3bM611eA.jpg,false,,art,4.652452389564132e-06
real_art_art_146_n1mVt4pyFow.jpg,false,,art,2.596087142592296e-05
real_art_art_169_Uo5MWyegjog.jpg,false,,art,0.00018526123312767595
real_art_art_073_n3VWZXx5n9I.jpg,false,,art,0.0006364768487401307
real_art_art_076_I7BDP_5WPqE.jpg,false,,art,2.212870640505571e-05
real_art_art_53_colorful_abstract_oil_painting_closeup.jpg,false,,art,1.3427605153992772e-05
real_art_art_080_nNqBDh_l3oE.jpg,false,,art,1.4572858617611928e-06
real_art_art_061_XuHkodhmiyk.jpg,false,,art,0.00040280152461491525
real_art_art_60_colorful_paint_brushstrokes_close_up_texture.jpg,false,,art,1.3427605153992772e-05
real_art_art_71_renaissance_painting_in_gilded_frame.jpg,false,,art,0.0001013082146528177
real_art_art_69_mixed_media_collage_artwork.jpg,false,,art,0.00010049268894363195
real_art_art_168_u7zd4x6-dx8.jpg,false,,art,2.101319478242658e-05
real_art_art_095_9_vYkYnWn2w.jpg,false,,art,7.196113438112661e-05
real_art_art_138_007R8JewpwU.jpg,false,,art,0.00016277194663416594
real_art_art_069_ziIJiGSkfR4.jpg,false,,art,4.5361134652921464e-06
real_art_art_63_sculpture_in_art_museum_with_natural_light.jpg,false,,art,0.0009381160489283502
real_art_art_106_cqKG2s6WP6s.jpg,false,,art,3.718552079590154e-06
real_art_art_59_classical_oil_portrait_painting_in_museum.jpg,false,,art,0.00025512362481094897
real_art_art_039_izfOdN-3zw0.jpg,false,,art,5.2263617362768855e-06
real_art_art_57_graffiti_street_art_on_brick_wall.jpg,false,,art,0.00023322411288972944
real_art_art_084_JPFWudeuc54.jpg,false,,art,0.013900334015488625
real_art_art_133_h1jyIBttST0.jpg,false,,art,7.532549716415815e-06
real_art_art_038_UwKXPb7N9UY.jpg,false,,art,5.417825832410017e-06
real_art_art_054_Erf1Kz7ZE5Y.jpg,false,,art,0.0001375222491333261
real_art_art_078_RYtFleIk_4U.jpg,false,,art,9.34199670155067e-06
real_art_art_75_oil_painting_landscape_with_trees.jpg,false,,art,7.73720967117697e-06
real_art_art_041_4POG9GQo7Aw.jpg,false,,art,1.2915327715745661e-05
real_art_art_162_jrDzerLmfW0.jpg,false,,art,1.3323391385711147e-06
real_art_art_167_Jpjj_v1-5OM.jpg,false,,art,9.182700887322426e-05
real_art_art_102_rXtXA42Lgzs.jpg,false,,art,0.00033308661659248173
real_art_art_140_Rq74Wkhffok.jpg,false,,art,3.530682442942634e-05
real_art_art_086_OTP0nlljatI.jpg,false,,art,0.00012556779256556183
real_art_art_036_KQBsTXCvGwM.jpg,false,,art,0.005144843365997076
real_art_art_76_handwritten_calligraphy_on_white_paper.jpg,false,,art,0.0004293410456739366
real_art_art_072_F2olcCyRQBw.jpg,false,,art,0.00011474249185994267
real_art_art_067_LOvJ2ECcUJY.jpg,false,,art,0.00014009552251081914
real_art_art_052_OpqAtrUNJeI.jpg,false,,art,0.00031763684819452465
real_art_art_044_hptNUC-iitA.jpg,false,,art,8.574715138820466e-06
real_art_art_151_tuU1puvTmWw.jpg,false,,art,9.837227844400331e-05
real_art_art_103_cLRvJPVw69U.jpg,false,,art,0.00018104483024217188
real_art_art_065_akbHiqZy4Pg.jpg,false,,art,5.039439201937057e-06
real_art_art_148_-bA6TkrToiY.jpg,false,,art,0.01749568246304989
real_art_art_77_street_art_portrait_on_concrete_wall.jpg,false,,art,0.3041808307170868
real_art_art_131_bPqJ9ssfjqs.jpg,false,,art,1.4300265320343897e-05
real_art_art_55_art_museum_gallery_room_with_framed_paintings.jpg,false,,art,0.00011014417395927012
real_art_art_110_hY3KGFVG-i0.jpg,false,,art,0.0014406041009351611
real_art_art_156_u2RlwQc1qiQ.jpg,false,,art,0.2740650475025177
real_art_art_075_ff0HoIx3PzU.jpg,false,,art,0.013011546805500984
real_art_art_143_TzAydhJ4QzE.jpg,false,,art,2.6968268684868235e-06
real_art_art_077_IExOV9fFQBM.jpg,false,,art,0.0011784294620156288
real_art_art_155_KWpm9MmEo2s.jpg,false,,art,0.006394929252564907
real_art_art_063_heeEKtHAYEg.jpg,false,,art,5.920713010709733e-05
real_art_art_115_iMdsjoiftZo.jpg,false,,art,0.24664753675460815
real_portrait_portrait_76_a_group_of_people_standing_around_a_white_cake.jpg,false,,portrait,0.8152474164962769
real_portrait_portrait_55_a_woman_holding_a_smart_phone_next_to_a_group_of_people.jpg,false,,portrait,1.359110910925665e-06
real_portrait_portrait_118_iJGhIMWKz7w.jpg,false,,portrait,0.00010768841457320377
real_portrait_portrait_094_7A5eK3q9qUA.jpg,false,,portrait,3.7387719203252345e-05
real_portrait_portrait_62_a_group_of_men_standing_and_sitting_next_to_each_other.jpg,false,,portrait,0.00012561125913634896
real_portrait_portrait_51_a_woman_is_helping_a_child_put_on_skis.jpg,false,,portrait,0.02674979157745838
real_portrait_portrait_065_6lWqkLIh5L8.jpg,false,,portrait,7.864647341193631e-05
real_portrait_portrait_039_ZW3dnRiZD9U.jpg,false,,portrait,2.949106965388637e-05
real_portrait_portrait_135_BZzHWmQUszE.jpg,false,,portrait,2.0480460989347193e-06
real_portrait_portrait_83_a_tennis_player_who_has_just_made_a_shot.jpg,false,,portrait,5.640198651235551e-06
real_portrait_portrait_57_a_young_man_and_woman_holding_their_heads_close_to_each_othe.jpg,false,,portrait,6.15606622886844e-05
real_portrait_portrait_67_there_are_many_bike_riders_racing_in_a_street_race.jpg,false,,portrait,9.146771844825707e-06
real_portrait_portrait_058_dWiK1hrTl14.jpg,false,,portrait,1.3762534081251943e-06
real_portrait_portrait_086_kpR9Mwgkj8c.jpg,false,,portrait,6.026686605764553e-06
real_portrait_portrait_075_VQRm94PV_20.jpg,false,,portrait,4.343672844697721e-05
real_portrait_portrait_151_LlHgaeBwYVE.jpg,false,,portrait,9.190839773509651e-05
real_portrait_portrait_077_IIWiU1QXmWY.jpg,false,,portrait,2.160853910027072e-06
real_portrait_portrait_100_2FM9g-vAkJg.jpg,false,,portrait,6.089109956519678e-05
real_portrait_portrait_098_wX7NeTEXq_w.jpg,false,,portrait,0.00038931964081712067
real_portrait_portrait_071__lP2UOoZJKk.jpg,false,,portrait,0.0020232382230460644
real_portrait_portrait_81_two_men_next_to_each_other_holding_wine_glasses.jpg,false,,portrait,1.248934893283149e-07
real_portrait_portrait_114_VcWRNg2ju7Y.jpg,false,,portrait,5.7069878494075965e-06
real_portrait_portrait_65_three_women_sitting_on_a_train_seat_on_cellphones.jpg,false,,portrait,6.896050308569102e-06
real_portrait_portrait_054_cFgCc3PM-A0.jpg,false,,portrait,5.6742524066066835e-06
real_portrait_portrait_067_ua9Im1zPoGM.jpg,false,,portrait,0.004209291189908981
real_portrait_portrait_63_a_man_sitting_at_a_table_eating_food_from_a_plate.jpg,false,,portrait,0.004840130917727947
real_portrait_portrait_119_lAAmMH2c2gU.jpg,false,,portrait,3.274374103057198e-05
real_portrait_portrait_72_a_man_swinging_a_tennis_racket_at_a_tennis_ball.jpg,false,,portrait,1.6229359971475787e-06
real_portrait_portrait_77_three_men_smiling_holding_a_wii_controller_in_their_hands.jpg,false,,portrait,0.49653902649879456
real_portrait_portrait_70_two_sets_of_hands_are_each_holding_a_cell_phone_while_anothe.jpg,false,,portrait,1.5987616279744543e-05
real_portrait_portrait_168_ht1JkZ7tYmY.jpg,false,,portrait,1.8540816881795763e-06
real_portrait_portrait_58_woman_listening_on_her_phone_while_smoking_a_cigarette.jpg,false,,portrait,0.0001532150199636817
real_portrait_portrait_137_O5BSKKHYiEU.jpg,false,,portrait,2.358302253924194e-06
real_portrait_portrait_59_a_woman_taking_a_selfie_with_a_mobile_phone.jpg,false,,portrait,6.001296696922509e-06
real_portrait_portrait_060_wyCDQSzN8XE.jpg,false,,portrait,2.4536924684070982e-05
real_portrait_portrait_081_2EmLMaTshko.jpg,false,,portrait,4.376903234515339e-06
real_portrait_portrait_059_pFbJuxSwuhI.jpg,false,,portrait,1.3715333807340357e-05
real_portrait_portrait_048_8sbwihARadA.jpg,false,,portrait,0.0006603168440051377
real_portrait_portrait_167_guDkXldTxy8.jpg,false,,portrait,0.99505215883255
real_portrait_portrait_095_E38Gb_nVPck.jpg,false,,portrait,1.0427126653667074e-05
real_portrait_portrait_043_aDvDvH428RQ.jpg,false,,portrait,4.671491842600517e-05
real_portrait_portrait_133_iiQ-mmG2NxI.jpg,false,,portrait,1.0187498446612153e-05
real_portrait_portrait_128_nE6EPBrM-EA.jpg,false,,portrait,8.179630094673485e-05
real_portrait_portrait_050_eoAubhPm6H8.jpg,false,,portrait,4.892859578831121e-06
real_portrait_portrait_134_UY52j2uUvdU.jpg,false,,portrait,7.939340321172494e-06
real_portrait_portrait_104_eq9FtP7XwJI.jpg,false,,portrait,0.0006018929998390377
real_portrait_portrait_092_uTad53fcxss.jpg,false,,portrait,0.0028002397157251835
real_portrait_portrait_062_ILz31HBGEak.jpg,false,,portrait,0.0026005099061876535
real_portrait_portrait_085_qV16cq3T420.jpg,false,,portrait,8.025667739275377e-06
real_portrait_portrait_170_cQPUosG9dQE.jpg,false,,portrait,0.027296364307403564
real_portrait_portrait_147_RYNTlcn0e3k.jpg,false,,portrait,9.025746294355486e-06
real_portrait_portrait_103_TsvawNBQ7k0.jpg,false,,portrait,1.7714593923301436e-05
real_portrait_portrait_047_kN_F83xqdiM.jpg,false,,portrait,0.09295569360256195
real_portrait_portrait_105_Knvzw8_L_80.jpg,false,,portrait,5.081051767774625e-06
real_portrait_portrait_101_WXp2BT0AgnE.jpg,false,,portrait,1.1843474112538388e-06
real_portrait_portrait_153_k_NkqIaRhro.jpg,false,,portrait,1.578269620949868e-05
real_portrait_portrait_71_a_woman_brushes_her_teeth_with_foamy_toothpaste.jpg,false,,portrait,1.4898914741934277e-05
real_portrait_portrait_142_mJaDIZr6eMY.jpg,false,,portrait,0.00035232724621891975
real_portrait_portrait_083_LN8t4ZAGZFQ.jpg,false,,portrait,0.0028903065249323845
real_portrait_portrait_115_82NWNb5AGWc.jpg,false,,portrait,2.255008212159737e-06
real_portrait_portrait_64_a_woman_smiles_from_behind_the_book_she_has_been_reading.jpg,false,,portrait,1.6197074614865414e-07
real_portrait_portrait_102_QGMWr63tKoo.jpg,false,,portrait,8.52054017741466e-06
real_portrait_portrait_037_M34IAftLLsY.jpg,false,,portrait,2.1077719793538563e-05
real_portrait_portrait_79_a_copse_of_men_sitting_next_to_each_other_at_a_table.jpg,false,,portrait,4.3148381223545584e-07
real_portrait_portrait_068_g_eJl04NKEY.jpg,false,,portrait,2.2329159037326463e-05
real_portrait_portrait_53_two_men_wearing_suits_and_hats_are_walking_together.jpg,false,,portrait,2.7791129468823783e-06
real_portrait_portrait_055_ycF8akmJ_RU.jpg,false,,portrait,0.569928765296936
real_portrait_portrait_129_jqsprpPrn9w.jpg,false,,portrait,3.103036942775361e-05
real_portrait_portrait_138_NOcaza8sIBg.jpg,false,,portrait,0.14673088490962982
real_portrait_portrait_78_a_woman_holding_a_plate_of_cake_covered_in_frosting.jpg,false,,portrait,2.4525439584976994e-05
real_portrait_portrait_130_4wIY3oykWMo.jpg,false,,portrait,0.00016217502707149833
real_portrait_portrait_099_dKH-4ml-5I4.jpg,false,,portrait,2.779452415779815e-06
real_portrait_portrait_093_8gRw4V0_XJA.jpg,false,,portrait,4.8488040192751214e-05
real_portrait_portrait_109_IOkL3ZqAapM.jpg,false,,portrait,0.000721683376468718
real_portrait_portrait_74_a_person_helping_a_woman_put_on_a_tie.jpg,false,,portrait,1.877257886917505e-06
real_portrait_portrait_121_hQBQ1ATvH10.jpg,false,,portrait,1.7332185962004587e-06
real_portrait_portrait_076_6fc0hcXapYU.jpg,false,,portrait,0.08692675828933716
real_portrait_portrait_155_3kWZ-gVZAG0.jpg,false,,portrait,1.2889536264992785e-05
real_portrait_portrait_140_83BjY5qcPKg.jpg,false,,portrait,3.90875902667176e-06
real_portrait_portrait_087_gENx9JQeQWs.jpg,false,,portrait,2.8137284971307963e-05
real_portrait_portrait_084_7BDP97v-tT8.jpg,false,,portrait,4.378933226689696e-05
real_portrait_portrait_040_kl22CsySpcw.jpg,false,,portrait,0.0002447997685521841
real_portrait_portrait_161_Tay3IMQpKHA.jpg,false,,portrait,2.645053064043168e-05
real_portrait_portrait_045_3F6Jo667E4w.jpg,false,,portrait,0.006262318696826696
real_portrait_portrait_116_L4CAMVlnRlg.jpg,false,,portrait,9.861835860647261e-05
real_portrait_portrait_072_VlOrWGCFl_w.jpg,false,,portrait,3.3784112929424737e-06
real_portrait_portrait_044_NljdMbT3s30.jpg,false,,portrait,0.011228173971176147
real_portrait_portrait_122_LpIy3YxbDA4.jpg,false,,portrait,0.00010555108019616455
real_portrait_portrait_156_HC2t702jdGo.jpg,false,,portrait,2.701043376873713e-05
real_portrait_portrait_69_a_crowd_of_people_standing_around_each_other.jpg,false,,portrait,2.3127253371058032e-05
real_portrait_portrait_73_a_baseball_player_talks_with_an_umpire.jpg,false,,portrait,4.545370757114142e-05
real_portrait_portrait_096_Rur5fFIrWNY.jpg,false,,portrait,4.488418562687002e-05
real_portrait_portrait_61_a_clown_talking_on_a_phone_next_to_a_building.jpg,false,,portrait,1.5561251984763658e-06
real_portrait_portrait_090_UNJ3hCbuHXA.jpg,false,,portrait,2.62966381114893e-07
real_portrait_portrait_148_ofgYwK8j_cQ.jpg,false,,portrait,0.00020056749053765088
real_portrait_portrait_113_J_I5FfqShJw.jpg,false,,portrait,0.000582089414820075
real_portrait_portrait_152_P7ASbD-vHW8.jpg,false,,portrait,1.1351162356731948e-05
real_portrait_portrait_56_a_woman_holding_her_cell_phone_tucked_in_a_wool_cover.jpg,false,,portrait,1.2075130371158593e-06
real_portrait_portrait_107_W80TTxhRRU4.jpg,false,,portrait,4.995457857148722e-05
real_portrait_portrait_073_yAsJE9nFiFw.jpg,false,,portrait,1.7453836562708602e-06
real_portrait_portrait_091_xX9r2xULy7s.jpg,false,,portrait,8.30426361062564e-05
real_portrait_portrait_082_QwsCqHTim98.jpg,false,,portrait,4.10560387535952e-05
real_portrait_portrait_132_shb8l1o-0Zk.jpg,false,,portrait,0.3453601598739624
real_portrait_portrait_078_cT4-8tBBJDA.jpg,false,,portrait,1.0764652870420832e-05
real_portrait_portrait_160_PEgf72cgr-w.jpg,false,,portrait,8.569564670324326e-06
real_portrait_portrait_038_62Ims7pw_X8.jpg,false,,portrait,9.237739504897036e-06
real_portrait_portrait_75_a_man_wearing_a_suit_and_tie_and_red_hat_with_a_silver_buckl.jpg,false,,portrait,1.1644829100987408e-05
real_portrait_portrait_051_63KDwZUZQw8.jpg,false,,portrait,6.6186503318022005e-06
real_portrait_portrait_82_a_man_wearing_a_tie_jacket_and_white_shirt.jpg,false,,portrait,0.025036126375198364
real_portrait_portrait_52_three_students_check_their_cell_phones_in_a_classroom.jpg,false,,portrait,2.467899093971937e-06
real_portrait_portrait_063_Qm4yrKLiawY.jpg,false,,portrait,0.6300813555717468
real_portrait_portrait_84_three_young_men_playing_wii_on_a_projection_television.jpg,false,,portrait,3.6216802982380614e-05
real_portrait_portrait_159_o47Lif2bfqI.jpg,false,,portrait,0.00015057099517434835
real_portrait_portrait_041_vCZFKRZes_0.jpg,false,,portrait,0.0002551577053964138
real_portrait_portrait_064_KrLXXQSojYs.jpg,false,,portrait,7.044553058221936e-05
real_portrait_portrait_112_OxPuMO3zQ9s.jpg,false,,portrait,3.095624197158031e-05
real_portrait_portrait_145_DQ9dW9v65Fc.jpg,false,,portrait,0.0005303836078383029
real_portrait_portrait_117_4XrEyN5sXhA.jpg,false,,portrait,1.2450051372070448e-06
real_portrait_portrait_070_kNZd7qT8ASY.jpg,false,,portrait,1.6833229892654344e-05
real_portrait_portrait_146_I03ZQjTt4WI.jpg,false,,portrait,2.418845951979165e-06
real_portrait_portrait_163_6qRpAg4pPEU.jpg,false,,portrait,0.0014397111954167485
real_portrait_portrait_80_two_men_smiling_and_taking_a_picture_together.jpg,false,,portrait,1.914598215080332e-05
real_portrait_portrait_150_itdkHUjTuIY.jpg,false,,portrait,0.0005535447271540761
real_portrait_portrait_046_k1QqUSvRObc.jpg,false,,portrait,1.0648768693499733e-06
real_portrait_portrait_056_JxbqicKm-ko.jpg,false,,portrait,2.476481495250482e-05
real_portrait_portrait_042_2xf2beBy7Wo.jpg,false,,portrait,0.8180435299873352
real_portrait_portrait_126_jxltRrbjtdI.jpg,false,,portrait,3.283535988884978e-05
real_portrait_portrait_061_IppB3SB9f6s.jpg,false,,portrait,8.330654281962779e-07
real_portrait_portrait_68_a_photo_of_a_young_male_in_a_suit_jacket_and_tie.jpg,false,,portrait,0.0007881228229962289
real_portrait_portrait_124_Hd2T6EzW_2Q.jpg,false,,portrait,1.2004633390461095e-05
real_portrait_portrait_50_a_man_wearing_a_top_hat_and_a_red_tie.jpg,false,,portrait,7.193968940555351e-06
real_portrait_portrait_057_ZbvHaiUwVfo.jpg,false,,portrait,5.136647814651951e-06
real_portrait_portrait_079_fGfUJnZD3Mw.jpg,false,,portrait,0.0006156056770123541
real_portrait_portrait_127_ZhJsD9T_20Q.jpg,false,,portrait,1.3014234809816116e-06
real_portrait_portrait_136_SwcnAmIRZYc.jpg,false,,portrait,7.741535227978602e-06
real_portrait_portrait_110_9iAIfjrSFYw.jpg,false,,portrait,5.323671302903676e-06
real_portrait_portrait_139_5Uvy1WMaUHw.jpg,false,,portrait,5.1307624744367786e-06
real_portrait_portrait_097_JibO_kC6vh4.jpg,false,,portrait,1.0867273886105977e-05
real_portrait_portrait_157_jG4xhAmz-uQ.jpg,false,,portrait,0.0002690116816665977
real_portrait_portrait_141_l7PnmcqTj5Q.jpg,false,,portrait,0.0005704538198187947
real_portrait_portrait_125_Oz7_usBqwuY.jpg,false,,portrait,0.0003382205031812191
real_portrait_portrait_143_peP3zrquunA.jpg,false,,portrait,0.000595034915022552
real_portrait_portrait_165_rEKKAV83i-8.jpg,false,,portrait,3.2663099318597233e-06
real_portrait_portrait_069_Q7p9V_xHe08.jpg,false,,portrait,0.015784887596964836
real_portrait_portrait_144_WUhpW32kBek.jpg,false,,portrait,2.512765831852448e-06
real_portrait_portrait_089_dgGWnapezLs.jpg,false,,portrait,9.579270408721641e-05
real_portrait_portrait_074_P_pjzMeIbj8.jpg,false,,portrait,2.1118905351613648e-05
real_portrait_portrait_036_IHJtKBe9xNs.jpg,false,,portrait,0.0011260652681812644
real_portrait_portrait_049_-lb-Wob1TeQ.jpg,false,,portrait,3.142654122711974e-06
real_portrait_portrait_66_a_woman_holding_a_child_wrapped_in_a_towel_brushing_her_teet.jpg,false,,portrait,1.6017672805901384e-06
real_portrait_portrait_54_the_young_boy_just_finished_eating_the_banana.jpg,false,,portrait,0.026662403717637062
real_portrait_portrait_60_there_are_people_playing_a_soccer_game_on_the_field.jpg,false,,portrait,1.4098285646468867e-05
real_portrait_portrait_166_w-pEeDGN1w0.jpg,false,,portrait,3.5232016671216115e-05
real_portrait_portrait_123_o1iV6Di2FX0.jpg,false,,portrait,1.0526820915401913e-05
real_portrait_portrait_162_1kJy_HK3eGI.jpg,false,,portrait,9.308199514634907e-05
real_portrait_portrait_108_xz-qq9KNgwk.jpg,false,,portrait,0.0003403884475119412
real_portrait_portrait_149_qj1vIzXOtYo.jpg,false,,portrait,7.792511496518273e-06
real_portrait_portrait_164_qk6CnpKNmVw.jpg,false,,portrait,2.1227293473202735e-05
real_portrait_portrait_131_rcXU8Tezb_k.jpg,false,,portrait,2.267083573315176e-06
real_portrait_portrait_053_oKA8kDSZpCc.jpg,false,,portrait,4.8021183829405345e-06
real_portrait_portrait_066_bSNJ6R5Qrt4.jpg,false,,portrait,7.740416913293302e-05
real_portrait_portrait_120_WSxluGgdlFQ.jpg,false,,portrait,5.936767138337018e-06
real_portrait_portrait_169_-7JAEi4PhTU.jpg,false,,portrait,0.0013047390384599566
real_portrait_portrait_158_8kDx62gZRzk.jpg,false,,portrait,5.364217940950766e-06
real_portrait_portrait_052_FvrjfNKpITc.jpg,false,,portrait,1.2646785307879327e-06
real_portrait_portrait_088_iMYRUK-oadw.jpg,false,,portrait,0.0002336723991902545
real_portrait_portrait_154_fXik2Do-bB4.jpg,false,,portrait,1.2700395927822683e-05
real_portrait_portrait_080_uOnxXwB3KNE.jpg,false,,portrait,2.0251982277841307e-05
real_portrait_portrait_106_ZzNLsAPymuI.jpg,false,,portrait,8.5412857515621e-06
real_portrait_portrait_111_tEQV_wnx3U8.jpg,false,,portrait,2.6977557354257442e-05
real_product_product_161_paw_7bdZ8Xg.jpg,false,,product,0.01666107214987278
real_product_product_118_0ON2rLuvo5c.jpg,false,,product,8.315380910062231e-06
real_product_product_035_s9TJ2ncyLcQ.jpg,false,,product,0.00015127239748835564
real_product_product_162_iCW61HY_vjg.jpg,false,,product,1.0181875040871091e-05
real_product_product_039_AaRflAurGmg.jpg,false,,product,5.185253394301981e-05
real_product_product_140_xRyL63AwZFE.jpg,false,,product,2.4407283490290865e-05
real_product_product_067_IWOOT4ChLjM.jpg,false,,product,2.0070654500159435e-05
real_product_product_066_-jXsYZeA7tQ.jpg,false,,product,8.4682869783137e-05
real_product_product_70_a_young_woman_sitting_cross_legged_on_an_apartment_sofa.jpg,false,,product,2.704218331928132e-06
real_product_product_115_a0dGKKDQUQ8.jpg,false,,product,0.2750581204891205
real_product_product_130_BDFWZ3fLxrg.jpg,false,,product,0.0002796736953314394
real_product_product_094_oZzoDW61aoM.jpg,false,,product,0.020560279488563538
real_product_product_077_oyr64kMIz98.jpg,false,,product,9.222155495081097e-05
real_product_product_50_a_living_room_filled_with_furniture_and_decor.jpg,false,,product,6.89486682858842e-07
real_product_product_168_qsYM_gFgliw.jpg,false,,product,1.0632390967657557e-06
real_product_product_125_Re8T5DwoMic.jpg,false,,product,1.3942667465016712e-05
real_product_product_166_P_fMqU34A3I.jpg,false,,product,2.1332090909709223e-05
real_product_product_046_G59UIKfHz6o.jpg,false,,product,0.9128713011741638
real_product_product_139_5JuLcub3dYg.jpg,false,,product,0.00010836540604941547
real_product_product_058_fX8leXj8Q4o.jpg,false,,product,5.186420457903296e-05
real_product_product_087__vAuxGCAfjQ.jpg,false,,product,7.602036475873319e-07
real_product_product_078_1UFTd1eRamE.jpg,false,,product,7.479846431124315e-07
real_product_product_80_kitchen_area_with_counter_top_space_and_dining_room_table.jpg,false,,product,1.2962743767275242e-06
real_product_product_81_a_pizza_sitting_on_top_of_a_plate_next_to_a_foil_bag_of_food.jpg,false,,product,2.4316076974173484e-07
real_product_product_60_three_laptop_computers_and_a_desktop_computer_sit_next_to_ea.jpg,false,,product,7.051954185044451e-07
real_product_product_042_NydHbLFLoS8.jpg,false,,product,0.00021125495550222695
real_product_product_050_udHDq62Dgpc.jpg,false,,product,8.390197035623714e-05
real_product_product_145_F7FhTijeOG8.jpg,false,,product,0.0003524207859300077
real_product_product_137_OmfMncXSshw.jpg,false,,product,0.00019836398132611066
real_product_product_041_iW1l64BMMR0.jpg,false,,product,1.0630783435772173e-05
real_product_product_103_i4Tv0A_n4EQ.jpg,false,,product,0.00043525159708224237
real_product_product_073_m3MWJTeKGBg.jpg,false,,product,0.021895408630371094
real_product_product_036_ww2S2eKgbKE.jpg,false,,product,0.4927915930747986
real_product_product_111_utu66oQU6vI.jpg,false,,product,2.5201446987921372e-05
real_product_product_68_a_woman_holding_a_cigarette_smiling_at_the_camera_on_a_sunny.jpg,false,,product,4.7276014925046184e-07
real_product_product_045_00y8k1-0DlA.jpg,false,,product,0.0005485806614160538
real_product_product_63_a_picture_of_a_cluttered_home_office_desk.jpg,false,,product,6.232468763300858e-07
real_product_product_54_young_children_sharing_a_laptop_in_a_messy_room_with_several.jpg,false,,product,1.8328974249470775e-07
real_product_product_079_8LotN6HsaT4.jpg,false,,product,0.8240618705749512
real_product_product_095_UaaqY7j09B8.jpg,false,,product,3.1472789032704895e-06
real_product_product_71_the_child_smiles_brightly_while_being_handed_a_pink_umbrella.jpg,false,,product,4.932993306283606e-06
real_product_product_101_G6ntxf-QoSI.jpg,false,,product,0.001774110016413033
real_product_product_66_a_woman_holding_up_a_large_carrot_in_a_backyard.jpg,false,,product,6.068326456443174e-06
real_product_product_099_s_IHISlORGo.jpg,false,,product,3.044048526135157e-06
real_product_product_069_3dVjKoVYgD0.jpg,false,,product,8.744110527914017e-05
real_product_product_061_nRVn-_k1uMI.jpg,false,,product,3.945052594644949e-05
real_product_product_64_a_cat_lying_down_in_a_sink_in_a_bathroom.jpg,false,,product,6.789881012991827e-07
real_product_product_049_9ouht2FSTDU.jpg,false,,product,0.48206624388694763
real_product_product_104_CoNkFbYZzBI.jpg,false,,product,2.0864013094978873e-06
real_product_product_144_TE4vKu9w5lI.jpg,false,,product,1.9791366412391653e-06
real_product_product_076_MhPJdWYWbWI.jpg,false,,product,0.00011708011152222753
real_product_product_77_a_motorized_cart_fills_a_train_with_luggage.jpg,false,,product,8.051839358813595e-06
real_product_product_106_kF8pH4lMkyc.jpg,false,,product,0.003502513049170375
real_product_product_068_fUd_0iyYFVg.jpg,false,,product,1.2987011359655298e-05
real_product_product_73_a_laptop_in_a_bright_yellow_coffee_house.jpg,false,,product,0.008062555454671383
real_product_product_127_EIH4dHgb6Tg.jpg,false,,product,0.009281481616199017
real_product_product_149_KBqiQ6coMcI.jpg,false,,product,3.4137910915887915e-06
real_product_product_72_a_group_of_people_are_reading_a_menu_at_the_table.jpg,false,,product,0.014910691417753696
real_product_product_085_Si69OZ_9tg0.jpg,false,,product,4.190282652416499e-06
real_product_product_083_OAlYImdG1IQ.jpg,false,,product,4.1223167499992996e-05
real_product_product_141_92bRtruSyPU.jpg,false,,product,7.448358701367397e-06
real_product_product_117_vnCxhLnaxS8.jpg,false,,product,0.00010891840793192387
real_product_product_105_skF1azpN4rk.jpg,false,,product,5.761497959611006e-06
real_product_product_072_9rWHrdJfZBw.jpg,false,,product,0.000502441602293402
real_product_product_132_aJm2XW384QA.jpg,false,,product,0.001242745784111321
real_product_product_057_AZiyMfuAum4.jpg,false,,product,6.689417659799801e-06
real_product_product_097_g1MocwsEZhI.jpg,false,,product,5.727390544052469e-06
real_product_product_74_two_computers_sitting_on_top_of_a_desk.jpg,false,,product,0.00021110735542606562
real_product_product_043_B8_YF4fjPwo.jpg,false,,product,3.631495201261714e-05
real_product_product_047_BXlSfmhVEzE.jpg,false,,product,0.000566401518881321
real_product_product_062_4Q4LpNP-UAs.jpg,false,,product,0.0001297532580792904
real_product_product_69_a_desk_with_a_cup_plate_laptop_monitor_and_keyboard.jpg,false,,product,4.2890815166174434e-07
real_product_product_133_5GibcyAX20Q.jpg,false,,product,0.00044437337783165276
real_product_product_170_z14hF-2ssM0.jpg,false,,product,9.339921234641224e-06
real_product_product_120_63EhFafADqI.jpg,false,,product,0.06435611844062805
real_product_product_086_vWR6FDWA5hk.jpg,false,,product,0.0020082031842321157
real_product_product_100_Pledx042HMI.jpg,false,,product,0.7372110486030579
real_product_product_053_AxdlcxaModc.jpg,false,,product,1.8878552509704605e-05
real_product_product_110_9yY6qj6N4Ek.jpg,false,,product,1.530196527710359e-06
real_product_product_138_gR8QukPoAvQ.jpg,false,,product,3.522192855598405e-06
real_product_product_090_xepikEyPgmI.jpg,false,,product,0.00016307675105053931
real_product_product_165_b2_pVdk4lGI.jpg,false,,product,7.11331085767597e-06
real_product_product_136_TH4Ug5gGgD8.jpg,false,,product,1.607070657883014e-06
real_product_product_096_1CQjStL89kQ.jpg,false,,product,0.0010791044915094972
real_product_product_52_a_room_with_a_desktop_computer_and_a_picture_of_a_mummy.jpg,false,,product,3.082429316236812e-07
real_product_product_044_P3BwhD8sa6M.jpg,false,,product,1.4556327187165152e-05
real_product_product_084__pA5RUGRPvg.jpg,false,,product,0.00027664884692057967
real_product_product_153_CjcqO587KRI.jpg,false,,product,4.9878653953783214e-05
real_product_product_071_XYq2hcSmakA.jpg,false,,product,1.6533678717678413e-05
real_product_product_129_bQjEEII7G5E.jpg,false,,product,6.221595185706974e-07
real_product_product_164_pNRLVLA1gNU.jpg,false,,product,0.865543007850647
real_product_product_67_a_floor_filled_with_the_contents_of_a_womans_bag.jpg,false,,product,9.601069450582145e-07
real_product_product_158_Ow4X45p6mIw.jpg,false,,product,0.0005585180479101837
real_product_product_123_T4xh5oV8LuY.jpg,false,,product,7.52034839024418e-06
real_product_product_147_Dx47EsVBnEo.jpg,false,,product,0.0004439885087776929
real_product_product_148_UlNDzqInCXk.jpg,false,,product,0.011316724121570587
real_product_product_064_A_fBQe39A4k.jpg,false,,product,7.799001468811184e-05
real_product_product_169_en-RjVJurms.jpg,false,,product,0.0053107161074876785
real_product_product_088_XLnkWVCPuoU.jpg,false,,product,0.00023156429233495146
real_product_product_61_a_marine_that_is_looking_at_his_cell_phone.jpg,false,,product,3.9027239836286753e-05
real_product_product_109_UuAs_sR4frs.jpg,false,,product,0.4209305942058563
real_product_product_056_ZQm_wg8jxhI.jpg,false,,product,4.663264007831458e-06
real_product_product_052_Lwqv4tEIKOU.jpg,false,,product,1.6974322534224484e-06
real_product_product_093_MzFclBeMwSo.jpg,false,,product,1.7833417587098666e-05
real_product_product_082_gRPFfk_c0HE.jpg,false,,product,0.004687469452619553
real_product_product_055_PMhYnFuj1ls.jpg,false,,product,7.857651326048654e-06
real_product_product_152_eORbhX0F4_4.jpg,false,,product,4.791144419868942e-06
real_product_product_160_iwwMFnt1GTc.jpg,false,,product,0.0020888447761535645
real_product_product_75_a_computer_mouse_is_beside_a_notebook_computer.jpg,false,,product,4.2475173245293263e-07
real_product_product_122_TVWBH7UHQ7Y.jpg,false,,product,0.00021248763368930668
real_product_product_070_LDlC-35X2uU.jpg,false,,product,8.269379577541258e-06
real_product_product_051_MdZFPwlWMYs.jpg,false,,product,3.898153408954386e-06
real_product_product_060_RAmpnn20rmY.jpg,false,,product,7.361899042734876e-05
real_product_product_143_kVuPfz-3HKw.jpg,false,,product,0.0001260663993889466
real_product_product_034_VlgzxZZKQOQ.jpg,false,,product,5.670731115969829e-05
real_product_product_128_wk8ilTaXqw4.jpg,false,,product,0.12359549105167389
real_product_product_82_a_crowd_of_people_with_umbrellas_on_a_street.jpg,false,,product,0.8182803988456726
real_product_product_119_0QP-0DUaCo4.jpg,false,,product,1.0877629392780364e-06
real_product_product_159_AWWUNRA1KFw.jpg,false,,product,0.00860353372991085
real_product_product_57_a_big_fancy_glass_chandelier_hanging_in_a_small_kitchen.jpg,false,,product,4.884208465227857e-05
real_product_product_124_yb3hsmz4utg.jpg,false,,product,4.909977724310011e-05
real_product_product_78_a_woman_with_suitcases_waiting_for_a_train.jpg,false,,product,2.7013186354452046e-07
real_product_product_155_fSoJ_Kj59zs.jpg,false,,product,3.744866626220755e-05
real_product_product_156_qiMmrWdYZfg.jpg,false,,product,4.188313596387161e-06
real_product_product_121_mFFATULxMBU.jpg,false,,product,8.920577784010675e-06
real_product_product_134_n1bbNrNSJH8.jpg,false,,product,0.00042817540816031396
real_product_product_074_y26NHYSTZRk.jpg,false,,product,7.253468538692687e-06
real_product_product_135_YZIdz19jhqs.jpg,false,,product,1.6064071814980707e-06
real_product_product_58_a_beautiful_woman_taking_a_picture_with_her_smart_phone.jpg,false,,product,1.4500549241347471e-06
real_product_product_51_a_group_of_people_walking_across_a_busy_city_street.jpg,false,,product,3.6904625630995724e-06
real_product_product_098_pkfwwofpNUw.jpg,false,,product,0.5929725170135498
real_product_product_081_e6z6DVc_JqQ.jpg,false,,product,0.021803632378578186
real_product_product_76_a_man_in_a_gray_shirt_holds_his_phone_as_he_sits_by_a_man_in.jpg,false,,product,2.055366650210999e-07
real_product_product_037_sxh5dE2bD50.jpg,false,,product,0.00036386019201017916
real_product_product_091_kcy3tHgHpcs.jpg,false,,product,0.0036521553993225098
real_product_product_048__CSr-_ZICSY.jpg,false,,product,4.881884524365887e-05
real_product_product_167_xWeSCy5BdfI.jpg,false,,product,0.004846835043281317
real_product_product_107_xVptEZzgVfo.jpg,false,,product,0.0068495324812829494
real_product_product_151_ICAxsNRt_WM.jpg,false,,product,8.963675645645708e-05
real_product_product_038_3Cgmcux-cpY.jpg,false,,product,1.2687550224654842e-05
real_product_product_56_two_computer_monitors_are_turned_on_on_a_computer_desk.jpg,false,,product,2.3241370854520937e-06
real_product_product_054_eAaoUuAMb7M.jpg,false,,product,0.000758969399612397
real_product_product_163_r1BS0pzlr1M.jpg,false,,product,1.7212405509781092e-05
real_product_product_108_5GKdpmo0wI8.jpg,false,,product,3.033542634511832e-05
real_product_product_112_aokIiOCtnXk.jpg,false,,product,0.00012873603554908186
real_product_product_62_a_few_different_computers_are_placed_on_the_desk.jpg,false,,product,2.082934315694729e-06
real_product_product_102_kjfdacDML9M.jpg,false,,product,1.338949914497789e-05
real_product_product_150_kFDyajOyqTA.jpg,false,,product,0.08521511405706406
real_product_product_59_a_refrigerator_next_to_a_red_wall_in_the_kitchen.jpg,false,,product,2.2549311324837618e-06
real_product_product_059_Lcqz6UUKXRU.jpg,false,,product,4.585988790495321e-05
real_product_product_089_IYvYz0j7zpA.jpg,false,,product,1.7212012608069927e-05
real_product_product_092_7QyUPe30vqU.jpg,false,,product,1.8048634956358e-05
real_product_product_116_xUpbmUINv9o.jpg,false,,product,3.644387106760405e-05
real_product_product_142_oNte8riFdX0.jpg,false,,product,4.7167799493763596e-05
real_product_product_146_wW1raPiIJIU.jpg,false,,product,0.00029166493914090097
real_product_product_79_a_group_of_commuters_standing_around_a_train_station.jpg,false,,product,0.022481994703412056
real_product_product_126_MHBJeSSQfx8.jpg,false,,product,2.260089331684867e-06
real_product_product_065_Yu-xv5OzGgo.jpg,false,,product,1.028801420943637e-06
real_product_product_113_pOCcShZwNcs.jpg,false,,product,9.677862544776872e-05
real_product_product_075_MUv_7l-GRKU.jpg,false,,product,9.960788884200156e-05
real_product_product_55_there_is_a_lap_top_computer_on_the_desk.jpg,false,,product,2.1498193802926835e-07
real_product_product_157_fVIiTknYim8.jpg,false,,product,0.0008756850147619843
real_product_product_65_people_laying_in_chairs_walking_and_playing_in_the_water_on.jpg,false,,product,4.022454049845692e-07
real_product_product_154_nwhqGZ5DcOY.jpg,false,,product,2.2189462470123544e-05
real_product_product_080_QESicPqs_XE.jpg,false,,product,2.5339559215353802e-05
real_product_product_063_cD_obz7W774.jpg,false,,product,0.0061462195590138435
real_product_product_53_a_woman_walking_next_to_a_man_riding_a_pink_bike.jpg,false,,product,1.9714902009582147e-05
real_product_product_131_F-e4-hd1-oA.jpg,false,,product,0.00010655824007699266
real_product_product_040_uWrLpDAT81g.jpg,false,,product,0.00353014818392694
real_product_product_114_vGhpfizChpY.jpg,false,,product,0.006175801623612642
real_food_food_084_-BSvBlnCvUU.jpg,false,,food,5.832290480611846e-05
real_food_food_58_man_cutting_a_cake_on_the_table_in_the_kitchen.jpg,false,,food,1.4294812444859417e-06
real_food_food_035_91czTE5wmCg.jpg,false,,food,0.00023824167146813124
real_food_food_039_pGCwAAk04BU.jpg,false,,food,0.0007374938577413559
real_food_food_157_-dm8WfhnQU4.jpg,false,,food,2.2079022528487258e-05
real_food_food_141_MUdGuohE-Mk.jpg,false,,food,0.010950679890811443
real_food_food_159_K3q1KVUeGQY.jpg,false,,food,4.980792436981574e-05
real_food_food_117_dv5SSMfXbs4.jpg,false,,food,7.817161531420425e-05
real_food_food_131_l8Y9fVgxrEE.jpg,false,,food,3.874828962580068e-06
real_food_food_170_rDLBArZUl1c.jpg,false,,food,6.9994839577702805e-06
real_food_food_123_49EKj06dQCc.jpg,false,,food,0.0004168267478235066
real_food_food_155_h5yMpgOI5nI.jpg,false,,food,0.00012976155267097056
real_food_food_165_9PDBbyJc2eE.jpg,false,,food,4.513373369263718e-06
real_food_food_063_bgHJL294VVY.jpg,false,,food,1.561396311444696e-05
real_food_food_118_xXIRSZmzvU8.jpg,false,,food,5.944953500147676e-06
real_food_food_037_dQIcaRtNZtQ.jpg,false,,food,0.00047204786096699536
real_food_food_110_o8PCoxDO8PQ.jpg,false,,food,5.269697794574313e-05
real_food_food_59_a_white_plate_with_some_food_and_two_trays_of_sauce.jpg,false,,food,0.00014068078598938882
real_food_food_81_a_table_topped_with_plates_bowls_and_containers_of_food.jpg,false,,food,9.066421625902876e-06
real_food_food_056_qw6_11-Ob48.jpg,false,,food,4.048918708576821e-05
real_food_food_169_T5Pm7ZId3sc.jpg,false,,food,0.0007887922110967338
real_food_food_048_BxY-nv-RBsA.jpg,false,,food,0.00019505067029967904
real_food_food_036_HkaSi5Fvc0s.jpg,false,,food,4.184241333859973e-06
real_food_food_077_LOdAL10JejI.jpg,false,,food,0.00033624874777160585
real_food_food_069_av5GTf-KxcI.jpg,false,,food,3.2919683690124657e-06
real_food_food_152_gDwonOrdh0Q.jpg,false,,food,3.322423253848683e-06
real_food_food_68_a_bunch_of_oranges_are_sitting_in_a_clear_fruit_bowl.jpg,false,,food,0.6214243173599243
real_food_food_167_3Vr4qQvQn34.jpg,false,,food,0.00015680732030887157
real_food_food_163_vExD0Y0Aei0.jpg,false,,food,4.15605609305203e-06
real_food_food_151_FyDHcvRi3QI.jpg,false,,food,9.485581358603667e-06
real_food_food_135_jdcifvdsJZg.jpg,false,,food,3.1078583560884e-05
real_food_food_57_the_meal_of_fish_has_a_side_of_broccoli.jpg,false,,food,0.0007558368961326778
real_food_food_164_1Uqr_jqi3c4.jpg,false,,food,5.783319920737995e-06
real_food_food_072_t1_BuMsRRsI.jpg,false,,food,1.8316337673240923e-06
real_food_food_096_JVd2FchPjCg.jpg,false,,food,2.964489567602868e-06
real_food_food_114_ozVQrfENFOs.jpg,false,,food,0.0003177704056724906
real_food_food_78_three_round_plates_filled_with_artistically_presented_food.jpg,false,,food,3.2034134278546844e-07
real_food_food_051_GCEK8Jo_vGM.jpg,false,,food,2.334409873583354e-05
real_food_food_130_QYU_U2wXxig.jpg,false,,food,2.175356712541543e-05
real_food_food_089_sp2lfKOUzAM.jpg,false,,food,0.0012515629641711712
real_food_food_52_a_kitchen_that_has_a_table_and_a_chair.jpg,false,,food,0.0001269506465177983
real_food_food_149_G8qVZEiyCJU.jpg,false,,food,3.6418018680706155e-06
real_food_food_078_tz0moLxAMCc.jpg,false,,food,1.3251870996100479e-06
real_food_food_080_zyLgpFi4Tvg.jpg,false,,food,2.2799516955274157e-05
real_food_food_068_aFa_Fu12bj8.jpg,false,,food,0.5825664401054382
real_food_food_050_M5kI-5OFviE.jpg,false,,food,1.8703776731854305e-06
real_food_food_034_dY7ONzZzoU8.jpg,false,,food,2.7945038709731307e-06
real_food_food_143_1fxcQYy5OXc.jpg,false,,food,1.2371094271657057e-05
real_food_food_148_6dC5tYPiD2s.jpg,false,,food,1.5386060567834647e-06
real_food_food_64_a_kitchen_with_a_bright_window_and_house_plants.jpg,false,,food,2.8829663278884254e-07
real_food_food_046_YQPTf86GvpM.jpg,false,,food,0.009312758222222328
real_food_food_052_n5Wvn6wU1Xw.jpg,false,,food,4.368519626041234e-07
real_food_food_80_a_lot_of_food_that_are_in_some_baskets.jpg,false,,food,1.1871336482727202e-06
real_food_food_124_hhZDn50B17c.jpg,false,,food,0.0006014729151502252
real_food_food_139_8v38azmFYr8.jpg,false,,food,5.300472184899263e-05
real_food_food_094_9oUL0x_puck.jpg,false,,food,3.3882006391650066e-06
real_food_food_075_SidputyP-eE.jpg,false,,food,9.072891407413408e-05
real_food_food_053_rf0XgpH-2ao.jpg,false,,food,4.333263132139109e-05
real_food_food_67_a_person_adjusting_a_metal_object_hanging_from_a_ceiling.jpg,false,,food,3.887669208779698e-07
real_food_food_53_a_group_of_people_sitting_around_a_table_filled_with_food.jpg,false,,food,3.5818274568555353e-07
real_food_food_104_0byawXfQl5c.jpg,false,,food,1.645914016989991e-05
real_food_food_125_NNddPCQDhyw.jpg,false,,food,1.6720225175959058e-05
real_food_food_128_GVxJRsudSIU.jpg,false,,food,0.0058723739348351955
real_food_food_079_POg3Z47YPkM.jpg,false,,food,0.0001932524173753336
real_food_food_72_a_newly_married_couple_sharing_a_piece_of_there_wedding_cake.jpg,false,,food,4.522489689406939e-07
real_food_food_055_dSZQC7vVf5M.jpg,false,,food,5.046325532021001e-05
real_food_food_54_two_birds_preparing_to_eat_food_off_of_a_plate_that_was_left.jpg,false,,food,0.08247321099042892
real_food_food_138_E1ZwXiBD7LA.jpg,false,,food,5.730302291340195e-06
real_food_food_147_cRPz6-ryzSg.jpg,false,,food,2.3862074272074096e-07
real_food_food_054_mV4oTSZR4eA.jpg,false,,food,0.0001692767400527373
real_food_food_62_a_man_that_is_sitting_down_on_a_bench_in_front_of_a_table.jpg,false,,food,5.631909516523592e-07
real_food_food_61_food_on_a_train_with_a_pie_and_some_vegetable.jpg,false,,food,4.26210681325756e-06
real_food_food_50_bride_and_grooms_arms_cutting_the_wedding_cake_with_fruit_on.jpg,false,,food,3.879454766320123e-07
real_food_food_56_a_breakfast_plate_with_toast_vegetables_eggs_and_meat.jpg,false,,food,2.792870645862422e-06
real_food_food_038_eD3gkNVlm94.jpg,false,,food,1.5845584130147472e-05
real_food_food_132_ONeUTPIkoEs.jpg,false,,food,2.5434524104639422e-06
real_food_food_093_7DpEKohpOhQ.jpg,false,,food,0.0001281619624933228
real_food_food_137_AELjKcCaNSk.jpg,false,,food,5.522567789739696e-07
real_food_food_070_4l5BlL6OX7A.jpg,false,,food,0.00016524497186765075
real_food_food_090_YwH212PJk0Q.jpg,false,,food,1.784056075848639e-05
real_food_food_121_xd0g61tGBgc.jpg,false,,food,2.476797362760408e-06
real_food_food_133_PMOAfRP_kLI.jpg,false,,food,1.1512084711284842e-05
real_food_food_150_tIvWsbppj5k.jpg,false,,food,7.068799732223852e-06
real_food_food_059_ELISIYFi-ws.jpg,false,,food,3.85423845727928e-07
real_food_food_140_PBXZSIQ0XTg.jpg,false,,food,9.396879931955482e-07
real_food_food_75_a_group_of_people_that_are_standing_in_front_of_a_island.jpg,false,,food,0.0022709243930876255
real_food_food_062_JZ5WREw9664.jpg,false,,food,5.677787703461945e-05
real_food_food_098__WuZ9cOPc6M.jpg,false,,food,6.080446723899513e-07
real_food_food_044_s-4i34Z07To.jpg,false,,food,1.1385542165953666e-05
real_food_food_064_cuaxqIA_pk0.jpg,false,,food,9.41284088185057e-06
real_food_food_074_v9MpHbQimqY.jpg,false,,food,0.0038551895413547754
real_food_food_156_XU1-sAMZFqc.jpg,false,,food,0.00021032941003795713
real_food_food_120_raakZHcgWWw.jpg,false,,food,0.0011694668792188168
real_food_food_060_dUeD4im5YSQ.jpg,false,,food,1.7894679331220686e-05
real_food_food_145_aw47u5DHXEg.jpg,false,,food,0.006124475970864296
real_food_food_058_ue4AfKGEQoA.jpg,false,,food,1.7176572555399616e-06
real_food_food_127_OKT6Ce9fwqI.jpg,false,,food,9.660662726673763e-06
real_food_food_067_3OSiYv09hhs.jpg,false,,food,6.746905273757875e-05
real_food_food_168_sFPxZsn8cwU.jpg,false,,food,2.172350605178508e-06
real_food_food_091_nrfSpR3_4yE.jpg,false,,food,1.9879175852111075e-06
real_food_food_144_YvEGiuPZ0Sg.jpg,false,,food,0.004471685737371445
real_food_food_107_f87RdAQSoJk.jpg,false,,food,4.9778955144574866e-05
real_food_food_126_AgWVcQz1bOA.jpg,false,,food,2.21431673708139e-05
real_food_food_158_j1KUsXahuXk.jpg,false,,food,5.382778908824548e-06
real_food_food_049_BPsqF6C_Ou8.jpg,false,,food,3.2590938644716516e-05
real_food_food_042_pyFWN-TrXvk.jpg,false,,food,1.336550121777691e-05
real_food_food_111_GlWOWrJXk5s.jpg,false,,food,0.0008716014563106
real_food_food_71_belgium_waffle_loaded_with_bananas_topped_with_powdered_suga.jpg,false,,food,1.9161836462444626e-05
real_food_food_092_69P8Y4ErG0Y.jpg,false,,food,0.0004946294357068837
real_food_food_73_a_plate_with_bacon_eggs_and_hamburger_topped_with_bananas.jpg,false,,food,1.7685717921267496e-06
real_food_food_076_IrM6Fvhmc9k.jpg,false,,food,1.017656541080214e-05
real_food_food_136_ZHW1qo-VRXM.jpg,false,,food,4.2239076719852164e-05
real_food_food_083_HgoEnDWOGrA.jpg,false,,food,0.00021888245828449726
real_food_food_109_HbQj2RAanTs.jpg,false,,food,0.00011330749839544296
real_food_food_043_siHk8IfK_Ec.jpg,false,,food,2.3923075787024572e-05
real_food_food_113_n2sQQ6XjqfE.jpg,false,,food,0.0003211525909136981
real_food_food_82_a_kitchen_with_a_center_white_island_topped_with_a_bowl_of_g.jpg,false,,food,1.1474372740849503e-06
real_food_food_51_a_bowl_of_some_broccoli_that_is_chopped.jpg,false,,food,3.5457410376693588e-06
real_food_food_154_VpjPHuFAI-4.jpg,false,,food,0.0006915207486599684
real_food_food_162_f4GdYFpUyH8.jpg,false,,food,5.06165315528051e-06
real_food_food_045_iRVq6avVGDE.jpg,false,,food,0.016884848475456238
real_food_food_129_3P0BmvFk5rg.jpg,false,,food,2.0679353838204406e-06
real_food_food_74_a_sandwich_with_nachos_and_a_salad_on_a_plate.jpg,false,,food,5.765108994637558e-07
real_food_food_071_9cH-uVU__0c.jpg,false,,food,2.461322537783417e-06
real_food_food_79_a_tray_of_various_foods_next_to_drinks_on_a_table.jpg,false,,food,1.0168437256652396e-06
real_food_food_115_YjJFJDai9zg.jpg,false,,food,0.0001404754293616861
real_food_food_100_OSwea3yxjT0.jpg,false,,food,9.39772780839121e-06
real_food_food_088_QPKJZvqMaDs.jpg,false,,food,4.5369779400061816e-05
real_food_food_040_a7nzCe8FlT4.jpg,false,,food,1.0094396202475764e-05
real_food_food_108_ixC7gmLcKaQ.jpg,false,,food,0.31353598833084106
real_food_food_63_a_man_preparing_food_in_a_restaurant_kitchen.jpg,false,,food,2.94485062113381e-07
real_food_food_066_s0oNVwpU9NE.jpg,false,,food,0.00018989405361935496
real_food_food_134_T-tgZmKFRZU.jpg,false,,food,7.916220965853427e-06
real_food_food_161_AX8z0xXzrUo.jpg,false,,food,3.2065148843685165e-05
real_food_food_69_a_scene_of_an_apartment_with_a_dining_table_and_a_couple_of.jpg,false,,food,0.22084704041481018
real_food_food_073_kswmO8BRzQQ.jpg,false,,food,7.116841879906133e-05
real_food_food_66_a_plate_of_bananas_and_sliced_oranges_covered_in_butterflies.jpg,false,,food,0.0054549602791666985
real_food_food_102_DuObvMLmc8M.jpg,false,,food,5.829376823385246e-05
real_food_food_097_jT86IpheR2w.jpg,false,,food,5.633690670947544e-05
real_food_food_103_Fff5ve-rGVA.jpg,false,,food,0.3836597204208374
real_food_food_081_lgvvFFplBHw.jpg,false,,food,3.904500772478059e-06
real_food_food_041_qDdv33C-BSw.jpg,false,,food,3.348761674715206e-05
real_food_food_085_WT_nZUfAmBc.jpg,false,,food,2.7745802071876824e-05
real_food_food_047_qpZlQ8IIghI.jpg,false,,food,0.021953891962766647
real_food_food_160_uRqMI5Nw4Yc.jpg,false,,food,0.00022956184693612158
real_food_food_065_Q5QspluNZmM.jpg,false,,food,9.494350524619222e-05
real_food_food_119_47urRDhCphA.jpg,false,,food,9.561410115566105e-05
real_food_food_095_WY_EKY3taJE.jpg,false,,food,4.330261617724318e-06
real_food_food_087_oYllk_NdgA0.jpg,false,,food,0.000403734331484884
real_food_food_061_DCZGNIZjz_Q.jpg,false,,food,0.09713893383741379
real_food_food_65_a_small_bowl_of_fruit_on_a_table.jpg,false,,food,0.0008546044700779021
real_food_food_76_three_bowls_filled_with_vegetables_on_top_of_a_table.jpg,false,,food,9.739094366523204e-07
real_food_food_146_fv7ttjeTgyM.jpg,false,,food,2.8181377274449915e-05
real_food_food_70_a_sandwich_sitting_on_top_of_a_pile_of_fries.jpg,false,,food,3.2260143711937417e-07
real_food_food_099_gyaPIZZjV_A.jpg,false,,food,8.436964890279341e-06
real_food_food_057_v8-cAH5cmTU.jpg,false,,food,1.0476805073267315e-05
real_food_food_77_a_bowl_that_has_soup_and_a_spoon_in_it.jpg,false,,food,0.9931862354278564
real_food_food_166_lZ98dwbkTws.jpg,false,,food,2.179337116103852e-06
real_food_food_082_w-LpijUp8yw.jpg,false,,food,3.20574986290012e-06
real_food_food_101_OZhdQm_OjX4.jpg,false,,food,3.116188281637733e-06
real_food_food_153_Rh8vxWHc5DA.jpg,false,,food,0.00012300889648031443
real_food_food_112_T8I3UuK-QXY.jpg,false,,food,4.211945906718029e-06
real_food_food_106_0b4sfNTqBLU.jpg,false,,food,3.8416925235651433e-05
real_food_food_105_jCTo3MAtzjA.jpg,false,,food,2.4977709472295828e-05
real_food_food_122_4Y_bVu4j0cA.jpg,false,,food,9.582980419509113e-05
real_food_food_142_YY5uHzZV6Wo.jpg,false,,food,3.185910463798791e-05
real_food_food_086_lz8rih2cNJQ.jpg,false,,food,8.915439138945658e-06
real_food_food_55_a_beautiful_dessert_waiting_to_be_shared_by_two_people.jpg,false,,food,2.3083380540356302e-07
real_food_food_116_dpQqhZRyF7w.jpg,false,,food,0.000638721336144954
real_food_food_60_two_computers_sitting_on_top_of_a_desk.jpg,false,,food,0.00021110735542606562
real_animal_animal_141_L79Jcm80Y3U.jpg,false,,animal,0.000471681501949206
real_animal_animal_050_CBK17BPteJE.jpg,false,,animal,5.640446033794433e-06
real_animal_animal_044_7pMTQP_kIhg.jpg,false,,animal,9.855267535385792e-07
real_animal_animal_132_J4DL0onKVng.jpg,false,,animal,0.00015731291205156595
real_animal_animal_50_a_calico_cat_drinking_from_a_sink_faucet.jpg,false,,animal,7.88109559834993e-07
real_animal_animal_142_ScLYGfuCqQg.jpg,false,,animal,2.4825703803799115e-05
real_animal_animal_061_KKK-mavLRIY.jpg,false,,animal,7.847469532862306e-05
real_animal_animal_131_NoNqa205O40.jpg,false,,animal,2.385636980761774e-05
real_animal_animal_163_ujOHucbnC94.jpg,false,,animal,3.444663525442593e-05
real_animal_animal_058_UsDyOmKQjzo.jpg,false,,animal,0.0001257332623936236
real_animal_animal_118_O-dnv951XTY.jpg,false,,animal,0.00016172936011571437
real_animal_animal_124_idMSI66-1NQ.jpg,false,,animal,1.958442453542375e-06
real_animal_animal_69_a_couple_of_people_that_are_biking_down_a_road.jpg,false,,animal,7.65014992794022e-05
real_animal_animal_089_4KV3SKyHNjE.jpg,false,,animal,1.5622481441823766e-05
real_animal_animal_61_a_dog_laying_down_licking_food_off_of_a_plate.jpg,false,,animal,2.983440936077386e-06
real_animal_animal_140_bj7ALDr6E-o.jpg,false,,animal,7.2252864811162e-06
real_animal_animal_097_sCgBFOArERk.jpg,false,,animal,2.9051450383121846e-06
real_animal_animal_054_Qv8NgYRjSn4.jpg,false,,animal,0.0018815401708707213
real_animal_animal_082_hvkcofV0bvw.jpg,false,,animal,5.952487754257163e-06
real_animal_animal_107_4rezxlfTrGA.jpg,false,,animal,9.661068361310754e-06
real_animal_animal_126_IOvOeZRGanM.jpg,false,,animal,7.703335541009437e-06
real_animal_animal_127_4sMVrh8-S1g.jpg,false,,animal,0.6330817937850952
real_animal_animal_078_YzfCevgzsPI.jpg,false,,animal,1.534725470264675e-06
real_animal_animal_062_J7X_npgVujU.jpg,false,,animal,2.770557557596476e-06
real_animal_animal_53_bird_sits_atop_cattle_on_snow_covered_field.jpg,false,,animal,3.1214974569593323e-06
real_animal_animal_096_nvDnfWuSyD8.jpg,false,,animal,0.00012908143980894238
real_animal_animal_048_YvYBOSiBJE8.jpg,false,,animal,6.98871590429917e-05
real_animal_animal_038_CiacXjCwb3g.jpg,false,,animal,3.2300395105266944e-05
real_animal_animal_103__GQCzeh1oWk.jpg,false,,animal,7.719069981249049e-05
real_animal_animal_115_qvkA4FMTNKo.jpg,false,,animal,1.0118288855665014e-06
real_animal_animal_150_eNi9DGpVYWk.jpg,false,,animal,4.944084594171727e-06
real_animal_animal_037_j3JAI9KXJ-c.jpg,false,,animal,1.0894541446759831e-06
real_animal_animal_071_zjKxb4xhBXc.jpg,false,,animal,0.37196606397628784
real_animal_animal_064_uLMM6TyPfGw.jpg,false,,animal,9.886147017823532e-05
real_animal_animal_152_JkVNRBpFSK8.jpg,false,,animal,4.2903106987068895e-06
real_animal_animal_145_Qtg_270Aa_I.jpg,false,,animal,2.554774437157903e-05
real_animal_animal_060_lZts59erQVw.jpg,false,,animal,0.00022461844491772354
real_animal_animal_114_J0-ZaraetTE.jpg,false,,animal,4.6106459194561467e-05
real_animal_animal_79_a_herd_of_cattle_and_zebra_standing_next_to_each_other_on_a.jpg,false,,animal,5.16467707711854e-07
real_animal_animal_047_uHHA_YklxMc.jpg,false,,animal,4.143696969549637e-06
real_animal_animal_036_xlTolOtNLZM.jpg,false,,animal,5.262793365545804e-06
real_animal_animal_169_rxFkfMJL9tw.jpg,false,,animal,7.029528205748647e-05
real_animal_animal_074_TfakEsc83HU.jpg,false,,animal,0.06853491812944412
real_animal_animal_138_t5rBtxLiHj8.jpg,false,,animal,3.583337093004957e-05
real_animal_animal_049_nwaiAiHAVEY.jpg,false,,animal,0.00015959706797730178
real_animal_animal_043_Dv45FbzLiik.jpg,false,,animal,7.099743015714921e-06
real_animal_animal_091_yRdK7ijQPNw.jpg,false,,animal,1.9795821572188288e-05
real_animal_animal_053_CACQDEJknBs.jpg,false,,animal,2.9335283215914387e-06
real_animal_animal_170_P6s8EbcSgmA.jpg,false,,animal,0.0008830845472402871
real_animal_animal_166_jh6YaoB0TBw.jpg,false,,animal,0.00031533377477899194
real_animal_animal_144_ihivSSUOpno.jpg,false,,animal,9.463491005590186e-05
real_animal_animal_158_fkxUyu6F2L8.jpg,false,,animal,3.3755277399905026e-05
real_animal_animal_046_88Kt5KHUe_8.jpg,false,,animal,1.0825691788340919e-05
real_animal_animal_73_a_small_motor_bike_outside_of_the_garage.jpg,false,,animal,2.0833662972563616e-07
real_animal_animal_108_JNHrBVfdT_A.jpg,false,,animal,0.0001798721932573244
real_animal_animal_151_8LPgWfHgcMg.jpg,false,,animal,9.076726200873964e-06
real_animal_animal_075_PA3F7YWHUPM.jpg,false,,animal,2.9498839921870967e-06
real_animal_animal_041_-96qBKyFefQ.jpg,false,,animal,0.00021985713101457804
real_animal_animal_095_iuoIlOvTa6g.jpg,false,,animal,5.3413386922329664e-05
real_animal_animal_139_i80SbIDgFf8.jpg,false,,animal,2.929382389993407e-06
real_animal_animal_092_mg-k04n58xY.jpg,false,,animal,1.2940305168740451e-05
real_animal_animal_068_ZBR7NAYRR4M.jpg,false,,animal,4.636602898244746e-05
real_animal_animal_083_2QHHOAPI--I.jpg,false,,animal,4.511944280238822e-05
real_animal_animal_143_7xYdOPDfNcE.jpg,false,,animal,1.9633342162705958e-05
real_animal_animal_094_bmwUCv0wMIU.jpg,false,,animal,0.0003720521926879883
real_animal_animal_70_a_street_scene_with_a_person_on_a_motorcycle.jpg,false,,animal,1.090026785277587e-06
real_animal_animal_56_a_flock_of_goats_and_some_men_watching_them.jpg,false,,animal,6.693310297123389e-06
real_animal_animal_123_o-c4UrB0WBA.jpg,false,,animal,6.721397767250892e-06
real_animal_animal_066_rh7KA6jVJFM.jpg,false,,animal,2.778491034405306e-05
real_animal_animal_134_GVe30cQ8CWU.jpg,false,,animal,0.0002843435504473746
real_animal_animal_160_A_unG6e0Cug.jpg,false,,animal,2.8236313482921105e-06
real_animal_animal_070_iY8qBtToC0o.jpg,false,,animal,1.0237139576929621e-05
real_animal_animal_111_22_r4pgeL28.jpg,false,,animal,5.273880742606707e-05
real_animal_animal_113_knB89oNur0A.jpg,false,,animal,0.0043335831724107265
real_animal_animal_78_a_giraffe_standing_in_a_field_next_to_a_fence.jpg,false,,animal,2.1595482394332066e-05
real_animal_animal_063_oajraKUY0uQ.jpg,false,,animal,1.7638316421653144e-05
real_animal_animal_155_85YNg0KtSPw.jpg,false,,animal,4.837285814573988e-06
real_animal_animal_056_Nzzk-pOcqvA.jpg,false,,animal,1.2945414709975012e-05
real_animal_animal_161_f3Os5oCc874.jpg,false,,animal,2.6306741347070783e-05
real_animal_animal_067_KmmVj3LY4lA.jpg,false,,animal,2.694471959330258e-06
real_animal_animal_60_a_grouping_of_zebras_in_a_pen_next_to_a_giraffe.jpg,false,,animal,5.4596875997958705e-06
real_animal_animal_133_nzPivGosPIQ.jpg,false,,animal,7.775141057209112e-06
real_animal_animal_122_t81H__wdxlc.jpg,false,,animal,3.491632014629431e-06
real_animal_animal_098_RMj_T-DMgDA.jpg,false,,animal,5.386942211771384e-05
real_animal_animal_077_vVh9BUJIizQ.jpg,false,,animal,3.296079012216069e-05
real_animal_animal_087__qLFof8-Loo.jpg,false,,animal,2.9600262223539175e-06
real_animal_animal_088_1tXeMpkssik.jpg,false,,animal,8.75824582635687e-07
real_animal_animal_164_wAP_IBPhn-4.jpg,false,,animal,1.6608031501164078e-06
real_animal_animal_76_a_dog_is_tied_to_a_fire_hydrant.jpg,false,,animal,6.698482138745021e-06
real_animal_animal_080_49TMUrNQDQ0.jpg,false,,animal,0.31141963601112366
real_animal_animal_75_a_family_of_giraffes_by_a_few_zebras_and_a_gazelle.jpg,false,,animal,1.804625185286568e-06
real_animal_animal_085_U9frYiUp1Qg.jpg,false,,animal,5.039203824708238e-05
real_animal_animal_100_PJTfOzSo8fQ.jpg,false,,animal,2.008801175179542e-06
real_animal_animal_51_a_bunch_of_sheep_in_the_snow_behind_a_barbed_wire_fence.jpg,false,,animal,1.2756129308399977e-06
real_animal_animal_072_eX45lve1DIo.jpg,false,,animal,1.802187966859492e-06
real_animal_animal_105_DORi0W_afqk.jpg,false,,animal,1.0571201300990651e-06
real_animal_animal_148_Xr4TYgSEXqQ.jpg,false,,animal,6.419570581783773e-06
real_animal_animal_65_a_cats_sits_on_the_table_with_a_dog_outside.jpg,false,,animal,5.1324609557923395e-06
real_animal_animal_102_Cl8iDlk008c.jpg,false,,animal,7.143952416299726e-07
real_animal_animal_147_nlF8qaFWI0w.jpg,false,,animal,6.248938734643161e-05
real_animal_animal_63_rear_view_mirror_reflection_showing_a_dog_in_the_back_seat.jpg,false,,animal,2.301640597579535e-05
real_animal_animal_045_eo93HAoalwQ.jpg,false,,animal,0.0021353582851588726
real_animal_animal_77_a_herd_of_sheep_standing_next_to_each_other_on_dirt_ground.jpg,false,,animal,9.579430297890212e-07
real_animal_animal_081_TNMOJYUteDU.jpg,false,,animal,0.0003940766036976129
real_animal_animal_64_a_dog_following_a_man_on_his_horse_in_a_field.jpg,false,,animal,1.822347621782683e-05
real_animal_animal_120_EdlNaRhg9ik.jpg,false,,animal,1.1346542123646941e-05
real_animal_animal_052_tmrQPLJpBrk.jpg,false,,animal,1.675162093306426e-05
real_animal_animal_129_IwiaImVNcQU.jpg,false,,animal,0.0002843492547981441
real_animal_animal_042_1qT-zMTRFp0.jpg,false,,animal,0.009236603043973446
real_animal_animal_74_a_cat_standing_on_the_edge_of_a_sink_drink_water.jpg,false,,animal,1.1812251159426523e-06
real_animal_animal_125_snhqHThkCRE.jpg,false,,animal,1.0075180398416705e-05
real_animal_animal_153_FBOP5an6h74.jpg,false,,animal,3.7040758797957096e-06
real_animal_animal_66_a_bunch_of_sheep_make_their_way_through_the_crowded_city_str.jpg,false,,animal,3.6368106748341233e-07
real_animal_animal_168_g9M46POadWU.jpg,false,,animal,0.00016624439740553498
real_animal_animal_101_iQC6u4ejuGE.jpg,false,,animal,1.8955148334498517e-05
real_animal_animal_57_a_cat_walking_through_a_kitchen_by_a_eating_tray.jpg,false,,animal,2.8603835744434036e-07
real_animal_animal_149_E12vXZq9AZA.jpg,false,,animal,2.3924032575450838e-05
real_animal_animal_156_yiwB58St4bE.jpg,false,,animal,7.556083801318891e-06
real_animal_animal_093_mYxtYpSJvbw.jpg,false,,animal,3.257487833252526e-06
real_animal_animal_165_PChlguQgbCw.jpg,false,,animal,3.4168203910667216e-06
real_animal_animal_62_a_cat_eating_a_bird_it_has_caught.jpg,false,,animal,4.8408019210910425e-06
real_animal_animal_084_QRzQlECEbsk.jpg,false,,animal,0.0005281281773932278
real_animal_animal_109_P6InS7LxUS4.jpg,false,,animal,1.962495662155561e-05
real_animal_animal_121_ZOGamuDrPJw.jpg,false,,animal,0.00011248287773923948
real_animal_animal_81_three_sheep_are_grazing_in_the_field_next_to_the_water.jpg,false,,animal,2.2379069264388818e-07
real_animal_animal_157_VSVcEzWsqyc.jpg,false,,animal,0.0007289411150850356
real_animal_animal_80_many_woolly_sheep_standing_together_in_the_field.jpg,false,,animal,2.2288686523097567e-06
real_animal_animal_090_fRJGUAQ6uNg.jpg,false,,animal,2.410082061032881e-06
real_animal_animal_110_HPHtMOJvHDM.jpg,false,,animal,0.00039936613757163286
real_animal_animal_055_feos9QXjxJY.jpg,false,,animal,2.4574159397161566e-05
real_animal_animal_069_q0J6zQPO-zw.jpg,false,,animal,0.7005435824394226
real_animal_animal_58_two_men_herding_a_pack_of_elephants_across_a_field.jpg,false,,animal,1.8542460793469218e-06
real_animal_animal_104_1Ytzecs_XU4.jpg,false,,animal,0.000272187840892002
real_animal_animal_55_a_horse_in_a_pasture_of_tall_grass_observing_an_energetic_do.jpg,false,,animal,5.817677219965844e-07
real_animal_animal_079_m_wgaQ-sQPQ.jpg,false,,animal,4.7200825065374374e-05
real_animal_animal_112_cPyHO3eDlsE.jpg,false,,animal,9.0339617599966e-06
real_animal_animal_034_-Ylz_tc8NOk.jpg,false,,animal,3.5802909224003088e-06
real_animal_animal_051_PpwK032gSao.jpg,false,,animal,0.00732523575425148
real_animal_animal_099_m5Zy3Ulb3g0.jpg,false,,animal,1.9885448637069203e-05
real_animal_animal_059_2_3g53wNQk8.jpg,false,,animal,4.0710874600335956e-06
real_animal_animal_039_i_Z1o10BPPk.jpg,false,,animal,1.4919866089257994e-06
real_animal_animal_136_fXqOgYJgNBk.jpg,false,,animal,0.00018372938211541623
real_animal_animal_59_a_dog_standing_on_the_back_of_a_brown_car.jpg,false,,animal,6.969451078475686e-07
real_animal_animal_119_70s5ZKzNkac.jpg,false,,animal,0.00036849494790658355
real_animal_animal_52_a_cat_sitting_on_the_floor_watching_television.jpg,false,,animal,4.2411747358528373e-07
real_animal_animal_82_a_couple_of_cows_and_some_birds_flying_in_the_sky.jpg,false,,animal,1.1498020739963977e-06
real_animal_animal_154_IHHiw3VMZvc.jpg,false,,animal,7.684931915719062e-06
real_animal_animal_035_vQvq16ZQM60.jpg,false,,animal,1.3388428214966552e-06
real_animal_animal_54_a_man_riding_a_horse_drawn_carriage_on_a_race_track.jpg,false,,animal,2.3437060008291155e-06
real_animal_animal_117_DmnOlnAWRdE.jpg,false,,animal,1.4670478776679374e-05
real_animal_animal_040_7jXA55Tl4xU.jpg,false,,animal,0.0003515317803248763
real_animal_animal_68_a_cat_outside_looking_through_a_window.jpg,false,,animal,1.6948587244769442e-06
real_animal_animal_159_gjDKWxrKrgk.jpg,false,,animal,3.1162035156739876e-05
real_animal_animal_076_JHxFiw603QA.jpg,false,,animal,2.1820073015987873e-05
real_animal_animal_162_vLCMWwg5TAs.jpg,false,,animal,0.038257841020822525
real_animal_animal_128_dtYCvr0r_X4.jpg,false,,animal,1.206851152346644e-06
real_animal_animal_057_n4tWGvk_gWY.jpg,false,,animal,0.00012603792129084468
real_animal_animal_146_tvH8ECkyQKI.jpg,false,,animal,7.824641943443567e-05
real_animal_animal_67_a_sheepdog_runs_around_a_herd_of_cows_in_a_fencedin_field.jpg,false,,animal,1.5639612911400036e-06
real_animal_animal_72_a_cat_sprawled_out_over_the_top_of_a_laptop_computer_keyboar.jpg,false,,animal,6.140959385447786e-07
real_animal_animal_167_u3XMyl-4OSY.jpg,false,,animal,4.188900857116096e-05
real_animal_animal_106_ejAz1xfCyNM.jpg,false,,animal,7.366520731011406e-05
real_animal_animal_086_YSoqrTfEWcI.jpg,false,,animal,1.1800068477896275e-06
real_animal_animal_116_dSAzIH5UtOI.jpg,false,,animal,1.857594725152012e-05
real_animal_animal_073_MVQPTvPYsJs.jpg,false,,animal,0.0007260909187607467
real_animal_animal_065_M8uSC8OPXco.jpg,false,,animal,8.765708230384917e-07
real_animal_animal_137_lHeXOpxzok8.jpg,false,,animal,4.1183061512128916e-06
real_animal_animal_71_a_black_ct_with_green_eyes_sitting_in_the_sun.jpg,false,,animal,5.306420121087285e-07
real_animal_animal_135_Tu_lH5CFFZw.jpg,false,,animal,1.2972653166798409e-05
real_animal_animal_130_vPyhiJjBlSM.jpg,false,,animal,0.0017340213526040316
real_landscape_landscape_80_this_highway_is_empty_this_early_on_the_morning.jpg,false,,landscape,9.696761844679713e-05
real_landscape_landscape_59_a_passenger_bus_that_is_parked_in_a_parking_lot.jpg,false,,landscape,0.999127209186554
real_landscape_landscape_073_gtabImSzH-g.jpg,false,,landscape,0.0016564737306907773
real_landscape_landscape_160_yaj-SndYOb0.jpg,false,,landscape,1.660925045143813e-05
real_landscape_landscape_140_pNMH4SDf8us.jpg,false,,landscape,9.172759746434167e-05
real_landscape_landscape_117_KQX4AEXEV1g.jpg,false,,landscape,0.02155154198408127
real_landscape_landscape_056_TqfJUbdnCxM.jpg,false,,landscape,1.8794612515193876e-06
real_landscape_landscape_05_foggy_forest_hills.jpg,false,,landscape,6.346911050059134e-06
real_landscape_landscape_118_z7IW1w4C870.jpg,false,,landscape,4.842089765588753e-05
real_landscape_landscape_135_Bwkl85sszNM.jpg,false,,landscape,0.002126483479514718
real_landscape_landscape_053_E9CrQou9K0Y.jpg,false,,landscape,1.488320867792936e-05
real_landscape_landscape_064_pnFNoPuilVI.jpg,false,,landscape,0.00024595786817371845
real_landscape_landscape_154_VFjGgIGNWlI.jpg,false,,landscape,0.0003476654819678515
real_landscape_landscape_09_starry_night_mountains.jpg,false,,landscape,0.002171067288145423
real_landscape_landscape_124__rsGm7nob3w.jpg,false,,landscape,4.596084909280762e-05
real_landscape_landscape_079_n6hzRDQ9CM8.jpg,false,,landscape,2.691793633857742e-05
real_landscape_landscape_095_YzJlElq6Pc0.jpg,false,,landscape,3.173096774844453e-05
real_landscape_landscape_098_F4dGVi1g8rQ.jpg,false,,landscape,4.598824034474092e-06
real_landscape_landscape_062_oGrOhXJaHME.jpg,false,,landscape,1.1893279406649526e-05
real_landscape_landscape_68_a_wooden_bench_and_a_fire_hydrant_on_a_field.jpg,false,,landscape,3.833409607523208e-07
real_landscape_landscape_119_ENkQJj-7orc.jpg,false,,landscape,1.7764839867595583e-05
real_landscape_landscape_81_a_dog_rests_his_head_on_the_edge_of_a_boat_at_sea.jpg,false,,landscape,5.148968966750544e-07
real_landscape_landscape_51_a_green_traffic_light_suspended_above_a_street.jpg,false,,landscape,0.00011252192052779719
real_landscape_landscape_085_cCthPLHmrzI.jpg,false,,landscape,0.00018868694314733148
real_landscape_landscape_060_jdaigQmK-qA.jpg,false,,landscape,0.05196842551231384
real_landscape_landscape_58_a_passenger_train_that_has_some_graffiti_on_it.jpg,false,,landscape,7.171343168010935e-05
real_landscape_landscape_077_ID4OhGirKvg.jpg,false,,landscape,0.061598632484674454
real_landscape_landscape_133_-5eZ1-Ie68w.jpg,false,,landscape,5.217681518843165e-06
real_landscape_landscape_086_ke-voL7t_I8.jpg,false,,landscape,2.0593432054738514e-05
real_landscape_landscape_143_-hbbmFHQYiw.jpg,false,,landscape,0.00011424139665905386
real_landscape_landscape_080_1DPIP44atys.jpg,false,,landscape,0.00012091845565009862
real_landscape_landscape_110_02YdrfDb3UE.jpg,false,,landscape,2.897353397202096e-06
real_landscape_landscape_116_sNKwtrVQ4hU.jpg,false,,landscape,1.1800028005382046e-05
real_landscape_landscape_157_nMhbF-YMdXE.jpg,false,,landscape,0.0001011514468700625
real_landscape_landscape_051_4k8UHZC1-6k.jpg,false,,landscape,1.284265181311639e-05
real_landscape_landscape_161_CL665uHJb7c.jpg,false,,landscape,0.00010015498264692724
real_landscape_landscape_093_UazfuoH2sRU.jpg,false,,landscape,6.808264515711926e-06
real_landscape_landscape_55_a_green_traffic_light_a_street_some_buildings_and_some_other.jpg,false,,landscape,0.20607343316078186
real_landscape_landscape_82_a_large_bus_on_the_side_of_the_road.jpg,false,,landscape,5.800326334792771e-07
real_landscape_landscape_045_W3wgy9tDgto.jpg,false,,landscape,0.0007029313128441572
real_landscape_landscape_120_afwi-D9xmt4.jpg,false,,landscape,0.9300718307495117
real_landscape_landscape_099_kDrTt4sCC7I.jpg,false,,landscape,6.099564416217618e-05
real_landscape_landscape_167_60cbKmNJ-ls.jpg,false,,landscape,1.938692912517581e-05
real_landscape_landscape_046_wgH3Lzgmm_c.jpg,false,,landscape,2.331572977709584e-05
real_landscape_landscape_072_jYkvecfWgx0.jpg,false,,landscape,0.5891198515892029
real_landscape_landscape_048_PA0KerQ0lHg.jpg,false,,landscape,0.0008849148289300501
real_landscape_landscape_126_Cmjq13jc_2g.jpg,false,,landscape,5.018988304072991e-06
real_landscape_landscape_081_0PgC0jve7u4.jpg,false,,landscape,2.8335603929008357e-05
real_landscape_landscape_06_waterfall_in_forest.jpg,false,,landscape,2.788761594274547e-05
real_landscape_landscape_77_rear_view_mirror_reflection_showing_a_dog_in_the_back_seat.jpg,false,,landscape,2.301640597579535e-05
real_landscape_landscape_147_bUhzlj3gGso.jpg,false,,landscape,1.3111956832290161e-05
real_landscape_landscape_69_a_yellow_bus_that_is_sitting_in_the_grass.jpg,false,,landscape,6.877011173855863e-07
real_landscape_landscape_067_LLD9FKRoqDc.jpg,false,,landscape,0.0012817785609513521
real_landscape_landscape_115_q2Cv_B3_AZI.jpg,false,,landscape,6.110406047810102e-06
real_landscape_landscape_125_4UfCRXv_tGM.jpg,false,,landscape,6.309806849458255e-06
real_landscape_landscape_092__XHphe2atWM.jpg,false,,landscape,5.021247943659546e-06
real_landscape_landscape_109_-UsvhirEIeI.jpg,false,,landscape,0.00044136695214547217
real_landscape_landscape_129_5LyYqPEv8w0.jpg,false,,landscape,2.537457476137206e-05
real_landscape_landscape_070_uQDRDqpYJHI.jpg,false,,landscape,5.604360467259539e-06
real_landscape_landscape_71_a_black_and_white_photo_of_a_train.jpg,false,,landscape,3.0267897273006383e-06
real_landscape_landscape_057_C69YOsY9lYg.jpg,false,,landscape,1.550816887174733e-05
real_landscape_landscape_089_zjOv1yyUzQg.jpg,false,,landscape,0.0002504373260308057
real_landscape_landscape_130_qOxQEA8obSg.jpg,false,,landscape,0.00010844468488357961
real_landscape_landscape_163_Bz4dHv-9PFQ.jpg,false,,landscape,5.856539428350516e-05
real_landscape_landscape_071_zjqqKVQZoNg.jpg,false,,landscape,4.761046511703171e-06
real_landscape_landscape_76_a_blue_rusted_train_engine_sitting_on_top_of_rail_tracks.jpg,false,,landscape,2.125702394550899e-06
real_landscape_landscape_114_FCPJn1NeFdI.jpg,false,,landscape,6.658546772086993e-05
real_landscape_landscape_156_pcgo3E7vJr4.jpg,false,,landscape,9.880207471724134e-06
real_landscape_landscape_075_G86MS2ZsiJA.jpg,false,,landscape,5.953111667622579e-06
real_landscape_landscape_059_i7OiHRQkJHY.jpg,false,,landscape,0.000269382813712582
real_landscape_landscape_164_tMYDgAySy9w.jpg,false,,landscape,2.0284176116547314e-06
real_landscape_landscape_84_part_of_train_car_with_a_door_to_the_rear_connected_to_the_c.jpg,false,,landscape,3.282045497599029e-07
real_landscape_landscape_083_DlCr9IujpJI.jpg,false,,landscape,1.2806940503651276e-05
real_landscape_landscape_04_dramatic_mountain_valley.jpg,false,,landscape,2.7920747015741654e-05
real_landscape_landscape_02_sunset_over_mountains.jpg,false,,landscape,0.0005357225891202688
real_landscape_landscape_53_a_train_of_many_colors_is_coming_down_the_track.jpg,false,,landscape,7.4512718128971756e-06
real_landscape_landscape_100_xpLNPVL3IJA.jpg,false,,landscape,0.0006431122892536223
real_landscape_landscape_153_6SGsL73EbKM.jpg,false,,landscape,3.4930039873870555e-06
real_landscape_landscape_107_cssvEZacHvQ.jpg,false,,landscape,2.788761594274547e-05
real_landscape_landscape_79_an_orange_train_traveling_along_train_tracks_near_a_train_ya.jpg,false,,landscape,3.016254822796327e-06
real_landscape_landscape_090_tZaA8VqJG3g.jpg,false,,landscape,0.0008861214737407863
real_landscape_landscape_73_a_tall_church_tower_sitting_on_the_side_of_a_road.jpg,false,,landscape,0.000957926211412996
real_landscape_landscape_61_a_wooden_bench_sitting_outside_of_a_home.jpg,false,,landscape,7.560722679045284e-07
real_landscape_landscape_03_lake_reflection.jpg,false,,landscape,5.048332968726754e-05
real_landscape_landscape_155_DqIyKlJa-2s.jpg,false,,landscape,6.802656571380794e-06
real_landscape_landscape_105_ur4NB1f3kQ8.jpg,false,,landscape,5.4496063057740685e-06
real_landscape_landscape_128_MasnAA5KqDY.jpg,false,,landscape,2.6996576707460918e-05
real_landscape_landscape_134_1pFIPoOa--Y.jpg,false,,landscape,0.00046660914085805416
real_landscape_landscape_097_1U6EOU8hiTM.jpg,false,,landscape,9.870486792351585e-07
real_landscape_landscape_047_58Mkqady7lE.jpg,false,,landscape,8.137308032019064e-05
real_landscape_landscape_102_T-AOFf2B8Zw.jpg,false,,landscape,1.1796236321970355e-05
real_landscape_landscape_83_a_small_bus_parked_in_front_of_a_bus_stop.jpg,false,,landscape,7.872103537920339e-07
real_landscape_landscape_162_3m4lH961q20.jpg,false,,landscape,3.294784255558625e-05
real_landscape_landscape_122_K5eIMIz8kaI.jpg,false,,landscape,0.00027800790849141777
real_landscape_landscape_069_TdoxXD7aGv8.jpg,false,,landscape,0.00891156867146492
real_landscape_landscape_165_C2YORgsJqXs.jpg,false,,landscape,0.22606143355369568
real_landscape_landscape_152_ayzzI9nOjWY.jpg,false,,landscape,1.1266470210102852e-05
real_landscape_landscape_54_white_birds_are_gathered_around_a_water_puddle.jpg,false,,landscape,8.61743410496274e-06
real_landscape_landscape_078_TnLdd0LMfwk.jpg,false,,landscape,0.15262092649936676
real_landscape_landscape_068_aqS6bCynDv8.jpg,false,,landscape,0.0004272773221600801
real_landscape_landscape_07_desert_dunes.jpg,false,,landscape,1.0259970622428227e-05
real_landscape_landscape_166_ioAK4HESn6k.jpg,false,,landscape,2.1989591914461926e-05
real_landscape_landscape_111_62_2KGyX13E.jpg,false,,landscape,0.0001163014312624
real_landscape_landscape_60_a_red_and_silver_fire_hydrant_sitting_on_top_of_a_sidewalk.jpg,false,,landscape,6.780285275453934e-07
real_landscape_landscape_158_QAXDmkU60OU.jpg,false,,landscape,1.6485295418533497e-05
real_landscape_landscape_138_78wDBw9ajUk.jpg,false,,landscape,0.00011932665074709803
real_landscape_landscape_142_3bsVcAbqS7Q.jpg,false,,landscape,8.408265784964897e-06
real_landscape_landscape_131_hoAFrPJlbT0.jpg,false,,landscape,3.8211652281461284e-05
real_landscape_landscape_106_hu8Mp-XTksA.jpg,false,,landscape,3.747795744857285e-06
real_landscape_landscape_082_ercx7zE_Mzo.jpg,false,,landscape,9.47859098232584e-06
real_landscape_landscape_132_zUEjNDEEca8.jpg,false,,landscape,0.00022631265164818615
real_landscape_landscape_78_a_yellow_bus_is_on_a_street_near_a_black_guard_rail.jpg,false,,landscape,2.8201384338899516e-06
real_landscape_landscape_159_G4su92tyImI.jpg,false,,landscape,7.729433855274692e-05
real_landscape_landscape_088_N22iRE8u3MU.jpg,false,,landscape,1.4690825764773763e-06
real_landscape_landscape_168_r-PPOX0QQ1g.jpg,false,,landscape,1.6059359040809795e-05
real_landscape_landscape_074_r2Ug9sXPEHA.jpg,false,,landscape,7.565422129118815e-05
real_landscape_landscape_57_a_yellow_and_green_train_at_stop_lights.jpg,false,,landscape,5.110161396260082e-07
real_landscape_landscape_146__MCLUFQlZ_c.jpg,false,,landscape,2.9477805583155714e-06
real_landscape_landscape_096_3eC5n6gHwe8.jpg,false,,landscape,9.092568507185206e-05
real_landscape_landscape_063_Lm6mqM_KqQY.jpg,false,,landscape,0.00028896244475618005
real_landscape_landscape_145_xZX3pXjQQSw.jpg,false,,landscape,1.52876709762495e-05
real_landscape_landscape_74_a_bathroom_with_some_orange_walls_and_a_black_and_white_coun.jpg,false,,landscape,1.330711256741779e-06
real_landscape_landscape_136_awNpFWNTGFY.jpg,false,,landscape,0.02739582024514675
real_landscape_landscape_061_bk4hN4Jvnac.jpg,false,,landscape,1.0820159332070034e-05
real_landscape_landscape_121_JtVkmKQ1FQI.jpg,false,,landscape,1.7465825294493698e-05
real_landscape_landscape_104_6gt7AoSk5pQ.jpg,false,,landscape,8.759266347624362e-05
real_landscape_landscape_139_aoWukdAWJno.jpg,false,,landscape,6.159595068311319e-05
real_landscape_landscape_75_a_city_traffic_signal_and_street_at_night.jpg,false,,landscape,0.0003684271650854498
real_landscape_landscape_055_ixbSaWYYOwY.jpg,false,,landscape,0.00045022289850749075
real_landscape_landscape_137_9CkGNheiEFQ.jpg,false,,landscape,9.137245069723576e-05
real_landscape_landscape_066_7AKHr2kdmAc.jpg,false,,landscape,0.00015566425281576812
real_landscape_landscape_08_ocean_waves_beach.jpg,false,,landscape,1.858000541687943e-05
real_landscape_landscape_076_OrkbCipJriw.jpg,false,,landscape,3.118314270977862e-05
real_landscape_landscape_113_etJBEUW4ZDg.jpg,false,,landscape,2.6282473299943376e-06
real_landscape_landscape_123_ac9BZlaKuG4.jpg,false,,landscape,5.685589712811634e-06
real_landscape_landscape_049_yFCXHHLEZA0.jpg,false,,landscape,6.855225365143269e-06
real_landscape_landscape_151_OueojWSe66o.jpg,false,,landscape,0.0001819752505980432
real_landscape_landscape_087_NW-WPrJoyzc.jpg,false,,landscape,1.470767642786086e-06
real_landscape_landscape_62_two_large_jets_sitting_on_top_of_an_airport_runway.jpg,false,,landscape,0.0001351439714198932
real_landscape_landscape_67_an_image_of_a_subway_bus_going_thru_the_subway_station.jpg,false,,landscape,2.383010496487259e-06
real_landscape_landscape_64_a_bird_sitting_on_top_of_a_park_bench.jpg,false,,landscape,2.2004846869094763e-06
real_landscape_landscape_141_F0_qeY5OWJE.jpg,false,,landscape,1.6515554307261482e-05
real_landscape_landscape_149_zMhnN9FpDBE.jpg,false,,landscape,6.28006637271028e-06
real_landscape_landscape_56_a_train_on_the_tracks_out_in_the_country.jpg,false,,landscape,1.2203354344819672e-06
real_landscape_landscape_103_Yd6TC3qee6M.jpg,false,,landscape,0.0033272155560553074
real_landscape_landscape_052_Xaje8s7H9Cw.jpg,false,,landscape,4.96717575515504e-06
real_landscape_landscape_01_mountain_peaks_with_snow.jpg,false,,landscape,8.382244232052471e-06
real_landscape_landscape_058_CPIQfMbSjmM.jpg,false,,landscape,1.2283206160645932e-05
real_landscape_landscape_065_xMMh-VFGL9M.jpg,false,,landscape,0.00020829756977036595
real_landscape_landscape_72_a_street_corner_with_a_brown_and_white_building_on_it.jpg,false,,landscape,4.367009296402102e-06
real_landscape_landscape_094_8v_1afZJpg4.jpg,false,,landscape,2.6002944650826976e-05
real_landscape_landscape_150_NoSRqbXJY68.jpg,false,,landscape,0.0006450434448197484
real_landscape_landscape_144_MZxQoMVN518.jpg,false,,landscape,1.1805486792582087e-05
real_landscape_landscape_63_a_pole_with_a_street_light_and_signs_next_to_a_bare_tree.jpg,false,,landscape,1.5134542081796099e-06
real_landscape_landscape_127_uFdsMOjWX58.jpg,false,,landscape,0.00020400990615598857
real_landscape_landscape_101_C27Jip4jz4k.jpg,false,,landscape,2.8599577035492985e-06
real_landscape_landscape_050_nlllZxwRoLM.jpg,false,,landscape,1.0837536592589458e-06
real_landscape_landscape_054_R0hVu1Mqo7A.jpg,false,,landscape,0.0032303344924002886
real_landscape_landscape_170_rGmCuOfPwnk.jpg,false,,landscape,1.2565212273329962e-05
real_landscape_landscape_52_the_train_engine_is_followed_by_a_line_of_open_cars.jpg,false,,landscape,1.2023708222841378e-05
real_landscape_landscape_50_a_green_bench_sitting_on_the_side_of_a_sidewalk.jpg,false,,landscape,5.458844498207327e-06
real_landscape_landscape_65_these_toilets_are_being_used_outside_as_decor.jpg,false,,landscape,1.1388909797460656e-06
real_landscape_landscape_148_qgfiux6vEmc.jpg,false,,landscape,2.8667625429079635e-06
real_landscape_landscape_169_TWvnc-oToE4.jpg,false,,landscape,1.0739172466855962e-05
real_landscape_landscape_112_hfxvkEzd_I0.jpg,false,,landscape,0.00027120427694171667
real_landscape_landscape_70_a_semi_truck_is_driving_down_a_street.jpg,false,,landscape,7.66266055052256e-07
real_landscape_landscape_084_uzWLhB7n3m8.jpg,false,,landscape,2.6190293283434585e-05
real_landscape_landscape_091_Bch-Zl9ZUc8.jpg,false,,landscape,2.4081155061139725e-06
real_landscape_landscape_66_a_few_meters_are_sitting_near_an_air_plane.jpg,false,,landscape,9.96033691080811e-07
real_landscape_landscape_108_LpryxGvyY-8.jpg,false,,landscape,6.380869308486581e-05
